QTL	FarmCPU_pos	FarmCPU_-logP	MLM_INFO(Chr-pos-(-log10))	Geno	Geno_pos	SIFT_Score	INDEL_Score	SV_Score	Score_peak	Score_TE	Score_annotate	Score_expression	Score_match	Score	Source_File	Mode	Annotation_locus	Symbol	Keyword	Locus_annotation	Locus_is_TE	Locus_is_expressed	Locus_is_representative	Recommendation_score	Recommendation_reason
QTL1	Chr1-6746309	14.56	*	LOC_Os01g12040	1:6546714-6554267	25	25	25	8.0	0.0	0.0	0.0	*	33.0	RAP_Step2_jap_Ganguang.FarmCPUpeak_info	RAP_Step2_jap_Ganguang	LOC_Os01g12040			transposon protein, putative, unclassified, expressed	Y	Y	Y	38	pipeline_score=33; farm_logP=14.56; max_variant=25; recommendation_score=38
QTL1	Chr1-6746309	14.56	*	LOC_Os01g12060	1:6558931-6559377	20	5	25	8.0	0.0	0.0	18.0	*	51.0	RAP_Step2_jap_Ganguang.FarmCPUpeak_info	RAP_Step2_jap_Ganguang	LOC_Os01g12060			expressed protein	N	Y	Y	56	pipeline_score=51; farm_logP=14.56; max_variant=25; recommendation_score=56
QTL1	Chr1-6746309	14.56	*	LOC_Os01g12070	1:6564673-6568151	20	5	*	8.0	0.0	0.0	5.0	*	33.0	RAP_Step2_jap_Ganguang.FarmCPUpeak_info	RAP_Step2_jap_Ganguang	LOC_Os01g12070	OsCel9A|OsGLU5	auxin; lateral root; root; root development; seed	endoglucanase precursor, putative, expressed	N	Y	Y	45	pipeline_score=33; farm_logP=14.56; max_variant=20; symbol=OsCel9A|OsGLU5; keyword=auxin; lateral root; root; root development; seed; recommendation_score=45
QTL1	Chr1-6746309	14.56	*	Os01g0220150	1:6565814-6568033	20	5	*	8.0	0.0	0.0	5.0	*	33.0	RAP_Step2_jap_Ganguang.FarmCPUpeak_info	RAP_Step2_jap_Ganguang	Os01g0220150							38	pipeline_score=33; farm_logP=14.56; max_variant=20; recommendation_score=38
QTL1	Chr1-6746309	14.56	*	LOC_Os01g12080	1:6572023-6577171	5	10	*	8.0	0.0	0.0	20.0	*	38.0	RAP_Step2_jap_Ganguang.FarmCPUpeak_info	RAP_Step2_jap_Ganguang	LOC_Os01g12080			plant-specific domain TIGR01589 family protein, putative, expressed	N	Y	Y	41	pipeline_score=38; farm_logP=14.56; max_variant=10; recommendation_score=41
QTL1	Chr1-6746309	14.56	*	LOC_Os01g12090	1:6583822-6586889	5	10	10	8.0	0.0	0.0	10.0	abnormal	28.0	RAP_Step2_jap_Ganguang.FarmCPUpeak_info	RAP_Step2_jap_Ganguang	LOC_Os01g12090			ribosomal protein S6 family protein, putative, expressed	N	Y	Y	34	pipeline_score=28; farm_logP=14.56; max_variant=10; match=abnormal; recommendation_score=34
QTL1	Chr1-6746309	14.56	*	LOC_Os01g12100	1:6587146-6587940	5	5	*	8.0	0.0	0.0	15.0	*	28.0	RAP_Step2_jap_Ganguang.FarmCPUpeak_info	RAP_Step2_jap_Ganguang	LOC_Os01g12100			expressed protein	N	Y	Y	28	pipeline_score=28; farm_logP=14.56; max_variant=5; recommendation_score=28
QTL1	Chr1-6746309	14.56	*	LOC_Os01g12110	1:6590899-6592136	5	10	5	8.0	5.0	0.0	5.0	*	28.0	RAP_Step2_jap_Ganguang.FarmCPUpeak_info	RAP_Step2_jap_Ganguang	LOC_Os01g12110			expressed protein	N	Y	Y	31	pipeline_score=28; farm_logP=14.56; max_variant=10; recommendation_score=31
QTL1	Chr1-6746309	14.56	*	LOC_Os01g12120	1:6606521-6607239	20	25	*	8.0	0.0	0.0	0.0	*	33.0	RAP_Step2_jap_Ganguang.FarmCPUpeak_info	RAP_Step2_jap_Ganguang	LOC_Os01g12120			expressed protein	N	Y	Y	38	pipeline_score=33; farm_logP=14.56; max_variant=25; recommendation_score=38
QTL1	Chr1-6746309	14.56	*	LOC_Os01g12130	1:6612343-6613905	15	*	0	8.0	0.0	0.0	22.0	*	45.0	RAP_Step2_jap_Ganguang.FarmCPUpeak_info	RAP_Step2_jap_Ganguang	LOC_Os01g12130			nodulin MtN3 family protein, putative, expressed	N	Y	Y	48	pipeline_score=45; farm_logP=14.56; max_variant=15; recommendation_score=48
QTL1	Chr1-6746309	14.56	*	LOC_Os01g12140	1:6615403-6615768	20	*	10	8.0	0.0	0.0	0.0	*	28.0	RAP_Step2_jap_Ganguang.FarmCPUpeak_info	RAP_Step2_jap_Ganguang	LOC_Os01g12140			expressed protein	N	Y	Y	33	pipeline_score=28; farm_logP=14.56; max_variant=20; recommendation_score=33
QTL1	Chr1-6746309	14.56	*	LOC_Os01g12150	1:6616732-6618823	25	25	*	8.0	5.0	0.0	5.0	*	43.0	RAP_Step2_jap_Ganguang.FarmCPUpeak_info	RAP_Step2_jap_Ganguang	LOC_Os01g12150			expressed protein	N	Y	Y	48	pipeline_score=43; farm_logP=14.56; max_variant=25; recommendation_score=48
QTL1	Chr1-6746309	14.56	*	Os01g0220801	1:6617011-6618001	25	10	5	8.0	0.0	0.0	5.0	*	38.0	RAP_Step2_jap_Ganguang.FarmCPUpeak_info	RAP_Step2_jap_Ganguang	Os01g0220801							43	pipeline_score=38; farm_logP=14.56; max_variant=25; recommendation_score=43
QTL1	Chr1-6746309	14.56	*	LOC_Os01g12160	1:6624963-6630463	5	10	10	8.0	0.0	0.0	15.0	*	33.0	RAP_Step2_jap_Ganguang.FarmCPUpeak_info	RAP_Step2_jap_Ganguang	LOC_Os01g12160	OsGH3-3|OsGH3.3|OsJAR2	jasmonic; jasmonic acid	OsGH3.3 - Probable indole-3-acetic acid-amido synthetase, expressed	N	Y	Y	43	pipeline_score=33; farm_logP=14.56; max_variant=10; symbol=OsGH3-3|OsGH3.3|OsJAR2; keyword=jasmonic; jasmonic acid; recommendation_score=43
QTL1	Chr1-6746309	14.56	*	Os01g0221000	1:6625041-6625522	5	10	*	8.0	0.0	0.0	5.0	*	23.0	RAP_Step2_jap_Ganguang.FarmCPUpeak_info	RAP_Step2_jap_Ganguang	Os01g0221000							26	pipeline_score=23; farm_logP=14.56; max_variant=10; recommendation_score=26
QTL1	Chr1-6746309	14.56	*	LOC_Os01g12170	1:6633718-6637599	25	25	*	8.0	0.0	0.0	0.0	*	33.0	RAP_Step2_jap_Ganguang.FarmCPUpeak_info	RAP_Step2_jap_Ganguang	LOC_Os01g12170			retrotransposon protein, putative, unclassified, expressed	Y	Y	Y	38	pipeline_score=33; farm_logP=14.56; max_variant=25; recommendation_score=38
QTL1	Chr1-6746309	14.56	*	LOC_Os01g12180	1:6642665-6645196	20	10	0	8.0	0.0	0.0	10.0	*	38.0	RAP_Step2_jap_Ganguang.FarmCPUpeak_info	RAP_Step2_jap_Ganguang	LOC_Os01g12180			expressed protein	N	Y	Y	43	pipeline_score=38; farm_logP=14.56; max_variant=20; recommendation_score=43
QTL1	Chr1-6746309	14.56	*	LOC_Os01g12190	1:6649789-6650522	5	5	5	8.0	5.0	0.0	18.0	*	36.0	RAP_Step2_jap_Ganguang.FarmCPUpeak_info	RAP_Step2_jap_Ganguang	LOC_Os01g12190			expressed protein	N	Y	Y	36	pipeline_score=36; farm_logP=14.56; max_variant=5; recommendation_score=36
QTL1	Chr1-6746309	14.56	*	LOC_Os01g12200	1:6653077-6655383	5	10	20	8.0	0.0	0.0	18.0	*	46.0	RAP_Step2_jap_Ganguang.FarmCPUpeak_info	RAP_Step2_jap_Ganguang	LOC_Os01g12200			expressed protein	N	Y	Y	51	pipeline_score=46; farm_logP=14.56; max_variant=20; recommendation_score=51
QTL1	Chr1-6746309	14.56	*	LOC_Os01g12210	1:6659149-6662582	5	*	*	8.0	0.0	0.0	22.0	*	35.0	RAP_Step2_jap_Ganguang.FarmCPUpeak_info	RAP_Step2_jap_Ganguang	LOC_Os01g12210	OsALMT4	biomass; grain; growth; plasma membrane; salicylic acid; xylem	aluminum-activated malate transporter, putative, expressed	N	Y	Y	42	pipeline_score=35; farm_logP=14.56; max_variant=5; symbol=OsALMT4; keyword=biomass; grain; growth; plasma membrane; salicylic acid; xylem; recommendation_score=42
QTL1	Chr1-6746309	14.56	*	LOC_Os01g12220	1:6663533-6665460	5	25	*	8.0	0.0	0.0	15.0	*	48.0	RAP_Step2_jap_Ganguang.FarmCPUpeak_info	RAP_Step2_jap_Ganguang	LOC_Os01g12220			uncharacterized protein family UPF0016 domain containing protein, expressed	N	Y	Y	53	pipeline_score=48; farm_logP=14.56; max_variant=25; recommendation_score=53
QTL1	Chr1-6746309	14.56	*	Os01g0221800	1:6667187-6667623	*	*	*	8.0	0.0	0.0	15.0	*	23.0	RAP_Step2_jap_Ganguang.FarmCPUpeak_info	RAP_Step2_jap_Ganguang	Os01g0221800							23	pipeline_score=23; farm_logP=14.56; recommendation_score=23
QTL1	Chr1-6746309	14.56	*	LOC_Os01g12230	1:6667854-6670442	20	10	*	8.0	0.0	0.0	18.0	*	46.0	RAP_Step2_jap_Ganguang.FarmCPUpeak_info	RAP_Step2_jap_Ganguang	LOC_Os01g12230			peptidase C45, acyl-coenzyme A/6-aminopenicillanic acid acyl-transferase, putative, expressed	N	Y	Y	51	pipeline_score=46; farm_logP=14.56; max_variant=20; recommendation_score=51
QTL1	Chr1-6746309	14.56	*	Os01g0222001	1:6676522-6678026	5	10	*	8.0	0.0	0.0	5.0	*	23.0	RAP_Step2_jap_Ganguang.FarmCPUpeak_info	RAP_Step2_jap_Ganguang	Os01g0222001							26	pipeline_score=23; farm_logP=14.56; max_variant=10; recommendation_score=26
QTL1	Chr1-6746309	14.56	*	LOC_Os01g12240	1:6689709-6693866	20	25	10	8.0	5.0	0.0	18.0	*	56.0	RAP_Step2_jap_Ganguang.FarmCPUpeak_info	RAP_Step2_jap_Ganguang	LOC_Os01g12240			hypothetical protein	N	N	Y	61	pipeline_score=56; farm_logP=14.56; max_variant=25; recommendation_score=61
QTL1	Chr1-6746309	14.56	*	LOC_Os01g12250	1:6694004-6696795	20	10	5	8.0	0.0	0.0	5.0	*	33.0	RAP_Step2_jap_Ganguang.FarmCPUpeak_info	RAP_Step2_jap_Ganguang	LOC_Os01g12250			expressed protein	N	Y	Y	38	pipeline_score=33; farm_logP=14.56; max_variant=20; recommendation_score=38
QTL1	Chr1-6746309	14.56	*	LOC_Os01g12260	1:6699462-6703371	5	10	10	8.0	0.0	0.0	10.0	*	28.0	RAP_Step2_jap_Ganguang.FarmCPUpeak_info	RAP_Step2_jap_Ganguang	LOC_Os01g12260			vacuolar ATP synthase subunit E, putative, expressed	N	Y	Y	31	pipeline_score=28; farm_logP=14.56; max_variant=10; recommendation_score=31
QTL1	Chr1-6746309	14.56	*	LOC_Os01g12270	1:6704403-6704666	5	5	*	8.0	0.0	0.0	18.0	*	31.0	RAP_Step2_jap_Ganguang.FarmCPUpeak_info	RAP_Step2_jap_Ganguang	LOC_Os01g12270			expressed protein	N	Y	Y	31	pipeline_score=31; farm_logP=14.56; max_variant=5; recommendation_score=31
QTL1	Chr1-6746309	14.56	*	LOC_Os01g12280	1:6706087-6710801	20	25	25	8.0	0.0	0.0	15.0	*	48.0	RAP_Step2_jap_Ganguang.FarmCPUpeak_info	RAP_Step2_jap_Ganguang	LOC_Os01g12280			hAT dimerisation domain-containing protein, putative, expressed	N	Y	Y	53	pipeline_score=48; farm_logP=14.56; max_variant=25; recommendation_score=53
QTL1	Chr1-6746309	14.56	*	LOC_Os01g12290	1:6711815-6714142	25	10	10	8.0	0.0	0.0	20.0	*	53.0	RAP_Step2_jap_Ganguang.FarmCPUpeak_info	RAP_Step2_jap_Ganguang	LOC_Os01g12290			S-locus lectin protein kinase family protein, putative, expressed	N	Y	Y	58	pipeline_score=53; farm_logP=14.56; max_variant=25; recommendation_score=58
QTL1	Chr1-6746309	14.56	*	Os01g0222900	1:6715521-6716305	20	25	20	8.0	0.0	0.0	5.0	*	38.0	RAP_Step2_jap_Ganguang.FarmCPUpeak_info	RAP_Step2_jap_Ganguang	Os01g0222900							43	pipeline_score=38; farm_logP=14.56; max_variant=25; recommendation_score=43
QTL1	Chr1-6746309	14.56	*	LOC_Os01g12304	1:6718349-6719948	20	25	*	8.0	0.0	0.0	18.0	*	51.0	RAP_Step2_jap_Ganguang.FarmCPUpeak_info	RAP_Step2_jap_Ganguang	LOC_Os01g12304			esterase, putative, expressed	N	Y	Y	56	pipeline_score=51; farm_logP=14.56; max_variant=25; recommendation_score=56
QTL1	Chr1-6746309	14.56	*	LOC_Os01g12310	1:6722205-6722600	25	10	*	8.0	0.0	10.0	0.0	*	43.0	RAP_Step2_jap_Ganguang.FarmCPUpeak_info	RAP_Step2_jap_Ganguang	LOC_Os01g12310			histone deacetylase 19, putative, expressed	N	Y	Y	48	pipeline_score=43; farm_logP=14.56; max_variant=25; recommendation_score=48
QTL1	Chr1-6746309	14.56	*	LOC_Os01g12320	1:6724939-6728626	25	5	5	8.0	0.0	0.0	15.0	*	48.0	RAP_Step2_jap_Ganguang.FarmCPUpeak_info	RAP_Step2_jap_Ganguang	LOC_Os01g12320			GDSL-like lipase/acylhydrolase, putative, expressed	N	Y	Y	53	pipeline_score=48; farm_logP=14.56; max_variant=25; recommendation_score=53
QTL1	Chr1-6746309	14.56	*	LOC_Os01g12330	1:6732152-6735486	25	25	25	8.0	0.0	0.0	5.0	*	38.0	RAP_Step2_jap_Ganguang.FarmCPUpeak_info	RAP_Step2_jap_Ganguang	LOC_Os01g12330			expressed protein	N	Y	Y	43	pipeline_score=38; farm_logP=14.56; max_variant=25; recommendation_score=43
QTL1	Chr1-6746309	14.56	*	LOC_Os01g12340	1:6735758-6746298	25	25	25	8.0	0.0	0.0	18.0	*	51.0	RAP_Step2_jap_Ganguang.FarmCPUpeak_info	RAP_Step2_jap_Ganguang	LOC_Os01g12340			retrotransposon protein, putative, unclassified, expressed	Y	Y	Y	56	pipeline_score=51; farm_logP=14.56; max_variant=25; recommendation_score=56
QTL1	Chr1-6746309	14.56	*	LOC_Os01g12350	1:6747476-6750728	25	25	25	8.0	0.0	0.0	20.0	*	53.0	RAP_Step2_jap_Ganguang.FarmCPUpeak_info	RAP_Step2_jap_Ganguang	LOC_Os01g12350			retrotransposon protein, putative, unclassified, expressed	Y	Y	Y	58	pipeline_score=53; farm_logP=14.56; max_variant=25; recommendation_score=58
QTL1	Chr1-6746309	14.56	*	LOC_Os01g12360	1:6751357-6757512	25	25	25	8.0	0.0	0.0	15.0	*	48.0	RAP_Step2_jap_Ganguang.FarmCPUpeak_info	RAP_Step2_jap_Ganguang	LOC_Os01g12360			retrotransposon protein, putative, unclassified, expressed	Y	Y	Y	53	pipeline_score=48; farm_logP=14.56; max_variant=25; recommendation_score=53
QTL1	Chr1-6746309	14.56	*	LOC_Os01g12374	1:6758675-6760456	18	25	25	8.0	0.0	0.0	10.0	*	43.0	RAP_Step2_jap_Ganguang.FarmCPUpeak_info	RAP_Step2_jap_Ganguang	LOC_Os01g12374			expressed protein	Y	Y	Y	48	pipeline_score=43; farm_logP=14.56; max_variant=25; recommendation_score=48
QTL1	Chr1-6746309	14.56	*	LOC_Os01g12381	1:6764450-6765888	20	10	*	8.0	0.0	0.0	10.0	*	38.0	RAP_Step2_jap_Ganguang.FarmCPUpeak_info	RAP_Step2_jap_Ganguang	LOC_Os01g12381			GDSL-like lipase/acylhydrolase, putative, expressed	N	Y	Y	43	pipeline_score=38; farm_logP=14.56; max_variant=20; recommendation_score=43
QTL1	Chr1-6746309	14.56	*	LOC_Os01g12390	1:6766497-6770164	18	10	10	8.0	0.0	0.0	5.0	*	31.0	RAP_Step2_jap_Ganguang.FarmCPUpeak_info	RAP_Step2_jap_Ganguang	LOC_Os01g12390	OsSRLK	chlorophyll biogenesis; chloroplast; grain; panicle; photosystem; senescence; spikelets per panicle	inactive receptor kinase At2g26730 precursor, putative, expressed	N	Y	Y	41	pipeline_score=31; farm_logP=14.56; max_variant=18; symbol=OsSRLK; keyword=chlorophyll biogenesis; chloroplast; grain; panicle; photosystem; senescence; spikelets per panicle; recommendation_score=41
QTL1	Chr1-6746309	14.56	*	LOC_Os01g12400	1:6774200-6777805	20	1	*	8.0	0.0	0.0	15.0	*	43.0	RAP_Step2_jap_Ganguang.FarmCPUpeak_info	RAP_Step2_jap_Ganguang	LOC_Os01g12400			S-locus lectin protein kinase family protein, putative, expressed	N	Y	Y	48	pipeline_score=43; farm_logP=14.56; max_variant=20; recommendation_score=48
QTL1	Chr1-6746309	14.56	*	LOC_Os01g12410	1:6781919-6784207	5	25	*	8.0	0.0	0.0	10.0	*	43.0	RAP_Step2_jap_Ganguang.FarmCPUpeak_info	RAP_Step2_jap_Ganguang	LOC_Os01g12410	OsESG1	Kinase; auxin; auxin response; crown; crown root; development; drought; root; stress; stress response	receptor-like protein kinase, putative, expressed	N	Y	Y	55	pipeline_score=43; farm_logP=14.56; max_variant=25; symbol=OsESG1; keyword=Kinase; auxin; auxin response; crown; crown root; development; drought; root; stress; stress response; recommendation_score=55
QTL1	Chr1-6746309	14.56	*	LOC_Os01g12420	1:6787075-6789731	18	10	*	8.0	0.0	0.0	10.0	*	36.0	RAP_Step2_jap_Ganguang.FarmCPUpeak_info	RAP_Step2_jap_Ganguang	LOC_Os01g12420			receptor-like protein kinase, putative, expressed	N	Y	Y	39	pipeline_score=36; farm_logP=14.56; max_variant=18; recommendation_score=39
QTL1	Chr1-6746309	14.56	*	LOC_Os01g12430	1:6790657-6793346	5	10	10	8.0	0.0	0.0	5.0	abnormal	23.0	RAP_Step2_jap_Ganguang.FarmCPUpeak_info	RAP_Step2_jap_Ganguang	LOC_Os01g12430			receptor-like protein kinase, putative, expressed	N	Y	Y	29	pipeline_score=23; farm_logP=14.56; max_variant=10; match=abnormal; recommendation_score=29
QTL1	Chr1-6746309	14.56	*	LOC_Os01g12440	1:6813714-6815546	20	10	*	8.0	0.0	0.0	5.0	*	33.0	RAP_Step2_jap_Ganguang.FarmCPUpeak_info	RAP_Step2_jap_Ganguang	LOC_Os01g12440			AP2 domain containing protein, expressed	N	Y	Y	38	pipeline_score=33; farm_logP=14.56; max_variant=20; recommendation_score=38
QTL1	Chr1-6746309	14.56	*	Os01g0224166	1:6828512-6829334	20	10	10	8.0	0.0	0.0	5.0	*	33.0	RAP_Step2_jap_Ganguang.FarmCPUpeak_info	RAP_Step2_jap_Ganguang	Os01g0224166							38	pipeline_score=33; farm_logP=14.56; max_variant=20; recommendation_score=38
QTL1	Chr1-6746309	14.56	*	LOC_Os01g12460	1:6830104-6832770	15	10	10	8.0	0.0	0.0	5.0	*	28.0	RAP_Step2_jap_Ganguang.FarmCPUpeak_info	RAP_Step2_jap_Ganguang	LOC_Os01g12460			expressed protein	N	Y	Y	31	pipeline_score=28; farm_logP=14.56; max_variant=15; recommendation_score=31
QTL1	Chr1-6746309	14.56	*	LOC_Os01g12464	1:6833050-6835300	5	10	0	8.0	0.0	0.0	5.0	*	23.0	RAP_Step2_jap_Ganguang.FarmCPUpeak_info	RAP_Step2_jap_Ganguang	LOC_Os01g12464			CHCH domain containing protein, expressed	N	Y	Y	26	pipeline_score=23; farm_logP=14.56; max_variant=10; recommendation_score=26
QTL1	Chr1-6746309	14.56	*	LOC_Os01g12470	1:6837120-6841269	15	10	0	8.0	0.0	0.0	10.0	*	33.0	RAP_Step2_jap_Ganguang.FarmCPUpeak_info	RAP_Step2_jap_Ganguang	LOC_Os01g12470			mitochondrial carrier protein, putative, expressed	N	Y	Y	36	pipeline_score=33; farm_logP=14.56; max_variant=15; recommendation_score=36
QTL1	Chr1-6746309	14.56	*	LOC_Os01g12480	1:6841526-6843538	15	10	15	8.0	0.0	0.0	15.0	*	38.0	RAP_Step2_jap_Ganguang.FarmCPUpeak_info	RAP_Step2_jap_Ganguang	LOC_Os01g12480			expressed protein	N	Y	Y	41	pipeline_score=38; farm_logP=14.56; max_variant=15; recommendation_score=41
QTL1	Chr1-6746309	14.56	*	LOC_Os01g12490	1:6857032-6860962	20	10	5	8.0	5.0	0.0	15.0	*	48.0	RAP_Step2_jap_Ganguang.FarmCPUpeak_info	RAP_Step2_jap_Ganguang	LOC_Os01g12490	OsYUC4|OsYUCCA4	auxin	flavin monooxygenase, putative, expressed	N	Y	Y	60	pipeline_score=48; farm_logP=14.56; max_variant=20; symbol=OsYUC4|OsYUCCA4; keyword=auxin; recommendation_score=60
QTL1	Chr1-6746309	14.56	*	LOC_Os01g12500	1:6863321-6863747	25	25	*	8.0	0.0	0.0	5.0	*	38.0	RAP_Step2_jap_Ganguang.FarmCPUpeak_info	RAP_Step2_jap_Ganguang	LOC_Os01g12500			expressed protein	N	Y	Y	43	pipeline_score=38; farm_logP=14.56; max_variant=25; recommendation_score=43
QTL1	Chr1-6746309	14.56	*	LOC_Os01g12510	1:6875888-6876100	20	5	*	8.0	0.0	0.0	0.0	*	28.0	RAP_Step2_jap_Ganguang.FarmCPUpeak_info	RAP_Step2_jap_Ganguang	LOC_Os01g12510			expressed protein	N	Y	Y	33	pipeline_score=28; farm_logP=14.56; max_variant=20; recommendation_score=33
QTL1	Chr1-6746309	14.56	*	LOC_Os01g12520	1:6879905-6881968	5	10	10	8.0	0.0	0.0	5.0	*	23.0	RAP_Step2_jap_Ganguang.FarmCPUpeak_info	RAP_Step2_jap_Ganguang	LOC_Os01g12520			mitochondrial carrier protein, putative, expressed	N	Y	Y	26	pipeline_score=23; farm_logP=14.56; max_variant=10; recommendation_score=26
QTL1	Chr1-6746309	14.56	*	LOC_Os01g12530	1:6889351-6896414	18	10	5	8.0	0.0	0.0	18.0	*	44.0	RAP_Step2_jap_Ganguang.FarmCPUpeak_info	RAP_Step2_jap_Ganguang	LOC_Os01g12530			smr domain containing protein, expressed	N	Y	Y	47	pipeline_score=44; farm_logP=14.56; max_variant=18; recommendation_score=47
QTL1	Chr1-6746309	14.56	*	LOC_Os01g12540	1:6897557-6904259	20	10	5	8.0	0.0	0.0	15.0	*	43.0	RAP_Step2_jap_Ganguang.FarmCPUpeak_info	RAP_Step2_jap_Ganguang	LOC_Os01g12540			GTPase of unknown function domain containing protein, putative, expressed	N	Y	Y	48	pipeline_score=43; farm_logP=14.56; max_variant=20; recommendation_score=48
QTL1	Chr1-6746309	14.56	*	LOC_Os01g12550	1:6904506-6909594	15	5	*	8.0	0.0	0.0	15.0	*	38.0	RAP_Step2_jap_Ganguang.FarmCPUpeak_info	RAP_Step2_jap_Ganguang	LOC_Os01g12550			expressed protein	N	Y	Y	41	pipeline_score=38; farm_logP=14.56; max_variant=15; recommendation_score=41
QTL1	Chr1-6746309	14.56	*	LOC_Os01g12560	1:6909691-6912131	15	10	0	8.0	0.0	0.0	10.0	*	33.0	RAP_Step2_jap_Ganguang.FarmCPUpeak_info	RAP_Step2_jap_Ganguang	LOC_Os01g12560			3-methyl-2-oxobutanoate hydroxymethyltransferase, putative, expressed	N	Y	Y	36	pipeline_score=33; farm_logP=14.56; max_variant=15; recommendation_score=36
QTL1	Chr1-6746309	14.56	*	LOC_Os01g12570	1:6912704-6915127	15	10	10	8.0	5.0	0.0	15.0	*	43.0	RAP_Step2_jap_Ganguang.FarmCPUpeak_info	RAP_Step2_jap_Ganguang	LOC_Os01g12570			3-methyl-2-oxobutanoate hydroxymethyltransferase, putative, expressed	N	Y	Y	46	pipeline_score=43; farm_logP=14.56; max_variant=15; recommendation_score=46
QTL1	Chr1-6746309	14.56	*	LOC_Os01g12580	1:6922082-6923336	20	10	10	8.0	0.0	0.0	10.0	*	38.0	RAP_Step2_jap_Ganguang.FarmCPUpeak_info	RAP_Step2_jap_Ganguang	LOC_Os01g12580			late embryogenesis abundant protein, putative, expressed	N	Y	Y	43	pipeline_score=38; farm_logP=14.56; max_variant=20; recommendation_score=43
QTL1	Chr1-6746309	14.56	*	Os01g0225550	1:6922190-6923336	20	10	5	8.0	0.0	0.0	5.0	*	33.0	RAP_Step2_jap_Ganguang.FarmCPUpeak_info	RAP_Step2_jap_Ganguang	Os01g0225550							38	pipeline_score=33; farm_logP=14.56; max_variant=20; recommendation_score=38
QTL1	Chr1-6746309	14.56	*	Os01g0225700	1:6925469-6925910	20	25	10	8.0	0.0	0.0	5.0	*	38.0	RAP_Step2_jap_Ganguang.FarmCPUpeak_info	RAP_Step2_jap_Ganguang	Os01g0225700							43	pipeline_score=38; farm_logP=14.56; max_variant=25; recommendation_score=43
QTL1	Chr1-6746309	14.56	*	LOC_Os01g12590	1:6928001-6934154	25	25	25	8.0	0.0	0.0	0.0	*	33.0	RAP_Step2_jap_Ganguang.FarmCPUpeak_info	RAP_Step2_jap_Ganguang	LOC_Os01g12590			retrotransposon protein, putative, unclassified, expressed	Y	Y	Y	38	pipeline_score=33; farm_logP=14.56; max_variant=25; recommendation_score=38
QTL1	Chr1-6746309	14.56	*	LOC_Os01g12600	1:6934782-6938200	25	25	25	8.0	0.0	0.0	20.0	*	53.0	RAP_Step2_jap_Ganguang.FarmCPUpeak_info	RAP_Step2_jap_Ganguang	LOC_Os01g12600			retrotransposon protein, putative, unclassified, expressed	Y	Y	Y	58	pipeline_score=53; farm_logP=14.56; max_variant=25; recommendation_score=58
QTL1	Chr1-6746309	14.56	*	LOC_Os01g12610	1:6940383-6940772	25	25	15	8.0	0.0	0.0	5.0	*	38.0	RAP_Step2_jap_Ganguang.FarmCPUpeak_info	RAP_Step2_jap_Ganguang	LOC_Os01g12610			expressed protein	N	Y	Y	43	pipeline_score=38; farm_logP=14.56; max_variant=25; recommendation_score=43
QTL2	Chr2-3188505	19.06	*	LOC_Os02g05990	2:2988831-2991657	25	25	25	10.0	0.0	0.0	5.0	*	40.0	RAP_Step2_jap_Ganguang.FarmCPUpeak_info	RAP_Step2_jap_Ganguang	LOC_Os02g05990			transposon protein, putative, unclassified	Y	N	Y	45	pipeline_score=40; farm_logP=19.06; max_variant=25; recommendation_score=45
QTL2	Chr2-3188505	19.06	*	LOC_Os02g06000	2:2992173-2994784	25	25	25	10.0	0.0	0.0	5.0	*	40.0	RAP_Step2_jap_Ganguang.FarmCPUpeak_info	RAP_Step2_jap_Ganguang	LOC_Os02g06000			transposon protein, putative, unclassified, expressed	Y	Y	Y	45	pipeline_score=40; farm_logP=19.06; max_variant=25; recommendation_score=45
QTL2	Chr2-3188505	19.06	*	LOC_Os02g06010	2:2995485-2999838	20	10	20	10.0	0.0	0.0	10.0	*	40.0	RAP_Step2_jap_Ganguang.FarmCPUpeak_info	RAP_Step2_jap_Ganguang	LOC_Os02g06010			integral membrane protein, putative, expressed	N	Y	Y	45	pipeline_score=40; farm_logP=19.06; max_variant=20; recommendation_score=45
QTL2	Chr2-3188505	19.06	*	LOC_Os02g06030	2:3005602-3007978	20	5	25	10.0	0.0	0.0	10.0	*	45.0	RAP_Step2_jap_Ganguang.FarmCPUpeak_info	RAP_Step2_jap_Ganguang	LOC_Os02g06030			phytosulfokine receptor precursor, putative, expressed	N	Y	Y	50	pipeline_score=45; farm_logP=19.06; max_variant=25; recommendation_score=50
QTL2	Chr2-3188505	19.06	*	LOC_Os02g06040	2:3010776-3013999	25	25	25	10.0	0.0	0.0	0.0	*	35.0	RAP_Step2_jap_Ganguang.FarmCPUpeak_info	RAP_Step2_jap_Ganguang	LOC_Os02g06040			retrotransposon protein, putative, unclassified, expressed	Y	Y	Y	40	pipeline_score=35; farm_logP=19.06; max_variant=25; recommendation_score=40
QTL2	Chr2-3188505	19.06	*	LOC_Os02g06050	2:3014626-3020781	25	25	25	10.0	0.0	0.0	5.0	*	40.0	RAP_Step2_jap_Ganguang.FarmCPUpeak_info	RAP_Step2_jap_Ganguang	LOC_Os02g06050			transposon protein, putative, unclassified, expressed	Y	Y	Y	45	pipeline_score=40; farm_logP=19.06; max_variant=25; recommendation_score=45
QTL2	Chr2-3188505	19.06	*	LOC_Os02g06060	2:3027551-3027805	20	25	25	10.0	0.0	0.0	0.0	*	35.0	RAP_Step2_jap_Ganguang.FarmCPUpeak_info	RAP_Step2_jap_Ganguang	LOC_Os02g06060			hypothetical protein	N	N	Y	40	pipeline_score=35; farm_logP=19.06; max_variant=25; recommendation_score=40
QTL2	Chr2-3188505	19.06	*	Os02g0155000	2:3028276-3031655	20	5	20	10.0	0.0	0.0	5.0	*	35.0	RAP_Step2_jap_Ganguang.FarmCPUpeak_info	RAP_Step2_jap_Ganguang	Os02g0155000							40	pipeline_score=35; farm_logP=19.06; max_variant=20; recommendation_score=40
QTL2	Chr2-3188505	19.06	*	LOC_Os02g06070	2:3028948-3031113	20	5	25	10.0	0.0	0.0	15.0	*	50.0	RAP_Step2_jap_Ganguang.FarmCPUpeak_info	RAP_Step2_jap_Ganguang	LOC_Os02g06070			phytosulfokine receptor precursor, putative, expressed	N	Y	Y	55	pipeline_score=50; farm_logP=19.06; max_variant=25; recommendation_score=55
QTL2	Chr2-3188505	19.06	*	LOC_Os02g06080	2:3034039-3036378	5	*	25	10.0	0.0	0.0	0.0	*	35.0	RAP_Step2_jap_Ganguang.FarmCPUpeak_info	RAP_Step2_jap_Ganguang	LOC_Os02g06080			expressed protein	N	Y	Y	40	pipeline_score=35; farm_logP=19.06; max_variant=25; recommendation_score=40
QTL2	Chr2-3188505	19.06	*	LOC_Os02g06090	2:3037225-3040483	25	10	25	10.0	0.0	0.0	10.0	*	45.0	RAP_Step2_jap_Ganguang.FarmCPUpeak_info	RAP_Step2_jap_Ganguang	LOC_Os02g06090			phytosulfokine receptor precursor, putative, expressed	N	Y	Y	50	pipeline_score=45; farm_logP=19.06; max_variant=25; recommendation_score=50
QTL2	Chr2-3188505	19.06	*	Os02g0155300	2:3037553-3040481	25	10	20	10.0	0.0	0.0	5.0	*	40.0	RAP_Step2_jap_Ganguang.FarmCPUpeak_info	RAP_Step2_jap_Ganguang	Os02g0155300							45	pipeline_score=40; farm_logP=19.06; max_variant=25; recommendation_score=45
QTL2	Chr2-3188505	19.06	*	LOC_Os02g06100	2:3040889-3041682	20	25	25	10.0	0.0	0.0	0.0	*	35.0	RAP_Step2_jap_Ganguang.FarmCPUpeak_info	RAP_Step2_jap_Ganguang	LOC_Os02g06100			expressed protein	Y	Y	Y	40	pipeline_score=35; farm_logP=19.06; max_variant=25; recommendation_score=40
QTL2	Chr2-3188505	19.06	*	LOC_Os02g06110	2:3043922-3047436	25	25	25	10.0	0.0	0.0	5.0	*	40.0	RAP_Step2_jap_Ganguang.FarmCPUpeak_info	RAP_Step2_jap_Ganguang	LOC_Os02g06110			transposon protein, putative, unclassified, expressed	Y	Y	Y	45	pipeline_score=40; farm_logP=19.06; max_variant=25; recommendation_score=45
QTL2	Chr2-3188505	19.06	*	LOC_Os02g06120	2:3048521-3055299	25	25	25	10.0	0.0	0.0	15.0	*	50.0	RAP_Step2_jap_Ganguang.FarmCPUpeak_info	RAP_Step2_jap_Ganguang	LOC_Os02g06120			Leucine Rich Repeat family protein, expressed	N	Y	Y	55	pipeline_score=50; farm_logP=19.06; max_variant=25; recommendation_score=55
QTL2	Chr2-3188505	19.06	*	LOC_Os02g06130	2:3059461-3064561	20	25	25	10.0	0.0	0.0	22.0	*	57.0	RAP_Step2_jap_Ganguang.FarmCPUpeak_info	RAP_Step2_jap_Ganguang	LOC_Os02g06130			phytosulfokine receptor precursor, putative, expressed	N	Y	Y	62	pipeline_score=57; farm_logP=19.06; max_variant=25; recommendation_score=62
QTL2	Chr2-3188505	19.06	*	LOC_Os02g06140	2:3065797-3070822	25	25	25	10.0	0.0	0.0	18.0	*	53.0	RAP_Step2_jap_Ganguang.FarmCPUpeak_info	RAP_Step2_jap_Ganguang	LOC_Os02g06140			retrotransposon protein, putative, unclassified, expressed	Y	Y	Y	58	pipeline_score=53; farm_logP=19.06; max_variant=25; recommendation_score=58
QTL2	Chr2-3188505	19.06	*	LOC_Os02g06150	2:3071798-3073434	25	25	25	10.0	0.0	0.0	18.0	*	53.0	RAP_Step2_jap_Ganguang.FarmCPUpeak_info	RAP_Step2_jap_Ganguang	LOC_Os02g06150			brassinosteroid LRR receptor kinase precursor, putative, expressed	N	Y	Y	58	pipeline_score=53; farm_logP=19.06; max_variant=25; recommendation_score=58
QTL2	Chr2-3188505	19.06	*	LOC_Os02g06160	2:3076495-3078826	5	10	25	10.0	5.0	0.0	5.0	*	45.0	RAP_Step2_jap_Ganguang.FarmCPUpeak_info	RAP_Step2_jap_Ganguang	LOC_Os02g06160			cysteine-rich receptor-like protein kinase 16 precursor, putative, expressed	N	Y	Y	50	pipeline_score=45; farm_logP=19.06; max_variant=25; recommendation_score=50
QTL2	Chr2-3188505	19.06	*	LOC_Os02g06170	2:3080518-3082869	20	10	25	10.0	0.0	0.0	10.0	*	45.0	RAP_Step2_jap_Ganguang.FarmCPUpeak_info	RAP_Step2_jap_Ganguang	LOC_Os02g06170			expressed protein	N	Y	Y	50	pipeline_score=45; farm_logP=19.06; max_variant=25; recommendation_score=50
QTL2	Chr2-3188505	19.06	*	LOC_Os02g06180	2:3084915-3087074	20	25	25	10.0	0.0	0.0	15.0	*	50.0	RAP_Step2_jap_Ganguang.FarmCPUpeak_info	RAP_Step2_jap_Ganguang	LOC_Os02g06180			phytosulfokine receptor precursor, putative, expressed	N	Y	Y	55	pipeline_score=50; farm_logP=19.06; max_variant=25; recommendation_score=55
QTL2	Chr2-3188505	19.06	*	Os02g0156300	2:3086330-3087545	15	5	20	10.0	0.0	0.0	10.0	*	40.0	RAP_Step2_jap_Ganguang.FarmCPUpeak_info	RAP_Step2_jap_Ganguang	Os02g0156300							45	pipeline_score=40; farm_logP=19.06; max_variant=20; recommendation_score=45
QTL2	Chr2-3188505	19.06	*	LOC_Os02g06190	2:3092570-3095184	20	25	5	10.0	0.0	0.0	10.0	*	45.0	RAP_Step2_jap_Ganguang.FarmCPUpeak_info	RAP_Step2_jap_Ganguang	LOC_Os02g06190			phytosulfokine receptor precursor, putative, expressed	N	Y	Y	50	pipeline_score=45; farm_logP=19.06; max_variant=25; recommendation_score=50
QTL2	Chr2-3188505	19.06	*	Os02g0156500	2:3093895-3095152	20	10	10	10.0	0.0	0.0	5.0	*	35.0	RAP_Step2_jap_Ganguang.FarmCPUpeak_info	RAP_Step2_jap_Ganguang	Os02g0156500							40	pipeline_score=35; farm_logP=19.06; max_variant=20; recommendation_score=40
QTL2	Chr2-3188505	19.06	*	LOC_Os02g06200	2:3097247-3099379	5	10	20	10.0	0.0	0.0	22.0	*	52.0	RAP_Step2_jap_Ganguang.FarmCPUpeak_info	RAP_Step2_jap_Ganguang	LOC_Os02g06200			phytosulfokine receptor precursor, putative, expressed	N	Y	Y	57	pipeline_score=52; farm_logP=19.06; max_variant=20; recommendation_score=57
QTL2	Chr2-3188505	19.06	*	LOC_Os02g06205	2:3102631-3105507	20	25	20	10.0	0.0	0.0	5.0	*	40.0	RAP_Step2_jap_Ganguang.FarmCPUpeak_info	RAP_Step2_jap_Ganguang	LOC_Os02g06205			phytosulfokine receptor precursor, putative, expressed	N	Y	Y	45	pipeline_score=40; farm_logP=19.06; max_variant=25; recommendation_score=45
QTL2	Chr2-3188505	19.06	*	LOC_Os02g06210	2:3102631-3111446	25	25	25	10.0	0.0	0.0	15.0	*	50.0	RAP_Step2_jap_Ganguang.FarmCPUpeak_info	RAP_Step2_jap_Ganguang	LOC_Os02g06210			phytosulfokine receptor precursor, putative, expressed	N	Y	Y	55	pipeline_score=50; farm_logP=19.06; max_variant=25; recommendation_score=55
QTL2	Chr2-3188505	19.06	*	Os02g0156700	2:3106065-3109343	25	25	20	10.0	0.0	0.0	10.0	*	45.0	RAP_Step2_jap_Ganguang.FarmCPUpeak_info	RAP_Step2_jap_Ganguang	Os02g0156700							50	pipeline_score=45; farm_logP=19.06; max_variant=25; recommendation_score=50
QTL2	Chr2-3188505	19.06	*	LOC_Os02g06215	2:3110121-3111446	20	5	25	10.0	0.0	0.0	18.0	*	53.0	RAP_Step2_jap_Ganguang.FarmCPUpeak_info	RAP_Step2_jap_Ganguang	LOC_Os02g06215			RNA-directed DNA polymerase, putative, expressed	Y	Y	Y	58	pipeline_score=53; farm_logP=19.06; max_variant=25; recommendation_score=58
QTL2	Chr2-3188505	19.06	*	LOC_Os02g06220	2:3113445-3114239	5	5	25	10.0	0.0	0.0	5.0	*	40.0	RAP_Step2_jap_Ganguang.FarmCPUpeak_info	RAP_Step2_jap_Ganguang	LOC_Os02g06220			receptor protein kinase-like protein At4g34220 precursor, putative, expressed	N	Y	Y	45	pipeline_score=40; farm_logP=19.06; max_variant=25; recommendation_score=45
QTL2	Chr2-3188505	19.06	*	LOC_Os02g06230	2:3114378-3118799	25	25	25	10.0	0.0	0.0	15.0	*	50.0	RAP_Step2_jap_Ganguang.FarmCPUpeak_info	RAP_Step2_jap_Ganguang	LOC_Os02g06230			retrotransposon protein, putative, unclassified, expressed	Y	Y	Y	55	pipeline_score=50; farm_logP=19.06; max_variant=25; recommendation_score=55
QTL2	Chr2-3188505	19.06	*	LOC_Os02g06240	2:3119603-3120819	20	5	20	10.0	0.0	0.0	18.0	*	48.0	RAP_Step2_jap_Ganguang.FarmCPUpeak_info	RAP_Step2_jap_Ganguang	LOC_Os02g06240			phytosulfokine receptor precursor, putative, expressed	N	Y	Y	53	pipeline_score=48; farm_logP=19.06; max_variant=20; recommendation_score=53
QTL2	Chr2-3188505	19.06	*	LOC_Os02g06250	2:3124211-3126662	20	5	*	10.0	0.0	0.0	10.0	*	40.0	RAP_Step2_jap_Ganguang.FarmCPUpeak_info	RAP_Step2_jap_Ganguang	LOC_Os02g06250			phytosulfokine receptor precursor, putative, expressed	N	Y	Y	45	pipeline_score=40; farm_logP=19.06; max_variant=20; recommendation_score=45
QTL2	Chr2-3188505	19.06	*	LOC_Os02g06260	2:3126962-3129256	5	10	*	10.0	0.0	0.0	10.0	*	30.0	RAP_Step2_jap_Ganguang.FarmCPUpeak_info	RAP_Step2_jap_Ganguang	LOC_Os02g06260			phytosulfokine receptor precursor, putative, expressed	N	Y	Y	33	pipeline_score=30; farm_logP=19.06; max_variant=10; recommendation_score=33
QTL2	Chr2-3188505	19.06	*	Os02g0157300	2:3132469-3137551	5	10	*	10.0	0.0	0.0	10.0	*	30.0	RAP_Step2_jap_Ganguang.FarmCPUpeak_info	RAP_Step2_jap_Ganguang	Os02g0157300							33	pipeline_score=30; farm_logP=19.06; max_variant=10; recommendation_score=33
QTL2	Chr2-3188505	19.06	*	LOC_Os02g06270	2:3132775-3134985	1	25	*	10.0	0.0	0.0	18.0	*	53.0	RAP_Step2_jap_Ganguang.FarmCPUpeak_info	RAP_Step2_jap_Ganguang	LOC_Os02g06270			phytosulfokine receptor precursor, putative, expressed	N	Y	Y	58	pipeline_score=53; farm_logP=19.06; max_variant=25; recommendation_score=58
QTL2	Chr2-3188505	19.06	*	LOC_Os02g06280	2:3136183-3137965	25	25	20	10.0	0.0	0.0	15.0	*	50.0	RAP_Step2_jap_Ganguang.FarmCPUpeak_info	RAP_Step2_jap_Ganguang	LOC_Os02g06280			receptor-like protein kinase 2 precursor, putative, expressed	N	Y	Y	55	pipeline_score=50; farm_logP=19.06; max_variant=25; recommendation_score=55
QTL2	Chr2-3188505	19.06	*	LOC_Os02g06290	2:3141992-3144660	5	5	20	10.0	0.0	0.0	10.0	*	40.0	RAP_Step2_jap_Ganguang.FarmCPUpeak_info	RAP_Step2_jap_Ganguang	LOC_Os02g06290	OsHAC4	arsenic accumulation; tolerance	rhodanese-like domain containing protein, putative, expressed	N	Y	Y	52	pipeline_score=40; farm_logP=19.06; max_variant=20; symbol=OsHAC4; keyword=arsenic accumulation; tolerance; recommendation_score=52
QTL2	Chr2-3188505	19.06	*	LOC_Os02g06300	2:3143758-3152627	5	5	*	10.0	0.0	0.0	20.0	*	35.0	RAP_Step2_jap_Ganguang.FarmCPUpeak_info	RAP_Step2_jap_Ganguang	LOC_Os02g06300			GTP-binding protein lepA, putative, expressed	N	Y	Y	35	pipeline_score=35; farm_logP=19.06; max_variant=5; recommendation_score=35
QTL2	Chr2-3188505	19.06	*	LOC_Os02g06310	2:3154194-3157442	25	25	25	10.0	0.0	0.0	5.0	*	40.0	RAP_Step2_jap_Ganguang.FarmCPUpeak_info	RAP_Step2_jap_Ganguang	LOC_Os02g06310			expressed protein	N	Y	Y	45	pipeline_score=40; farm_logP=19.06; max_variant=25; recommendation_score=45
QTL2	Chr2-3188505	19.06	*	LOC_Os02g06320	2:3158639-3160602	5	5	5	10.0	5.0	0.0	5.0	*	25.0	RAP_Step2_jap_Ganguang.FarmCPUpeak_info	RAP_Step2_jap_Ganguang	LOC_Os02g06320			RNA recognition motif 2 domain containing protein, expressed	N	Y	Y	25	pipeline_score=25; farm_logP=19.06; max_variant=5; recommendation_score=25
QTL2	Chr2-3188505	19.06	*	Os02g0157950	2:3163897-3165102	5	25	*	10.0	0.0	0.0	10.0	*	45.0	RAP_Step2_jap_Ganguang.FarmCPUpeak_info	RAP_Step2_jap_Ganguang	Os02g0157950							50	pipeline_score=45; farm_logP=19.06; max_variant=25; recommendation_score=50
QTL2	Chr2-3188505	19.06	*	LOC_Os02g06330	2:3164423-3165034	5	10	*	10.0	0.0	0.0	5.0	*	25.0	RAP_Step2_jap_Ganguang.FarmCPUpeak_info	RAP_Step2_jap_Ganguang	LOC_Os02g06330			AP2 domain containing protein, expressed	N	Y	Y	28	pipeline_score=25; farm_logP=19.06; max_variant=10; recommendation_score=28
QTL2	Chr2-3188505	19.06	*	LOC_Os02g06340	2:3166574-3170816	20	10	*	10.0	0.0	0.0	5.0	*	35.0	RAP_Step2_jap_Ganguang.FarmCPUpeak_info	RAP_Step2_jap_Ganguang	LOC_Os02g06340			EH domain-containing protein 1, putative, expressed	N	Y	Y	40	pipeline_score=35; farm_logP=19.06; max_variant=20; recommendation_score=40
QTL2	Chr2-3188505	19.06	*	Os02g0158200	2:3166740-3170798	20	10	*	10.0	0.0	0.0	5.0	*	35.0	RAP_Step2_jap_Ganguang.FarmCPUpeak_info	RAP_Step2_jap_Ganguang	Os02g0158200							40	pipeline_score=35; farm_logP=19.06; max_variant=20; recommendation_score=40
QTL2	Chr2-3188505	19.06	*	LOC_Os02g06350	2:3171934-3174991	25	25	25	10.0	0.0	10.0	0.0	*	45.0	RAP_Step2_jap_Ganguang.FarmCPUpeak_info	RAP_Step2_jap_Ganguang	LOC_Os02g06350			expressed protein	N	Y	Y	50	pipeline_score=45; farm_logP=19.06; max_variant=25; recommendation_score=50
QTL2	Chr2-3188505	19.06	*	LOC_Os02g06360	2:3179477-3182791	20	10	5	10.0	0.0	0.0	18.0	*	48.0	RAP_Step2_jap_Ganguang.FarmCPUpeak_info	RAP_Step2_jap_Ganguang	LOC_Os02g06360			uncharacterized protein CPn_0526/CP_0226/CPj0526/CpB0547, putative, expressed	N	Y	Y	53	pipeline_score=48; farm_logP=19.06; max_variant=20; recommendation_score=53
QTL2	Chr2-3188505	19.06	*	Os02g0158350	2:3179578-3182639	20	5	*	10.0	0.0	0.0	5.0	*	35.0	RAP_Step2_jap_Ganguang.FarmCPUpeak_info	RAP_Step2_jap_Ganguang	Os02g0158350							40	pipeline_score=35; farm_logP=19.06; max_variant=20; recommendation_score=40
QTL2	Chr2-3188505	19.06	*	LOC_Os02g06370	2:3182868-3187038	5	10	*	10.0	0.0	0.0	10.0	*	30.0	RAP_Step2_jap_Ganguang.FarmCPUpeak_info	RAP_Step2_jap_Ganguang	LOC_Os02g06370			whirly transcription factor domain containing protein, expressed	N	Y	Y	33	pipeline_score=30; farm_logP=19.06; max_variant=10; recommendation_score=33
QTL2	Chr2-3188505	19.06	*	LOC_Os02g06380	2:3187941-3190190	5	25	0	10.0	0.0	0.0	10.0	*	45.0	RAP_Step2_jap_Ganguang.FarmCPUpeak_info	RAP_Step2_jap_Ganguang	LOC_Os02g06380			plant-specific domain TIGR01627 family protein, expressed	N	Y	Y	50	pipeline_score=45; farm_logP=19.06; max_variant=25; recommendation_score=50
QTL2	Chr2-3188505	19.06	*	Os02g0158550	2:3188143-3189588	5	10	0	10.0	0.0	0.0	5.0	*	25.0	RAP_Step2_jap_Ganguang.FarmCPUpeak_info	RAP_Step2_jap_Ganguang	Os02g0158550							28	pipeline_score=25; farm_logP=19.06; max_variant=10; recommendation_score=28
QTL2	Chr2-3188505	19.06	*	LOC_Os02g06390	2:3191314-3194143	5	10	*	10.0	0.0	0.0	10.0	*	30.0	RAP_Step2_jap_Ganguang.FarmCPUpeak_info	RAP_Step2_jap_Ganguang	LOC_Os02g06390			expressed protein	N	Y	Y	33	pipeline_score=30; farm_logP=19.06; max_variant=10; recommendation_score=33
QTL2	Chr2-3188505	19.06	*	Os02g0158701	2:3196192-3196414	15	*	*	10.0	0.0	0.0	22.0	*	47.0	RAP_Step2_jap_Ganguang.FarmCPUpeak_info	RAP_Step2_jap_Ganguang	Os02g0158701							50	pipeline_score=47; farm_logP=19.06; max_variant=15; recommendation_score=50
QTL2	Chr2-3188505	19.06	*	LOC_Os02g06400	2:3197141-3203168	5	10	0	10.0	0.0	0.0	5.0	*	25.0	RAP_Step2_jap_Ganguang.FarmCPUpeak_info	RAP_Step2_jap_Ganguang	LOC_Os02g06400			growth regulator related protein, putative, expressed	N	Y	Y	28	pipeline_score=25; farm_logP=19.06; max_variant=10; recommendation_score=28
QTL2	Chr2-3188505	19.06	*	LOC_Os02g06410	2:3204086-3206334	10	10	10	10.0	0.0	0.0	5.0	*	25.0	RAP_Step2_jap_Ganguang.FarmCPUpeak_info	RAP_Step2_jap_Ganguang	LOC_Os02g06410			CBS domain containing membrane protein, putative, expressed	N	Y	Y	28	pipeline_score=25; farm_logP=19.06; max_variant=10; recommendation_score=28
QTL2	Chr2-3188505	19.06	*	Os02g0159000	2:3207416-3208323	25	10	*	10.0	0.0	0.0	5.0	*	40.0	RAP_Step2_jap_Ganguang.FarmCPUpeak_info	RAP_Step2_jap_Ganguang	Os02g0159000							45	pipeline_score=40; farm_logP=19.06; max_variant=25; recommendation_score=45
QTL2	Chr2-3188505	19.06	*	LOC_Os02g06420	2:3207499-3208308	25	25	*	10.0	0.0	0.0	5.0	*	40.0	RAP_Step2_jap_Ganguang.FarmCPUpeak_info	RAP_Step2_jap_Ganguang	LOC_Os02g06420			expressed protein	N	Y	Y	45	pipeline_score=40; farm_logP=19.06; max_variant=25; recommendation_score=45
QTL2	Chr2-3188505	19.06	*	Os02g0159100	2:3212238-3216435	20	10	*	10.0	0.0	0.0	10.0	*	40.0	RAP_Step2_jap_Ganguang.FarmCPUpeak_info	RAP_Step2_jap_Ganguang	Os02g0159100							45	pipeline_score=40; farm_logP=19.06; max_variant=20; recommendation_score=45
QTL2	Chr2-3188505	19.06	*	LOC_Os02g06430	2:3212392-3216645	20	10	*	10.0	0.0	0.0	10.0	*	40.0	RAP_Step2_jap_Ganguang.FarmCPUpeak_info	RAP_Step2_jap_Ganguang	LOC_Os02g06430			DUF292 domain containing protein, expressed	N	Y	Y	45	pipeline_score=40; farm_logP=19.06; max_variant=20; recommendation_score=45
QTL2	Chr2-3188505	19.06	*	LOC_Os02g06440	2:3216942-3217811	5	5	*	10.0	0.0	0.0	5.0	*	20.0	RAP_Step2_jap_Ganguang.FarmCPUpeak_info	RAP_Step2_jap_Ganguang	LOC_Os02g06440			expressed protein	N	Y	Y	20	pipeline_score=20; farm_logP=19.06; max_variant=5; recommendation_score=20
QTL2	Chr2-3188505	19.06	*	LOC_Os02g06450	2:3219171-3219518	20	5	*	10.0	0.0	0.0	5.0	*	35.0	RAP_Step2_jap_Ganguang.FarmCPUpeak_info	RAP_Step2_jap_Ganguang	LOC_Os02g06450			coiled-coil domain-containing protein 72, putative, expressed	N	Y	Y	40	pipeline_score=35; farm_logP=19.06; max_variant=20; recommendation_score=40
QTL2	Chr2-3188505	19.06	*	LOC_Os02g06460	2:3220491-3225191	25	25	0	10.0	0.0	0.0	18.0	*	53.0	RAP_Step2_jap_Ganguang.FarmCPUpeak_info	RAP_Step2_jap_Ganguang	LOC_Os02g06460			expressed protein	N	Y	Y	58	pipeline_score=53; farm_logP=19.06; max_variant=25; recommendation_score=58
QTL2	Chr2-3188505	19.06	*	LOC_Os02g06470	2:3227508-3229370	*	10	5	10.0	0.0	0.0	5.0	*	25.0	RAP_Step2_jap_Ganguang.FarmCPUpeak_info	RAP_Step2_jap_Ganguang	LOC_Os02g06470			OsFBX38 - F-box domain containing protein, expressed	N	Y	Y	28	pipeline_score=25; farm_logP=19.06; max_variant=10; recommendation_score=28
QTL2	Chr2-3188505	19.06	*	LOC_Os02g06480	2:3227508-3233934	25	10	0	10.0	0.0	0.0	10.0	*	45.0	RAP_Step2_jap_Ganguang.FarmCPUpeak_info	RAP_Step2_jap_Ganguang	LOC_Os02g06480			SCO1 protein homolog, mitochondrial precursor, putative, expressed	N	Y	Y	50	pipeline_score=45; farm_logP=19.06; max_variant=25; recommendation_score=50
QTL2	Chr2-3188505	19.06	*	LOC_Os02g06490	2:3234309-3237983	20	5	10	10.0	0.0	0.0	5.0	*	35.0	RAP_Step2_jap_Ganguang.FarmCPUpeak_info	RAP_Step2_jap_Ganguang	LOC_Os02g06490			vacuolar protein sorting-associated protein 4, putative, expressed	N	Y	Y	40	pipeline_score=35; farm_logP=19.06; max_variant=20; recommendation_score=40
QTL2	Chr2-3188505	19.06	*	Os02g0159950	2:3234460-3236867	20	5	0	10.0	0.0	0.0	5.0	*	35.0	RAP_Step2_jap_Ganguang.FarmCPUpeak_info	RAP_Step2_jap_Ganguang	Os02g0159950							40	pipeline_score=35; farm_logP=19.06; max_variant=20; recommendation_score=40
QTL2	Chr2-3188505	19.06	*	LOC_Os02g06500	2:3237586-3249732	5	5	0	10.0	0.0	0.0	10.0	*	25.0	RAP_Step2_jap_Ganguang.FarmCPUpeak_info	RAP_Step2_jap_Ganguang	LOC_Os02g06500			DSHCT domain containing protein, expressed	Y	Y	Y	25	pipeline_score=25; farm_logP=19.06; max_variant=5; recommendation_score=25
QTL2	Chr2-3188505	19.06	*	LOC_Os02g06510	2:3251641-3252395	20	10	5	10.0	0.0	0.0	0.0	*	30.0	RAP_Step2_jap_Ganguang.FarmCPUpeak_info	RAP_Step2_jap_Ganguang	LOC_Os02g06510			myosin heavy chain, putative, expressed	N	Y	Y	35	pipeline_score=30; farm_logP=19.06; max_variant=20; recommendation_score=35
QTL2	Chr2-3188505	19.06	*	LOC_Os02g06520	2:3254925-3256939	15	10	5	10.0	0.0	0.0	10.0	*	35.0	RAP_Step2_jap_Ganguang.FarmCPUpeak_info	RAP_Step2_jap_Ganguang	LOC_Os02g06520			OsFBLD1 - F-box, LRR and FBD domain containing protein, expressed	N	Y	Y	38	pipeline_score=35; farm_logP=19.06; max_variant=15; recommendation_score=38
QTL2	Chr2-3188505	19.06	*	LOC_Os02g06530	2:3263668-3265606	20	5	*	10.0	0.0	0.0	15.0	*	45.0	RAP_Step2_jap_Ganguang.FarmCPUpeak_info	RAP_Step2_jap_Ganguang	LOC_Os02g06530			armadillo/beta-catenin repeat family protein, putative, expressed	N	Y	Y	50	pipeline_score=45; farm_logP=19.06; max_variant=20; recommendation_score=50
QTL2	Chr2-3188505	19.06	*	Os02g0160300	2:3265700-3268325	20	10	10	10.0	0.0	0.0	5.0	*	35.0	RAP_Step2_jap_Ganguang.FarmCPUpeak_info	RAP_Step2_jap_Ganguang	Os02g0160300							40	pipeline_score=35; farm_logP=19.06; max_variant=20; recommendation_score=40
QTL2	Chr2-3188505	19.06	*	LOC_Os02g06540	2:3266011-3268767	20	5	0	10.0	0.0	0.0	5.0	*	35.0	RAP_Step2_jap_Ganguang.FarmCPUpeak_info	RAP_Step2_jap_Ganguang	LOC_Os02g06540			transporter family protein, putative, expressed	N	Y	Y	40	pipeline_score=35; farm_logP=19.06; max_variant=20; recommendation_score=40
QTL2	Chr2-3188505	19.06	*	LOC_Os02g06550	2:3270603-3271307	20	25	25	10.0	0.0	0.0	22.0	*	57.0	RAP_Step2_jap_Ganguang.FarmCPUpeak_info	RAP_Step2_jap_Ganguang	LOC_Os02g06550			retrotransposon, putative, centromere-specific	Y	N	Y	62	pipeline_score=57; farm_logP=19.06; max_variant=25; recommendation_score=62
QTL2	Chr2-3188505	19.06	*	Os02g0160500	2:3271379-3272038	5	10	*	10.0	0.0	0.0	18.0	*	38.0	RAP_Step2_jap_Ganguang.FarmCPUpeak_info	RAP_Step2_jap_Ganguang	Os02g0160500							41	pipeline_score=38; farm_logP=19.06; max_variant=10; recommendation_score=41
QTL2	Chr2-3188505	19.06	*	Os02g0160800	2:3279375-3280952	20	5	*	10.0	0.0	0.0	10.0	*	40.0	RAP_Step2_jap_Ganguang.FarmCPUpeak_info	RAP_Step2_jap_Ganguang	Os02g0160800							45	pipeline_score=40; farm_logP=19.06; max_variant=20; recommendation_score=45
QTL2	Chr2-3188505	19.06	*	LOC_Os02g06560	2:3279687-3279953	5	10	0	10.0	0.0	0.0	10.0	*	30.0	RAP_Step2_jap_Ganguang.FarmCPUpeak_info	RAP_Step2_jap_Ganguang	LOC_Os02g06560			wound induced protein, putative, expressed	N	Y	Y	33	pipeline_score=30; farm_logP=19.06; max_variant=10; recommendation_score=33
QTL2	Chr2-3188505	19.06	*	LOC_Os02g06570	2:3283212-3286408	5	10	5	10.0	0.0	0.0	15.0	*	35.0	RAP_Step2_jap_Ganguang.FarmCPUpeak_info	RAP_Step2_jap_Ganguang	LOC_Os02g06570			CAMK_KIN1/SNF1/Nim1_like.13 - CAMK includes calcium/calmodulin depedent protein kinases, expressed	N	Y	Y	38	pipeline_score=35; farm_logP=19.06; max_variant=10; recommendation_score=38
QTL2	Chr2-3188505	19.06	*	Os02g0161050	2:3284875-3288054	5	10	0	10.0	0.0	0.0	5.0	*	25.0	RAP_Step2_jap_Ganguang.FarmCPUpeak_info	RAP_Step2_jap_Ganguang	Os02g0161050							28	pipeline_score=25; farm_logP=19.06; max_variant=10; recommendation_score=28
QTL2	Chr2-3188505	19.06	*	LOC_Os02g06580	2:3291235-3295480	18	5	5	10.0	0.0	0.0	10.0	*	38.0	RAP_Step2_jap_Ganguang.FarmCPUpeak_info	RAP_Step2_jap_Ganguang	LOC_Os02g06580			formin, putative, expressed	N	Y	Y	41	pipeline_score=38; farm_logP=19.06; max_variant=18; recommendation_score=41
QTL2	Chr2-3188505	19.06	*	LOC_Os02g06584	2:3297210-3304412	*	*	*	10.0	0.0	0.0	10.0	*	20.0	RAP_Step2_jap_Ganguang.FarmCPUpeak_info	RAP_Step2_jap_Ganguang	LOC_Os02g06584			zinc finger C-x8-C-x5-C-x3-H type family protein, expressed	N	Y	Y	20	pipeline_score=20; farm_logP=19.06; recommendation_score=20
QTL2	Chr2-3188505	19.06	*	Os02g0161251	2:3301680-3306366	20	25	*	10.0	0.0	0.0	10.0	*	45.0	RAP_Step2_jap_Ganguang.FarmCPUpeak_info	RAP_Step2_jap_Ganguang	Os02g0161251							50	pipeline_score=45; farm_logP=19.06; max_variant=25; recommendation_score=50
QTL2	Chr2-3188505	19.06	*	LOC_Os02g06588	2:3311245-3313330	1	*	*	10.0	0.0	0.0	15.0	*	26.0	RAP_Step2_jap_Ganguang.FarmCPUpeak_info	RAP_Step2_jap_Ganguang	LOC_Os02g06588			ATP binding protein, putative, expressed	N	Y	Y	26	pipeline_score=26; farm_logP=19.06; max_variant=1; recommendation_score=26
QTL2	Chr2-3188505	19.06	*	LOC_Os02g06592	2:3313827-3318385	5	10	*	10.0	0.0	0.0	15.0	*	35.0	RAP_Step2_jap_Ganguang.FarmCPUpeak_info	RAP_Step2_jap_Ganguang	LOC_Os02g06592			SNF2 family N-terminal domain containing protein, expressed	Y	Y	Y	38	pipeline_score=35; farm_logP=19.06; max_variant=10; recommendation_score=38
QTL2	Chr2-3188505	19.06	*	LOC_Os02g06600	2:3323238-3326725	20	25	10	10.0	0.0	0.0	22.0	*	57.0	RAP_Step2_jap_Ganguang.FarmCPUpeak_info	RAP_Step2_jap_Ganguang	LOC_Os02g06600			receptor-like protein kinase 2 precursor, putative, expressed	N	Y	Y	62	pipeline_score=57; farm_logP=19.06; max_variant=25; recommendation_score=62
QTL2	Chr2-3188505	19.06	*	LOC_Os02g06605	2:3327798-3328578	25	25	25	10.0	0.0	0.0	15.0	*	50.0	RAP_Step2_jap_Ganguang.FarmCPUpeak_info	RAP_Step2_jap_Ganguang	LOC_Os02g06605			expressed protein	N	Y	Y	55	pipeline_score=50; farm_logP=19.06; max_variant=25; recommendation_score=55
QTL2	Chr2-3188505	19.06	*	LOC_Os02g06610	2:3328664-3330206	25	25	25	10.0	0.0	0.0	10.0	*	45.0	RAP_Step2_jap_Ganguang.FarmCPUpeak_info	RAP_Step2_jap_Ganguang	LOC_Os02g06610			expressed protein	N	Y	Y	50	pipeline_score=45; farm_logP=19.06; max_variant=25; recommendation_score=50
QTL2	Chr2-3188505	19.06	*	LOC_Os02g06630	2:3335547-3339094	5	5	*	10.0	0.0	0.0	5.0	*	20.0	RAP_Step2_jap_Ganguang.FarmCPUpeak_info	RAP_Step2_jap_Ganguang	LOC_Os02g06630			peroxidase precursor, putative, expressed	N	Y	Y	20	pipeline_score=20; farm_logP=19.06; max_variant=5; recommendation_score=20
QTL2	Chr2-3188505	19.06	*	LOC_Os02g06640	2:3340311-3343062	20	10	10	10.0	0.0	0.0	5.0	*	35.0	RAP_Step2_jap_Ganguang.FarmCPUpeak_info	RAP_Step2_jap_Ganguang	LOC_Os02g06640			ubiquitin family protein, putative, expressed	N	Y	Y	40	pipeline_score=35; farm_logP=19.06; max_variant=20; recommendation_score=40
QTL2	Chr2-3188505	19.06	*	LOC_Os02g06650	2:3344763-3347430	5	5	*	10.0	0.0	0.0	15.0	*	30.0	RAP_Step2_jap_Ganguang.FarmCPUpeak_info	RAP_Step2_jap_Ganguang	LOC_Os02g06650			COX VIIa, putative, expressed	N	Y	Y	30	pipeline_score=30; farm_logP=19.06; max_variant=5; recommendation_score=30
QTL2	Chr2-3188505	19.06	*	Os02g0162050	2:3345017-3345473	*	*	*	10.0	0.0	0.0	5.0	*	15.0	RAP_Step2_jap_Ganguang.FarmCPUpeak_info	RAP_Step2_jap_Ganguang	Os02g0162050							15	pipeline_score=15; farm_logP=19.06; recommendation_score=15
QTL2	Chr2-3188505	19.06	*	LOC_Os02g06660	2:3351127-3352610	5	5	0	10.0	0.0	0.0	0.0	*	15.0	RAP_Step2_jap_Ganguang.FarmCPUpeak_info	RAP_Step2_jap_Ganguang	LOC_Os02g06660			P21-Rho-binding domain containing protein, putative, expressed	N	Y	Y	15	pipeline_score=15; farm_logP=19.06; max_variant=5; recommendation_score=15
QTL2	Chr2-3188505	19.06	*	Os02g0162150	2:3352116-3353370	5	5	*	10.0	0.0	0.0	0.0	*	15.0	RAP_Step2_jap_Ganguang.FarmCPUpeak_info	RAP_Step2_jap_Ganguang	Os02g0162150							15	pipeline_score=15; farm_logP=19.06; max_variant=5; recommendation_score=15
QTL2	Chr2-3188505	19.06	*	LOC_Os02g06670	2:3353564-3354822	5	10	5	10.0	0.0	0.0	10.0	*	30.0	RAP_Step2_jap_Ganguang.FarmCPUpeak_info	RAP_Step2_jap_Ganguang	LOC_Os02g06670			retrotransposon protein, putative, unclassified, expressed	Y	Y	Y	33	pipeline_score=30; farm_logP=19.06; max_variant=10; recommendation_score=33
QTL2	Chr2-3188505	19.06	*	LOC_Os02g06690	2:3356970-3358282	20	25	5	10.0	0.0	0.0	5.0	*	40.0	RAP_Step2_jap_Ganguang.FarmCPUpeak_info	RAP_Step2_jap_Ganguang	LOC_Os02g06690			plastocyanin-like domain containing protein, putative, expressed	N	Y	Y	45	pipeline_score=40; farm_logP=19.06; max_variant=25; recommendation_score=45
QTL2	Chr2-3188505	19.06	*	LOC_Os02g06700	2:3358903-3360720	20	25	20	10.0	0.0	0.0	10.0	*	45.0	RAP_Step2_jap_Ganguang.FarmCPUpeak_info	RAP_Step2_jap_Ganguang	LOC_Os02g06700			ribosomal protein, putative, expressed	N	Y	Y	50	pipeline_score=45; farm_logP=19.06; max_variant=25; recommendation_score=50
QTL2	Chr2-3188505	19.06	*	Os02g0162600	2:3362047-3362944	20	5	20	10.0	0.0	10.0	10.0	*	50.0	RAP_Step2_jap_Ganguang.FarmCPUpeak_info	RAP_Step2_jap_Ganguang	Os02g0162600							55	pipeline_score=50; farm_logP=19.06; max_variant=20; recommendation_score=55
QTL2	Chr2-3188505	19.06	*	LOC_Os02g06720	2:3362047-3369519	20	10	*	10.0	0.0	0.0	15.0	*	45.0	RAP_Step2_jap_Ganguang.FarmCPUpeak_info	RAP_Step2_jap_Ganguang	LOC_Os02g06720			WD domain containing protein, putative, expressed	N	Y	Y	50	pipeline_score=45; farm_logP=19.06; max_variant=20; recommendation_score=50
QTL2	Chr2-3188505	19.06	*	LOC_Os02g06725	2:3378928-3386412	20	25	20	10.0	0.0	0.0	15.0	*	50.0	RAP_Step2_jap_Ganguang.FarmCPUpeak_info	RAP_Step2_jap_Ganguang	LOC_Os02g06725			expressed protein	N	Y	Y	55	pipeline_score=50; farm_logP=19.06; max_variant=25; recommendation_score=55
QTL2	Chr2-3188505	19.06	*	Os02g0162783	2:3384035-3384907	20	*	*	10.0	0.0	0.0	10.0	*	40.0	RAP_Step2_jap_Ganguang.FarmCPUpeak_info	RAP_Step2_jap_Ganguang	Os02g0162783							45	pipeline_score=40; farm_logP=19.06; max_variant=20; recommendation_score=45
QTL2	Chr2-3188505	19.06	*	LOC_Os02g06730	2:3386882-3387277	20	5	25	10.0	5.0	0.0	0.0	*	40.0	RAP_Step2_jap_Ganguang.FarmCPUpeak_info	RAP_Step2_jap_Ganguang	LOC_Os02g06730			expressed protein	N	Y	Y	45	pipeline_score=40; farm_logP=19.06; max_variant=25; recommendation_score=45
QTL3	Chr2-15744490	11.06	*	LOC_Os02g26480	2:15549298-15558300	5	10	*	6.0	0.0	0.0	5.0	*	21.0	RAP_Step2_jap_Ganguang.FarmCPUpeak_info	RAP_Step2_jap_Ganguang	LOC_Os02g26480			OsSCP7 - Putative Serine Carboxypeptidase homologue, expressed	N	Y	Y	24	pipeline_score=21; farm_logP=11.06; max_variant=10; recommendation_score=24
QTL3	Chr2-15744490	11.06	*	LOC_Os02g26490	2:15560193-15561356	1	25	*	6.0	0.0	0.0	5.0	*	36.0	RAP_Step2_jap_Ganguang.FarmCPUpeak_info	RAP_Step2_jap_Ganguang	LOC_Os02g26490			expressed protein	N	Y	Y	41	pipeline_score=36; farm_logP=11.06; max_variant=25; recommendation_score=41
QTL3	Chr2-15744490	11.06	*	LOC_Os02g26500	2:15562234-15565923	20	*	25	6.0	0.0	0.0	5.0	*	36.0	RAP_Step2_jap_Ganguang.FarmCPUpeak_info	RAP_Step2_jap_Ganguang	LOC_Os02g26500			retrotransposon protein, putative, unclassified, expressed	Y	Y	Y	41	pipeline_score=36; farm_logP=11.06; max_variant=25; recommendation_score=41
QTL3	Chr2-15744490	11.06	*	LOC_Os02g26510	2:15566071-15568191	5	5	25	6.0	0.0	0.0	5.0	*	36.0	RAP_Step2_jap_Ganguang.FarmCPUpeak_info	RAP_Step2_jap_Ganguang	LOC_Os02g26510			retrotransposon protein, putative, unclassified, expressed	Y	Y	Y	41	pipeline_score=36; farm_logP=11.06; max_variant=25; recommendation_score=41
QTL3	Chr2-15744490	11.06	*	LOC_Os02g26520	2:15571810-15573407	20	*	0	6.0	0.0	0.0	0.0	*	26.0	RAP_Step2_jap_Ganguang.FarmCPUpeak_info	RAP_Step2_jap_Ganguang	LOC_Os02g26520			expressed protein	Y	Y	Y	31	pipeline_score=26; farm_logP=11.06; max_variant=20; recommendation_score=31
QTL3	Chr2-15744490	11.06	*	LOC_Os02g26530	2:15574535-15574981	20	25	25	6.0	0.0	0.0	0.0	*	31.0	RAP_Step2_jap_Ganguang.FarmCPUpeak_info	RAP_Step2_jap_Ganguang	LOC_Os02g26530			expressed protein	N	Y	Y	36	pipeline_score=31; farm_logP=11.06; max_variant=25; recommendation_score=36
QTL3	Chr2-15744490	11.06	*	LOC_Os02g26540	2:15577141-15577377	20	25	*	6.0	0.0	0.0	5.0	*	36.0	RAP_Step2_jap_Ganguang.FarmCPUpeak_info	RAP_Step2_jap_Ganguang	LOC_Os02g26540			expressed protein	N	Y	Y	41	pipeline_score=36; farm_logP=11.06; max_variant=25; recommendation_score=41
QTL3	Chr2-15744490	11.06	*	LOC_Os02g26550	2:15584117-15590536	25	25	*	6.0	0.0	0.0	15.0	*	46.0	RAP_Step2_jap_Ganguang.FarmCPUpeak_info	RAP_Step2_jap_Ganguang	LOC_Os02g26550			ubiquitin carboxyl-terminal hydrolase, family 1, putative, expressed	N	Y	Y	51	pipeline_score=46; farm_logP=11.06; max_variant=25; recommendation_score=51
QTL3	Chr2-15744490	11.06	*	LOC_Os02g26560	2:15594984-15598135	5	5	0	6.0	0.0	0.0	15.0	*	26.0	RAP_Step2_jap_Ganguang.FarmCPUpeak_info	RAP_Step2_jap_Ganguang	LOC_Os02g26560			expressed protein	N	Y	Y	26	pipeline_score=26; farm_logP=11.06; max_variant=5; recommendation_score=26
QTL3	Chr2-15744490	11.06	*	Os02g0464550	2:15603245-15606096	20	25	*	6.0	0.0	0.0	5.0	*	36.0	RAP_Step2_jap_Ganguang.FarmCPUpeak_info	RAP_Step2_jap_Ganguang	Os02g0464550							41	pipeline_score=36; farm_logP=11.06; max_variant=25; recommendation_score=41
QTL3	Chr2-15744490	11.06	*	LOC_Os02g26570	2:15609092-15611174	25	25	*	6.0	0.0	0.0	10.0	*	41.0	RAP_Step2_jap_Ganguang.FarmCPUpeak_info	RAP_Step2_jap_Ganguang	LOC_Os02g26570			expressed protein	N	Y	Y	46	pipeline_score=41; farm_logP=11.06; max_variant=25; recommendation_score=46
QTL3	Chr2-15744490	11.06	*	Os02g0464700	2:15612040-15612668	20	10	5	6.0	0.0	0.0	5.0	*	31.0	RAP_Step2_jap_Ganguang.FarmCPUpeak_info	RAP_Step2_jap_Ganguang	Os02g0464700							36	pipeline_score=31; farm_logP=11.06; max_variant=20; recommendation_score=36
QTL3	Chr2-15744490	11.06	*	LOC_Os02g26580	2:15612070-15612426	20	5	*	6.0	0.0	0.0	5.0	*	31.0	RAP_Step2_jap_Ganguang.FarmCPUpeak_info	RAP_Step2_jap_Ganguang	LOC_Os02g26580			expressed protein	N	Y	Y	36	pipeline_score=31; farm_logP=11.06; max_variant=20; recommendation_score=36
QTL3	Chr2-15744490	11.06	*	LOC_Os02g26590	2:15613327-15613575	5	10	*	6.0	0.0	0.0	0.0	*	16.0	RAP_Step2_jap_Ganguang.FarmCPUpeak_info	RAP_Step2_jap_Ganguang	LOC_Os02g26590			hypothetical protein	N	N	Y	19	pipeline_score=16; farm_logP=11.06; max_variant=10; recommendation_score=19
QTL3	Chr2-15744490	11.06	*	LOC_Os02g26600	2:15614928-15619328	5	10	*	6.0	0.0	0.0	5.0	*	21.0	RAP_Step2_jap_Ganguang.FarmCPUpeak_info	RAP_Step2_jap_Ganguang	LOC_Os02g26600			ATP binding, related, putative, expressed	N	Y	Y	24	pipeline_score=21; farm_logP=11.06; max_variant=10; recommendation_score=24
QTL3	Chr2-15744490	11.06	*	LOC_Os02g26614	2:15621008-15629984	25	25	0	6.0	0.0	0.0	10.0	*	41.0	RAP_Step2_jap_Ganguang.FarmCPUpeak_info	RAP_Step2_jap_Ganguang	LOC_Os02g26614			retrotransposon protein, putative, unclassified, expressed	Y	Y	Y	46	pipeline_score=41; farm_logP=11.06; max_variant=25; recommendation_score=46
QTL3	Chr2-15744490	11.06	*	LOC_Os02g26630	2:15634755-15637929	25	25	*	6.0	0.0	0.0	0.0	*	31.0	RAP_Step2_jap_Ganguang.FarmCPUpeak_info	RAP_Step2_jap_Ganguang	LOC_Os02g26630			transposon protein, putative, unclassified, expressed	Y	Y	Y	36	pipeline_score=31; farm_logP=11.06; max_variant=25; recommendation_score=36
QTL3	Chr2-15744490	11.06	*	LOC_Os02g26640	2:15638697-15639474	20	25	10	6.0	0.0	0.0	0.0	*	31.0	RAP_Step2_jap_Ganguang.FarmCPUpeak_info	RAP_Step2_jap_Ganguang	LOC_Os02g26640			expressed protein	N	Y	Y	36	pipeline_score=31; farm_logP=11.06; max_variant=25; recommendation_score=36
QTL3	Chr2-15744490	11.06	*	LOC_Os02g26650	2:15641262-15647376	*	5	*	6.0	0.0	0.0	15.0	*	26.0	RAP_Step2_jap_Ganguang.FarmCPUpeak_info	RAP_Step2_jap_Ganguang	LOC_Os02g26650			delta14-sterol reductase, putative, expressed	N	Y	Y	26	pipeline_score=26; farm_logP=11.06; max_variant=5; recommendation_score=26
QTL3	Chr2-15744490	11.06	*	LOC_Os02g26660	2:15650237-15655617	25	5	5	6.0	0.0	0.0	18.0	*	49.0	RAP_Step2_jap_Ganguang.FarmCPUpeak_info	RAP_Step2_jap_Ganguang	LOC_Os02g26660			exonuclease, putative, expressed	N	Y	Y	54	pipeline_score=49; farm_logP=11.06; max_variant=25; recommendation_score=54
QTL3	Chr2-15744490	11.06	*	LOC_Os02g26670	2:15659378-15660788	20	10	*	6.0	0.0	10.0	18.0	*	54.0	RAP_Step2_jap_Ganguang.FarmCPUpeak_info	RAP_Step2_jap_Ganguang	LOC_Os02g26670			F-box/Kelch-repeat protein, putative, expressed	N	Y	Y	59	pipeline_score=54; farm_logP=11.06; max_variant=20; recommendation_score=59
QTL3	Chr2-15744490	11.06	*	LOC_Os02g26680	2:15668203-15668535	20	5	*	6.0	0.0	0.0	0.0	*	26.0	RAP_Step2_jap_Ganguang.FarmCPUpeak_info	RAP_Step2_jap_Ganguang	LOC_Os02g26680			hypothetical protein	N	N	Y	31	pipeline_score=26; farm_logP=11.06; max_variant=20; recommendation_score=31
QTL3	Chr2-15744490	11.06	*	LOC_Os02g26690	2:15670231-15675553	25	25	0	6.0	0.0	0.0	0.0	*	31.0	RAP_Step2_jap_Ganguang.FarmCPUpeak_info	RAP_Step2_jap_Ganguang	LOC_Os02g26690			retrotransposon protein, putative, Ty1-copia subclass, expressed	Y	Y	Y	36	pipeline_score=31; farm_logP=11.06; max_variant=25; recommendation_score=36
QTL3	Chr2-15744490	11.06	*	LOC_Os02g26700	2:15676223-15679689	5	10	*	6.0	0.0	0.0	5.0	*	21.0	RAP_Step2_jap_Ganguang.FarmCPUpeak_info	RAP_Step2_jap_Ganguang	LOC_Os02g26700	OsARP|OsCTP	flower; photosynthesis; salt; salt tolerance; yield	cation transport regulator-like protein 1, putative, expressed	N	Y	Y	31	pipeline_score=21; farm_logP=11.06; max_variant=10; symbol=OsARP|OsCTP; keyword=flower; photosynthesis; salt; salt tolerance; yield; recommendation_score=31
QTL3	Chr2-15744490	11.06	*	Os02g0466050	2:15685285-15686585	5	25	5	6.0	0.0	0.0	5.0	*	36.0	RAP_Step2_jap_Ganguang.FarmCPUpeak_info	RAP_Step2_jap_Ganguang	Os02g0466050							41	pipeline_score=36; farm_logP=11.06; max_variant=25; recommendation_score=41
QTL3	Chr2-15744490	11.06	*	LOC_Os02g26710	2:15690635-15691027	5	10	10	6.0	0.0	0.0	0.0	*	16.0	RAP_Step2_jap_Ganguang.FarmCPUpeak_info	RAP_Step2_jap_Ganguang	LOC_Os02g26710			cyclo-DOPA 5-O-glucosyltransferase, putative	N	N	Y	19	pipeline_score=16; farm_logP=11.06; max_variant=10; recommendation_score=19
QTL3	Chr2-15744490	11.06	*	LOC_Os02g26720	2:15697842-15699391	5	5	20	6.0	0.0	0.0	5.0	*	31.0	RAP_Step2_jap_Ganguang.FarmCPUpeak_info	RAP_Step2_jap_Ganguang	LOC_Os02g26720			Inositol 1, 3, 4-trisphosphate 5/6-kinase, putative, expressed	N	Y	Y	36	pipeline_score=31; farm_logP=11.06; max_variant=20; recommendation_score=36
QTL3	Chr2-15744490	11.06	*	LOC_Os02g26730	2:15704305-15704508	5	5	*	6.0	0.0	0.0	0.0	*	11.0	RAP_Step2_jap_Ganguang.FarmCPUpeak_info	RAP_Step2_jap_Ganguang	LOC_Os02g26730			hypothetical protein	N	N	Y	11	pipeline_score=11; farm_logP=11.06; max_variant=5; recommendation_score=11
QTL3	Chr2-15744490	11.06	*	Os02g0466600	2:15705569-15709140	20	25	*	6.0	0.0	0.0	5.0	*	36.0	RAP_Step2_jap_Ganguang.FarmCPUpeak_info	RAP_Step2_jap_Ganguang	Os02g0466600							41	pipeline_score=36; farm_logP=11.06; max_variant=25; recommendation_score=41
QTL3	Chr2-15744490	11.06	*	LOC_Os02g26740	2:15705901-15710708	20	25	*	6.0	0.0	0.0	10.0	*	41.0	RAP_Step2_jap_Ganguang.FarmCPUpeak_info	RAP_Step2_jap_Ganguang	LOC_Os02g26740			transposon protein, putative, Pong sub-class, expressed	Y	Y	Y	46	pipeline_score=41; farm_logP=11.06; max_variant=25; recommendation_score=46
QTL3	Chr2-15744490	11.06	*	LOC_Os02g26750	2:15711444-15712802	20	25	*	6.0	0.0	0.0	5.0	*	36.0	RAP_Step2_jap_Ganguang.FarmCPUpeak_info	RAP_Step2_jap_Ganguang	LOC_Os02g26750			transposon protein, putative, Pong sub-class, expressed	Y	Y	Y	41	pipeline_score=36; farm_logP=11.06; max_variant=25; recommendation_score=41
QTL3	Chr2-15744490	11.06	*	LOC_Os02g26760	2:15714836-15716435	5	5	*	6.0	0.0	0.0	0.0	*	11.0	RAP_Step2_jap_Ganguang.FarmCPUpeak_info	RAP_Step2_jap_Ganguang	LOC_Os02g26760			conserved hypothetical protein	Y	N	Y	11	pipeline_score=11; farm_logP=11.06; max_variant=5; recommendation_score=11
QTL3	Chr2-15744490	11.06	*	LOC_Os02g26770	2:15716825-15718857	20	5	*	6.0	0.0	0.0	18.0	*	44.0	RAP_Step2_jap_Ganguang.FarmCPUpeak_info	RAP_Step2_jap_Ganguang	LOC_Os02g26770			cytochrome P450, putative, expressed	N	Y	Y	49	pipeline_score=44; farm_logP=11.06; max_variant=20; recommendation_score=49
QTL3	Chr2-15744490	11.06	*	Os02g0466900	2:15717045-15717661	20	5	5	6.0	0.0	0.0	5.0	*	31.0	RAP_Step2_jap_Ganguang.FarmCPUpeak_info	RAP_Step2_jap_Ganguang	Os02g0466900							36	pipeline_score=31; farm_logP=11.06; max_variant=20; recommendation_score=36
QTL3	Chr2-15744490	11.06	*	LOC_Os02g26780	2:15723183-15725247	20	25	25	6.0	0.0	0.0	0.0	*	31.0	RAP_Step2_jap_Ganguang.FarmCPUpeak_info	RAP_Step2_jap_Ganguang	LOC_Os02g26780			transposon protein, putative, unclassified, expressed	Y	Y	Y	36	pipeline_score=31; farm_logP=11.06; max_variant=25; recommendation_score=36
QTL3	Chr2-15744490	11.06	*	LOC_Os02g26790	2:15725681-15726657	25	10	25	6.0	0.0	0.0	10.0	*	41.0	RAP_Step2_jap_Ganguang.FarmCPUpeak_info	RAP_Step2_jap_Ganguang	LOC_Os02g26790			expressed protein	N	Y	Y	46	pipeline_score=41; farm_logP=11.06; max_variant=25; recommendation_score=46
QTL3	Chr2-15744490	11.06	*	LOC_Os02g26794	2:15726766-15727534	5	10	25	6.0	0.0	0.0	22.0	*	53.0	RAP_Step2_jap_Ganguang.FarmCPUpeak_info	RAP_Step2_jap_Ganguang	LOC_Os02g26794			expressed protein	N	Y	Y	58	pipeline_score=53; farm_logP=11.06; max_variant=25; recommendation_score=58
QTL3	Chr2-15744490	11.06	*	Os02g0467400	2:15728987-15733539	20	5	20	6.0	0.0	0.0	5.0	*	31.0	RAP_Step2_jap_Ganguang.FarmCPUpeak_info	RAP_Step2_jap_Ganguang	Os02g0467400							36	pipeline_score=31; farm_logP=11.06; max_variant=20; recommendation_score=36
QTL3	Chr2-15744490	11.06	*	LOC_Os02g26800	2:15729105-15732537	20	25	25	6.0	0.0	0.0	18.0	*	49.0	RAP_Step2_jap_Ganguang.FarmCPUpeak_info	RAP_Step2_jap_Ganguang	LOC_Os02g26800			expressed protein	N	Y	Y	54	pipeline_score=49; farm_logP=11.06; max_variant=25; recommendation_score=54
QTL3	Chr2-15744490	11.06	*	LOC_Os02g26810	2:15734823-15736934	20	25	20	6.0	0.0	0.0	18.0	*	49.0	RAP_Step2_jap_Ganguang.FarmCPUpeak_info	RAP_Step2_jap_Ganguang	LOC_Os02g26810			cytochrome P450, putative, expressed	N	Y	Y	54	pipeline_score=49; farm_logP=11.06; max_variant=25; recommendation_score=54
QTL3	Chr2-15744490	11.06	*	LOC_Os02g26814	2:15740124-15742976	5	10	*	6.0	0.0	0.0	15.0	*	31.0	RAP_Step2_jap_Ganguang.FarmCPUpeak_info	RAP_Step2_jap_Ganguang	LOC_Os02g26814			UDP-N-acetylglucosamine transferase subunit ALG13, putative, expressed	N	Y	Y	34	pipeline_score=31; farm_logP=11.06; max_variant=10; recommendation_score=34
QTL3	Chr2-15744490	11.06	*	LOC_Os02g26820	2:15747849-15748277	20	5	*	6.0	0.0	0.0	0.0	*	26.0	RAP_Step2_jap_Ganguang.FarmCPUpeak_info	RAP_Step2_jap_Ganguang	LOC_Os02g26820			retrotransposon protein, putative, unclassified	Y	N	Y	31	pipeline_score=26; farm_logP=11.06; max_variant=20; recommendation_score=31
QTL3	Chr2-15744490	11.06	*	LOC_Os02g26830	2:15749379-15749951	25	*	0	6.0	0.0	0.0	0.0	*	31.0	RAP_Step2_jap_Ganguang.FarmCPUpeak_info	RAP_Step2_jap_Ganguang	LOC_Os02g26830			retrotransposon protein, putative, unclassified	Y	N	Y	36	pipeline_score=31; farm_logP=11.06; max_variant=25; recommendation_score=36
QTL3	Chr2-15744490	11.06	*	LOC_Os02g26840	2:15759511-15760551	20	5	*	6.0	0.0	0.0	0.0	*	26.0	RAP_Step2_jap_Ganguang.FarmCPUpeak_info	RAP_Step2_jap_Ganguang	LOC_Os02g26840			O-acyltransferase, putative, expressed	N	Y	Y	31	pipeline_score=26; farm_logP=11.06; max_variant=20; recommendation_score=31
QTL3	Chr2-15744490	11.06	*	LOC_Os02g26850	2:15762105-15765880	15	5	5	6.0	0.0	0.0	10.0	*	31.0	RAP_Step2_jap_Ganguang.FarmCPUpeak_info	RAP_Step2_jap_Ganguang	LOC_Os02g26850			rRNA-processing protein FCF, putative, expressed	N	Y	Y	34	pipeline_score=31; farm_logP=11.06; max_variant=15; recommendation_score=34
QTL3	Chr2-15744490	11.06	*	LOC_Os02g26860	2:15770441-15775349	20	10	10	6.0	0.0	0.0	18.0	*	44.0	RAP_Step2_jap_Ganguang.FarmCPUpeak_info	RAP_Step2_jap_Ganguang	LOC_Os02g26860			START domain containing protein, putative, expressed	N	Y	Y	49	pipeline_score=44; farm_logP=11.06; max_variant=20; recommendation_score=49
QTL3	Chr2-15744490	11.06	*	LOC_Os02g26870	2:15780456-15783678	25	5	25	6.0	0.0	0.0	5.0	*	36.0	RAP_Step2_jap_Ganguang.FarmCPUpeak_info	RAP_Step2_jap_Ganguang	LOC_Os02g26870			retrotransposon protein, putative, Ty1-copia subclass	Y	N	Y	41	pipeline_score=36; farm_logP=11.06; max_variant=25; recommendation_score=41
QTL3	Chr2-15744490	11.06	*	LOC_Os02g26880	2:15784543-15786480	20	25	25	6.0	0.0	0.0	0.0	*	31.0	RAP_Step2_jap_Ganguang.FarmCPUpeak_info	RAP_Step2_jap_Ganguang	LOC_Os02g26880			retrotransposon protein, putative, Ty1-copia subclass	Y	N	Y	36	pipeline_score=31; farm_logP=11.06; max_variant=25; recommendation_score=36
QTL3	Chr2-15744490	11.06	*	LOC_Os02g26890	2:15788474-15789994	5	5	*	6.0	0.0	0.0	10.0	*	21.0	RAP_Step2_jap_Ganguang.FarmCPUpeak_info	RAP_Step2_jap_Ganguang	LOC_Os02g26890			PPR repeat containing protein, expressed	N	Y	Y	21	pipeline_score=21; farm_logP=11.06; max_variant=5; recommendation_score=21
QTL3	Chr2-15744490	11.06	*	LOC_Os02g26900	2:15796703-15797233	20	10	*	6.0	0.0	0.0	0.0	*	26.0	RAP_Step2_jap_Ganguang.FarmCPUpeak_info	RAP_Step2_jap_Ganguang	LOC_Os02g26900			hypothetical protein	N	N	Y	31	pipeline_score=26; farm_logP=11.06; max_variant=20; recommendation_score=31
QTL3	Chr2-15744490	11.06	*	LOC_Os02g26910	2:15799472-15800068	25	25	*	6.0	0.0	0.0	0.0	*	31.0	RAP_Step2_jap_Ganguang.FarmCPUpeak_info	RAP_Step2_jap_Ganguang	LOC_Os02g26910			retrotransposon, putative, centromere-specific, expressed	Y	Y	Y	36	pipeline_score=31; farm_logP=11.06; max_variant=25; recommendation_score=36
QTL3	Chr2-15744490	11.06	*	LOC_Os02g26920	2:15810925-15816887	25	25	25	6.0	0.0	0.0	5.0	*	36.0	RAP_Step2_jap_Ganguang.FarmCPUpeak_info	RAP_Step2_jap_Ganguang	LOC_Os02g26920			retrotransposon protein, putative, unclassified, expressed	Y	Y	Y	41	pipeline_score=36; farm_logP=11.06; max_variant=25; recommendation_score=41
QTL3	Chr2-15744490	11.06	*	LOC_Os02g26930	2:15817510-15820641	25	25	25	6.0	0.0	0.0	5.0	*	36.0	RAP_Step2_jap_Ganguang.FarmCPUpeak_info	RAP_Step2_jap_Ganguang	LOC_Os02g26930			retrotransposon protein, putative, unclassified, expressed	Y	Y	Y	41	pipeline_score=36; farm_logP=11.06; max_variant=25; recommendation_score=41
QTL3	Chr2-15744490	11.06	*	LOC_Os02g26940	2:15821478-15825977	5	10	*	6.0	0.0	0.0	15.0	*	31.0	RAP_Step2_jap_Ganguang.FarmCPUpeak_info	RAP_Step2_jap_Ganguang	LOC_Os02g26940			vegetative storage protein, putative, expressed	N	Y	Y	34	pipeline_score=31; farm_logP=11.06; max_variant=10; recommendation_score=34
QTL3	Chr2-15744490	11.06	*	Os02g0468825	2:15824336-15825888	5	*	*	6.0	0.0	0.0	5.0	*	16.0	RAP_Step2_jap_Ganguang.FarmCPUpeak_info	RAP_Step2_jap_Ganguang	Os02g0468825							16	pipeline_score=16; farm_logP=11.06; max_variant=5; recommendation_score=16
QTL3	Chr2-15744490	11.06	*	LOC_Os02g26950	2:15828056-15828738	25	25	10	6.0	0.0	0.0	0.0	*	31.0	RAP_Step2_jap_Ganguang.FarmCPUpeak_info	RAP_Step2_jap_Ganguang	LOC_Os02g26950			expressed protein	N	Y	Y	36	pipeline_score=31; farm_logP=11.06; max_variant=25; recommendation_score=36
QTL3	Chr2-15744490	11.06	*	LOC_Os02g26960	2:15829250-15833220	20	*	0	6.0	0.0	0.0	15.0	*	41.0	RAP_Step2_jap_Ganguang.FarmCPUpeak_info	RAP_Step2_jap_Ganguang	LOC_Os02g26960			expressed protein	N	Y	Y	46	pipeline_score=41; farm_logP=11.06; max_variant=20; recommendation_score=46
QTL3	Chr2-15744490	11.06	*	LOC_Os02g26970	2:15834813-15835102	5	5	*	6.0	0.0	0.0	0.0	*	11.0	RAP_Step2_jap_Ganguang.FarmCPUpeak_info	RAP_Step2_jap_Ganguang	LOC_Os02g26970			hypothetical protein	N	N	Y	11	pipeline_score=11; farm_logP=11.06; max_variant=5; recommendation_score=11
QTL3	Chr2-15744490	11.06	*	Os02g0469250	2:15838995-15839740	*	*	*	6.0	0.0	0.0	15.0	*	21.0	RAP_Step2_jap_Ganguang.FarmCPUpeak_info	RAP_Step2_jap_Ganguang	Os02g0469250							21	pipeline_score=21; farm_logP=11.06; recommendation_score=21
QTL3	Chr2-15744490	11.06	*	LOC_Os02g26984	2:15842898-15856223	15	5	*	6.0	0.0	0.0	15.0	*	36.0	RAP_Step2_jap_Ganguang.FarmCPUpeak_info	RAP_Step2_jap_Ganguang	LOC_Os02g26984			expressed protein	N	Y	Y	39	pipeline_score=36; farm_logP=11.06; max_variant=15; recommendation_score=39
QTL3	Chr2-15744490	11.06	*	LOC_Os02g27000	2:15865332-15876489	20	25	10	6.0	0.0	0.0	5.0	*	36.0	RAP_Step2_jap_Ganguang.FarmCPUpeak_info	RAP_Step2_jap_Ganguang	LOC_Os02g27000			ATP-binding region, ATPase-like domain containing protein, expressed	N	Y	Y	41	pipeline_score=36; farm_logP=11.06; max_variant=25; recommendation_score=41
QTL3	Chr2-15744490	11.06	*	LOC_Os02g27010	2:15879851-15881124	25	25	5	6.0	0.0	0.0	5.0	*	36.0	RAP_Step2_jap_Ganguang.FarmCPUpeak_info	RAP_Step2_jap_Ganguang	LOC_Os02g27010			retrotransposon protein, putative, unclassified, expressed	Y	Y	Y	41	pipeline_score=36; farm_logP=11.06; max_variant=25; recommendation_score=41
QTL3	Chr2-15744490	11.06	*	LOC_Os02g27020	2:15883327-15884286	20	25	25	6.0	0.0	0.0	0.0	*	31.0	RAP_Step2_jap_Ganguang.FarmCPUpeak_info	RAP_Step2_jap_Ganguang	LOC_Os02g27020			expressed protein	Y	Y	Y	36	pipeline_score=31; farm_logP=11.06; max_variant=25; recommendation_score=36
QTL3	Chr2-15744490	11.06	*	LOC_Os02g27030	2:15891528-15895297	5	10	5	6.0	0.0	0.0	15.0	*	31.0	RAP_Step2_jap_Ganguang.FarmCPUpeak_info	RAP_Step2_jap_Ganguang	LOC_Os02g27030			cysteine proteinase 1 precursor, putative, expressed	N	Y	Y	34	pipeline_score=31; farm_logP=11.06; max_variant=10; recommendation_score=34
QTL3	Chr2-15744490	11.06	*	LOC_Os02g27040	2:15899725-15901049	25	25	*	6.0	0.0	0.0	0.0	*	31.0	RAP_Step2_jap_Ganguang.FarmCPUpeak_info	RAP_Step2_jap_Ganguang	LOC_Os02g27040			expressed protein	N	Y	Y	36	pipeline_score=31; farm_logP=11.06; max_variant=25; recommendation_score=36
QTL3	Chr2-15744490	11.06	*	LOC_Os02g27050	2:15902270-15904216	25	25	0	6.0	0.0	0.0	0.0	*	31.0	RAP_Step2_jap_Ganguang.FarmCPUpeak_info	RAP_Step2_jap_Ganguang	LOC_Os02g27050			transposon protein, putative, CACTA, En/Spm sub-class	Y	N	Y	36	pipeline_score=31; farm_logP=11.06; max_variant=25; recommendation_score=36
QTL3	Chr2-15744490	11.06	*	LOC_Os02g27060	2:15910692-15915584	5	10	*	6.0	0.0	0.0	20.0	*	36.0	RAP_Step2_jap_Ganguang.FarmCPUpeak_info	RAP_Step2_jap_Ganguang	LOC_Os02g27060			high mobility group, putative, expressed	N	Y	Y	39	pipeline_score=36; farm_logP=11.06; max_variant=10; recommendation_score=39
QTL3	Chr2-15744490	11.06	*	Os02g0469950	2:15910908-15915214	5	10	*	6.0	0.0	0.0	10.0	*	26.0	RAP_Step2_jap_Ganguang.FarmCPUpeak_info	RAP_Step2_jap_Ganguang	Os02g0469950							29	pipeline_score=26; farm_logP=11.06; max_variant=10; recommendation_score=29
QTL3	Chr2-15744490	11.06	*	LOC_Os02g27070	2:15916061-15919906	5	5	5	6.0	0.0	0.0	15.0	*	26.0	RAP_Step2_jap_Ganguang.FarmCPUpeak_info	RAP_Step2_jap_Ganguang	LOC_Os02g27070			PPR repeat domain containing protein, putative, expressed	N	Y	Y	26	pipeline_score=26; farm_logP=11.06; max_variant=5; recommendation_score=26
QTL3	Chr2-15744490	11.06	*	Os02g0470100	2:15918635-15919882	5	*	*	6.0	0.0	0.0	10.0	*	21.0	RAP_Step2_jap_Ganguang.FarmCPUpeak_info	RAP_Step2_jap_Ganguang	Os02g0470100							21	pipeline_score=21; farm_logP=11.06; max_variant=5; recommendation_score=21
QTL3	Chr2-15744490	11.06	*	LOC_Os02g27080	2:15920199-15920892	25	5	25	6.0	0.0	0.0	0.0	*	31.0	RAP_Step2_jap_Ganguang.FarmCPUpeak_info	RAP_Step2_jap_Ganguang	LOC_Os02g27080			hypothetical protein	N	N	Y	36	pipeline_score=31; farm_logP=11.06; max_variant=25; recommendation_score=36
QTL3	Chr2-15744490	11.06	*	LOC_Os02g27090	2:15921463-15922647	25	25	15	6.0	0.0	0.0	0.0	*	31.0	RAP_Step2_jap_Ganguang.FarmCPUpeak_info	RAP_Step2_jap_Ganguang	LOC_Os02g27090			transposon protein, putative, unclassified	Y	N	Y	36	pipeline_score=31; farm_logP=11.06; max_variant=25; recommendation_score=36
QTL3	Chr2-15744490	11.06	*	LOC_Os02g27100	2:15926180-15927914	20	10	5	6.0	0.0	0.0	5.0	*	31.0	RAP_Step2_jap_Ganguang.FarmCPUpeak_info	RAP_Step2_jap_Ganguang	LOC_Os02g27100			expressed protein	N	Y	Y	36	pipeline_score=31; farm_logP=11.06; max_variant=20; recommendation_score=36
QTL3	Chr2-15744490	11.06	*	LOC_Os02g27110	2:15931297-15950110	20	5	*	6.0	0.0	0.0	15.0	*	41.0	RAP_Step2_jap_Ganguang.FarmCPUpeak_info	RAP_Step2_jap_Ganguang	LOC_Os02g27110			expressed protein	N	Y	Y	46	pipeline_score=41; farm_logP=11.06; max_variant=20; recommendation_score=46
QTL4	Chr2-23313027	10.16	*	LOC_Os02g38210	2:23111937-23113929	1	10	*	4.0	0.0	10.0	18.0	*	42.0	RAP_Step2_jap_Ganguang.FarmCPUpeak_info	RAP_Step2_jap_Ganguang	LOC_Os02g38210			elongation factor Tu, putative, expressed	N	Y	Y	45	pipeline_score=42; farm_logP=10.16; max_variant=10; recommendation_score=45
QTL4	Chr2-23313027	10.16	*	LOC_Os02g38220	2:23116140-23120469	20	10	10	4.0	0.0	0.0	10.0	*	34.0	RAP_Step2_jap_Ganguang.FarmCPUpeak_info	RAP_Step2_jap_Ganguang	LOC_Os02g38220			eukaryotic translation initiation factor 4B, putative, expressed	N	Y	Y	39	pipeline_score=34; farm_logP=10.16; max_variant=20; recommendation_score=39
QTL4	Chr2-23313027	10.16	*	LOC_Os02g38230	2:23121133-23123149	20	10	0	4.0	0.0	0.0	5.0	*	29.0	RAP_Step2_jap_Ganguang.FarmCPUpeak_info	RAP_Step2_jap_Ganguang	LOC_Os02g38230	OsNAR2.1	R protein; drought; drought stress; drought stress ; drought tolerance; grain; grain yield; lateral root; nitrate; nitrogen; root; stress; tolerance; transporter; yield	high affinity nitrate transporter, putative, expressed	N	Y	Y	41	pipeline_score=29; farm_logP=10.16; max_variant=20; symbol=OsNAR2.1; keyword=R protein; drought; drought stress; drought stress ; drought tolerance; grain; grain yield; lateral root; nitrate; nitrogen; root; stress; tolerance; transporter; yield; recommendation_score=41
QTL4	Chr2-23313027	10.16	*	LOC_Os02g38240	2:23126900-23129919	5	10	0	4.0	0.0	0.0	15.0	*	29.0	RAP_Step2_jap_Ganguang.FarmCPUpeak_info	RAP_Step2_jap_Ganguang	LOC_Os02g38240			rhodanese family protein, putative, expressed	N	Y	Y	32	pipeline_score=29; farm_logP=10.16; max_variant=10; recommendation_score=32
QTL4	Chr2-23313027	10.16	*	LOC_Os02g38250	2:23132028-23140339	20	10	*	4.0	0.0	0.0	10.0	*	34.0	RAP_Step2_jap_Ganguang.FarmCPUpeak_info	RAP_Step2_jap_Ganguang	LOC_Os02g38250			EMB1745, putative, expressed	N	Y	Y	39	pipeline_score=34; farm_logP=10.16; max_variant=20; recommendation_score=39
QTL4	Chr2-23313027	10.16	*	LOC_Os02g38260	2:23142015-23144272	20	10	*	4.0	0.0	0.0	5.0	*	29.0	RAP_Step2_jap_Ganguang.FarmCPUpeak_info	RAP_Step2_jap_Ganguang	LOC_Os02g38260	LSSR1	grain; pollen; reproductive; seed; vegetative	glycosyl hydrolase family 5 protein, putative, expressed	N	Y	Y	41	pipeline_score=29; farm_logP=10.16; max_variant=20; symbol=LSSR1; keyword=grain; pollen; reproductive; seed; vegetative; recommendation_score=41
QTL4	Chr2-23313027	10.16	*	LOC_Os02g38270	2:23145636-23146997	25	25	25	4.0	0.0	0.0	0.0	*	29.0	RAP_Step2_jap_Ganguang.FarmCPUpeak_info	RAP_Step2_jap_Ganguang	LOC_Os02g38270			retrotransposon protein, putative, Ty3-gypsy subclass, expressed	Y	Y	Y	34	pipeline_score=29; farm_logP=10.16; max_variant=25; recommendation_score=34
QTL4	Chr2-23313027	10.16	*	LOC_Os02g38280	2:23147313-23150254	25	25	25	4.0	0.0	0.0	0.0	*	29.0	RAP_Step2_jap_Ganguang.FarmCPUpeak_info	RAP_Step2_jap_Ganguang	LOC_Os02g38280			retrotransposon protein, putative, Ty3-gypsy subclass, expressed	Y	Y	Y	34	pipeline_score=29; farm_logP=10.16; max_variant=25; recommendation_score=34
QTL4	Chr2-23313027	10.16	*	LOC_Os02g38290	2:23152689-23154898	5	10	10	4.0	0.0	0.0	5.0	*	19.0	RAP_Step2_jap_Ganguang.FarmCPUpeak_info	RAP_Step2_jap_Ganguang	LOC_Os02g38290			cytochrome P450, putative, expressed	N	Y	Y	22	pipeline_score=19; farm_logP=10.16; max_variant=10; recommendation_score=22
QTL4	Chr2-23313027	10.16	*	LOC_Os02g38300	2:23159765-23163382	5	10	5	4.0	0.0	0.0	10.0	*	24.0	RAP_Step2_jap_Ganguang.FarmCPUpeak_info	RAP_Step2_jap_Ganguang	LOC_Os02g38300			SNF7 domain containing protein, putative, expressed	N	Y	Y	27	pipeline_score=24; farm_logP=10.16; max_variant=10; recommendation_score=27
QTL4	Chr2-23313027	10.16	*	LOC_Os02g38310	2:23164532-23165760	25	25	25	4.0	0.0	0.0	0.0	*	29.0	RAP_Step2_jap_Ganguang.FarmCPUpeak_info	RAP_Step2_jap_Ganguang	LOC_Os02g38310			expressed protein	N	Y	Y	34	pipeline_score=29; farm_logP=10.16; max_variant=25; recommendation_score=34
QTL4	Chr2-23313027	10.16	*	LOC_Os02g38320	2:23172608-23174693	20	10	5	4.0	0.0	0.0	5.0	*	29.0	RAP_Step2_jap_Ganguang.FarmCPUpeak_info	RAP_Step2_jap_Ganguang	LOC_Os02g38320			BTBZ3 - Bric-a-Brac, Tramtrack, Broad Complex BTB domain with TAZ zinc finger and Calmodulin-binding domains, expressed	N	Y	Y	34	pipeline_score=29; farm_logP=10.16; max_variant=20; recommendation_score=34
QTL4	Chr2-23313027	10.16	*	LOC_Os02g38330	2:23175927-23176305	25	5	*	4.0	0.0	0.0	5.0	*	34.0	RAP_Step2_jap_Ganguang.FarmCPUpeak_info	RAP_Step2_jap_Ganguang	LOC_Os02g38330			expressed protein	N	Y	Y	39	pipeline_score=34; farm_logP=10.16; max_variant=25; recommendation_score=39
QTL4	Chr2-23313027	10.16	*	LOC_Os02g38340	2:23177472-23182165	5	5	*	4.0	0.0	0.0	10.0	*	19.0	RAP_Step2_jap_Ganguang.FarmCPUpeak_info	RAP_Step2_jap_Ganguang	LOC_Os02g38340			actin, putative, expressed	N	Y	Y	19	pipeline_score=19; farm_logP=10.16; max_variant=5; recommendation_score=19
QTL4	Chr2-23313027	10.16	*	LOC_Os02g38350	2:23183102-23186475	20	10	10	4.0	0.0	0.0	10.0	*	34.0	RAP_Step2_jap_Ganguang.FarmCPUpeak_info	RAP_Step2_jap_Ganguang	LOC_Os02g38350			Regulator of chromosome condensation domain containing protein, expressed	N	Y	Y	39	pipeline_score=34; farm_logP=10.16; max_variant=20; recommendation_score=39
QTL4	Chr2-23313027	10.16	*	LOC_Os02g38370	2:23196291-23199703	25	25	25	4.0	0.0	0.0	5.0	*	34.0	RAP_Step2_jap_Ganguang.FarmCPUpeak_info	RAP_Step2_jap_Ganguang	LOC_Os02g38370			transposon protein, putative, unclassified, expressed	Y	Y	Y	39	pipeline_score=34; farm_logP=10.16; max_variant=25; recommendation_score=39
QTL4	Chr2-23313027	10.16	*	LOC_Os02g38380	2:23200393-23206353	25	25	25	4.0	0.0	0.0	5.0	*	34.0	RAP_Step2_jap_Ganguang.FarmCPUpeak_info	RAP_Step2_jap_Ganguang	LOC_Os02g38380			transposon protein, putative, unclassified, expressed	Y	Y	Y	39	pipeline_score=34; farm_logP=10.16; max_variant=25; recommendation_score=39
QTL4	Chr2-23313027	10.16	*	LOC_Os02g38386	2:23209694-23210456	5	10	15	4.0	0.0	0.0	15.0	*	34.0	RAP_Step2_jap_Ganguang.FarmCPUpeak_info	RAP_Step2_jap_Ganguang	LOC_Os02g38386			NBS-LRR disease resistance protein, putative, expressed	N	Y	Y	37	pipeline_score=34; farm_logP=10.16; max_variant=15; recommendation_score=37
QTL4	Chr2-23313027	10.16	*	LOC_Os02g38392	2:23211632-23220032	20	25	25	4.0	0.0	0.0	15.0	*	44.0	RAP_Step2_jap_Ganguang.FarmCPUpeak_info	RAP_Step2_jap_Ganguang	LOC_Os02g38392			NBS-LRR disease resistance protein, putative, expressed	N	Y	Y	49	pipeline_score=44; farm_logP=10.16; max_variant=25; recommendation_score=49
QTL4	Chr2-23313027	10.16	*	LOC_Os02g38410	2:23228772-23230852	5	10	25	4.0	0.0	0.0	5.0	*	34.0	RAP_Step2_jap_Ganguang.FarmCPUpeak_info	RAP_Step2_jap_Ganguang	LOC_Os02g38410			ubiquitin family protein, putative, expressed	N	Y	Y	39	pipeline_score=34; farm_logP=10.16; max_variant=25; recommendation_score=39
QTL4	Chr2-23313027	10.16	*	LOC_Os02g38420	2:23235443-23235964	25	25	25	4.0	0.0	0.0	0.0	*	29.0	RAP_Step2_jap_Ganguang.FarmCPUpeak_info	RAP_Step2_jap_Ganguang	LOC_Os02g38420			expressed protein	N	Y	Y	34	pipeline_score=29; farm_logP=10.16; max_variant=25; recommendation_score=34
QTL4	Chr2-23313027	10.16	*	LOC_Os02g38430	2:23237153-23241425	5	5	20	4.0	0.0	0.0	18.0	*	42.0	RAP_Step2_jap_Ganguang.FarmCPUpeak_info	RAP_Step2_jap_Ganguang	LOC_Os02g38430			steroid nuclear receptor, ligand-binding, putative, expressed	N	Y	Y	47	pipeline_score=42; farm_logP=10.16; max_variant=20; recommendation_score=47
QTL4	Chr2-23313027	10.16	*	Os02g0597850	2:23238188-23239013	1	25	*	4.0	0.0	0.0	5.0	*	34.0	RAP_Step2_jap_Ganguang.FarmCPUpeak_info	RAP_Step2_jap_Ganguang	Os02g0597850							39	pipeline_score=34; farm_logP=10.16; max_variant=25; recommendation_score=39
QTL4	Chr2-23313027	10.16	*	LOC_Os02g38440	2:23241627-23244640	5	10	*	4.0	0.0	0.0	15.0	*	29.0	RAP_Step2_jap_Ganguang.FarmCPUpeak_info	RAP_Step2_jap_Ganguang	LOC_Os02g38440			oxidoreductase, short chain dehydrogenase/reductase family, putative, expressed	N	Y	Y	32	pipeline_score=29; farm_logP=10.16; max_variant=10; recommendation_score=32
QTL4	Chr2-23313027	10.16	*	Os02g0597950	2:23241662-23244266	*	*	*	4.0	0.0	0.0	5.0	*	9.0	RAP_Step2_jap_Ganguang.FarmCPUpeak_info	RAP_Step2_jap_Ganguang	Os02g0597950							9	pipeline_score=9; farm_logP=10.16; recommendation_score=9
QTL4	Chr2-23313027	10.16	*	LOC_Os02g38450	2:23246517-23247037	20	10	*	4.0	0.0	0.0	15.0	*	39.0	RAP_Step2_jap_Ganguang.FarmCPUpeak_info	RAP_Step2_jap_Ganguang	LOC_Os02g38450			expressed protein	N	Y	Y	44	pipeline_score=39; farm_logP=10.16; max_variant=20; recommendation_score=44
QTL4	Chr2-23313027	10.16	*	LOC_Os02g38460	2:23251800-23254172	15	25	25	4.0	0.0	0.0	10.0	*	39.0	RAP_Step2_jap_Ganguang.FarmCPUpeak_info	RAP_Step2_jap_Ganguang	LOC_Os02g38460			retrotransposon protein, putative, Ty1-copia subclass	Y	N	Y	44	pipeline_score=39; farm_logP=10.16; max_variant=25; recommendation_score=44
QTL4	Chr2-23313027	10.16	*	LOC_Os02g38470	2:23255086-23262297	20	25	10	4.0	0.0	0.0	5.0	*	34.0	RAP_Step2_jap_Ganguang.FarmCPUpeak_info	RAP_Step2_jap_Ganguang	LOC_Os02g38470			B3 DNA binding domain containing protein, expressed	N	Y	Y	39	pipeline_score=34; farm_logP=10.16; max_variant=25; recommendation_score=39
QTL4	Chr2-23313027	10.16	*	LOC_Os02g38480	2:23264903-23271950	20	10	*	4.0	0.0	0.0	15.0	*	39.0	RAP_Step2_jap_Ganguang.FarmCPUpeak_info	RAP_Step2_jap_Ganguang	LOC_Os02g38480			expressed protein	N	Y	Y	44	pipeline_score=39; farm_logP=10.16; max_variant=20; recommendation_score=44
QTL4	Chr2-23313027	10.16	*	Os02g0598350	2:23270207-23271798	20	5	*	4.0	0.0	0.0	5.0	*	29.0	RAP_Step2_jap_Ganguang.FarmCPUpeak_info	RAP_Step2_jap_Ganguang	Os02g0598350							34	pipeline_score=29; farm_logP=10.16; max_variant=20; recommendation_score=34
QTL4	Chr2-23313027	10.16	*	LOC_Os02g38490	2:23272523-23274491	20	25	*	4.0	0.0	0.0	10.0	*	39.0	RAP_Step2_jap_Ganguang.FarmCPUpeak_info	RAP_Step2_jap_Ganguang	LOC_Os02g38490			expressed protein	N	Y	Y	44	pipeline_score=39; farm_logP=10.16; max_variant=25; recommendation_score=44
QTL4	Chr2-23313027	10.16	*	LOC_Os02g38494	2:23279868-23285375	25	25	25	4.0	0.0	0.0	10.0	*	39.0	RAP_Step2_jap_Ganguang.FarmCPUpeak_info	RAP_Step2_jap_Ganguang	LOC_Os02g38494			protein phosphatase 2C, putative, expressed	N	Y	Y	44	pipeline_score=39; farm_logP=10.16; max_variant=25; recommendation_score=44
QTL4	Chr2-23313027	10.16	*	LOC_Os02g38499	2:23286099-23287232	15	25	*	4.0	0.0	0.0	0.0	*	29.0	RAP_Step2_jap_Ganguang.FarmCPUpeak_info	RAP_Step2_jap_Ganguang	LOC_Os02g38499			F-box domain containing protein	N	N	Y	34	pipeline_score=29; farm_logP=10.16; max_variant=25; recommendation_score=34
QTL4	Chr2-23313027	10.16	*	LOC_Os02g38508	2:23287726-23288742	5	25	*	4.0	0.0	0.0	5.0	*	34.0	RAP_Step2_jap_Ganguang.FarmCPUpeak_info	RAP_Step2_jap_Ganguang	LOC_Os02g38508			expressed protein	N	Y	Y	39	pipeline_score=34; farm_logP=10.16; max_variant=25; recommendation_score=39
QTL4	Chr2-23313027	10.16	*	LOC_Os02g38520	2:23291373-23296779	25	25	25	4.0	0.0	0.0	5.0	*	34.0	RAP_Step2_jap_Ganguang.FarmCPUpeak_info	RAP_Step2_jap_Ganguang	LOC_Os02g38520			retrotransposon protein, putative, unclassified, expressed	Y	Y	Y	39	pipeline_score=34; farm_logP=10.16; max_variant=25; recommendation_score=39
QTL4	Chr2-23313027	10.16	*	LOC_Os02g38530	2:23298445-23298860	25	25	25	4.0	0.0	0.0	0.0	*	29.0	RAP_Step2_jap_Ganguang.FarmCPUpeak_info	RAP_Step2_jap_Ganguang	LOC_Os02g38530			retrotransposon protein, putative, unclassified	Y	N	Y	34	pipeline_score=29; farm_logP=10.16; max_variant=25; recommendation_score=34
QTL4	Chr2-23313027	10.16	*	LOC_Os02g38540	2:23302102-23303997	25	25	25	4.0	0.0	0.0	5.0	*	34.0	RAP_Step2_jap_Ganguang.FarmCPUpeak_info	RAP_Step2_jap_Ganguang	LOC_Os02g38540			retrotransposon protein, putative, Ty3-gypsy subclass, expressed	Y	Y	Y	39	pipeline_score=34; farm_logP=10.16; max_variant=25; recommendation_score=39
QTL4	Chr2-23313027	10.16	*	LOC_Os02g38550	2:23304250-23308770	25	25	25	4.0	0.0	0.0	5.0	*	34.0	RAP_Step2_jap_Ganguang.FarmCPUpeak_info	RAP_Step2_jap_Ganguang	LOC_Os02g38550			retrotransposon protein, putative, Ty3-gypsy subclass, expressed	Y	Y	Y	39	pipeline_score=34; farm_logP=10.16; max_variant=25; recommendation_score=39
QTL4	Chr2-23313027	10.16	*	LOC_Os02g38560	2:23311021-23312748	25	25	25	4.0	0.0	0.0	22.0	*	51.0	RAP_Step2_jap_Ganguang.FarmCPUpeak_info	RAP_Step2_jap_Ganguang	LOC_Os02g38560			retrotransposon protein, putative, unclassified	Y	N	Y	56	pipeline_score=51; farm_logP=10.16; max_variant=25; recommendation_score=56
QTL4	Chr2-23313027	10.16	*	LOC_Os02g38570	2:23313379-23316519	25	25	25	4.0	0.0	0.0	5.0	*	34.0	RAP_Step2_jap_Ganguang.FarmCPUpeak_info	RAP_Step2_jap_Ganguang	LOC_Os02g38570			retrotransposon protein, putative, unclassified, expressed	Y	Y	Y	39	pipeline_score=34; farm_logP=10.16; max_variant=25; recommendation_score=39
QTL4	Chr2-23313027	10.16	*	LOC_Os02g38574	2:23324961-23326159	*	25	*	4.0	0.0	0.0	10.0	*	39.0	RAP_Step2_jap_Ganguang.FarmCPUpeak_info	RAP_Step2_jap_Ganguang	LOC_Os02g38574			EMB2423, putative, expressed	N	Y	Y	44	pipeline_score=39; farm_logP=10.16; max_variant=25; recommendation_score=44
QTL4	Chr2-23313027	10.16	*	LOC_Os02g38580	2:23326336-23331896	20	25	25	4.0	0.0	0.0	10.0	*	39.0	RAP_Step2_jap_Ganguang.FarmCPUpeak_info	RAP_Step2_jap_Ganguang	LOC_Os02g38580			protein phosphatase 2C, putative, expressed	N	Y	Y	44	pipeline_score=39; farm_logP=10.16; max_variant=25; recommendation_score=44
QTL4	Chr2-23313027	10.16	*	LOC_Os02g38589	2:23332434-23333734	15	25	25	4.0	0.0	0.0	0.0	*	29.0	RAP_Step2_jap_Ganguang.FarmCPUpeak_info	RAP_Step2_jap_Ganguang	LOC_Os02g38589			OsFBX55 - F-box domain containing protein, expressed	N	Y	Y	34	pipeline_score=29; farm_logP=10.16; max_variant=25; recommendation_score=34
QTL4	Chr2-23313027	10.16	*	LOC_Os02g38598	2:23334194-23335341	5	25	25	4.0	0.0	0.0	5.0	*	34.0	RAP_Step2_jap_Ganguang.FarmCPUpeak_info	RAP_Step2_jap_Ganguang	LOC_Os02g38598			expressed protein	N	Y	Y	39	pipeline_score=34; farm_logP=10.16; max_variant=25; recommendation_score=39
QTL4	Chr2-23313027	10.16	*	LOC_Os02g38610	2:23337841-23338284	25	25	25	4.0	0.0	0.0	0.0	*	29.0	RAP_Step2_jap_Ganguang.FarmCPUpeak_info	RAP_Step2_jap_Ganguang	LOC_Os02g38610			retrotransposon protein, putative, unclassified	Y	N	Y	34	pipeline_score=29; farm_logP=10.16; max_variant=25; recommendation_score=34
QTL4	Chr2-23313027	10.16	*	LOC_Os02g38620	2:23340406-23343817	25	25	25	4.0	0.0	0.0	5.0	*	34.0	RAP_Step2_jap_Ganguang.FarmCPUpeak_info	RAP_Step2_jap_Ganguang	LOC_Os02g38620			retrotransposon protein, putative, Ty3-gypsy subclass	Y	N	Y	39	pipeline_score=34; farm_logP=10.16; max_variant=25; recommendation_score=39
QTL4	Chr2-23313027	10.16	*	LOC_Os02g38630	2:23346776-23351197	25	25	25	4.0	0.0	0.0	5.0	*	34.0	RAP_Step2_jap_Ganguang.FarmCPUpeak_info	RAP_Step2_jap_Ganguang	LOC_Os02g38630			retrotransposon protein, putative, Ty3-gypsy subclass, expressed	Y	Y	Y	39	pipeline_score=34; farm_logP=10.16; max_variant=25; recommendation_score=39
QTL4	Chr2-23313027	10.16	*	LOC_Os02g38640	2:23354626-23356557	25	25	25	4.0	0.0	0.0	0.0	*	29.0	RAP_Step2_jap_Ganguang.FarmCPUpeak_info	RAP_Step2_jap_Ganguang	LOC_Os02g38640			retrotransposon protein, putative, Ty3-gypsy subclass	Y	N	Y	34	pipeline_score=29; farm_logP=10.16; max_variant=25; recommendation_score=34
QTL4	Chr2-23313027	10.16	*	LOC_Os02g38650	2:23357803-23362312	25	25	25	4.0	0.0	0.0	0.0	*	29.0	RAP_Step2_jap_Ganguang.FarmCPUpeak_info	RAP_Step2_jap_Ganguang	LOC_Os02g38650			retrotransposon protein, putative, Ty3-gypsy subclass, expressed	Y	Y	Y	34	pipeline_score=29; farm_logP=10.16; max_variant=25; recommendation_score=34
QTL4	Chr2-23313027	10.16	*	LOC_Os02g38660	2:23365458-23371247	25	25	25	4.0	0.0	0.0	0.0	*	29.0	RAP_Step2_jap_Ganguang.FarmCPUpeak_info	RAP_Step2_jap_Ganguang	LOC_Os02g38660			retrotransposon protein, putative, unclassified, expressed	Y	Y	Y	34	pipeline_score=29; farm_logP=10.16; max_variant=25; recommendation_score=34
QTL4	Chr2-23313027	10.16	*	LOC_Os02g38670	2:23371878-23375019	25	25	25	4.0	0.0	0.0	5.0	*	34.0	RAP_Step2_jap_Ganguang.FarmCPUpeak_info	RAP_Step2_jap_Ganguang	LOC_Os02g38670			retrotransposon protein, putative, unclassified, expressed	Y	Y	Y	39	pipeline_score=34; farm_logP=10.16; max_variant=25; recommendation_score=39
QTL4	Chr2-23313027	10.16	*	LOC_Os02g38680	2:23378055-23384640	5	25	25	4.0	0.0	0.0	10.0	*	39.0	RAP_Step2_jap_Ganguang.FarmCPUpeak_info	RAP_Step2_jap_Ganguang	LOC_Os02g38680			EMB2423, putative, expressed	N	Y	Y	44	pipeline_score=39; farm_logP=10.16; max_variant=25; recommendation_score=44
QTL4	Chr2-23313027	10.16	*	LOC_Os02g38690	2:23385364-23391840	20	25	25	4.0	0.0	0.0	10.0	*	39.0	RAP_Step2_jap_Ganguang.FarmCPUpeak_info	RAP_Step2_jap_Ganguang	LOC_Os02g38690			protein phosphatase 2C containing protein, expressed	N	Y	Y	44	pipeline_score=39; farm_logP=10.16; max_variant=25; recommendation_score=44
QTL4	Chr2-23313027	10.16	*	LOC_Os02g38700	2:23392349-23396863	25	25	25	4.0	0.0	0.0	5.0	*	34.0	RAP_Step2_jap_Ganguang.FarmCPUpeak_info	RAP_Step2_jap_Ganguang	LOC_Os02g38700			transposon protein, putative, Ac/Ds sub-class, expressed	Y	Y	Y	39	pipeline_score=34; farm_logP=10.16; max_variant=25; recommendation_score=39
QTL4	Chr2-23313027	10.16	*	LOC_Os02g38710	2:23398397-23404718	25	25	25	4.0	0.0	0.0	5.0	*	34.0	RAP_Step2_jap_Ganguang.FarmCPUpeak_info	RAP_Step2_jap_Ganguang	LOC_Os02g38710			protein phosphatase 2C containing protein, expressed	N	Y	Y	39	pipeline_score=34; farm_logP=10.16; max_variant=25; recommendation_score=39
QTL4	Chr2-23313027	10.16	*	LOC_Os02g38720	2:23405352-23406497	25	5	25	4.0	5.0	0.0	0.0	*	34.0	RAP_Step2_jap_Ganguang.FarmCPUpeak_info	RAP_Step2_jap_Ganguang	LOC_Os02g38720			OsFBX56 - F-box domain containing protein, expressed	N	Y	Y	39	pipeline_score=34; farm_logP=10.16; max_variant=25; recommendation_score=39
QTL4	Chr2-23313027	10.16	*	LOC_Os02g38730	2:23408310-23409235	*	*	25	4.0	0.0	0.0	0.0	*	29.0	RAP_Step2_jap_Ganguang.FarmCPUpeak_info	RAP_Step2_jap_Ganguang	LOC_Os02g38730			hypothetical protein	N	N	Y	34	pipeline_score=29; farm_logP=10.16; max_variant=25; recommendation_score=34
QTL4	Chr2-23313027	10.16	*	LOC_Os02g38740	2:23415996-23416937	5	5	25	4.0	0.0	0.0	20.0	*	49.0	RAP_Step2_jap_Ganguang.FarmCPUpeak_info	RAP_Step2_jap_Ganguang	LOC_Os02g38740			expressed protein	N	Y	Y	54	pipeline_score=49; farm_logP=10.16; max_variant=25; recommendation_score=54
QTL4	Chr2-23313027	10.16	*	LOC_Os02g38750	2:23417599-23418756	25	5	25	4.0	0.0	0.0	5.0	*	34.0	RAP_Step2_jap_Ganguang.FarmCPUpeak_info	RAP_Step2_jap_Ganguang	LOC_Os02g38750			expressed protein	N	Y	Y	39	pipeline_score=34; farm_logP=10.16; max_variant=25; recommendation_score=39
QTL4	Chr2-23313027	10.16	*	LOC_Os02g38760	2:23420887-23424702	25	25	25	4.0	0.0	0.0	5.0	*	34.0	RAP_Step2_jap_Ganguang.FarmCPUpeak_info	RAP_Step2_jap_Ganguang	LOC_Os02g38760			expressed protein	N	Y	Y	39	pipeline_score=34; farm_logP=10.16; max_variant=25; recommendation_score=39
QTL4	Chr2-23313027	10.16	*	LOC_Os02g38770	2:23426646-23427647	25	5	25	4.0	0.0	0.0	0.0	*	29.0	RAP_Step2_jap_Ganguang.FarmCPUpeak_info	RAP_Step2_jap_Ganguang	LOC_Os02g38770			expressed protein	N	Y	Y	34	pipeline_score=29; farm_logP=10.16; max_variant=25; recommendation_score=34
QTL4	Chr2-23313027	10.16	*	LOC_Os02g38780	2:23432540-23442713	25	25	25	4.0	0.0	0.0	20.0	*	49.0	RAP_Step2_jap_Ganguang.FarmCPUpeak_info	RAP_Step2_jap_Ganguang	LOC_Os02g38780			protein phosphatase 2C containing protein, expressed	N	Y	Y	54	pipeline_score=49; farm_logP=10.16; max_variant=25; recommendation_score=54
QTL4	Chr2-23313027	10.16	*	LOC_Os02g38790	2:23444066-23448837	5	25	25	4.0	0.0	0.0	15.0	*	44.0	RAP_Step2_jap_Ganguang.FarmCPUpeak_info	RAP_Step2_jap_Ganguang	LOC_Os02g38790			expressed protein	N	Y	Y	49	pipeline_score=44; farm_logP=10.16; max_variant=25; recommendation_score=49
QTL4	Chr2-23313027	10.16	*	LOC_Os02g38795	2:23449737-23451125	20	10	25	4.0	0.0	0.0	5.0	*	34.0	RAP_Step2_jap_Ganguang.FarmCPUpeak_info	RAP_Step2_jap_Ganguang	LOC_Os02g38795			expressed protein	N	Y	Y	39	pipeline_score=34; farm_logP=10.16; max_variant=25; recommendation_score=39
QTL4	Chr2-23313027	10.16	*	LOC_Os02g38800	2:23451715-23454696	18	10	25	4.0	0.0	0.0	15.0	*	44.0	RAP_Step2_jap_Ganguang.FarmCPUpeak_info	RAP_Step2_jap_Ganguang	LOC_Os02g38800			26S proteasome non-ATPase regulatory subunit 6, putative, expressed	N	Y	Y	49	pipeline_score=44; farm_logP=10.16; max_variant=25; recommendation_score=49
QTL4	Chr2-23313027	10.16	*	LOC_Os02g38804	2:23454982-23460491	25	10	25	4.0	0.0	0.0	15.0	*	44.0	RAP_Step2_jap_Ganguang.FarmCPUpeak_info	RAP_Step2_jap_Ganguang	LOC_Os02g38804			protein phosphatase 2C containing protein, expressed	N	Y	Y	49	pipeline_score=44; farm_logP=10.16; max_variant=25; recommendation_score=49
QTL4	Chr2-23313027	10.16	*	Os02g0600066	2:23455291-23460627	20	5	20	4.0	0.0	0.0	5.0	*	29.0	RAP_Step2_jap_Ganguang.FarmCPUpeak_info	RAP_Step2_jap_Ganguang	Os02g0600066							34	pipeline_score=29; farm_logP=10.16; max_variant=20; recommendation_score=34
QTL4	Chr2-23313027	10.16	*	LOC_Os02g38810	2:23461464-23465928	20	5	25	4.0	0.0	0.0	10.0	*	39.0	RAP_Step2_jap_Ganguang.FarmCPUpeak_info	RAP_Step2_jap_Ganguang	LOC_Os02g38810			26S proteasome non-ATPase regulatory subunit 6, putative, expressed	N	Y	Y	44	pipeline_score=39; farm_logP=10.16; max_variant=25; recommendation_score=44
QTL4	Chr2-23313027	10.16	*	LOC_Os02g38820	2:23465969-23468071	5	10	25	4.0	0.0	0.0	18.0	*	47.0	RAP_Step2_jap_Ganguang.FarmCPUpeak_info	RAP_Step2_jap_Ganguang	LOC_Os02g38820			expressed protein	N	Y	Y	52	pipeline_score=47; farm_logP=10.16; max_variant=25; recommendation_score=52
QTL4	Chr2-23313027	10.16	*	LOC_Os02g38830	2:23474125-23475327	25	25	25	4.0	0.0	0.0	0.0	*	29.0	RAP_Step2_jap_Ganguang.FarmCPUpeak_info	RAP_Step2_jap_Ganguang	LOC_Os02g38830			retrotransposon protein, putative, unclassified	Y	N	Y	34	pipeline_score=29; farm_logP=10.16; max_variant=25; recommendation_score=34
QTL4	Chr2-23313027	10.16	*	LOC_Os02g38840	2:23480215-23486812	20	10	20	4.0	0.0	0.0	18.0	*	42.0	RAP_Step2_jap_Ganguang.FarmCPUpeak_info	RAP_Step2_jap_Ganguang	LOC_Os02g38840			glucose-6-phosphate 1-dehydrogenase, cytoplasmic isoform, putative, expressed	N	Y	Y	47	pipeline_score=42; farm_logP=10.16; max_variant=20; recommendation_score=47
QTL4	Chr2-23313027	10.16	*	LOC_Os02g38850	2:23495000-23495287	5	25	25	4.0	0.0	0.0	0.0	*	29.0	RAP_Step2_jap_Ganguang.FarmCPUpeak_info	RAP_Step2_jap_Ganguang	LOC_Os02g38850			expressed protein	N	Y	Y	34	pipeline_score=29; farm_logP=10.16; max_variant=25; recommendation_score=34
QTL4	Chr2-23313027	10.16	*	LOC_Os02g38860	2:23495564-23496309	5	25	25	4.0	0.0	0.0	18.0	*	47.0	RAP_Step2_jap_Ganguang.FarmCPUpeak_info	RAP_Step2_jap_Ganguang	LOC_Os02g38860			expressed protein	N	Y	Y	52	pipeline_score=47; farm_logP=10.16; max_variant=25; recommendation_score=52
QTL4	Chr2-23313027	10.16	*	LOC_Os02g38870	2:23507306-23507719	25	25	25	4.0	0.0	0.0	0.0	*	29.0	RAP_Step2_jap_Ganguang.FarmCPUpeak_info	RAP_Step2_jap_Ganguang	LOC_Os02g38870			expressed protein	N	Y	Y	34	pipeline_score=29; farm_logP=10.16; max_variant=25; recommendation_score=34
QTL4	Chr2-23313027	10.16	*	LOC_Os02g38880	2:23508448-23509050	25	25	25	4.0	0.0	0.0	0.0	*	29.0	RAP_Step2_jap_Ganguang.FarmCPUpeak_info	RAP_Step2_jap_Ganguang	LOC_Os02g38880			expressed protein	N	Y	Y	34	pipeline_score=29; farm_logP=10.16; max_variant=25; recommendation_score=34
QTL5	Chr3-4752208	9.47	*	LOC_Os03g08820	3:4550864-4559149	20	25	*	2.0	0.0	0.0	15.0	*	42.0	RAP_Step2_jap_Ganguang.FarmCPUpeak_info	RAP_Step2_jap_Ganguang	LOC_Os03g08820			expressed protein	N	Y	Y	47	pipeline_score=42; farm_logP=9.47; max_variant=25; recommendation_score=47
QTL5	Chr3-4752208	9.47	*	Os03g0187200	3:4559624-4559829	*	*	*	2.0	0.0	0.0	5.0	*	7.0	RAP_Step2_jap_Ganguang.FarmCPUpeak_info	RAP_Step2_jap_Ganguang	Os03g0187200							7	pipeline_score=7; farm_logP=9.47; recommendation_score=7
QTL5	Chr3-4752208	9.47	*	LOC_Os03g08830	3:4561061-4568647	20	5	*	2.0	0.0	0.0	10.0	*	32.0	RAP_Step2_jap_Ganguang.FarmCPUpeak_info	RAP_Step2_jap_Ganguang	LOC_Os03g08830			WD domain, G-beta repeat domain containing protein, expressed	N	Y	Y	37	pipeline_score=32; farm_logP=9.47; max_variant=20; recommendation_score=37
QTL5	Chr3-4752208	9.47	*	LOC_Os03g08834	3:4569624-4571025	20	10	10	2.0	0.0	0.0	5.0	*	27.0	RAP_Step2_jap_Ganguang.FarmCPUpeak_info	RAP_Step2_jap_Ganguang	LOC_Os03g08834			expressed protein	N	Y	Y	32	pipeline_score=27; farm_logP=9.47; max_variant=20; recommendation_score=32
QTL5	Chr3-4752208	9.47	*	LOC_Os03g08840	3:4573148-4575550	15	10	20	2.0	5.0	0.0	15.0	*	42.0	RAP_Step2_jap_Ganguang.FarmCPUpeak_info	RAP_Step2_jap_Ganguang	LOC_Os03g08840			zinc finger protein, putative, expressed	N	Y	Y	47	pipeline_score=42; farm_logP=9.47; max_variant=20; recommendation_score=47
QTL5	Chr3-4752208	9.47	*	LOC_Os03g08850	3:4584342-4586848	20	10	*	2.0	0.0	0.0	10.0	*	32.0	RAP_Step2_jap_Ganguang.FarmCPUpeak_info	RAP_Step2_jap_Ganguang	LOC_Os03g08850	OsAFB5|OsAFB6	IAA; auxin; cytokinin; development; grain; grain yield; iaa; inflorescence; meristem; spikelets per panicle; temperature; yield	AUXIN SIGNALING F-BOX 2, putative, expressed	N	Y	Y	44	pipeline_score=32; farm_logP=9.47; max_variant=20; symbol=OsAFB5|OsAFB6; keyword=IAA; auxin; cytokinin; development; grain; grain yield; iaa; inflorescence; meristem; spikelets per panicle; temperature; yield; recommendation_score=44
QTL5	Chr3-4752208	9.47	*	Os03g0187525	3:4584815-4587005	20	10	*	2.0	0.0	0.0	10.0	*	32.0	RAP_Step2_jap_Ganguang.FarmCPUpeak_info	RAP_Step2_jap_Ganguang	Os03g0187525							37	pipeline_score=32; farm_logP=9.47; max_variant=20; recommendation_score=37
QTL5	Chr3-4752208	9.47	*	Os03g0187550	3:4592219-4594344	5	10	0	2.0	0.0	0.0	5.0	*	17.0	RAP_Step2_jap_Ganguang.FarmCPUpeak_info	RAP_Step2_jap_Ganguang	Os03g0187550							20	pipeline_score=17; farm_logP=9.47; max_variant=10; recommendation_score=20
QTL5	Chr3-4752208	9.47	*	LOC_Os03g08860	3:4592489-4594911	5	10	*	2.0	0.0	0.0	18.0	*	30.0	RAP_Step2_jap_Ganguang.FarmCPUpeak_info	RAP_Step2_jap_Ganguang	LOC_Os03g08860			GRAM domain containing protein, expressed	N	Y	Y	33	pipeline_score=30; farm_logP=9.47; max_variant=10; recommendation_score=33
QTL5	Chr3-4752208	9.47	*	LOC_Os03g08870	3:4596019-4598260	5	5	5	2.0	0.0	0.0	15.0	*	22.0	RAP_Step2_jap_Ganguang.FarmCPUpeak_info	RAP_Step2_jap_Ganguang	LOC_Os03g08870			expressed protein	N	Y	Y	22	pipeline_score=22; farm_logP=9.47; max_variant=5; recommendation_score=22
QTL5	Chr3-4752208	9.47	*	LOC_Os03g08880	3:4598924-4600430	5	5	10	2.0	5.0	0.0	22.0	5	44.0	RAP_Step2_jap_Ganguang.FarmCPUpeak_info	RAP_Step2_jap_Ganguang	LOC_Os03g08880	OsPUP1	grain; grain number; grain weight; growth; leaf; panicle; panicle length; plant height; plasma membrane	purine permease, putative, expressed	N	Y	Y	57	pipeline_score=44; farm_logP=9.47; max_variant=10; symbol=OsPUP1; keyword=grain; grain number; grain weight; growth; leaf; panicle; panicle length; plant height; plasma membrane; match=5; recommendation_score=57
QTL5	Chr3-4752208	9.47	*	LOC_Os03g08890	3:4603816-4604102	20	10	0	2.0	0.0	0.0	0.0	*	22.0	RAP_Step2_jap_Ganguang.FarmCPUpeak_info	RAP_Step2_jap_Ganguang	LOC_Os03g08890			hypothetical protein	N	N	Y	27	pipeline_score=22; farm_logP=9.47; max_variant=20; recommendation_score=27
QTL5	Chr3-4752208	9.47	*	LOC_Os03g08900	3:4606945-4616239	1	10	5	2.0	0.0	0.0	22.0	*	34.0	RAP_Step2_jap_Ganguang.FarmCPUpeak_info	RAP_Step2_jap_Ganguang	LOC_Os03g08900	OsMATE1	disease; disease resistance; growth	MATE efflux family protein, putative, expressed	N	Y	Y	44	pipeline_score=34; farm_logP=9.47; max_variant=10; symbol=OsMATE1; keyword=disease; disease resistance; growth; recommendation_score=44
QTL5	Chr3-4752208	9.47	*	LOC_Os03g08920	3:4616278-4618384	5	5	5	2.0	0.0	0.0	15.0	*	22.0	RAP_Step2_jap_Ganguang.FarmCPUpeak_info	RAP_Step2_jap_Ganguang	LOC_Os03g08920			Zinc finger, C3HC4 type domain containing protein, expressed	N	Y	Y	22	pipeline_score=22; farm_logP=9.47; max_variant=5; recommendation_score=22
QTL5	Chr3-4752208	9.47	*	LOC_Os03g08930	3:4628935-4630514	5	10	5	2.0	0.0	0.0	5.0	*	17.0	RAP_Step2_jap_Ganguang.FarmCPUpeak_info	RAP_Step2_jap_Ganguang	LOC_Os03g08930	OsbHLH044|OsbHLH96	breeding; chalkiness; globulin; grain; grain quality; jasmonate; reactive oxygen species; salinity; salt; salt stress; seed; starch; stress; transcription factor	helix-loop-helix DNA-binding protein, putative, expressed	N	Y	Y	27	pipeline_score=17; farm_logP=9.47; max_variant=10; symbol=OsbHLH044|OsbHLH96; keyword=breeding; chalkiness; globulin; grain; grain quality; jasmonate; reactive oxygen species; salinity; salt; salt stress; seed; starch; stress; transcription factor; recommendation_score=27
QTL5	Chr3-4752208	9.47	*	Os03g0188500	3:4634963-4635591	5	10	*	2.0	0.0	0.0	5.0	*	17.0	RAP_Step2_jap_Ganguang.FarmCPUpeak_info	RAP_Step2_jap_Ganguang	Os03g0188500							20	pipeline_score=17; farm_logP=9.47; max_variant=10; recommendation_score=20
QTL5	Chr3-4752208	9.47	*	LOC_Os03g08940	3:4635138-4636315	5	10	10	2.0	0.0	0.0	5.0	*	17.0	RAP_Step2_jap_Ganguang.FarmCPUpeak_info	RAP_Step2_jap_Ganguang	LOC_Os03g08940			expressed protein	N	Y	Y	20	pipeline_score=17; farm_logP=9.47; max_variant=10; recommendation_score=20
QTL5	Chr3-4752208	9.47	*	LOC_Os03g08950	3:4646697-4648877	25	25	25	2.0	0.0	0.0	0.0	*	27.0	RAP_Step2_jap_Ganguang.FarmCPUpeak_info	RAP_Step2_jap_Ganguang	LOC_Os03g08950			transposon protein, putative, unclassified	Y	N	Y	32	pipeline_score=27; farm_logP=9.47; max_variant=25; recommendation_score=32
QTL5	Chr3-4752208	9.47	*	LOC_Os03g08960	3:4652927-4654824	5	10	5	2.0	0.0	0.0	10.0	*	22.0	RAP_Step2_jap_Ganguang.FarmCPUpeak_info	RAP_Step2_jap_Ganguang	LOC_Os03g08960			homeobox associated leucine zipper, putative, expressed	N	Y	Y	25	pipeline_score=22; farm_logP=9.47; max_variant=10; recommendation_score=25
QTL5	Chr3-4752208	9.47	*	LOC_Os03g08970	3:4660801-4662070	5	10	*	2.0	0.0	0.0	18.0	*	30.0	RAP_Step2_jap_Ganguang.FarmCPUpeak_info	RAP_Step2_jap_Ganguang	LOC_Os03g08970			expressed protein	N	Y	Y	33	pipeline_score=30; farm_logP=9.47; max_variant=10; recommendation_score=33
QTL5	Chr3-4752208	9.47	*	LOC_Os03g08980	3:4665181-4666944	5	*	*	2.0	0.0	0.0	18.0	*	25.0	RAP_Step2_jap_Ganguang.FarmCPUpeak_info	RAP_Step2_jap_Ganguang	LOC_Os03g08980			expressed protein	N	Y	Y	25	pipeline_score=25; farm_logP=9.47; max_variant=5; recommendation_score=25
QTL5	Chr3-4752208	9.47	*	LOC_Os03g08999	3:4667480-4668917	5	5	5	2.0	0.0	0.0	22.0	*	29.0	RAP_Step2_jap_Ganguang.FarmCPUpeak_info	RAP_Step2_jap_Ganguang	LOC_Os03g08999			dehydrogenase, putative, expressed	N	Y	Y	29	pipeline_score=29; farm_logP=9.47; max_variant=5; recommendation_score=29
QTL5	Chr3-4752208	9.47	*	LOC_Os03g09020	3:4682685-4685130	18	10	10	2.0	0.0	0.0	20.0	*	40.0	RAP_Step2_jap_Ganguang.FarmCPUpeak_info	RAP_Step2_jap_Ganguang	LOC_Os03g09020			dehydrogenase, putative, expressed	N	Y	Y	43	pipeline_score=40; farm_logP=9.47; max_variant=18; recommendation_score=43
QTL5	Chr3-4752208	9.47	*	LOC_Os03g09030	3:4689512-4690069	25	10	10	2.0	0.0	0.0	18.0	*	45.0	RAP_Step2_jap_Ganguang.FarmCPUpeak_info	RAP_Step2_jap_Ganguang	LOC_Os03g09030			expressed protein	N	Y	Y	50	pipeline_score=45; farm_logP=9.47; max_variant=25; recommendation_score=50
QTL5	Chr3-4752208	9.47	*	LOC_Os03g09040	3:4692613-4693524	25	25	10	2.0	0.0	0.0	0.0	*	27.0	RAP_Step2_jap_Ganguang.FarmCPUpeak_info	RAP_Step2_jap_Ganguang	LOC_Os03g09040			hypothetical protein	N	N	Y	32	pipeline_score=27; farm_logP=9.47; max_variant=25; recommendation_score=32
QTL5	Chr3-4752208	9.47	*	LOC_Os03g09045	3:4694814-4695943	5	10	*	2.0	0.0	0.0	10.0	*	22.0	RAP_Step2_jap_Ganguang.FarmCPUpeak_info	RAP_Step2_jap_Ganguang	LOC_Os03g09045			retrotransposon protein, putative, unclassified, expressed	Y	Y	Y	25	pipeline_score=22; farm_logP=9.47; max_variant=10; recommendation_score=25
QTL5	Chr3-4752208	9.47	*	LOC_Os03g09060	3:4697225-4700186	5	10	5	2.0	0.0	0.0	15.0	*	27.0	RAP_Step2_jap_Ganguang.FarmCPUpeak_info	RAP_Step2_jap_Ganguang	LOC_Os03g09060			prenyltransferase, putative, expressed	N	Y	Y	30	pipeline_score=27; farm_logP=9.47; max_variant=10; recommendation_score=30
QTL5	Chr3-4752208	9.47	*	Os03g0190301	3:4701663-4701727	*	*	*	2.0	0.0	0.0	0.0	*	2.0	RAP_Step2_jap_Ganguang.FarmCPUpeak_info	RAP_Step2_jap_Ganguang	Os03g0190301							2	pipeline_score=2; farm_logP=9.47; recommendation_score=2
QTL5	Chr3-4752208	9.47	*	LOC_Os03g09070	3:4701964-4705495	5	5	*	2.0	0.0	0.0	10.0	*	17.0	RAP_Step2_jap_Ganguang.FarmCPUpeak_info	RAP_Step2_jap_Ganguang	LOC_Os03g09070			leucine rich repeat domain containing protein, putative, expressed	N	Y	Y	17	pipeline_score=17; farm_logP=9.47; max_variant=5; recommendation_score=17
QTL5	Chr3-4752208	9.47	*	Os03g0190400	3:4702039-4705495	5	5	*	2.0	0.0	0.0	5.0	*	12.0	RAP_Step2_jap_Ganguang.FarmCPUpeak_info	RAP_Step2_jap_Ganguang	Os03g0190400							12	pipeline_score=12; farm_logP=9.47; max_variant=5; recommendation_score=12
QTL5	Chr3-4752208	9.47	*	Os03g0190500	3:4706388-4707829	5	5	*	2.0	0.0	0.0	5.0	*	12.0	RAP_Step2_jap_Ganguang.FarmCPUpeak_info	RAP_Step2_jap_Ganguang	Os03g0190500							12	pipeline_score=12; farm_logP=9.47; max_variant=5; recommendation_score=12
QTL5	Chr3-4752208	9.47	*	LOC_Os03g09080	3:4715096-4719275	18	5	0	2.0	0.0	0.0	15.0	*	35.0	RAP_Step2_jap_Ganguang.FarmCPUpeak_info	RAP_Step2_jap_Ganguang	LOC_Os03g09080			ubiquitin carboxyl-terminal hydrolase domain containing protein, expressed	N	Y	Y	38	pipeline_score=35; farm_logP=9.47; max_variant=18; recommendation_score=38
QTL5	Chr3-4752208	9.47	*	LOC_Os03g09090	3:4720645-4724099	5	25	5	2.0	0.0	0.0	15.0	*	42.0	RAP_Step2_jap_Ganguang.FarmCPUpeak_info	RAP_Step2_jap_Ganguang	LOC_Os03g09090			expressed protein	N	Y	Y	47	pipeline_score=42; farm_logP=9.47; max_variant=25; recommendation_score=47
QTL5	Chr3-4752208	9.47	*	LOC_Os03g09100	3:4726139-4734011	5	10	0	2.0	0.0	0.0	18.0	*	30.0	RAP_Step2_jap_Ganguang.FarmCPUpeak_info	RAP_Step2_jap_Ganguang	LOC_Os03g09100			calmodulin-binding transcription activator, putative, expressed	N	Y	Y	33	pipeline_score=30; farm_logP=9.47; max_variant=10; recommendation_score=33
QTL5	Chr3-4752208	9.47	*	Os03g0191050	3:4733027-4733150	*	*	*	2.0	0.0	0.0	15.0	*	17.0	RAP_Step2_jap_Ganguang.FarmCPUpeak_info	RAP_Step2_jap_Ganguang	Os03g0191050							17	pipeline_score=17; farm_logP=9.47; recommendation_score=17
QTL5	Chr3-4752208	9.47	*	LOC_Os03g09110	3:4737698-4741312	5	10	5	2.0	0.0	0.0	18.0	*	30.0	RAP_Step2_jap_Ganguang.FarmCPUpeak_info	RAP_Step2_jap_Ganguang	LOC_Os03g09110			mitochondrial carrier protein, putative, expressed	N	Y	Y	33	pipeline_score=30; farm_logP=9.47; max_variant=10; recommendation_score=33
QTL5	Chr3-4752208	9.47	*	LOC_Os03g09120	3:4748704-4750253	5	10	*	2.0	5.0	0.0	10.0	*	27.0	RAP_Step2_jap_Ganguang.FarmCPUpeak_info	RAP_Step2_jap_Ganguang	LOC_Os03g09120			expressed protein	N	Y	Y	30	pipeline_score=27; farm_logP=9.47; max_variant=10; recommendation_score=30
QTL5	Chr3-4752208	9.47	*	LOC_Os03g09130	3:4760611-4763101	25	25	25	2.0	0.0	0.0	0.0	*	27.0	RAP_Step2_jap_Ganguang.FarmCPUpeak_info	RAP_Step2_jap_Ganguang	LOC_Os03g09130			expressed protein	N	Y	Y	32	pipeline_score=27; farm_logP=9.47; max_variant=25; recommendation_score=32
QTL5	Chr3-4752208	9.47	*	LOC_Os03g09140	3:4763756-4766369	5	25	10	2.0	0.0	0.0	18.0	*	45.0	RAP_Step2_jap_Ganguang.FarmCPUpeak_info	RAP_Step2_jap_Ganguang	LOC_Os03g09140	OsRab6a	Fe; Fe accumulation; architecture; cytoplasm; iron; photosynthesis; root; root system architecture; seed; seedling; tolerance; yield	ras-related protein, putative, expressed	N	Y	Y	57	pipeline_score=45; farm_logP=9.47; max_variant=25; symbol=OsRab6a; keyword=Fe; Fe accumulation; architecture; cytoplasm; iron; photosynthesis; root; root system architecture; seed; seedling; tolerance; yield; recommendation_score=57
QTL5	Chr3-4752208	9.47	*	Os03g0191550	3:4766424-4766491	*	*	*	2.0	0.0	0.0	0.0	*	2.0	RAP_Step2_jap_Ganguang.FarmCPUpeak_info	RAP_Step2_jap_Ganguang	Os03g0191550							2	pipeline_score=2; farm_logP=9.47; recommendation_score=2
QTL5	Chr3-4752208	9.47	*	LOC_Os03g09150	3:4768564-4773074	20	10	0	2.0	0.0	0.0	5.0	*	27.0	RAP_Step2_jap_Ganguang.FarmCPUpeak_info	RAP_Step2_jap_Ganguang	LOC_Os03g09150			pumilio-family RNA binding repeat domain containing protein, expressed	N	Y	Y	32	pipeline_score=27; farm_logP=9.47; max_variant=20; recommendation_score=32
QTL5	Chr3-4752208	9.47	*	LOC_Os03g09160	3:4775565-4776380	5	10	10	2.0	5.0	0.0	5.0	*	22.0	RAP_Step2_jap_Ganguang.FarmCPUpeak_info	RAP_Step2_jap_Ganguang	LOC_Os03g09160			hydroxyproline-rich glycoprotein family protein, putative, expressed	N	Y	Y	25	pipeline_score=22; farm_logP=9.47; max_variant=10; recommendation_score=25
QTL5	Chr3-4752208	9.47	*	LOC_Os03g09170	3:4780241-4781570	5	5	*	2.0	0.0	0.0	5.0	*	12.0	RAP_Step2_jap_Ganguang.FarmCPUpeak_info	RAP_Step2_jap_Ganguang	LOC_Os03g09170			ethylene-responsive transcription factor, putative, expressed	N	Y	Y	12	pipeline_score=12; farm_logP=9.47; max_variant=5; recommendation_score=12
QTL5	Chr3-4752208	9.47	*	Os03g0191850	3:4780247-4781570	5	5	*	2.0	0.0	0.0	5.0	*	12.0	RAP_Step2_jap_Ganguang.FarmCPUpeak_info	RAP_Step2_jap_Ganguang	Os03g0191850							12	pipeline_score=12; farm_logP=9.47; max_variant=5; recommendation_score=12
QTL5	Chr3-4752208	9.47	*	LOC_Os03g09180	3:4786018-4789365	20	5	*	2.0	0.0	0.0	10.0	*	32.0	RAP_Step2_jap_Ganguang.FarmCPUpeak_info	RAP_Step2_jap_Ganguang	LOC_Os03g09180			trpH, putative, expressed	N	Y	Y	37	pipeline_score=32; farm_logP=9.47; max_variant=20; recommendation_score=37
QTL5	Chr3-4752208	9.47	*	LOC_Os03g09190	3:4789625-4793146	5	5	*	2.0	0.0	0.0	5.0	*	12.0	RAP_Step2_jap_Ganguang.FarmCPUpeak_info	RAP_Step2_jap_Ganguang	LOC_Os03g09190			OsSCP11 - Putative Serine Carboxypeptidase homologue, expressed	N	Y	Y	12	pipeline_score=12; farm_logP=9.47; max_variant=5; recommendation_score=12
QTL5	Chr3-4752208	9.47	*	LOC_Os03g09200	3:4792052-4798615	5	10	5	2.0	0.0	10.0	5.0	*	27.0	RAP_Step2_jap_Ganguang.FarmCPUpeak_info	RAP_Step2_jap_Ganguang	LOC_Os03g09200			domain of unknown function DUF966 domain containing protein, expressed	N	Y	Y	30	pipeline_score=27; farm_logP=9.47; max_variant=10; recommendation_score=30
QTL5	Chr3-4752208	9.47	*	LOC_Os03g09210	3:4807923-4810876	5	10	15	2.0	0.0	0.0	15.0	*	32.0	RAP_Step2_jap_Ganguang.FarmCPUpeak_info	RAP_Step2_jap_Ganguang	LOC_Os03g09210			NADH dehydrogenase 1 alpha subcomplex subunit 13, putative, expressed	N	Y	Y	35	pipeline_score=32; farm_logP=9.47; max_variant=15; recommendation_score=35
QTL5	Chr3-4752208	9.47	*	LOC_Os03g09220	3:4815464-4820417	5	25	*	2.0	0.0	0.0	18.0	*	45.0	RAP_Step2_jap_Ganguang.FarmCPUpeak_info	RAP_Step2_jap_Ganguang	LOC_Os03g09220			stage II sporulation protein E, putative, expressed	N	Y	Y	50	pipeline_score=45; farm_logP=9.47; max_variant=25; recommendation_score=50
QTL5	Chr3-4752208	9.47	*	Os03g0192550	3:4820592-4821406	5	10	*	2.0	0.0	0.0	5.0	*	17.0	RAP_Step2_jap_Ganguang.FarmCPUpeak_info	RAP_Step2_jap_Ganguang	Os03g0192550							20	pipeline_score=17; farm_logP=9.47; max_variant=10; recommendation_score=20
QTL5	Chr3-4752208	9.47	*	LOC_Os03g09230	3:4820680-4822723	20	10	10	2.0	0.0	0.0	15.0	*	37.0	RAP_Step2_jap_Ganguang.FarmCPUpeak_info	RAP_Step2_jap_Ganguang	LOC_Os03g09230			LTPL69 - Protease inhibitor/seed storage/LTP family protein precursor, expressed	N	Y	Y	42	pipeline_score=37; farm_logP=9.47; max_variant=20; recommendation_score=42
QTL5	Chr3-4752208	9.47	*	Os03g0192633	3:4821888-4822280	5	10	*	2.0	0.0	0.0	10.0	*	22.0	RAP_Step2_jap_Ganguang.FarmCPUpeak_info	RAP_Step2_jap_Ganguang	Os03g0192633							25	pipeline_score=22; farm_logP=9.47; max_variant=10; recommendation_score=25
QTL5	Chr3-4752208	9.47	*	LOC_Os03g09250	3:4825616-4829747	20	10	5	2.0	0.0	0.0	18.0	*	40.0	RAP_Step2_jap_Ganguang.FarmCPUpeak_info	RAP_Step2_jap_Ganguang	LOC_Os03g09250	OsINO1|OsINO1-1	chloroplast; salt; salt tolerance	inositol-3-phosphate synthase, putative, expressed	N	Y	Y	52	pipeline_score=40; farm_logP=9.47; max_variant=20; symbol=OsINO1|OsINO1-1; keyword=chloroplast; salt; salt tolerance; recommendation_score=52
QTL5	Chr3-4752208	9.47	*	Os03g0192750	3:4825723-4827060	20	10	10	2.0	0.0	0.0	5.0	*	27.0	RAP_Step2_jap_Ganguang.FarmCPUpeak_info	RAP_Step2_jap_Ganguang	Os03g0192750							32	pipeline_score=27; farm_logP=9.47; max_variant=20; recommendation_score=32
QTL5	Chr3-4752208	9.47	*	LOC_Os03g09260	3:4836142-4838183	5	10	*	2.0	0.0	10.0	10.0	*	32.0	RAP_Step2_jap_Ganguang.FarmCPUpeak_info	RAP_Step2_jap_Ganguang	LOC_Os03g09260			ubiquitin carboxyl-terminal hydrolase 26, putative, expressed	N	Y	Y	35	pipeline_score=32; farm_logP=9.47; max_variant=10; recommendation_score=35
QTL5	Chr3-4752208	9.47	*	LOC_Os03g09270	3:4840901-4844355	5	5	*	2.0	0.0	10.0	10.0	*	27.0	RAP_Step2_jap_Ganguang.FarmCPUpeak_info	RAP_Step2_jap_Ganguang	LOC_Os03g09270			ubiquitin carboxyl-terminal hydrolase 26, putative, expressed	N	Y	Y	27	pipeline_score=27; farm_logP=9.47; max_variant=5; recommendation_score=27
QTL5	Chr3-4752208	9.47	*	LOC_Os03g09280	3:4847121-4853832	5	5	*	2.0	0.0	0.0	10.0	*	17.0	RAP_Step2_jap_Ganguang.FarmCPUpeak_info	RAP_Step2_jap_Ganguang	LOC_Os03g09280			gibberellin response modulator protein, putative, expressed	N	Y	Y	17	pipeline_score=17; farm_logP=9.47; max_variant=5; recommendation_score=17
QTL5	Chr3-4752208	9.47	*	LOC_Os03g09290	3:4854968-4857534	5	10	20	2.0	0.0	0.0	15.0	*	37.0	RAP_Step2_jap_Ganguang.FarmCPUpeak_info	RAP_Step2_jap_Ganguang	LOC_Os03g09290			yippee zinc-binding protein, putative, expressed	N	Y	Y	42	pipeline_score=37; farm_logP=9.47; max_variant=20; recommendation_score=42
QTL5	Chr3-4752208	9.47	*	LOC_Os03g09300	3:4858138-4860373	20	10	5	2.0	0.0	0.0	5.0	*	27.0	RAP_Step2_jap_Ganguang.FarmCPUpeak_info	RAP_Step2_jap_Ganguang	LOC_Os03g09300			pumilio-family RNA binding repeat containing protein, expressed	N	Y	Y	32	pipeline_score=27; farm_logP=9.47; max_variant=20; recommendation_score=32
QTL5	Chr3-4752208	9.47	*	LOC_Os03g09310	3:4862183-4866739	20	5	20	2.0	0.0	10.0	10.0	*	42.0	RAP_Step2_jap_Ganguang.FarmCPUpeak_info	RAP_Step2_jap_Ganguang	LOC_Os03g09310			frigida, putative, expressed	N	Y	Y	47	pipeline_score=42; farm_logP=9.47; max_variant=20; recommendation_score=47
QTL5	Chr3-4752208	9.47	*	Os03g0193300	3:4873378-4877257	20	5	20	2.0	0.0	0.0	5.0	*	27.0	RAP_Step2_jap_Ganguang.FarmCPUpeak_info	RAP_Step2_jap_Ganguang	Os03g0193300							32	pipeline_score=27; farm_logP=9.47; max_variant=20; recommendation_score=32
QTL5	Chr3-4752208	9.47	*	LOC_Os03g09810	3:4876511-4880143	20	25	25	2.0	0.0	10.0	5.0	*	42.0	RAP_Step2_jap_Ganguang.FarmCPUpeak_info	RAP_Step2_jap_Ganguang	LOC_Os03g09810			polyamine oxidase precursor, putative, expressed	N	Y	Y	47	pipeline_score=42; farm_logP=9.47; max_variant=25; recommendation_score=47
QTL5	Chr3-4752208	9.47	*	Os03g0193450	3:4877659-4880015	20	1	0	2.0	0.0	0.0	0.0	*	22.0	RAP_Step2_jap_Ganguang.FarmCPUpeak_info	RAP_Step2_jap_Ganguang	Os03g0193450							27	pipeline_score=22; farm_logP=9.47; max_variant=20; recommendation_score=27
QTL5	Chr3-4752208	9.47	*	LOC_Os03g09820	3:4886388-4887314	5	10	20	2.0	0.0	0.0	5.0	*	27.0	RAP_Step2_jap_Ganguang.FarmCPUpeak_info	RAP_Step2_jap_Ganguang	LOC_Os03g09820			transcription initiation factor IIB, putative, expressed	N	Y	Y	32	pipeline_score=27; farm_logP=9.47; max_variant=20; recommendation_score=32
QTL5	Chr3-4752208	9.47	*	Os03g0193700	3:4888551-4889232	5	10	20	2.0	0.0	0.0	5.0	*	27.0	RAP_Step2_jap_Ganguang.FarmCPUpeak_info	RAP_Step2_jap_Ganguang	Os03g0193700							32	pipeline_score=27; farm_logP=9.47; max_variant=20; recommendation_score=32
QTL5	Chr3-4752208	9.47	*	Os03g0193901	3:4888584-4889614	5	10	20	2.0	0.0	0.0	5.0	*	27.0	RAP_Step2_jap_Ganguang.FarmCPUpeak_info	RAP_Step2_jap_Ganguang	Os03g0193901							32	pipeline_score=27; farm_logP=9.47; max_variant=20; recommendation_score=32
QTL5	Chr3-4752208	9.47	*	LOC_Os03g09830	3:4889492-4892257	25	5	0	2.0	0.0	0.0	10.0	*	37.0	RAP_Step2_jap_Ganguang.FarmCPUpeak_info	RAP_Step2_jap_Ganguang	LOC_Os03g09830			expressed protein	N	Y	Y	42	pipeline_score=37; farm_logP=9.47; max_variant=25; recommendation_score=42
QTL5	Chr3-4752208	9.47	*	LOC_Os03g09840	3:4894522-4897057	15	10	15	2.0	0.0	0.0	18.0	*	35.0	RAP_Step2_jap_Ganguang.FarmCPUpeak_info	RAP_Step2_jap_Ganguang	LOC_Os03g09840			C2 domain containing protein, putative, expressed	N	Y	Y	38	pipeline_score=35; farm_logP=9.47; max_variant=15; recommendation_score=38
QTL5	Chr3-4752208	9.47	*	LOC_Os03g09850	3:4901969-4903749	20	10	10	2.0	0.0	0.0	5.0	*	27.0	RAP_Step2_jap_Ganguang.FarmCPUpeak_info	RAP_Step2_jap_Ganguang	LOC_Os03g09850			auxin-responsive protein-related, putative, expressed	N	Y	Y	32	pipeline_score=27; farm_logP=9.47; max_variant=20; recommendation_score=32
QTL5	Chr3-4752208	9.47	*	Os03g0194350	3:4902355-4903820	20	10	10	2.0	0.0	0.0	10.0	*	32.0	RAP_Step2_jap_Ganguang.FarmCPUpeak_info	RAP_Step2_jap_Ganguang	Os03g0194350							37	pipeline_score=32; farm_logP=9.47; max_variant=20; recommendation_score=37
QTL5	Chr3-4752208	9.47	*	LOC_Os03g09860	3:4906203-4908795	15	5	15	2.0	0.0	0.0	18.0	*	35.0	RAP_Step2_jap_Ganguang.FarmCPUpeak_info	RAP_Step2_jap_Ganguang	LOC_Os03g09860			acetyltransferase, GNAT family, putative, expressed	N	Y	Y	38	pipeline_score=35; farm_logP=9.47; max_variant=15; recommendation_score=38
QTL5	Chr3-4752208	9.47	*	LOC_Os03g09870	3:4909638-4912358	5	25	20	2.0	0.0	0.0	10.0	*	37.0	RAP_Step2_jap_Ganguang.FarmCPUpeak_info	RAP_Step2_jap_Ganguang	LOC_Os03g09870			mitochondrial import inner membrane translocase subunit Tim17, putative, expressed	N	Y	Y	42	pipeline_score=37; farm_logP=9.47; max_variant=25; recommendation_score=42
QTL5	Chr3-4752208	9.47	*	Os03g0194450	3:4909646-4912104	5	10	10	2.0	0.0	0.0	5.0	*	17.0	RAP_Step2_jap_Ganguang.FarmCPUpeak_info	RAP_Step2_jap_Ganguang	Os03g0194450							20	pipeline_score=17; farm_logP=9.47; max_variant=10; recommendation_score=20
QTL5	Chr3-4752208	9.47	*	LOC_Os03g09880	3:4913122-4914145	5	10	10	2.0	0.0	0.0	18.0	*	30.0	RAP_Step2_jap_Ganguang.FarmCPUpeak_info	RAP_Step2_jap_Ganguang	LOC_Os03g09880			AIR12, putative, expressed	N	Y	Y	33	pipeline_score=30; farm_logP=9.47; max_variant=10; recommendation_score=33
QTL5	Chr3-4752208	9.47	*	LOC_Os03g09900	3:4923846-4926167	5	10	25	2.0	0.0	0.0	18.0	*	45.0	RAP_Step2_jap_Ganguang.FarmCPUpeak_info	RAP_Step2_jap_Ganguang	LOC_Os03g09900			membrane protein, putative, expressed	N	Y	Y	50	pipeline_score=45; farm_logP=9.47; max_variant=25; recommendation_score=50
QTL5	Chr3-4752208	9.47	*	LOC_Os03g09910	3:4936472-4941037	5	10	10	2.0	0.0	0.0	22.0	*	34.0	RAP_Step2_jap_Ganguang.FarmCPUpeak_info	RAP_Step2_jap_Ganguang	LOC_Os03g09910	OsALD1	blast; chloroplast; disease; disease resistance; magnaporthe oryzae; resistance; resistant	aminotransferase, classes I and II, domain containing protein, expressed	N	Y	Y	44	pipeline_score=34; farm_logP=9.47; max_variant=10; symbol=OsALD1; keyword=blast; chloroplast; disease; disease resistance; magnaporthe oryzae; resistance; resistant; recommendation_score=44
QTL5	Chr3-4752208	9.47	*	LOC_Os03g09920	3:4941063-4945558	15	10	10	2.0	0.0	0.0	15.0	*	32.0	RAP_Step2_jap_Ganguang.FarmCPUpeak_info	RAP_Step2_jap_Ganguang	LOC_Os03g09920			RNase L inhibitor protein-related, putative, expressed	N	Y	Y	35	pipeline_score=32; farm_logP=9.47; max_variant=15; recommendation_score=35
QTL5	Chr3-4752208	9.47	*	LOC_Os03g09930	3:4946323-4953950	20	5	20	2.0	0.0	10.0	10.0	*	42.0	RAP_Step2_jap_Ganguang.FarmCPUpeak_info	RAP_Step2_jap_Ganguang	LOC_Os03g09930			sulfate transporter, putative, expressed	N	Y	Y	47	pipeline_score=42; farm_logP=9.47; max_variant=20; recommendation_score=47
QTL5	Chr3-4752208	9.47	*	Os03g0195350	3:4946751-4950744	20	1	*	2.0	0.0	0.0	5.0	*	27.0	RAP_Step2_jap_Ganguang.FarmCPUpeak_info	RAP_Step2_jap_Ganguang	Os03g0195350							32	pipeline_score=27; farm_logP=9.47; max_variant=20; recommendation_score=32
QTL5	Chr3-4752208	9.47	*	Os03g0195400	3:4951886-4953344	20	25	20	2.0	0.0	0.0	5.0	*	32.0	RAP_Step2_jap_Ganguang.FarmCPUpeak_info	RAP_Step2_jap_Ganguang	Os03g0195400							37	pipeline_score=32; farm_logP=9.47; max_variant=25; recommendation_score=37
QTL6	Chr3-33924577	10.12	*	LOC_Os03g59225	3:33722007-33724850	5	5	*	4.0	0.0	0.0	5.0	*	14.0	RAP_Step2_jap_Ganguang.FarmCPUpeak_info	RAP_Step2_jap_Ganguang	LOC_Os03g59225			expressed protein	N	Y	Y	14	pipeline_score=14; farm_logP=10.12; max_variant=5; recommendation_score=14
QTL6	Chr3-33924577	10.12	*	LOC_Os03g59240	3:33731404-33735208	20	10	10	4.0	0.0	0.0	5.0	*	29.0	RAP_Step2_jap_Ganguang.FarmCPUpeak_info	RAP_Step2_jap_Ganguang	LOC_Os03g59240			carboxyl-terminal peptidase, putative, expressed	N	Y	Y	34	pipeline_score=29; farm_logP=10.12; max_variant=20; recommendation_score=34
QTL6	Chr3-33924577	10.12	*	Os03g0807150	3:33732391-33734927	20	5	*	4.0	0.0	0.0	5.0	*	29.0	RAP_Step2_jap_Ganguang.FarmCPUpeak_info	RAP_Step2_jap_Ganguang	Os03g0807150							34	pipeline_score=29; farm_logP=10.12; max_variant=20; recommendation_score=34
QTL6	Chr3-33924577	10.12	*	LOC_Os03g59250	3:33737454-33739501	5	5	5	4.0	0.0	0.0	10.0	*	19.0	RAP_Step2_jap_Ganguang.FarmCPUpeak_info	RAP_Step2_jap_Ganguang	LOC_Os03g59250			expressed protein	N	Y	Y	19	pipeline_score=19; farm_logP=10.12; max_variant=5; recommendation_score=19
QTL6	Chr3-33924577	10.12	*	LOC_Os03g59264	3:33744357-33750440	20	25	0	4.0	0.0	0.0	10.0	*	39.0	RAP_Step2_jap_Ganguang.FarmCPUpeak_info	RAP_Step2_jap_Ganguang	LOC_Os03g59264			calreticulin family protein, expressed	N	Y	Y	44	pipeline_score=39; farm_logP=10.12; max_variant=25; recommendation_score=44
QTL6	Chr3-33924577	10.12	*	LOC_Os03g59280	3:33752813-33755772	1	5	5	4.0	0.0	0.0	5.0	*	14.0	RAP_Step2_jap_Ganguang.FarmCPUpeak_info	RAP_Step2_jap_Ganguang	LOC_Os03g59280			plastocyanin-like domain containing protein, putative, expressed	N	Y	Y	14	pipeline_score=14; farm_logP=10.12; max_variant=5; recommendation_score=14
QTL6	Chr3-33924577	10.12	*	LOC_Os03g59290	3:33756167-33759296	25	5	*	4.0	0.0	0.0	5.0	*	34.0	RAP_Step2_jap_Ganguang.FarmCPUpeak_info	RAP_Step2_jap_Ganguang	LOC_Os03g59290			C-methyltransferase, putative, expressed	N	Y	Y	39	pipeline_score=34; farm_logP=10.12; max_variant=25; recommendation_score=39
QTL6	Chr3-33924577	10.12	*	LOC_Os03g59300	3:33765460-33767802	5	10	0	4.0	0.0	0.0	5.0	*	19.0	RAP_Step2_jap_Ganguang.FarmCPUpeak_info	RAP_Step2_jap_Ganguang	LOC_Os03g59300			expressed protein	N	Y	Y	22	pipeline_score=19; farm_logP=10.12; max_variant=10; recommendation_score=22
QTL6	Chr3-33924577	10.12	*	LOC_Os03g59310	3:33769018-33770923	5	*	*	4.0	0.0	0.0	10.0	*	19.0	RAP_Step2_jap_Ganguang.FarmCPUpeak_info	RAP_Step2_jap_Ganguang	LOC_Os03g59310			ribosomal protein, putative, expressed	N	Y	Y	19	pipeline_score=19; farm_logP=10.12; max_variant=5; recommendation_score=19
QTL6	Chr3-33924577	10.12	*	LOC_Os03g59320	3:33771756-33773624	5	5	*	4.0	0.0	0.0	20.0	*	29.0	RAP_Step2_jap_Ganguang.FarmCPUpeak_info	RAP_Step2_jap_Ganguang	LOC_Os03g59320			expressed protein	N	Y	Y	29	pipeline_score=29; farm_logP=10.12; max_variant=5; recommendation_score=29
QTL6	Chr3-33924577	10.12	*	LOC_Os03g59330	3:33777510-33781305	5	10	5	4.0	0.0	10.0	5.0	*	29.0	RAP_Step2_jap_Ganguang.FarmCPUpeak_info	RAP_Step2_jap_Ganguang	LOC_Os03g59330			polygalacturonase, putative, expressed	N	Y	Y	32	pipeline_score=29; farm_logP=10.12; max_variant=10; recommendation_score=32
QTL6	Chr3-33924577	10.12	*	LOC_Os03g59340	3:33780013-33786467	5	10	*	4.0	0.0	0.0	5.0	*	19.0	RAP_Step2_jap_Ganguang.FarmCPUpeak_info	RAP_Step2_jap_Ganguang	LOC_Os03g59340			CESA2 - cellulose synthase, expressed	N	Y	Y	22	pipeline_score=19; farm_logP=10.12; max_variant=10; recommendation_score=22
QTL6	Chr3-33924577	10.12	*	Os03g0808175	3:33783633-33784789	*	*	*	4.0	0.0	0.0	5.0	*	9.0	RAP_Step2_jap_Ganguang.FarmCPUpeak_info	RAP_Step2_jap_Ganguang	Os03g0808175							9	pipeline_score=9; farm_logP=10.12; recommendation_score=9
QTL6	Chr3-33924577	10.12	*	LOC_Os03g59350	3:33787909-33789566	1	10	0	4.0	0.0	0.0	5.0	*	19.0	RAP_Step2_jap_Ganguang.FarmCPUpeak_info	RAP_Step2_jap_Ganguang	LOC_Os03g59350			anthocyanin 3-O-beta-glucosyltransferase, putative, expressed	N	Y	Y	22	pipeline_score=19; farm_logP=10.12; max_variant=10; recommendation_score=22
QTL6	Chr3-33924577	10.12	*	LOC_Os03g59360	3:33790894-33792943	5	5	10	4.0	0.0	0.0	10.0	*	24.0	RAP_Step2_jap_Ganguang.FarmCPUpeak_info	RAP_Step2_jap_Ganguang	LOC_Os03g59360			remorin, putative, expressed	N	Y	Y	27	pipeline_score=24; farm_logP=10.12; max_variant=10; recommendation_score=27
QTL6	Chr3-33924577	10.12	*	Os03g0808350	3:33791288-33792625	5	10	0	4.0	0.0	0.0	5.0	*	19.0	RAP_Step2_jap_Ganguang.FarmCPUpeak_info	RAP_Step2_jap_Ganguang	Os03g0808350							22	pipeline_score=19; farm_logP=10.12; max_variant=10; recommendation_score=22
QTL6	Chr3-33924577	10.12	*	LOC_Os03g59370	3:33796789-33797866	5	*	*	4.0	0.0	0.0	5.0	*	14.0	RAP_Step2_jap_Ganguang.FarmCPUpeak_info	RAP_Step2_jap_Ganguang	LOC_Os03g59370			ubiquitin family protein, putative, expressed	N	Y	Y	14	pipeline_score=14; farm_logP=10.12; max_variant=5; recommendation_score=14
QTL6	Chr3-33924577	10.12	*	LOC_Os03g59380	3:33798940-33799765	5	*	*	4.0	0.0	0.0	5.0	*	14.0	RAP_Step2_jap_Ganguang.FarmCPUpeak_info	RAP_Step2_jap_Ganguang	LOC_Os03g59380			LTPL28 - Protease inhibitor/seed storage/LTP family protein precursor, expressed	N	Y	Y	14	pipeline_score=14; farm_logP=10.12; max_variant=5; recommendation_score=14
QTL6	Chr3-33924577	10.12	*	LOC_Os03g59390	3:33805800-33810099	5	10	*	4.0	0.0	0.0	20.0	*	34.0	RAP_Step2_jap_Ganguang.FarmCPUpeak_info	RAP_Step2_jap_Ganguang	LOC_Os03g59390			CAMK_CAMK_like.24 - CAMK includes calcium/calmodulin depedent protein kinases, expressed	N	Y	Y	37	pipeline_score=34; farm_logP=10.12; max_variant=10; recommendation_score=37
QTL6	Chr3-33924577	10.12	*	Os03g0808750	3:33806257-33809775	5	5	*	4.0	0.0	0.0	10.0	*	19.0	RAP_Step2_jap_Ganguang.FarmCPUpeak_info	RAP_Step2_jap_Ganguang	Os03g0808750							19	pipeline_score=19; farm_logP=10.12; max_variant=5; recommendation_score=19
QTL6	Chr3-33924577	10.12	*	LOC_Os03g59400	3:33812019-33812423	25	25	*	4.0	0.0	0.0	5.0	*	34.0	RAP_Step2_jap_Ganguang.FarmCPUpeak_info	RAP_Step2_jap_Ganguang	LOC_Os03g59400			expressed protein	N	Y	Y	39	pipeline_score=34; farm_logP=10.12; max_variant=25; recommendation_score=39
QTL6	Chr3-33924577	10.12	*	LOC_Os03g59410	3:33817503-33823657	25	25	25	4.0	0.0	0.0	5.0	*	34.0	RAP_Step2_jap_Ganguang.FarmCPUpeak_info	RAP_Step2_jap_Ganguang	LOC_Os03g59410			retrotransposon protein, putative, unclassified, expressed	Y	Y	Y	39	pipeline_score=34; farm_logP=10.12; max_variant=25; recommendation_score=39
QTL6	Chr3-33924577	10.12	*	LOC_Os03g59420	3:33824286-33827576	25	25	25	4.0	0.0	0.0	5.0	*	34.0	RAP_Step2_jap_Ganguang.FarmCPUpeak_info	RAP_Step2_jap_Ganguang	LOC_Os03g59420			retrotransposon protein, putative, unclassified, expressed	Y	Y	Y	39	pipeline_score=34; farm_logP=10.12; max_variant=25; recommendation_score=39
QTL6	Chr3-33924577	10.12	*	LOC_Os03g59430	3:33829500-33834198	*	5	*	4.0	0.0	10.0	5.0	*	24.0	RAP_Step2_jap_Ganguang.FarmCPUpeak_info	RAP_Step2_jap_Ganguang	LOC_Os03g59430			uncharacterized glycosyltransferase, putative, expressed	N	Y	Y	24	pipeline_score=24; farm_logP=10.12; max_variant=5; recommendation_score=24
QTL6	Chr3-33924577	10.12	*	Os03g0808950	3:33829709-33834013	5	*	*	4.0	0.0	0.0	10.0	*	19.0	RAP_Step2_jap_Ganguang.FarmCPUpeak_info	RAP_Step2_jap_Ganguang	Os03g0808950							19	pipeline_score=19; farm_logP=10.12; max_variant=5; recommendation_score=19
QTL6	Chr3-33924577	10.12	*	LOC_Os03g59440	3:33834634-33835499	5	10	*	4.0	0.0	0.0	5.0	*	19.0	RAP_Step2_jap_Ganguang.FarmCPUpeak_info	RAP_Step2_jap_Ganguang	LOC_Os03g59440			dirigent, putative, expressed	N	Y	Y	22	pipeline_score=19; farm_logP=10.12; max_variant=10; recommendation_score=22
QTL6	Chr3-33924577	10.12	*	LOC_Os03g59450	3:33837942-33841754	5	10	*	4.0	0.0	0.0	15.0	*	29.0	RAP_Step2_jap_Ganguang.FarmCPUpeak_info	RAP_Step2_jap_Ganguang	LOC_Os03g59450			transporter-related, putative, expressed	N	Y	Y	32	pipeline_score=29; farm_logP=10.12; max_variant=10; recommendation_score=32
QTL6	Chr3-33924577	10.12	*	Os03g0809150	3:33838864-33839161	*	*	*	4.0	0.0	0.0	10.0	*	14.0	RAP_Step2_jap_Ganguang.FarmCPUpeak_info	RAP_Step2_jap_Ganguang	Os03g0809150							14	pipeline_score=14; farm_logP=10.12; recommendation_score=14
QTL6	Chr3-33924577	10.12	*	LOC_Os03g59460	3:33842835-33845209	20	10	*	4.0	0.0	0.0	5.0	*	29.0	RAP_Step2_jap_Ganguang.FarmCPUpeak_info	RAP_Step2_jap_Ganguang	LOC_Os03g59460			transcription factor, putative, expressed	N	Y	Y	34	pipeline_score=29; farm_logP=10.12; max_variant=20; recommendation_score=34
QTL6	Chr3-33924577	10.12	*	LOC_Os03g59470	3:33845779-33849847	5	10	*	4.0	0.0	0.0	15.0	*	29.0	RAP_Step2_jap_Ganguang.FarmCPUpeak_info	RAP_Step2_jap_Ganguang	LOC_Os03g59470			stage II sporulation protein E, putative, expressed	N	Y	Y	32	pipeline_score=29; farm_logP=10.12; max_variant=10; recommendation_score=32
QTL6	Chr3-33924577	10.12	*	LOC_Os03g59480	3:33849980-33854736	20	10	10	4.0	0.0	0.0	15.0	*	39.0	RAP_Step2_jap_Ganguang.FarmCPUpeak_info	RAP_Step2_jap_Ganguang	LOC_Os03g59480			expressed protein	N	Y	Y	44	pipeline_score=39; farm_logP=10.12; max_variant=20; recommendation_score=44
QTL6	Chr3-33924577	10.12	*	LOC_Os03g59500	3:33865017-33870839	25	25	25	4.0	0.0	0.0	0.0	*	29.0	RAP_Step2_jap_Ganguang.FarmCPUpeak_info	RAP_Step2_jap_Ganguang	LOC_Os03g59500			retrotransposon protein, putative, unclassified, expressed	Y	Y	Y	34	pipeline_score=29; farm_logP=10.12; max_variant=25; recommendation_score=34
QTL6	Chr3-33924577	10.12	*	LOC_Os03g59510	3:33871599-33874734	25	25	25	4.0	0.0	0.0	0.0	*	29.0	RAP_Step2_jap_Ganguang.FarmCPUpeak_info	RAP_Step2_jap_Ganguang	LOC_Os03g59510			retrotransposon protein, putative, unclassified, expressed	Y	Y	Y	34	pipeline_score=29; farm_logP=10.12; max_variant=25; recommendation_score=34
QTL6	Chr3-33924577	10.12	*	LOC_Os03g59520	3:33875671-33877056	25	25	25	4.0	0.0	0.0	0.0	*	29.0	RAP_Step2_jap_Ganguang.FarmCPUpeak_info	RAP_Step2_jap_Ganguang	LOC_Os03g59520			retrotransposon protein, putative, Ty3-gypsy subclass, expressed	Y	Y	Y	34	pipeline_score=29; farm_logP=10.12; max_variant=25; recommendation_score=34
QTL6	Chr3-33924577	10.12	*	LOC_Os03g59530	3:33886820-33891887	25	10	15	4.0	0.0	0.0	10.0	*	39.0	RAP_Step2_jap_Ganguang.FarmCPUpeak_info	RAP_Step2_jap_Ganguang	LOC_Os03g59530			protein Kinase-associated protein phosphatase, putative, expressed	N	Y	Y	44	pipeline_score=39; farm_logP=10.12; max_variant=25; recommendation_score=44
QTL6	Chr3-33924577	10.12	*	LOC_Os03g59540	3:33891971-33894614	25	10	*	4.0	0.0	0.0	15.0	*	44.0	RAP_Step2_jap_Ganguang.FarmCPUpeak_info	RAP_Step2_jap_Ganguang	LOC_Os03g59540			zinc finger, C3HC4 type domain containing protein, expressed	N	Y	Y	49	pipeline_score=44; farm_logP=10.12; max_variant=25; recommendation_score=49
QTL6	Chr3-33924577	10.12	*	LOC_Os03g59550	3:33894809-33899648	5	10	*	4.0	5.0	10.0	5.0	*	34.0	RAP_Step2_jap_Ganguang.FarmCPUpeak_info	RAP_Step2_jap_Ganguang	LOC_Os03g59550			RNA recognition motif containing protein, putative, expressed	N	Y	Y	37	pipeline_score=34; farm_logP=10.12; max_variant=10; recommendation_score=37
QTL6	Chr3-33924577	10.12	*	LOC_Os03g59560	3:33900825-33901704	20	10	0	4.0	5.0	0.0	0.0	*	29.0	RAP_Step2_jap_Ganguang.FarmCPUpeak_info	RAP_Step2_jap_Ganguang	LOC_Os03g59560			hypothetical protein	N	N	Y	34	pipeline_score=29; farm_logP=10.12; max_variant=20; recommendation_score=34
QTL6	Chr3-33924577	10.12	*	LOC_Os03g59570	3:33905826-33907614	5	10	*	4.0	0.0	0.0	5.0	*	19.0	RAP_Step2_jap_Ganguang.FarmCPUpeak_info	RAP_Step2_jap_Ganguang	LOC_Os03g59570			IPP transferase, putative, expressed	N	Y	Y	22	pipeline_score=19; farm_logP=10.12; max_variant=10; recommendation_score=22
QTL6	Chr3-33924577	10.12	*	LOC_Os03g59580	3:33916812-33921098	5	10	5	4.0	0.0	0.0	10.0	*	24.0	RAP_Step2_jap_Ganguang.FarmCPUpeak_info	RAP_Step2_jap_Ganguang	LOC_Os03g59580			hydrolase, NUDIX family, domain containing protein, expressed	N	Y	Y	27	pipeline_score=24; farm_logP=10.12; max_variant=10; recommendation_score=27
QTL6	Chr3-33924577	10.12	*	Os03g0810500	3:33926482-33927110	5	10	10	4.0	0.0	0.0	10.0	*	24.0	RAP_Step2_jap_Ganguang.FarmCPUpeak_info	RAP_Step2_jap_Ganguang	Os03g0810500							27	pipeline_score=24; farm_logP=10.12; max_variant=10; recommendation_score=27
QTL6	Chr3-33924577	10.12	*	LOC_Os03g59590	3:33927587-33933865	5	10	5	4.0	0.0	0.0	10.0	*	24.0	RAP_Step2_jap_Ganguang.FarmCPUpeak_info	RAP_Step2_jap_Ganguang	LOC_Os03g59590			ATP/GTP/Ca++ binding protein, putative, expressed	N	Y	Y	27	pipeline_score=24; farm_logP=10.12; max_variant=10; recommendation_score=27
QTL6	Chr3-33924577	10.12	*	LOC_Os03g59600	3:33936155-33937972	25	10	0	4.0	0.0	0.0	20.0	*	49.0	RAP_Step2_jap_Ganguang.FarmCPUpeak_info	RAP_Step2_jap_Ganguang	LOC_Os03g59600			mitochondrial Rho GTPase 1, putative, expressed	N	Y	Y	54	pipeline_score=49; farm_logP=10.12; max_variant=25; recommendation_score=54
QTL6	Chr3-33924577	10.12	*	Os03g0810750	3:33937758-33937946	20	5	*	4.0	0.0	0.0	5.0	*	29.0	RAP_Step2_jap_Ganguang.FarmCPUpeak_info	RAP_Step2_jap_Ganguang	Os03g0810750							34	pipeline_score=29; farm_logP=10.12; max_variant=20; recommendation_score=34
QTL6	Chr3-33924577	10.12	*	LOC_Os03g59610	3:33938923-33941373	*	10	10	4.0	0.0	10.0	10.0	*	34.0	RAP_Step2_jap_Ganguang.FarmCPUpeak_info	RAP_Step2_jap_Ganguang	LOC_Os03g59610	OsABA2	ABA ; ABA; ABA biosynthesis; Kinase; abscisic acid; abscisic acid biosynthesis; dehydrogenase; drought; gibberellin; gibberellin biosynthesis; kinase; map-based cloning; salt; salt stress; stress; tolerance	oxidoreductase, short chain dehydrogenase/reductase family protein, putative, expressed	N	Y	Y	44	pipeline_score=34; farm_logP=10.12; max_variant=10; symbol=OsABA2; keyword=ABA ; ABA; ABA biosynthesis; Kinase; abscisic acid; abscisic acid biosynthesis; dehydrogenase; drought; gibberellin; gibberellin biosynthesis; kinase; map-based cloning; salt; salt stress; stress; tolerance; recommendation_score=44
QTL6	Chr3-33924577	10.12	*	Os03g0810850	3:33940265-33941021	5	5	*	4.0	0.0	0.0	5.0	*	14.0	RAP_Step2_jap_Ganguang.FarmCPUpeak_info	RAP_Step2_jap_Ganguang	Os03g0810850							14	pipeline_score=14; farm_logP=10.12; max_variant=5; recommendation_score=14
QTL6	Chr3-33924577	10.12	*	LOC_Os03g59620	3:33941624-33946147	18	10	5	4.0	0.0	0.0	15.0	*	37.0	RAP_Step2_jap_Ganguang.FarmCPUpeak_info	RAP_Step2_jap_Ganguang	LOC_Os03g59620			phospholipase, patatin family, putative, expressed	N	Y	Y	40	pipeline_score=37; farm_logP=10.12; max_variant=18; recommendation_score=40
QTL6	Chr3-33924577	10.12	*	LOC_Os03g59630	3:33952297-33953164	25	25	25	4.0	0.0	0.0	0.0	*	29.0	RAP_Step2_jap_Ganguang.FarmCPUpeak_info	RAP_Step2_jap_Ganguang	LOC_Os03g59630			retrotransposon protein, putative, unclassified, expressed	Y	Y	Y	34	pipeline_score=29; farm_logP=10.12; max_variant=25; recommendation_score=34
QTL6	Chr3-33924577	10.12	*	LOC_Os03g59640	3:33955198-33961962	5	10	15	4.0	0.0	10.0	15.0	*	44.0	RAP_Step2_jap_Ganguang.FarmCPUpeak_info	RAP_Step2_jap_Ganguang	LOC_Os03g59640	Chl1|OsChlD	seedling	magnesium-chelatase subunit chlD, chloroplast precursor, putative, expressed	N	Y	Y	54	pipeline_score=44; farm_logP=10.12; max_variant=15; symbol=Chl1|OsChlD; keyword=seedling; recommendation_score=54
QTL6	Chr3-33924577	10.12	*	LOC_Os03g59650	3:33962373-33968064	20	5	*	4.0	0.0	0.0	5.0	*	29.0	RAP_Step2_jap_Ganguang.FarmCPUpeak_info	RAP_Step2_jap_Ganguang	LOC_Os03g59650			BRCA1 C Terminus domain containing protein, expressed	N	Y	Y	34	pipeline_score=29; farm_logP=10.12; max_variant=20; recommendation_score=34
QTL6	Chr3-33924577	10.12	*	LOC_Os03g59660	3:33969120-33971519	20	5	*	4.0	0.0	0.0	5.0	*	29.0	RAP_Step2_jap_Ganguang.FarmCPUpeak_info	RAP_Step2_jap_Ganguang	LOC_Os03g59660			clathrin adaptor complex small chain domain containing protein, expressed	N	Y	Y	34	pipeline_score=29; farm_logP=10.12; max_variant=20; recommendation_score=34
QTL6	Chr3-33924577	10.12	*	LOC_Os03g59670	3:33973665-33975577	5	10	*	4.0	5.0	0.0	10.0	*	29.0	RAP_Step2_jap_Ganguang.FarmCPUpeak_info	RAP_Step2_jap_Ganguang	LOC_Os03g59670			basic helix-loop-helix, putative, expressed	N	Y	Y	32	pipeline_score=29; farm_logP=10.12; max_variant=10; recommendation_score=32
QTL6	Chr3-33924577	10.12	*	LOC_Os03g59680	3:33988216-33992094	5	10	20	4.0	0.0	0.0	10.0	*	34.0	RAP_Step2_jap_Ganguang.FarmCPUpeak_info	RAP_Step2_jap_Ganguang	LOC_Os03g59680			PAPA-1-like conserved region family protein, expressed	N	Y	Y	39	pipeline_score=34; farm_logP=10.12; max_variant=20; recommendation_score=39
QTL6	Chr3-33924577	10.12	*	LOC_Os03g59690	3:33994325-33995275	18	25	*	4.0	0.0	0.0	0.0	*	29.0	RAP_Step2_jap_Ganguang.FarmCPUpeak_info	RAP_Step2_jap_Ganguang	LOC_Os03g59690			DUF617 domain containing protein, expressed	N	Y	Y	34	pipeline_score=29; farm_logP=10.12; max_variant=25; recommendation_score=34
QTL6	Chr3-33924577	10.12	*	LOC_Os03g59700	3:33995585-33998683	5	10	*	4.0	0.0	0.0	15.0	*	29.0	RAP_Step2_jap_Ganguang.FarmCPUpeak_info	RAP_Step2_jap_Ganguang	LOC_Os03g59700			peptidyl-prolyl cis-trans isomerase, putative, expressed	N	Y	Y	32	pipeline_score=29; farm_logP=10.12; max_variant=10; recommendation_score=32
QTL6	Chr3-33924577	10.12	*	LOC_Os03g59710	3:33998808-33999646	5	10	*	4.0	0.0	0.0	15.0	*	29.0	RAP_Step2_jap_Ganguang.FarmCPUpeak_info	RAP_Step2_jap_Ganguang	LOC_Os03g59710			RNA recognition motif containing protein, putative, expressed	N	Y	Y	32	pipeline_score=29; farm_logP=10.12; max_variant=10; recommendation_score=32
QTL6	Chr3-33924577	10.12	*	LOC_Os03g59720	3:34000927-34002390	5	25	25	4.0	0.0	0.0	15.0	*	44.0	RAP_Step2_jap_Ganguang.FarmCPUpeak_info	RAP_Step2_jap_Ganguang	LOC_Os03g59720			ribosomal protein L36 containing protein, expressed	N	Y	Y	49	pipeline_score=44; farm_logP=10.12; max_variant=25; recommendation_score=49
QTL6	Chr3-33924577	10.12	*	LOC_Os03g59730	3:34003039-34005662	25	25	25	4.0	0.0	0.0	0.0	*	29.0	RAP_Step2_jap_Ganguang.FarmCPUpeak_info	RAP_Step2_jap_Ganguang	LOC_Os03g59730			No apical meristem protein, putative, expressed	N	Y	Y	34	pipeline_score=29; farm_logP=10.12; max_variant=25; recommendation_score=34
QTL6	Chr3-33924577	10.12	*	LOC_Os03g59740	3:34006897-34009846	20	10	20	4.0	0.0	0.0	10.0	*	34.0	RAP_Step2_jap_Ganguang.FarmCPUpeak_info	RAP_Step2_jap_Ganguang	LOC_Os03g59740			ADP-ribosylation factor, putative, expressed	N	Y	Y	39	pipeline_score=34; farm_logP=10.12; max_variant=20; recommendation_score=39
QTL6	Chr3-33924577	10.12	*	Os03g0812000	3:34010918-34015642	20	10	0	4.0	0.0	10.0	5.0	*	39.0	RAP_Step2_jap_Ganguang.FarmCPUpeak_info	RAP_Step2_jap_Ganguang	Os03g0812000							44	pipeline_score=39; farm_logP=10.12; max_variant=20; recommendation_score=44
QTL6	Chr3-33924577	10.12	*	LOC_Os03g59754	3:34026133-34026531	20	10	25	4.0	5.0	0.0	0.0	*	34.0	RAP_Step2_jap_Ganguang.FarmCPUpeak_info	RAP_Step2_jap_Ganguang	LOC_Os03g59754			expressed protein	N	Y	Y	39	pipeline_score=34; farm_logP=10.12; max_variant=25; recommendation_score=39
QTL6	Chr3-33924577	10.12	*	LOC_Os03g59760	3:34031452-34034248	20	10	15	4.0	0.0	0.0	15.0	*	39.0	RAP_Step2_jap_Ganguang.FarmCPUpeak_info	RAP_Step2_jap_Ganguang	LOC_Os03g59760			RING finger protein 126, putative, expressed	N	Y	Y	44	pipeline_score=39; farm_logP=10.12; max_variant=20; recommendation_score=44
QTL6	Chr3-33924577	10.12	*	Os03g0812300	3:34034393-34035101	5	*	*	4.0	0.0	0.0	5.0	*	14.0	RAP_Step2_jap_Ganguang.FarmCPUpeak_info	RAP_Step2_jap_Ganguang	Os03g0812300							14	pipeline_score=14; farm_logP=10.12; max_variant=5; recommendation_score=14
QTL6	Chr3-33924577	10.12	*	LOC_Os03g59770	3:34036246-34037129	20	25	*	4.0	0.0	0.0	18.0	*	47.0	RAP_Step2_jap_Ganguang.FarmCPUpeak_info	RAP_Step2_jap_Ganguang	LOC_Os03g59770	OsCaML2 |osa-miR1432	Xoo; breeding; resistance; xoo	EF hand family protein, putative, expressed	N	Y	Y	59	pipeline_score=47; farm_logP=10.12; max_variant=25; symbol=OsCaML2 |osa-miR1432; keyword=Xoo; breeding; resistance; xoo; recommendation_score=59
QTL6	Chr3-33924577	10.12	*	LOC_Os03g59774	3:34039023-34045065	*	*	25	4.0	0.0	0.0	5.0	*	34.0	RAP_Step2_jap_Ganguang.FarmCPUpeak_info	RAP_Step2_jap_Ganguang	LOC_Os03g59774			expressed protein	N	Y	Y	39	pipeline_score=34; farm_logP=10.12; max_variant=25; recommendation_score=39
QTL6	Chr3-33924577	10.12	*	LOC_Os03g59780	3:34046281-34046889	25	25	25	4.0	0.0	0.0	0.0	*	29.0	RAP_Step2_jap_Ganguang.FarmCPUpeak_info	RAP_Step2_jap_Ganguang	LOC_Os03g59780			transposon protein, putative, unclassified	Y	N	Y	34	pipeline_score=29; farm_logP=10.12; max_variant=25; recommendation_score=34
QTL6	Chr3-33924577	10.12	*	LOC_Os03g59790	3:34050446-34051048	20	10	25	4.0	0.0	0.0	5.0	*	34.0	RAP_Step2_jap_Ganguang.FarmCPUpeak_info	RAP_Step2_jap_Ganguang	LOC_Os03g59790	OsEFH1	grain; grain yield; immunity; resistance; yield	EF hand family protein, putative, expressed	N	Y	Y	46	pipeline_score=34; farm_logP=10.12; max_variant=25; symbol=OsEFH1; keyword=grain; grain yield; immunity; resistance; yield; recommendation_score=46
QTL6	Chr3-33924577	10.12	*	LOC_Os03g59810	3:34056557-34060969	25	25	25	4.0	0.0	0.0	0.0	*	29.0	RAP_Step2_jap_Ganguang.FarmCPUpeak_info	RAP_Step2_jap_Ganguang	LOC_Os03g59810			retrotransposon protein, putative, Ty3-gypsy subclass, expressed	Y	Y	Y	34	pipeline_score=29; farm_logP=10.12; max_variant=25; recommendation_score=34
QTL6	Chr3-33924577	10.12	*	LOC_Os03g59820	3:34061320-34062306	25	25	25	4.0	0.0	0.0	0.0	*	29.0	RAP_Step2_jap_Ganguang.FarmCPUpeak_info	RAP_Step2_jap_Ganguang	LOC_Os03g59820			retrotransposon protein, putative, Ty3-gypsy subclass, expressed	Y	Y	Y	34	pipeline_score=29; farm_logP=10.12; max_variant=25; recommendation_score=34
QTL6	Chr3-33924577	10.12	*	LOC_Os03g59830	3:34069115-34069549	20	25	25	4.0	0.0	0.0	0.0	*	29.0	RAP_Step2_jap_Ganguang.FarmCPUpeak_info	RAP_Step2_jap_Ganguang	LOC_Os03g59830			expressed protein	N	Y	Y	34	pipeline_score=29; farm_logP=10.12; max_variant=25; recommendation_score=34
QTL6	Chr3-33924577	10.12	*	LOC_Os03g59840	3:34070422-34073687	20	25	25	4.0	0.0	0.0	5.0	*	34.0	RAP_Step2_jap_Ganguang.FarmCPUpeak_info	RAP_Step2_jap_Ganguang	LOC_Os03g59840			expressed protein	N	Y	Y	39	pipeline_score=34; farm_logP=10.12; max_variant=25; recommendation_score=39
QTL6	Chr3-33924577	10.12	*	LOC_Os03g59850	3:34074396-34075996	20	10	25	4.0	0.0	0.0	0.0	*	29.0	RAP_Step2_jap_Ganguang.FarmCPUpeak_info	RAP_Step2_jap_Ganguang	LOC_Os03g59850			expressed protein	N	Y	Y	34	pipeline_score=29; farm_logP=10.12; max_variant=25; recommendation_score=34
QTL6	Chr3-33924577	10.12	*	LOC_Os03g59860	3:34077262-34079199	20	25	25	4.0	5.0	0.0	5.0	*	39.0	RAP_Step2_jap_Ganguang.FarmCPUpeak_info	RAP_Step2_jap_Ganguang	LOC_Os03g59860			expressed protein	N	Y	Y	44	pipeline_score=39; farm_logP=10.12; max_variant=25; recommendation_score=44
QTL6	Chr3-33924577	10.12	*	Os03g0813450	3:34081401-34081817	*	25	0	4.0	0.0	0.0	0.0	*	29.0	RAP_Step2_jap_Ganguang.FarmCPUpeak_info	RAP_Step2_jap_Ganguang	Os03g0813450							34	pipeline_score=29; farm_logP=10.12; max_variant=25; recommendation_score=34
QTL6	Chr3-33924577	10.12	*	LOC_Os03g59870	3:34081683-34082306	*	5	25	4.0	5.0	10.0	5.0	*	49.0	RAP_Step2_jap_Ganguang.FarmCPUpeak_info	RAP_Step2_jap_Ganguang	LOC_Os03g59870			EF hand family protein, putative, expressed	N	Y	Y	54	pipeline_score=49; farm_logP=10.12; max_variant=25; recommendation_score=54
QTL6	Chr3-33924577	10.12	*	LOC_Os03g59874	3:34085706-34086232	25	5	*	4.0	0.0	0.0	0.0	*	29.0	RAP_Step2_jap_Ganguang.FarmCPUpeak_info	RAP_Step2_jap_Ganguang	LOC_Os03g59874			conserved hypothetical protein	N	N	Y	34	pipeline_score=29; farm_logP=10.12; max_variant=25; recommendation_score=34
QTL6	Chr3-33924577	10.12	*	LOC_Os03g59880	3:34088936-34090111	20	5	*	4.0	0.0	10.0	20.0	*	54.0	RAP_Step2_jap_Ganguang.FarmCPUpeak_info	RAP_Step2_jap_Ganguang	LOC_Os03g59880			expressed protein	N	Y	Y	59	pipeline_score=54; farm_logP=10.12; max_variant=20; recommendation_score=59
QTL6	Chr3-33924577	10.12	*	LOC_Os03g59894	3:34093330-34096667	25	5	*	4.0	0.0	0.0	0.0	*	29.0	RAP_Step2_jap_Ganguang.FarmCPUpeak_info	RAP_Step2_jap_Ganguang	LOC_Os03g59894			transposon protein, putative, unclassified, expressed	Y	Y	Y	34	pipeline_score=29; farm_logP=10.12; max_variant=25; recommendation_score=34
QTL6	Chr3-33924577	10.12	*	LOC_Os03g59910	3:34098272-34098677	25	*	*	4.0	0.0	0.0	0.0	*	29.0	RAP_Step2_jap_Ganguang.FarmCPUpeak_info	RAP_Step2_jap_Ganguang	LOC_Os03g59910			transposon protein, putative, unclassified	Y	N	Y	34	pipeline_score=29; farm_logP=10.12; max_variant=25; recommendation_score=34
QTL6	Chr3-33924577	10.12	*	LOC_Os03g59920	3:34099561-34101193	20	25	25	4.0	0.0	0.0	5.0	*	34.0	RAP_Step2_jap_Ganguang.FarmCPUpeak_info	RAP_Step2_jap_Ganguang	LOC_Os03g59920			transposon protein, putative, unclassified, expressed	Y	Y	Y	39	pipeline_score=34; farm_logP=10.12; max_variant=25; recommendation_score=39
QTL6	Chr3-33924577	10.12	*	LOC_Os03g59930	3:34105397-34105855	25	5	15	4.0	0.0	0.0	20.0	*	49.0	RAP_Step2_jap_Ganguang.FarmCPUpeak_info	RAP_Step2_jap_Ganguang	LOC_Os03g59930			retrotransposon, putative, centromere-specific, expressed	Y	Y	Y	54	pipeline_score=49; farm_logP=10.12; max_variant=25; recommendation_score=54
QTL6	Chr3-33924577	10.12	*	LOC_Os03g59940	3:34108078-34108587	20	25	*	4.0	0.0	0.0	0.0	*	29.0	RAP_Step2_jap_Ganguang.FarmCPUpeak_info	RAP_Step2_jap_Ganguang	LOC_Os03g59940			expressed protein	N	Y	Y	34	pipeline_score=29; farm_logP=10.12; max_variant=25; recommendation_score=34
QTL6	Chr3-33924577	10.12	*	LOC_Os03g59950	3:34113434-34113774	20	5	*	4.0	0.0	0.0	0.0	*	24.0	RAP_Step2_jap_Ganguang.FarmCPUpeak_info	RAP_Step2_jap_Ganguang	LOC_Os03g59950			receptor-like kinase, putative, expressed	N	Y	Y	29	pipeline_score=24; farm_logP=10.12; max_variant=20; recommendation_score=29
QTL6	Chr3-33924577	10.12	*	LOC_Os03g59960	3:34115250-34115867	18	*	25	4.0	0.0	0.0	0.0	*	29.0	RAP_Step2_jap_Ganguang.FarmCPUpeak_info	RAP_Step2_jap_Ganguang	LOC_Os03g59960			transposon protein, putative, Mutator sub-class	Y	N	Y	34	pipeline_score=29; farm_logP=10.12; max_variant=25; recommendation_score=34
QTL6	Chr3-33924577	10.12	*	LOC_Os03g59970	3:34116751-34119034	20	25	*	4.0	0.0	0.0	0.0	*	29.0	RAP_Step2_jap_Ganguang.FarmCPUpeak_info	RAP_Step2_jap_Ganguang	LOC_Os03g59970			hypothetical protein	N	N	Y	34	pipeline_score=29; farm_logP=10.12; max_variant=25; recommendation_score=34
QTL6	Chr3-33924577	10.12	*	LOC_Os03g59980	3:34120015-34121177	25	10	0	4.0	0.0	0.0	0.0	*	29.0	RAP_Step2_jap_Ganguang.FarmCPUpeak_info	RAP_Step2_jap_Ganguang	LOC_Os03g59980			retrotransposon protein, putative, unclassified, expressed	Y	Y	Y	34	pipeline_score=29; farm_logP=10.12; max_variant=25; recommendation_score=34
QTL6	Chr3-33924577	10.12	*	LOC_Os03g59990	3:34123735-34124265	25	25	*	4.0	0.0	0.0	5.0	*	34.0	RAP_Step2_jap_Ganguang.FarmCPUpeak_info	RAP_Step2_jap_Ganguang	LOC_Os03g59990			glucosyl transferase, putative, expressed	N	Y	Y	39	pipeline_score=34; farm_logP=10.12; max_variant=25; recommendation_score=39
QTL6	Chr3-33924577	10.12	*	Os03g0814550	3:34123976-34124443	20	10	0	4.0	0.0	0.0	5.0	*	29.0	RAP_Step2_jap_Ganguang.FarmCPUpeak_info	RAP_Step2_jap_Ganguang	Os03g0814550							34	pipeline_score=29; farm_logP=10.12; max_variant=20; recommendation_score=34
QTL7	Chr4-2197211	12.56	*	LOC_Os04g04254	4:1985634-1997948	25	10	10	8.0	0.0	10.0	10.0	*	53.0	RAP_Step2_jap_Ganguang.FarmCPUpeak_info	RAP_Step2_jap_Ganguang	LOC_Os04g04254			sterol 3-beta-glucosyltransferase, putative, expressed	N	Y	Y	58	pipeline_score=53; farm_logP=12.56; max_variant=25; recommendation_score=58
QTL7	Chr4-2197211	12.56	*	LOC_Os04g04270	4:1999656-2003057	25	25	25	8.0	0.0	0.0	0.0	*	33.0	RAP_Step2_jap_Ganguang.FarmCPUpeak_info	RAP_Step2_jap_Ganguang	LOC_Os04g04270			retrotransposon protein, putative, unclassified, expressed	Y	Y	Y	38	pipeline_score=33; farm_logP=12.56; max_variant=25; recommendation_score=38
QTL7	Chr4-2197211	12.56	*	LOC_Os04g04280	4:2005069-2006132	20	25	25	8.0	0.0	0.0	0.0	*	33.0	RAP_Step2_jap_Ganguang.FarmCPUpeak_info	RAP_Step2_jap_Ganguang	LOC_Os04g04280			retrotransposon protein, putative, unclassified, expressed	Y	Y	Y	38	pipeline_score=33; farm_logP=12.56; max_variant=25; recommendation_score=38
QTL7	Chr4-2197211	12.56	*	LOC_Os04g04290	4:2006969-2009059	25	25	25	8.0	0.0	0.0	0.0	*	33.0	RAP_Step2_jap_Ganguang.FarmCPUpeak_info	RAP_Step2_jap_Ganguang	LOC_Os04g04290			retrotransposon protein, putative, unclassified, expressed	Y	Y	Y	38	pipeline_score=33; farm_logP=12.56; max_variant=25; recommendation_score=38
QTL7	Chr4-2197211	12.56	*	LOC_Os04g04300	4:2016578-2017732	20	5	15	8.0	0.0	0.0	0.0	*	28.0	RAP_Step2_jap_Ganguang.FarmCPUpeak_info	RAP_Step2_jap_Ganguang	LOC_Os04g04300			retrotransposon protein, putative, unclassified, expressed	Y	Y	Y	33	pipeline_score=28; farm_logP=12.56; max_variant=20; recommendation_score=33
QTL7	Chr4-2197211	12.56	*	LOC_Os04g04310	4:2018207-2018805	25	10	*	8.0	0.0	0.0	0.0	*	33.0	RAP_Step2_jap_Ganguang.FarmCPUpeak_info	RAP_Step2_jap_Ganguang	LOC_Os04g04310			hypothetical protein	N	N	Y	38	pipeline_score=33; farm_logP=12.56; max_variant=25; recommendation_score=38
QTL7	Chr4-2197211	12.56	*	LOC_Os04g04320	4:2019220-2026444	20	25	5	8.0	0.0	0.0	10.0	*	43.0	RAP_Step2_jap_Ganguang.FarmCPUpeak_info	RAP_Step2_jap_Ganguang	LOC_Os04g04320			expressed protein	N	Y	Y	48	pipeline_score=43; farm_logP=12.56; max_variant=25; recommendation_score=48
QTL7	Chr4-2197211	12.56	*	Os04g0132400	4:2034450-2037776	20	25	5	8.0	0.0	0.0	5.0	*	38.0	RAP_Step2_jap_Ganguang.FarmCPUpeak_info	RAP_Step2_jap_Ganguang	Os04g0132400							43	pipeline_score=38; farm_logP=12.56; max_variant=25; recommendation_score=43
QTL7	Chr4-2197211	12.56	*	LOC_Os04g04330	4:2034450-2038826	20	10	10	8.0	0.0	0.0	5.0	*	33.0	RAP_Step2_jap_Ganguang.FarmCPUpeak_info	RAP_Step2_jap_Ganguang	LOC_Os04g04330	CTB4a	Kinase; cold stress; cold tolerance; seed; stress; temperature; tolerance; yield	receptor-like protein kinase 2 precursor, putative, expressed	N	Y	Y	45	pipeline_score=33; farm_logP=12.56; max_variant=20; symbol=CTB4a; keyword=Kinase; cold stress; cold tolerance; seed; stress; temperature; tolerance; yield; recommendation_score=45
QTL7	Chr4-2197211	12.56	*	LOC_Os04g04340	4:2042639-2043983	25	5	5	8.0	0.0	0.0	0.0	*	33.0	RAP_Step2_jap_Ganguang.FarmCPUpeak_info	RAP_Step2_jap_Ganguang	LOC_Os04g04340			retrotransposon protein, putative, unclassified, expressed	Y	Y	Y	38	pipeline_score=33; farm_logP=12.56; max_variant=25; recommendation_score=38
QTL7	Chr4-2197211	12.56	*	LOC_Os04g04360	4:2054635-2055160	5	5	15	8.0	5.0	0.0	0.0	*	28.0	RAP_Step2_jap_Ganguang.FarmCPUpeak_info	RAP_Step2_jap_Ganguang	LOC_Os04g04360			expressed protein	N	Y	Y	31	pipeline_score=28; farm_logP=12.56; max_variant=15; recommendation_score=31
QTL7	Chr4-2197211	12.56	*	LOC_Os04g04370	4:2057241-2057884	25	5	0	8.0	5.0	0.0	0.0	*	38.0	RAP_Step2_jap_Ganguang.FarmCPUpeak_info	RAP_Step2_jap_Ganguang	LOC_Os04g04370			retrotransposon protein, putative, unclassified	Y	N	Y	43	pipeline_score=38; farm_logP=12.56; max_variant=25; recommendation_score=43
QTL7	Chr4-2197211	12.56	*	LOC_Os04g04380	4:2066182-2066658	25	25	25	8.0	0.0	0.0	0.0	*	33.0	RAP_Step2_jap_Ganguang.FarmCPUpeak_info	RAP_Step2_jap_Ganguang	LOC_Os04g04380			retrotransposon protein, putative, unclassified	Y	N	Y	38	pipeline_score=33; farm_logP=12.56; max_variant=25; recommendation_score=38
QTL7	Chr4-2197211	12.56	*	LOC_Os04g04390	4:2071049-2084671	25	25	25	8.0	0.0	0.0	10.0	*	43.0	RAP_Step2_jap_Ganguang.FarmCPUpeak_info	RAP_Step2_jap_Ganguang	LOC_Os04g04390			retrotransposon protein, putative, unclassified, expressed	Y	Y	Y	48	pipeline_score=43; farm_logP=12.56; max_variant=25; recommendation_score=48
QTL7	Chr4-2197211	12.56	*	LOC_Os04g04400	4:2092752-2096873	20	25	10	8.0	0.0	0.0	0.0	*	33.0	RAP_Step2_jap_Ganguang.FarmCPUpeak_info	RAP_Step2_jap_Ganguang	LOC_Os04g04400			FAR1 family protein, expressed	Y	Y	Y	38	pipeline_score=33; farm_logP=12.56; max_variant=25; recommendation_score=38
QTL7	Chr4-2197211	12.56	*	LOC_Os04g04410	4:2098144-2101258	25	25	0	8.0	0.0	0.0	0.0	*	33.0	RAP_Step2_jap_Ganguang.FarmCPUpeak_info	RAP_Step2_jap_Ganguang	LOC_Os04g04410			expressed protein	N	Y	Y	38	pipeline_score=33; farm_logP=12.56; max_variant=25; recommendation_score=38
QTL7	Chr4-2197211	12.56	*	LOC_Os04g04420	4:2103235-2106462	15	5	0	8.0	0.0	0.0	0.0	*	23.0	RAP_Step2_jap_Ganguang.FarmCPUpeak_info	RAP_Step2_jap_Ganguang	LOC_Os04g04420			transposon protein, putative, CACTA, En/Spm sub-class, expressed	Y	Y	Y	26	pipeline_score=23; farm_logP=12.56; max_variant=15; recommendation_score=26
QTL7	Chr4-2197211	12.56	*	LOC_Os04g04430	4:2109729-2113031	1	*	*	8.0	0.0	0.0	0.0	*	9.0	RAP_Step2_jap_Ganguang.FarmCPUpeak_info	RAP_Step2_jap_Ganguang	LOC_Os04g04430			transposon protein, putative, CACTA, En/Spm sub-class, expressed	Y	Y	Y	9	pipeline_score=9; farm_logP=12.56; max_variant=1; recommendation_score=9
QTL7	Chr4-2197211	12.56	*	LOC_Os04g04440	4:2114440-2114869	*	*	*	8.0	0.0	0.0	0.0	*	8.0	RAP_Step2_jap_Ganguang.FarmCPUpeak_info	RAP_Step2_jap_Ganguang	LOC_Os04g04440			retrotransposon protein, putative, unclassified	Y	N	Y	8	pipeline_score=8; farm_logP=12.56; recommendation_score=8
QTL7	Chr4-2197211	12.56	*	LOC_Os04g04460	4:2120883-2122725	20	25	*	8.0	0.0	0.0	0.0	*	33.0	RAP_Step2_jap_Ganguang.FarmCPUpeak_info	RAP_Step2_jap_Ganguang	LOC_Os04g04460			retrotransposon protein, putative, unclassified	Y	N	Y	38	pipeline_score=33; farm_logP=12.56; max_variant=25; recommendation_score=38
QTL7	Chr4-2197211	12.56	*	LOC_Os04g04470	4:2124223-2124792	5	5	*	8.0	0.0	0.0	0.0	*	13.0	RAP_Step2_jap_Ganguang.FarmCPUpeak_info	RAP_Step2_jap_Ganguang	LOC_Os04g04470			retrotransposon, putative, centromere-specific, expressed	Y	Y	Y	13	pipeline_score=13; farm_logP=12.56; max_variant=5; recommendation_score=13
QTL7	Chr4-2197211	12.56	*	LOC_Os04g04480	4:2130833-2137203	20	10	*	8.0	0.0	0.0	0.0	*	28.0	RAP_Step2_jap_Ganguang.FarmCPUpeak_info	RAP_Step2_jap_Ganguang	LOC_Os04g04480			retrotransposon protein, putative, unclassified, expressed	Y	Y	Y	33	pipeline_score=28; farm_logP=12.56; max_variant=20; recommendation_score=33
QTL7	Chr4-2197211	12.56	*	LOC_Os04g04490	4:2139354-2145717	25	25	*	8.0	0.0	0.0	5.0	*	38.0	RAP_Step2_jap_Ganguang.FarmCPUpeak_info	RAP_Step2_jap_Ganguang	LOC_Os04g04490			retrotransposon protein, putative, Ty3-gypsy subclass, expressed	Y	Y	Y	43	pipeline_score=38; farm_logP=12.56; max_variant=25; recommendation_score=43
QTL7	Chr4-2197211	12.56	*	LOC_Os04g04500	4:2147815-2149865	*	5	*	8.0	0.0	0.0	0.0	*	13.0	RAP_Step2_jap_Ganguang.FarmCPUpeak_info	RAP_Step2_jap_Ganguang	LOC_Os04g04500			retrotransposon protein, putative, unclassified, expressed	Y	Y	Y	13	pipeline_score=13; farm_logP=12.56; max_variant=5; recommendation_score=13
QTL7	Chr4-2197211	12.56	*	LOC_Os04g04510	4:2158238-2161186	25	25	*	8.0	0.0	0.0	0.0	*	33.0	RAP_Step2_jap_Ganguang.FarmCPUpeak_info	RAP_Step2_jap_Ganguang	LOC_Os04g04510			retrotransposon protein, putative, Ty3-gypsy subclass, expressed	Y	Y	Y	38	pipeline_score=33; farm_logP=12.56; max_variant=25; recommendation_score=38
QTL7	Chr4-2197211	12.56	*	LOC_Os04g04520	4:2161827-2163187	25	25	*	8.0	0.0	0.0	0.0	*	33.0	RAP_Step2_jap_Ganguang.FarmCPUpeak_info	RAP_Step2_jap_Ganguang	LOC_Os04g04520			retrotransposon protein, putative, Ty3-gypsy subclass, expressed	Y	Y	Y	38	pipeline_score=33; farm_logP=12.56; max_variant=25; recommendation_score=38
QTL7	Chr4-2197211	12.56	*	LOC_Os04g04530	4:2166418-2169712	25	25	25	8.0	0.0	0.0	0.0	*	33.0	RAP_Step2_jap_Ganguang.FarmCPUpeak_info	RAP_Step2_jap_Ganguang	LOC_Os04g04530			retrotransposon protein, putative, Ty3-gypsy subclass, expressed	Y	Y	Y	38	pipeline_score=33; farm_logP=12.56; max_variant=25; recommendation_score=38
QTL7	Chr4-2197211	12.56	*	LOC_Os04g04540	4:2172381-2173765	25	25	*	8.0	0.0	0.0	5.0	*	38.0	RAP_Step2_jap_Ganguang.FarmCPUpeak_info	RAP_Step2_jap_Ganguang	LOC_Os04g04540			retrotransposon, putative, centromere-specific, expressed	Y	Y	Y	43	pipeline_score=38; farm_logP=12.56; max_variant=25; recommendation_score=43
QTL7	Chr4-2197211	12.56	*	LOC_Os04g04550	4:2178104-2179972	18	25	*	8.0	0.0	0.0	0.0	*	33.0	RAP_Step2_jap_Ganguang.FarmCPUpeak_info	RAP_Step2_jap_Ganguang	LOC_Os04g04550			retrotransposon protein, putative, Ty3-gypsy subclass, expressed	Y	Y	Y	38	pipeline_score=33; farm_logP=12.56; max_variant=25; recommendation_score=38
QTL7	Chr4-2197211	12.56	*	LOC_Os04g04560	4:2180244-2181035	5	10	*	8.0	0.0	0.0	5.0	*	23.0	RAP_Step2_jap_Ganguang.FarmCPUpeak_info	RAP_Step2_jap_Ganguang	LOC_Os04g04560			retrotransposon protein, putative, Ty3-gypsy subclass, expressed	Y	Y	Y	26	pipeline_score=23; farm_logP=12.56; max_variant=10; recommendation_score=26
QTL7	Chr4-2197211	12.56	*	LOC_Os04g04574	4:2184020-2187531	25	25	*	8.0	0.0	0.0	5.0	*	38.0	RAP_Step2_jap_Ganguang.FarmCPUpeak_info	RAP_Step2_jap_Ganguang	LOC_Os04g04574			retrotransposon protein, putative, Ty3-gypsy subclass, expressed	Y	Y	Y	43	pipeline_score=38; farm_logP=12.56; max_variant=25; recommendation_score=43
QTL7	Chr4-2197211	12.56	*	LOC_Os04g04590	4:2190800-2194809	25	25	*	8.0	0.0	0.0	5.0	*	38.0	RAP_Step2_jap_Ganguang.FarmCPUpeak_info	RAP_Step2_jap_Ganguang	LOC_Os04g04590			retrotransposon protein, putative, Ty3-gypsy subclass, expressed	Y	Y	Y	43	pipeline_score=38; farm_logP=12.56; max_variant=25; recommendation_score=43
QTL7	Chr4-2197211	12.56	*	LOC_Os04g04600	4:2199110-2201994	5	5	*	8.0	0.0	0.0	0.0	*	13.0	RAP_Step2_jap_Ganguang.FarmCPUpeak_info	RAP_Step2_jap_Ganguang	LOC_Os04g04600			retrotransposon protein, putative, Ty3-gypsy subclass	Y	N	Y	13	pipeline_score=13; farm_logP=12.56; max_variant=5; recommendation_score=13
QTL7	Chr4-2197211	12.56	*	LOC_Os04g04610	4:2204309-2206190	25	25	*	8.0	0.0	0.0	0.0	*	33.0	RAP_Step2_jap_Ganguang.FarmCPUpeak_info	RAP_Step2_jap_Ganguang	LOC_Os04g04610			retrotransposon protein, putative, Ty3-gypsy subclass	Y	N	Y	38	pipeline_score=33; farm_logP=12.56; max_variant=25; recommendation_score=38
QTL7	Chr4-2197211	12.56	*	LOC_Os04g04620	4:2216157-2216573	25	25	*	8.0	0.0	0.0	0.0	*	33.0	RAP_Step2_jap_Ganguang.FarmCPUpeak_info	RAP_Step2_jap_Ganguang	LOC_Os04g04620			retrotransposon protein, putative, Ty3-gypsy subclass	Y	N	Y	38	pipeline_score=33; farm_logP=12.56; max_variant=25; recommendation_score=38
QTL7	Chr4-2197211	12.56	*	LOC_Os04g04640	4:2220873-2234260	18	25	*	8.0	5.0	0.0	0.0	*	38.0	RAP_Step2_jap_Ganguang.FarmCPUpeak_info	RAP_Step2_jap_Ganguang	LOC_Os04g04640			decarboxylase, putative, expressed	N	Y	Y	43	pipeline_score=38; farm_logP=12.56; max_variant=25; recommendation_score=43
QTL7	Chr4-2197211	12.56	*	Os04g0134101	4:2231909-2232333	*	1	*	8.0	0.0	0.0	0.0	*	9.0	RAP_Step2_jap_Ganguang.FarmCPUpeak_info	RAP_Step2_jap_Ganguang	Os04g0134101							9	pipeline_score=9; farm_logP=12.56; max_variant=1; recommendation_score=9
QTL7	Chr4-2197211	12.56	*	LOC_Os04g04650	4:2236568-2237453	*	5	*	8.0	5.0	0.0	0.0	*	18.0	RAP_Step2_jap_Ganguang.FarmCPUpeak_info	RAP_Step2_jap_Ganguang	LOC_Os04g04650			hypothetical protein	N	N	Y	18	pipeline_score=18; farm_logP=12.56; max_variant=5; recommendation_score=18
QTL7	Chr4-2197211	12.56	*	LOC_Os04g04660	4:2243435-2244899	20	25	*	8.0	0.0	0.0	0.0	*	33.0	RAP_Step2_jap_Ganguang.FarmCPUpeak_info	RAP_Step2_jap_Ganguang	LOC_Os04g04660			expressed protein	N	Y	Y	38	pipeline_score=33; farm_logP=12.56; max_variant=25; recommendation_score=38
QTL7	Chr4-2197211	12.56	*	LOC_Os04g04670	4:2246910-2252250	10	*	*	8.0	0.0	0.0	0.0	*	18.0	RAP_Step2_jap_Ganguang.FarmCPUpeak_info	RAP_Step2_jap_Ganguang	LOC_Os04g04670			protein kinase, putative, expressed	N	Y	Y	21	pipeline_score=18; farm_logP=12.56; max_variant=10; recommendation_score=21
QTL7	Chr4-2197211	12.56	*	LOC_Os04g04680	4:2253611-2254513	20	*	*	8.0	0.0	0.0	0.0	*	28.0	RAP_Step2_jap_Ganguang.FarmCPUpeak_info	RAP_Step2_jap_Ganguang	LOC_Os04g04680			expressed protein	N	Y	Y	33	pipeline_score=28; farm_logP=12.56; max_variant=20; recommendation_score=33
QTL7	Chr4-2197211	12.56	*	LOC_Os04g04690	4:2255933-2256636	15	25	*	8.0	5.0	0.0	0.0	*	38.0	RAP_Step2_jap_Ganguang.FarmCPUpeak_info	RAP_Step2_jap_Ganguang	LOC_Os04g04690			legume lectins beta domain containing protein, putative	N	N	Y	43	pipeline_score=38; farm_logP=12.56; max_variant=25; recommendation_score=43
QTL7	Chr4-2197211	12.56	*	LOC_Os04g04700	4:2258666-2260362	20	*	*	8.0	0.0	0.0	0.0	*	28.0	RAP_Step2_jap_Ganguang.FarmCPUpeak_info	RAP_Step2_jap_Ganguang	LOC_Os04g04700			retrotransposon protein, putative, unclassified	Y	N	Y	33	pipeline_score=28; farm_logP=12.56; max_variant=20; recommendation_score=33
QTL7	Chr4-2197211	12.56	*	LOC_Os04g04710	4:2260564-2263374	25	5	*	8.0	0.0	0.0	0.0	*	33.0	RAP_Step2_jap_Ganguang.FarmCPUpeak_info	RAP_Step2_jap_Ganguang	LOC_Os04g04710			retrotransposon protein, putative, unclassified, expressed	Y	Y	Y	38	pipeline_score=33; farm_logP=12.56; max_variant=25; recommendation_score=38
QTL7	Chr4-2197211	12.56	*	LOC_Os04g04720	4:2266884-2272507	25	25	*	8.0	0.0	0.0	0.0	*	33.0	RAP_Step2_jap_Ganguang.FarmCPUpeak_info	RAP_Step2_jap_Ganguang	LOC_Os04g04720			retrotransposon protein, putative, unclassified, expressed	Y	Y	Y	38	pipeline_score=33; farm_logP=12.56; max_variant=25; recommendation_score=38
QTL7	Chr4-2197211	12.56	*	LOC_Os04g04730	4:2273427-2276041	25	25	*	8.0	0.0	0.0	5.0	*	38.0	RAP_Step2_jap_Ganguang.FarmCPUpeak_info	RAP_Step2_jap_Ganguang	LOC_Os04g04730			retrotransposon protein, putative, unclassified, expressed	Y	Y	Y	43	pipeline_score=38; farm_logP=12.56; max_variant=25; recommendation_score=43
QTL7	Chr4-2197211	12.56	*	LOC_Os04g04740	4:2279198-2279569	20	5	*	8.0	0.0	0.0	18.0	*	46.0	RAP_Step2_jap_Ganguang.FarmCPUpeak_info	RAP_Step2_jap_Ganguang	LOC_Os04g04740			expressed protein	N	Y	Y	51	pipeline_score=46; farm_logP=12.56; max_variant=20; recommendation_score=51
QTL7	Chr4-2197211	12.56	*	LOC_Os04g04750	4:2281882-2284999	5	5	*	8.0	5.0	0.0	0.0	*	18.0	RAP_Step2_jap_Ganguang.FarmCPUpeak_info	RAP_Step2_jap_Ganguang	LOC_Os04g04750			peroxidase precursor, putative, expressed	N	Y	Y	18	pipeline_score=18; farm_logP=12.56; max_variant=5; recommendation_score=18
QTL7	Chr4-2197211	12.56	*	LOC_Os04g04770	4:2292020-2292933	5	5	*	8.0	0.0	0.0	0.0	*	13.0	RAP_Step2_jap_Ganguang.FarmCPUpeak_info	RAP_Step2_jap_Ganguang	LOC_Os04g04770			legume lectins beta domain containing protein, putative, expressed	N	Y	Y	13	pipeline_score=13; farm_logP=12.56; max_variant=5; recommendation_score=13
QTL7	Chr4-2197211	12.56	*	LOC_Os04g04780	4:2294214-2294503	*	5	*	8.0	0.0	0.0	5.0	*	18.0	RAP_Step2_jap_Ganguang.FarmCPUpeak_info	RAP_Step2_jap_Ganguang	LOC_Os04g04780			hypothetical protein	N	N	Y	18	pipeline_score=18; farm_logP=12.56; max_variant=5; recommendation_score=18
QTL7	Chr4-2197211	12.56	*	LOC_Os04g04790	4:2295703-2299527	*	5	*	8.0	0.0	0.0	5.0	*	18.0	RAP_Step2_jap_Ganguang.FarmCPUpeak_info	RAP_Step2_jap_Ganguang	LOC_Os04g04790			expressed protein	N	Y	Y	18	pipeline_score=18; farm_logP=12.56; max_variant=5; recommendation_score=18
QTL7	Chr4-2197211	12.56	*	LOC_Os04g04800	4:2300779-2302759	*	*	*	8.0	0.0	0.0	5.0	*	13.0	RAP_Step2_jap_Ganguang.FarmCPUpeak_info	RAP_Step2_jap_Ganguang	LOC_Os04g04800			protein kinase domain containing protein, expressed	N	Y	Y	13	pipeline_score=13; farm_logP=12.56; recommendation_score=13
QTL7	Chr4-2197211	12.56	*	LOC_Os04g04810	4:2315199-2316844	25	25	*	8.0	0.0	0.0	0.0	*	33.0	RAP_Step2_jap_Ganguang.FarmCPUpeak_info	RAP_Step2_jap_Ganguang	LOC_Os04g04810			retrotransposon protein, putative, Ty3-gypsy subclass	Y	N	Y	38	pipeline_score=33; farm_logP=12.56; max_variant=25; recommendation_score=38
QTL7	Chr4-2197211	12.56	*	LOC_Os04g04820	4:2321126-2322241	25	25	25	8.0	0.0	0.0	5.0	*	38.0	RAP_Step2_jap_Ganguang.FarmCPUpeak_info	RAP_Step2_jap_Ganguang	LOC_Os04g04820			retrotransposon protein, putative, unclassified, expressed	Y	Y	Y	43	pipeline_score=38; farm_logP=12.56; max_variant=25; recommendation_score=43
QTL7	Chr4-2197211	12.56	*	LOC_Os04g04830	4:2325349-2328242	25	25	15	8.0	0.0	0.0	0.0	*	33.0	RAP_Step2_jap_Ganguang.FarmCPUpeak_info	RAP_Step2_jap_Ganguang	LOC_Os04g04830			retrotransposon protein, putative, unclassified	Y	N	Y	38	pipeline_score=33; farm_logP=12.56; max_variant=25; recommendation_score=38
QTL7	Chr4-2197211	12.56	*	LOC_Os04g04840	4:2328647-2329191	20	25	*	8.0	0.0	0.0	0.0	*	33.0	RAP_Step2_jap_Ganguang.FarmCPUpeak_info	RAP_Step2_jap_Ganguang	LOC_Os04g04840			retrotransposon protein, putative, unclassified	Y	N	Y	38	pipeline_score=33; farm_logP=12.56; max_variant=25; recommendation_score=38
QTL7	Chr4-2197211	12.56	*	LOC_Os04g04850	4:2336400-2339312	25	25	0	8.0	0.0	0.0	0.0	*	33.0	RAP_Step2_jap_Ganguang.FarmCPUpeak_info	RAP_Step2_jap_Ganguang	LOC_Os04g04850			retrotransposon protein, putative, Ty3-gypsy subclass	Y	N	Y	38	pipeline_score=33; farm_logP=12.56; max_variant=25; recommendation_score=38
QTL7	Chr4-2197211	12.56	*	LOC_Os04g04860	4:2341723-2344544	20	25	20	8.0	0.0	0.0	0.0	*	33.0	RAP_Step2_jap_Ganguang.FarmCPUpeak_info	RAP_Step2_jap_Ganguang	LOC_Os04g04860			retrotransposon protein, putative, Ty3-gypsy subclass, expressed	Y	Y	Y	38	pipeline_score=33; farm_logP=12.56; max_variant=25; recommendation_score=38
QTL7	Chr4-2197211	12.56	*	LOC_Os04g04870	4:2347520-2347981	25	25	*	8.0	0.0	0.0	0.0	*	33.0	RAP_Step2_jap_Ganguang.FarmCPUpeak_info	RAP_Step2_jap_Ganguang	LOC_Os04g04870			retrotransposon protein, putative, unclassified, expressed	Y	Y	Y	38	pipeline_score=33; farm_logP=12.56; max_variant=25; recommendation_score=38
QTL7	Chr4-2197211	12.56	*	LOC_Os04g04880	4:2349259-2353466	25	25	*	8.0	0.0	0.0	0.0	*	33.0	RAP_Step2_jap_Ganguang.FarmCPUpeak_info	RAP_Step2_jap_Ganguang	LOC_Os04g04880			retrotransposon protein, putative, Ty3-gypsy subclass, expressed	Y	Y	Y	38	pipeline_score=33; farm_logP=12.56; max_variant=25; recommendation_score=38
QTL7	Chr4-2197211	12.56	*	LOC_Os04g04890	4:2358498-2359298	25	25	5	8.0	0.0	0.0	5.0	*	38.0	RAP_Step2_jap_Ganguang.FarmCPUpeak_info	RAP_Step2_jap_Ganguang	LOC_Os04g04890			retrotransposon protein, putative, Ty3-gypsy subclass, expressed	Y	Y	Y	43	pipeline_score=38; farm_logP=12.56; max_variant=25; recommendation_score=43
QTL7	Chr4-2197211	12.56	*	LOC_Os04g04900	4:2359566-2363978	25	25	*	8.0	0.0	0.0	5.0	*	38.0	RAP_Step2_jap_Ganguang.FarmCPUpeak_info	RAP_Step2_jap_Ganguang	LOC_Os04g04900			retrotransposon protein, putative, Ty3-gypsy subclass, expressed	Y	Y	Y	43	pipeline_score=38; farm_logP=12.56; max_variant=25; recommendation_score=43
QTL7	Chr4-2197211	12.56	*	LOC_Os04g04914	4:2367636-2372259	25	25	*	8.0	0.0	0.0	0.0	*	33.0	RAP_Step2_jap_Ganguang.FarmCPUpeak_info	RAP_Step2_jap_Ganguang	LOC_Os04g04914			retrotransposon protein, putative, unclassified, expressed	Y	Y	Y	38	pipeline_score=33; farm_logP=12.56; max_variant=25; recommendation_score=38
QTL7	Chr4-2197211	12.56	*	LOC_Os04g04930	4:2374478-2377798	25	5	*	8.0	0.0	0.0	0.0	*	33.0	RAP_Step2_jap_Ganguang.FarmCPUpeak_info	RAP_Step2_jap_Ganguang	LOC_Os04g04930			retrotransposon protein, putative, unclassified, expressed	Y	Y	Y	38	pipeline_score=33; farm_logP=12.56; max_variant=25; recommendation_score=38
QTL7	Chr4-2197211	12.56	*	LOC_Os04g04940	4:2379465-2384165	25	*	*	8.0	0.0	0.0	5.0	*	38.0	RAP_Step2_jap_Ganguang.FarmCPUpeak_info	RAP_Step2_jap_Ganguang	LOC_Os04g04940			retrotransposon protein, putative, unclassified, expressed	Y	Y	Y	43	pipeline_score=38; farm_logP=12.56; max_variant=25; recommendation_score=43
QTL7	Chr4-2197211	12.56	*	LOC_Os04g04950	4:2390278-2398419	20	25	*	8.0	0.0	0.0	5.0	*	38.0	RAP_Step2_jap_Ganguang.FarmCPUpeak_info	RAP_Step2_jap_Ganguang	LOC_Os04g04950			copper methylamine oxidase precursor, putative, expressed	N	Y	Y	43	pipeline_score=38; farm_logP=12.56; max_variant=25; recommendation_score=43
QTL8	Chr4-11808963	10.87	*	LOC_Os04g20720	4:11614376-11618559	25	25	25	6.0	0.0	0.0	0.0	*	31.0	RAP_Step2_jap_Ganguang.FarmCPUpeak_info	RAP_Step2_jap_Ganguang	LOC_Os04g20720			retrotransposon, putative, centromere-specific, expressed	Y	Y	Y	36	pipeline_score=31; farm_logP=10.87; max_variant=25; recommendation_score=36
QTL8	Chr4-11808963	10.87	*	LOC_Os04g20730	4:11624792-11625517	5	5	25	6.0	0.0	0.0	5.0	*	36.0	RAP_Step2_jap_Ganguang.FarmCPUpeak_info	RAP_Step2_jap_Ganguang	LOC_Os04g20730			retrotransposon protein, putative, Ty3-gypsy subclass, expressed	Y	Y	Y	41	pipeline_score=36; farm_logP=10.87; max_variant=25; recommendation_score=41
QTL8	Chr4-11808963	10.87	*	LOC_Os04g20740	4:11634246-11634730	20	5	25	6.0	0.0	0.0	0.0	*	31.0	RAP_Step2_jap_Ganguang.FarmCPUpeak_info	RAP_Step2_jap_Ganguang	LOC_Os04g20740			retrotransposon, putative, centromere-specific	Y	N	Y	36	pipeline_score=31; farm_logP=10.87; max_variant=25; recommendation_score=36
QTL8	Chr4-11808963	10.87	*	LOC_Os04g20749	4:11638375-11642936	20	5	20	6.0	0.0	0.0	5.0	*	31.0	RAP_Step2_jap_Ganguang.FarmCPUpeak_info	RAP_Step2_jap_Ganguang	LOC_Os04g20749			expressed protein	N	Y	Y	36	pipeline_score=31; farm_logP=10.87; max_variant=20; recommendation_score=36
QTL8	Chr4-11808963	10.87	*	LOC_Os04g20774	4:11650394-11660149	25	25	0	6.0	0.0	0.0	5.0	*	36.0	RAP_Step2_jap_Ganguang.FarmCPUpeak_info	RAP_Step2_jap_Ganguang	LOC_Os04g20774			pumilio-family RNA binding repeat containing protein, expressed	N	Y	Y	41	pipeline_score=36; farm_logP=10.87; max_variant=25; recommendation_score=41
QTL8	Chr4-11808963	10.87	*	Os04g0276300	4:11652534-11653051	5	5	*	6.0	0.0	0.0	0.0	*	11.0	RAP_Step2_jap_Ganguang.FarmCPUpeak_info	RAP_Step2_jap_Ganguang	Os04g0276300							11	pipeline_score=11; farm_logP=10.87; max_variant=5; recommendation_score=11
QTL8	Chr4-11808963	10.87	*	LOC_Os04g20790	4:11662831-11672020	25	25	25	6.0	0.0	0.0	5.0	*	36.0	RAP_Step2_jap_Ganguang.FarmCPUpeak_info	RAP_Step2_jap_Ganguang	LOC_Os04g20790			transposon protein, putative, CACTA, En/Spm sub-class, expressed	Y	Y	Y	41	pipeline_score=36; farm_logP=10.87; max_variant=25; recommendation_score=41
QTL8	Chr4-11808963	10.87	*	LOC_Os04g20800	4:11673396-11674992	20	5	*	6.0	0.0	0.0	0.0	*	26.0	RAP_Step2_jap_Ganguang.FarmCPUpeak_info	RAP_Step2_jap_Ganguang	LOC_Os04g20800			pumilio domain-containing protein, putative, expressed	N	Y	Y	31	pipeline_score=26; farm_logP=10.87; max_variant=20; recommendation_score=31
QTL8	Chr4-11808963	10.87	*	LOC_Os04g20810	4:11680971-11685148	20	5	*	6.0	0.0	0.0	10.0	*	36.0	RAP_Step2_jap_Ganguang.FarmCPUpeak_info	RAP_Step2_jap_Ganguang	LOC_Os04g20810			receptor protein kinase, putative, expressed	N	Y	Y	41	pipeline_score=36; farm_logP=10.87; max_variant=20; recommendation_score=41
QTL8	Chr4-11808963	10.87	*	LOC_Os04g20840	4:11695237-11697814	25	25	25	6.0	0.0	0.0	0.0	*	31.0	RAP_Step2_jap_Ganguang.FarmCPUpeak_info	RAP_Step2_jap_Ganguang	LOC_Os04g20840			retrotransposon protein, putative, unclassified	Y	N	Y	36	pipeline_score=31; farm_logP=10.87; max_variant=25; recommendation_score=36
QTL8	Chr4-11808963	10.87	*	LOC_Os04g20850	4:11700887-11707521	25	25	25	6.0	0.0	0.0	5.0	*	36.0	RAP_Step2_jap_Ganguang.FarmCPUpeak_info	RAP_Step2_jap_Ganguang	LOC_Os04g20850			retrotransposon protein, putative, Ty3-gypsy subclass, expressed	Y	Y	Y	41	pipeline_score=36; farm_logP=10.87; max_variant=25; recommendation_score=41
QTL8	Chr4-11808963	10.87	*	LOC_Os04g20860	4:11708755-11712431	25	25	25	6.0	0.0	0.0	0.0	*	31.0	RAP_Step2_jap_Ganguang.FarmCPUpeak_info	RAP_Step2_jap_Ganguang	LOC_Os04g20860			retrotransposon protein, putative, unclassified	Y	N	Y	36	pipeline_score=31; farm_logP=10.87; max_variant=25; recommendation_score=36
QTL8	Chr4-11808963	10.87	*	LOC_Os04g20870	4:11713970-11715451	25	25	5	6.0	0.0	0.0	0.0	*	31.0	RAP_Step2_jap_Ganguang.FarmCPUpeak_info	RAP_Step2_jap_Ganguang	LOC_Os04g20870			retrotransposon protein, putative, unclassified, expressed	Y	Y	Y	36	pipeline_score=31; farm_logP=10.87; max_variant=25; recommendation_score=36
QTL8	Chr4-11808963	10.87	*	LOC_Os04g20880	4:11720537-11721807	5	10	15	6.0	0.0	0.0	10.0	*	31.0	RAP_Step2_jap_Ganguang.FarmCPUpeak_info	RAP_Step2_jap_Ganguang	LOC_Os04g20880			wax synthase isoform 1, putative, expressed	N	Y	Y	34	pipeline_score=31; farm_logP=10.87; max_variant=15; recommendation_score=34
QTL8	Chr4-11808963	10.87	*	LOC_Os04g20890	4:11723120-11725913	20	5	10	6.0	0.0	0.0	0.0	*	26.0	RAP_Step2_jap_Ganguang.FarmCPUpeak_info	RAP_Step2_jap_Ganguang	LOC_Os04g20890			retrotransposon protein, putative, unclassified, expressed	Y	Y	Y	31	pipeline_score=26; farm_logP=10.87; max_variant=20; recommendation_score=31
QTL8	Chr4-11808963	10.87	*	LOC_Os04g20900	4:11729202-11732576	25	25	25	6.0	0.0	0.0	0.0	*	31.0	RAP_Step2_jap_Ganguang.FarmCPUpeak_info	RAP_Step2_jap_Ganguang	LOC_Os04g20900			retrotransposon protein, putative, unclassified	Y	N	Y	36	pipeline_score=31; farm_logP=10.87; max_variant=25; recommendation_score=36
QTL8	Chr4-11808963	10.87	*	LOC_Os04g20910	4:11741503-11742045	20	25	25	6.0	0.0	0.0	0.0	*	31.0	RAP_Step2_jap_Ganguang.FarmCPUpeak_info	RAP_Step2_jap_Ganguang	LOC_Os04g20910			expressed protein	N	Y	Y	36	pipeline_score=31; farm_logP=10.87; max_variant=25; recommendation_score=36
QTL8	Chr4-11808963	10.87	*	LOC_Os04g20920	4:11743893-11747126	5	10	20	6.0	0.0	0.0	10.0	*	36.0	RAP_Step2_jap_Ganguang.FarmCPUpeak_info	RAP_Step2_jap_Ganguang	LOC_Os04g20920			H-BTB2 - Bric-a-Brac, Tramtrack, Broad Complex BTB domain with H family conserved sequence, expressed	N	Y	Y	41	pipeline_score=36; farm_logP=10.87; max_variant=20; recommendation_score=41
QTL8	Chr4-11808963	10.87	*	LOC_Os04g20930	4:11747201-11747620	18	25	10	6.0	0.0	0.0	5.0	*	36.0	RAP_Step2_jap_Ganguang.FarmCPUpeak_info	RAP_Step2_jap_Ganguang	LOC_Os04g20930			expressed protein	N	Y	Y	41	pipeline_score=36; farm_logP=10.87; max_variant=25; recommendation_score=41
QTL8	Chr4-11808963	10.87	*	LOC_Os04g20940	4:11750217-11756510	25	25	25	6.0	0.0	0.0	5.0	*	36.0	RAP_Step2_jap_Ganguang.FarmCPUpeak_info	RAP_Step2_jap_Ganguang	LOC_Os04g20940			retrotransposon protein, putative, unclassified, expressed	Y	Y	Y	41	pipeline_score=36; farm_logP=10.87; max_variant=25; recommendation_score=41
QTL8	Chr4-11808963	10.87	*	LOC_Os04g20950	4:11757132-11760119	25	25	25	6.0	0.0	0.0	0.0	*	31.0	RAP_Step2_jap_Ganguang.FarmCPUpeak_info	RAP_Step2_jap_Ganguang	LOC_Os04g20950			retrotransposon protein, putative, unclassified, expressed	Y	Y	Y	36	pipeline_score=31; farm_logP=10.87; max_variant=25; recommendation_score=36
QTL8	Chr4-11808963	10.87	*	LOC_Os04g20960	4:11764702-11797980	20	5	0	6.0	0.0	0.0	10.0	*	36.0	RAP_Step2_jap_Ganguang.FarmCPUpeak_info	RAP_Step2_jap_Ganguang	LOC_Os04g20960			expressed protein	N	Y	Y	41	pipeline_score=36; farm_logP=10.87; max_variant=20; recommendation_score=41
QTL8	Chr4-11808963	10.87	*	Os04g0278550	4:11766076-11797526	20	5	5	6.0	0.0	0.0	5.0	*	31.0	RAP_Step2_jap_Ganguang.FarmCPUpeak_info	RAP_Step2_jap_Ganguang	Os04g0278550							36	pipeline_score=31; farm_logP=10.87; max_variant=20; recommendation_score=36
QTL8	Chr4-11808963	10.87	*	LOC_Os04g20990	4:11801164-11814990	20	10	0	6.0	0.0	0.0	18.0	*	44.0	RAP_Step2_jap_Ganguang.FarmCPUpeak_info	RAP_Step2_jap_Ganguang	LOC_Os04g20990			tRNA-dihydrouridine synthase, putative, expressed	N	Y	Y	49	pipeline_score=44; farm_logP=10.87; max_variant=20; recommendation_score=49
QTL8	Chr4-11808963	10.87	*	LOC_Os04g21010	4:11817418-11817910	25	25	0	6.0	0.0	0.0	5.0	*	36.0	RAP_Step2_jap_Ganguang.FarmCPUpeak_info	RAP_Step2_jap_Ganguang	LOC_Os04g21010			retrotransposon protein, putative, unclassified, expressed	Y	Y	Y	41	pipeline_score=36; farm_logP=10.87; max_variant=25; recommendation_score=41
QTL8	Chr4-11808963	10.87	*	LOC_Os04g21020	4:11821343-11822522	25	25	5	6.0	0.0	0.0	0.0	*	31.0	RAP_Step2_jap_Ganguang.FarmCPUpeak_info	RAP_Step2_jap_Ganguang	LOC_Os04g21020			expressed protein	N	Y	Y	36	pipeline_score=31; farm_logP=10.87; max_variant=25; recommendation_score=36
QTL8	Chr4-11808963	10.87	*	Os04g0279300	4:11824122-11824179	*	5	*	6.0	0.0	0.0	0.0	*	11.0	RAP_Step2_jap_Ganguang.FarmCPUpeak_info	RAP_Step2_jap_Ganguang	Os04g0279300							11	pipeline_score=11; farm_logP=10.87; max_variant=5; recommendation_score=11
QTL8	Chr4-11808963	10.87	*	LOC_Os04g21030	4:11825203-11827141	25	25	*	6.0	0.0	0.0	0.0	*	31.0	RAP_Step2_jap_Ganguang.FarmCPUpeak_info	RAP_Step2_jap_Ganguang	LOC_Os04g21030			retrotransposon protein, putative, unclassified, expressed	Y	Y	Y	36	pipeline_score=31; farm_logP=10.87; max_variant=25; recommendation_score=36
QTL8	Chr4-11808963	10.87	*	LOC_Os04g21040	4:11827545-11830404	25	25	25	6.0	0.0	0.0	0.0	*	31.0	RAP_Step2_jap_Ganguang.FarmCPUpeak_info	RAP_Step2_jap_Ganguang	LOC_Os04g21040			retrotransposon protein, putative, unclassified, expressed	Y	Y	Y	36	pipeline_score=31; farm_logP=10.87; max_variant=25; recommendation_score=36
QTL8	Chr4-11808963	10.87	*	LOC_Os04g21050	4:11831884-11832210	25	5	25	6.0	0.0	0.0	5.0	*	36.0	RAP_Step2_jap_Ganguang.FarmCPUpeak_info	RAP_Step2_jap_Ganguang	LOC_Os04g21050			expressed protein	N	Y	Y	41	pipeline_score=36; farm_logP=10.87; max_variant=25; recommendation_score=41
QTL8	Chr4-11808963	10.87	*	LOC_Os04g21060	4:11839520-11842162	25	25	25	6.0	0.0	0.0	5.0	*	36.0	RAP_Step2_jap_Ganguang.FarmCPUpeak_info	RAP_Step2_jap_Ganguang	LOC_Os04g21060			retrotransposon protein, putative, unclassified, expressed	Y	Y	Y	41	pipeline_score=36; farm_logP=10.87; max_variant=25; recommendation_score=41
QTL8	Chr4-11808963	10.87	*	LOC_Os04g21070	4:11843993-11844836	25	25	25	6.0	0.0	0.0	0.0	*	31.0	RAP_Step2_jap_Ganguang.FarmCPUpeak_info	RAP_Step2_jap_Ganguang	LOC_Os04g21070			retrotransposon protein, putative, unclassified	Y	N	Y	36	pipeline_score=31; farm_logP=10.87; max_variant=25; recommendation_score=36
QTL8	Chr4-11808963	10.87	*	LOC_Os04g21080	4:11845545-11846741	25	25	25	6.0	0.0	0.0	5.0	*	36.0	RAP_Step2_jap_Ganguang.FarmCPUpeak_info	RAP_Step2_jap_Ganguang	LOC_Os04g21080			retrotransposon protein, putative, unclassified, expressed	Y	Y	Y	41	pipeline_score=36; farm_logP=10.87; max_variant=25; recommendation_score=41
QTL8	Chr4-11808963	10.87	*	LOC_Os04g21090	4:11852553-11854107	25	25	25	6.0	0.0	0.0	20.0	*	51.0	RAP_Step2_jap_Ganguang.FarmCPUpeak_info	RAP_Step2_jap_Ganguang	LOC_Os04g21090			retrotransposon protein, putative, unclassified, expressed	Y	Y	Y	56	pipeline_score=51; farm_logP=10.87; max_variant=25; recommendation_score=56
QTL8	Chr4-11808963	10.87	*	LOC_Os04g21100	4:11859318-11861900	25	25	25	6.0	0.0	0.0	5.0	*	36.0	RAP_Step2_jap_Ganguang.FarmCPUpeak_info	RAP_Step2_jap_Ganguang	LOC_Os04g21100			retrotransposon protein, putative, unclassified, expressed	Y	Y	Y	41	pipeline_score=36; farm_logP=10.87; max_variant=25; recommendation_score=41
QTL8	Chr4-11808963	10.87	*	LOC_Os04g21110	4:11869125-11887514	20	20	0	6.0	0.0	0.0	15.0	*	41.0	RAP_Step2_jap_Ganguang.FarmCPUpeak_info	RAP_Step2_jap_Ganguang	LOC_Os04g21110			phosphoribulokinase/Uridine kinase family protein, expressed	N	Y	Y	46	pipeline_score=41; farm_logP=10.87; max_variant=20; recommendation_score=46
QTL8	Chr4-11808963	10.87	*	Os04g0280251	4:11869166-11887359	20	5	20	6.0	0.0	0.0	5.0	*	31.0	RAP_Step2_jap_Ganguang.FarmCPUpeak_info	RAP_Step2_jap_Ganguang	Os04g0280251							36	pipeline_score=31; farm_logP=10.87; max_variant=20; recommendation_score=36
QTL8	Chr4-11808963	10.87	*	LOC_Os04g21120	4:11887804-11888852	20	25	20	6.0	0.0	0.0	5.0	*	36.0	RAP_Step2_jap_Ganguang.FarmCPUpeak_info	RAP_Step2_jap_Ganguang	LOC_Os04g21120			expressed protein	N	Y	Y	41	pipeline_score=36; farm_logP=10.87; max_variant=25; recommendation_score=41
QTL8	Chr4-11808963	10.87	*	LOC_Os04g21130	4:11894682-11898544	18	10	25	6.0	0.0	0.0	18.0	*	49.0	RAP_Step2_jap_Ganguang.FarmCPUpeak_info	RAP_Step2_jap_Ganguang	LOC_Os04g21130			F-box protein PP2-B1, putative, expressed	N	Y	Y	54	pipeline_score=49; farm_logP=10.87; max_variant=25; recommendation_score=54
QTL8	Chr4-11808963	10.87	*	LOC_Os04g21140	4:11900035-11905500	25	25	25	6.0	0.0	0.0	5.0	*	36.0	RAP_Step2_jap_Ganguang.FarmCPUpeak_info	RAP_Step2_jap_Ganguang	LOC_Os04g21140			retrotransposon protein, putative, Ty3-gypsy subclass, expressed	Y	Y	Y	41	pipeline_score=36; farm_logP=10.87; max_variant=25; recommendation_score=41
QTL8	Chr4-11808963	10.87	*	LOC_Os04g21150	4:11906461-11909385	20	25	25	6.0	0.0	0.0	5.0	*	36.0	RAP_Step2_jap_Ganguang.FarmCPUpeak_info	RAP_Step2_jap_Ganguang	LOC_Os04g21150			retrotransposon protein, putative, Ty3-gypsy subclass	Y	N	Y	41	pipeline_score=36; farm_logP=10.87; max_variant=25; recommendation_score=41
QTL8	Chr4-11808963	10.87	*	LOC_Os04g21160	4:11911069-11918055	25	10	25	6.0	0.0	0.0	0.0	*	31.0	RAP_Step2_jap_Ganguang.FarmCPUpeak_info	RAP_Step2_jap_Ganguang	LOC_Os04g21160			triacylglycerol lipase 1 precursor, putative, expressed	N	Y	Y	36	pipeline_score=31; farm_logP=10.87; max_variant=25; recommendation_score=36
QTL8	Chr4-11808963	10.87	*	Os04g0280650	4:11911133-11917506	25	5	20	6.0	0.0	0.0	0.0	*	31.0	RAP_Step2_jap_Ganguang.FarmCPUpeak_info	RAP_Step2_jap_Ganguang	Os04g0280650							36	pipeline_score=31; farm_logP=10.87; max_variant=25; recommendation_score=36
QTL8	Chr4-11808963	10.87	*	LOC_Os04g21170	4:11918794-11919083	5	25	25	6.0	0.0	0.0	0.0	*	31.0	RAP_Step2_jap_Ganguang.FarmCPUpeak_info	RAP_Step2_jap_Ganguang	LOC_Os04g21170			hypothetical protein	N	N	Y	36	pipeline_score=31; farm_logP=10.87; max_variant=25; recommendation_score=36
QTL8	Chr4-11808963	10.87	*	LOC_Os04g21180	4:11921656-11925528	25	25	25	6.0	0.0	0.0	0.0	*	31.0	RAP_Step2_jap_Ganguang.FarmCPUpeak_info	RAP_Step2_jap_Ganguang	LOC_Os04g21180			retrotransposon protein, putative, Ty1-copia subclass, expressed	Y	Y	Y	36	pipeline_score=31; farm_logP=10.87; max_variant=25; recommendation_score=36
QTL8	Chr4-11808963	10.87	*	Os04g0280700	4:11934116-11936662	25	25	0	6.0	0.0	0.0	5.0	*	36.0	RAP_Step2_jap_Ganguang.FarmCPUpeak_info	RAP_Step2_jap_Ganguang	Os04g0280700							41	pipeline_score=36; farm_logP=10.87; max_variant=25; recommendation_score=41
QTL8	Chr4-11808963	10.87	*	LOC_Os04g21190	4:11935132-11936430	20	5	*	6.0	0.0	0.0	20.0	*	46.0	RAP_Step2_jap_Ganguang.FarmCPUpeak_info	RAP_Step2_jap_Ganguang	LOC_Os04g21190			retrotransposon, putative, centromere-specific, expressed	Y	Y	Y	51	pipeline_score=46; farm_logP=10.87; max_variant=20; recommendation_score=51
QTL8	Chr4-11808963	10.87	*	Os04g0281300	4:11938393-11938439	*	*	*	6.0	0.0	0.0	0.0	*	6.0	RAP_Step2_jap_Ganguang.FarmCPUpeak_info	RAP_Step2_jap_Ganguang	Os04g0281300							6	pipeline_score=6; farm_logP=10.87; recommendation_score=6
QTL8	Chr4-11808963	10.87	*	LOC_Os04g21200	4:11944797-11951516	25	25	25	6.0	0.0	0.0	5.0	*	36.0	RAP_Step2_jap_Ganguang.FarmCPUpeak_info	RAP_Step2_jap_Ganguang	LOC_Os04g21200			retrotransposon protein, putative, Ty3-gypsy subclass, expressed	Y	Y	Y	41	pipeline_score=36; farm_logP=10.87; max_variant=25; recommendation_score=41
QTL8	Chr4-11808963	10.87	*	LOC_Os04g21210	4:11953419-11960137	25	25	25	6.0	0.0	0.0	5.0	*	36.0	RAP_Step2_jap_Ganguang.FarmCPUpeak_info	RAP_Step2_jap_Ganguang	LOC_Os04g21210			retrotransposon protein, putative, Ty3-gypsy subclass, expressed	Y	Y	Y	41	pipeline_score=36; farm_logP=10.87; max_variant=25; recommendation_score=41
QTL8	Chr4-11808963	10.87	*	LOC_Os04g21220	4:11962220-11967371	25	25	25	6.0	0.0	0.0	5.0	*	36.0	RAP_Step2_jap_Ganguang.FarmCPUpeak_info	RAP_Step2_jap_Ganguang	LOC_Os04g21220			retrotransposon protein, putative, Ty3-gypsy subclass, expressed	Y	Y	Y	41	pipeline_score=36; farm_logP=10.87; max_variant=25; recommendation_score=41
QTL8	Chr4-11808963	10.87	*	LOC_Os04g21230	4:11968909-11970564	25	25	25	6.0	0.0	0.0	0.0	*	31.0	RAP_Step2_jap_Ganguang.FarmCPUpeak_info	RAP_Step2_jap_Ganguang	LOC_Os04g21230			retrotransposon protein, putative, unclassified, expressed	Y	Y	Y	36	pipeline_score=31; farm_logP=10.87; max_variant=25; recommendation_score=36
QTL8	Chr4-11808963	10.87	*	LOC_Os04g21240	4:11975278-11976266	5	10	25	6.0	0.0	0.0	0.0	*	31.0	RAP_Step2_jap_Ganguang.FarmCPUpeak_info	RAP_Step2_jap_Ganguang	LOC_Os04g21240			retrotransposon protein, putative, Ty3-gypsy subclass, expressed	Y	Y	Y	36	pipeline_score=31; farm_logP=10.87; max_variant=25; recommendation_score=36
QTL8	Chr4-11808963	10.87	*	LOC_Os04g21250	4:11980119-11983851	20	25	25	6.0	0.0	0.0	5.0	*	36.0	RAP_Step2_jap_Ganguang.FarmCPUpeak_info	RAP_Step2_jap_Ganguang	LOC_Os04g21250			retrotransposon protein, putative, Ty3-gypsy subclass, expressed	Y	Y	Y	41	pipeline_score=36; farm_logP=10.87; max_variant=25; recommendation_score=41
QTL8	Chr4-11808963	10.87	*	LOC_Os04g21260	4:11990081-11993318	25	25	25	6.0	0.0	0.0	5.0	*	36.0	RAP_Step2_jap_Ganguang.FarmCPUpeak_info	RAP_Step2_jap_Ganguang	LOC_Os04g21260			transposon protein, putative, unclassified, expressed	Y	Y	Y	41	pipeline_score=36; farm_logP=10.87; max_variant=25; recommendation_score=41
QTL8	Chr4-11808963	10.87	*	LOC_Os04g21270	4:11993959-12000114	25	25	25	6.0	0.0	0.0	5.0	*	36.0	RAP_Step2_jap_Ganguang.FarmCPUpeak_info	RAP_Step2_jap_Ganguang	LOC_Os04g21270			transposon protein, putative, unclassified, expressed	Y	Y	Y	41	pipeline_score=36; farm_logP=10.87; max_variant=25; recommendation_score=41
QTL8	Chr4-11808963	10.87	*	LOC_Os04g21290	4:12007909-12011655	25	25	25	6.0	0.0	0.0	0.0	*	31.0	RAP_Step2_jap_Ganguang.FarmCPUpeak_info	RAP_Step2_jap_Ganguang	LOC_Os04g21290			retrotransposon protein, putative, unclassified, expressed	Y	Y	Y	36	pipeline_score=31; farm_logP=10.87; max_variant=25; recommendation_score=36
QTL9	Chr4-33160762	8.41	*	LOC_Os04g55420	4:32963272-32967004	20	5	25	2.0	0.0	0.0	18.0	*	45.0	RAP_Step2_jap_Ganguang.FarmCPUpeak_info	RAP_Step2_jap_Ganguang	LOC_Os04g55420			leucine-rich repeat family protein, putative, expressed	N	Y	Y	50	pipeline_score=45; farm_logP=8.41; max_variant=25; recommendation_score=50
QTL9	Chr4-33160762	8.41	*	Os04g0648000	4:32963688-32967606	20	25	0	2.0	0.0	0.0	5.0	*	32.0	RAP_Step2_jap_Ganguang.FarmCPUpeak_info	RAP_Step2_jap_Ganguang	Os04g0648000							37	pipeline_score=32; farm_logP=8.41; max_variant=25; recommendation_score=37
QTL9	Chr4-33160762	8.41	*	LOC_Os04g55430	4:32968354-32970534	25	25	25	2.0	0.0	0.0	5.0	*	32.0	RAP_Step2_jap_Ganguang.FarmCPUpeak_info	RAP_Step2_jap_Ganguang	LOC_Os04g55430			transposon protein, putative, unclassified	Y	N	Y	37	pipeline_score=32; farm_logP=8.41; max_variant=25; recommendation_score=37
QTL9	Chr4-33160762	8.41	*	LOC_Os04g55440	4:32974844-32977692	15	10	20	2.0	0.0	0.0	20.0	*	42.0	RAP_Step2_jap_Ganguang.FarmCPUpeak_info	RAP_Step2_jap_Ganguang	LOC_Os04g55440			Cf-4A protein, putative, expressed	N	Y	Y	47	pipeline_score=42; farm_logP=8.41; max_variant=20; recommendation_score=47
QTL9	Chr4-33160762	8.41	*	LOC_Os04g55450	4:32979896-32986525	25	25	25	2.0	0.0	0.0	20.0	*	47.0	RAP_Step2_jap_Ganguang.FarmCPUpeak_info	RAP_Step2_jap_Ganguang	LOC_Os04g55450			transposon protein, putative, unclassified, expressed	Y	Y	Y	52	pipeline_score=47; farm_logP=8.41; max_variant=25; recommendation_score=52
QTL9	Chr4-33160762	8.41	*	Os04g0648400	4:32991267-32994650	5	10	20	2.0	0.0	0.0	5.0	*	27.0	RAP_Step2_jap_Ganguang.FarmCPUpeak_info	RAP_Step2_jap_Ganguang	Os04g0648400							32	pipeline_score=27; farm_logP=8.41; max_variant=20; recommendation_score=32
QTL9	Chr4-33160762	8.41	*	LOC_Os04g55480	4:32994299-32999782	25	10	20	2.0	0.0	0.0	15.0	*	42.0	RAP_Step2_jap_Ganguang.FarmCPUpeak_info	RAP_Step2_jap_Ganguang	LOC_Os04g55480			BRCA1-associated protein, putative, expressed	N	Y	Y	47	pipeline_score=42; farm_logP=8.41; max_variant=25; recommendation_score=47
QTL9	Chr4-33160762	8.41	*	LOC_Os04g55490	4:33001885-33003007	5	10	*	2.0	0.0	0.0	5.0	*	17.0	RAP_Step2_jap_Ganguang.FarmCPUpeak_info	RAP_Step2_jap_Ganguang	LOC_Os04g55490			expressed protein	N	Y	Y	20	pipeline_score=17; farm_logP=8.41; max_variant=10; recommendation_score=20
QTL9	Chr4-33160762	8.41	*	LOC_Os04g55500	4:33006324-33013002	5	10	10	2.0	0.0	0.0	15.0	*	27.0	RAP_Step2_jap_Ganguang.FarmCPUpeak_info	RAP_Step2_jap_Ganguang	LOC_Os04g55500			expressed protein	N	Y	Y	30	pipeline_score=27; farm_logP=8.41; max_variant=10; recommendation_score=30
QTL9	Chr4-33160762	8.41	*	LOC_Os04g55505	4:33014502-33015495	5	10	5	2.0	0.0	0.0	5.0	*	17.0	RAP_Step2_jap_Ganguang.FarmCPUpeak_info	RAP_Step2_jap_Ganguang	LOC_Os04g55505			expressed protein	N	Y	Y	20	pipeline_score=17; farm_logP=8.41; max_variant=10; recommendation_score=20
QTL9	Chr4-33160762	8.41	*	LOC_Os04g55510	4:33022716-33028387	20	10	10	2.0	0.0	10.0	15.0	*	47.0	RAP_Step2_jap_Ganguang.FarmCPUpeak_info	RAP_Step2_jap_Ganguang	LOC_Os04g55510	HAF1|OsHIP1	Ubiquitin; heading date	zinc finger, C3HC4 type domain containing protein, expressed	N	Y	Y	59	pipeline_score=47; farm_logP=8.41; max_variant=20; symbol=HAF1|OsHIP1; keyword=Ubiquitin; heading date; recommendation_score=59
QTL9	Chr4-33160762	8.41	*	Os04g0648775	4:33022824-33028232	20	5	*	2.0	0.0	0.0	5.0	*	27.0	RAP_Step2_jap_Ganguang.FarmCPUpeak_info	RAP_Step2_jap_Ganguang	Os04g0648775							32	pipeline_score=27; farm_logP=8.41; max_variant=20; recommendation_score=32
QTL9	Chr4-33160762	8.41	*	LOC_Os04g55520	4:33030611-33031843	5	10	10	2.0	0.0	0.0	10.0	*	22.0	RAP_Step2_jap_Ganguang.FarmCPUpeak_info	RAP_Step2_jap_Ganguang	LOC_Os04g55520			AP2 domain containing protein, expressed	N	Y	Y	25	pipeline_score=22; farm_logP=8.41; max_variant=10; recommendation_score=25
QTL9	Chr4-33160762	8.41	*	LOC_Os04g55530	4:33034108-33040225	25	25	25	2.0	0.0	0.0	5.0	*	32.0	RAP_Step2_jap_Ganguang.FarmCPUpeak_info	RAP_Step2_jap_Ganguang	LOC_Os04g55530			retrotransposon protein, putative, unclassified, expressed	Y	Y	Y	37	pipeline_score=32; farm_logP=8.41; max_variant=25; recommendation_score=37
QTL9	Chr4-33160762	8.41	*	LOC_Os04g55540	4:33040546-33044151	25	25	25	2.0	0.0	0.0	5.0	*	32.0	RAP_Step2_jap_Ganguang.FarmCPUpeak_info	RAP_Step2_jap_Ganguang	LOC_Os04g55540			retrotransposon protein, putative, unclassified, expressed	Y	Y	Y	37	pipeline_score=32; farm_logP=8.41; max_variant=25; recommendation_score=37
QTL9	Chr4-33160762	8.41	*	Os04g0648950	4:33051638-33052729	*	25	*	2.0	0.0	0.0	5.0	*	32.0	RAP_Step2_jap_Ganguang.FarmCPUpeak_info	RAP_Step2_jap_Ganguang	Os04g0648950							37	pipeline_score=32; farm_logP=8.41; max_variant=25; recommendation_score=37
QTL9	Chr4-33160762	8.41	*	LOC_Os04g55550	4:33053036-33053928	20	10	*	2.0	0.0	0.0	5.0	*	27.0	RAP_Step2_jap_Ganguang.FarmCPUpeak_info	RAP_Step2_jap_Ganguang	LOC_Os04g55550			expressed protein	N	Y	Y	32	pipeline_score=27; farm_logP=8.41; max_variant=20; recommendation_score=32
QTL9	Chr4-33160762	8.41	*	LOC_Os04g55555	4:33063500-33066192	20	25	25	2.0	0.0	0.0	0.0	*	27.0	RAP_Step2_jap_Ganguang.FarmCPUpeak_info	RAP_Step2_jap_Ganguang	LOC_Os04g55555			retrotransposon protein, putative, unclassified, expressed	Y	Y	Y	32	pipeline_score=27; farm_logP=8.41; max_variant=25; recommendation_score=32
QTL9	Chr4-33160762	8.41	*	LOC_Os04g55560	4:33071622-33075371	20	*	*	2.0	0.0	18.0	10.0	*	50.0	RAP_Step2_jap_Ganguang.FarmCPUpeak_info	RAP_Step2_jap_Ganguang	LOC_Os04g55560	SHAT1	seed; shattering; spikelet; transcription factor	AP2 domain containing protein, expressed	N	Y	Y	62	pipeline_score=50; farm_logP=8.41; max_variant=20; symbol=SHAT1; keyword=seed; shattering; spikelet; transcription factor; recommendation_score=62
QTL9	Chr4-33160762	8.41	*	LOC_Os04g55570	4:33080889-33086419	20	*	*	2.0	0.0	0.0	5.0	*	27.0	RAP_Step2_jap_Ganguang.FarmCPUpeak_info	RAP_Step2_jap_Ganguang	LOC_Os04g55570			plant protein of unknown function DUF869 domain containing protein, expressed	N	Y	Y	32	pipeline_score=27; farm_logP=8.41; max_variant=20; recommendation_score=32
QTL9	Chr4-33160762	8.41	*	Os04g0649150	4:33080896-33086409	20	5	*	2.0	0.0	0.0	5.0	*	27.0	RAP_Step2_jap_Ganguang.FarmCPUpeak_info	RAP_Step2_jap_Ganguang	Os04g0649150							32	pipeline_score=27; farm_logP=8.41; max_variant=20; recommendation_score=32
QTL9	Chr4-33160762	8.41	*	LOC_Os04g55580	4:33088601-33089243	25	25	*	2.0	0.0	0.0	0.0	*	27.0	RAP_Step2_jap_Ganguang.FarmCPUpeak_info	RAP_Step2_jap_Ganguang	LOC_Os04g55580			GRF zinc finger family protein	N	N	Y	32	pipeline_score=27; farm_logP=8.41; max_variant=25; recommendation_score=32
QTL9	Chr4-33160762	8.41	*	LOC_Os04g55590	4:33095586-33096465	5	5	*	2.0	5.0	0.0	5.0	*	17.0	RAP_Step2_jap_Ganguang.FarmCPUpeak_info	RAP_Step2_jap_Ganguang	LOC_Os04g55590	OsWOX4	IAA; architecture; auxin; auxin biosynthesis; auxin transport; cell cycle; cell proliferation; cytokinin; development; iaa; leaf; leaf development; meristem; primary root; root; root elongation; root length; root system architecture; shoot; shoot apical meristem; stem; transcription factor; vascular bundle	homeobox domain containing protein, expressed	N	Y	Y	24	pipeline_score=17; farm_logP=8.41; max_variant=5; symbol=OsWOX4; keyword=IAA; architecture; auxin; auxin biosynthesis; auxin transport; cell cycle; cell proliferation; cytokinin; development; iaa; leaf; leaf development; meristem; primary root; root; root elongation; root length; root system architecture; shoot; shoot apical meristem; stem; transcription factor; vascular bundle; recommendation_score=24
QTL9	Chr4-33160762	8.41	*	LOC_Os04g55600	4:33101503-33102453	5	5	*	2.0	5.0	0.0	5.0	*	17.0	RAP_Step2_jap_Ganguang.FarmCPUpeak_info	RAP_Step2_jap_Ganguang	LOC_Os04g55600			expressed protein	N	Y	Y	17	pipeline_score=17; farm_logP=8.41; max_variant=5; recommendation_score=17
QTL9	Chr4-33160762	8.41	*	LOC_Os04g55610	4:33107962-33108255	5	5	5	2.0	0.0	0.0	10.0	*	17.0	RAP_Step2_jap_Ganguang.FarmCPUpeak_info	RAP_Step2_jap_Ganguang	LOC_Os04g55610			expressed protein	N	Y	Y	17	pipeline_score=17; farm_logP=8.41; max_variant=5; recommendation_score=17
QTL9	Chr4-33160762	8.41	*	LOC_Os04g55620	4:33109717-33113326	20	10	*	2.0	0.0	0.0	5.0	*	27.0	RAP_Step2_jap_Ganguang.FarmCPUpeak_info	RAP_Step2_jap_Ganguang	LOC_Os04g55620			receptor kinase, putative, expressed	N	Y	Y	32	pipeline_score=27; farm_logP=8.41; max_variant=20; recommendation_score=32
QTL9	Chr4-33160762	8.41	*	LOC_Os04g55630	4:33114546-33116674	25	25	2	2.0	0.0	0.0	0.0	*	27.0	RAP_Step2_jap_Ganguang.FarmCPUpeak_info	RAP_Step2_jap_Ganguang	LOC_Os04g55630			expressed protein	N	Y	Y	32	pipeline_score=27; farm_logP=8.41; max_variant=25; recommendation_score=32
QTL9	Chr4-33160762	8.41	*	LOC_Os04g55640	4:33118286-33119704	*	10	*	2.0	0.0	0.0	10.0	*	22.0	RAP_Step2_jap_Ganguang.FarmCPUpeak_info	RAP_Step2_jap_Ganguang	LOC_Os04g55640			plant-specific domain TIGR01627 family protein, expressed	N	Y	Y	25	pipeline_score=22; farm_logP=8.41; max_variant=10; recommendation_score=25
QTL9	Chr4-33160762	8.41	*	LOC_Os04g55650	4:33123071-33126988	5	10	5	2.0	0.0	10.0	18.0	*	40.0	RAP_Step2_jap_Ganguang.FarmCPUpeak_info	RAP_Step2_jap_Ganguang	LOC_Os04g55650	OCP	ja ; JA; auxin; blast; blast resistance; cytoplasm; ja; resistance	oryzain alpha chain precursor, putative, expressed	N	Y	Y	50	pipeline_score=40; farm_logP=8.41; max_variant=10; symbol=OCP; keyword=ja ; JA; auxin; blast; blast resistance; cytoplasm; ja; resistance; recommendation_score=50
QTL9	Chr4-33160762	8.41	*	LOC_Os04g55660	4:33132306-33134251	5	5	*	2.0	0.0	0.0	5.0	*	12.0	RAP_Step2_jap_Ganguang.FarmCPUpeak_info	RAP_Step2_jap_Ganguang	LOC_Os04g55660			GDSL-like lipase/acylhydrolase, putative, expressed	N	Y	Y	12	pipeline_score=12; farm_logP=8.41; max_variant=5; recommendation_score=12
QTL9	Chr4-33160762	8.41	*	LOC_Os04g55670	4:33137071-33140263	20	10	*	2.0	0.0	0.0	5.0	*	27.0	RAP_Step2_jap_Ganguang.FarmCPUpeak_info	RAP_Step2_jap_Ganguang	LOC_Os04g55670			glycosyltransferase family 43 protein, putative, expressed	N	Y	Y	32	pipeline_score=27; farm_logP=8.41; max_variant=20; recommendation_score=32
QTL9	Chr4-33160762	8.41	*	Os04g0650333	4:33138624-33139949	20	*	10	2.0	0.0	0.0	5.0	*	27.0	RAP_Step2_jap_Ganguang.FarmCPUpeak_info	RAP_Step2_jap_Ganguang	Os04g0650333							32	pipeline_score=27; farm_logP=8.41; max_variant=20; recommendation_score=32
QTL9	Chr4-33160762	8.41	*	LOC_Os04g55680	4:33145372-33147203	20	25	*	2.0	0.0	0.0	10.0	*	37.0	RAP_Step2_jap_Ganguang.FarmCPUpeak_info	RAP_Step2_jap_Ganguang	LOC_Os04g55680			indole-3-acetate beta-glucosyltransferase, putative, expressed	N	Y	Y	42	pipeline_score=37; farm_logP=8.41; max_variant=25; recommendation_score=42
QTL9	Chr4-33160762	8.41	*	Os04g0650416	4:33146316-33146778	20	5	*	2.0	0.0	0.0	5.0	*	27.0	RAP_Step2_jap_Ganguang.FarmCPUpeak_info	RAP_Step2_jap_Ganguang	Os04g0650416							32	pipeline_score=27; farm_logP=8.41; max_variant=20; recommendation_score=32
QTL9	Chr4-33160762	8.41	*	LOC_Os04g55690	4:33147388-33150510	5	5	*	2.0	0.0	0.0	10.0	*	17.0	RAP_Step2_jap_Ganguang.FarmCPUpeak_info	RAP_Step2_jap_Ganguang	LOC_Os04g55690			CCB4, putative, expressed	N	Y	Y	17	pipeline_score=17; farm_logP=8.41; max_variant=5; recommendation_score=17
QTL9	Chr4-33160762	8.41	*	LOC_Os04g55700	4:33149431-33153292	5	10	*	2.0	0.0	10.0	10.0	*	32.0	RAP_Step2_jap_Ganguang.FarmCPUpeak_info	RAP_Step2_jap_Ganguang	LOC_Os04g55700			exonuclease, putative, expressed	N	Y	Y	35	pipeline_score=32; farm_logP=8.41; max_variant=10; recommendation_score=35
QTL9	Chr4-33160762	8.41	*	LOC_Os04g55710	4:33161540-33164790	15	10	10	2.0	0.0	0.0	18.0	*	35.0	RAP_Step2_jap_Ganguang.FarmCPUpeak_info	RAP_Step2_jap_Ganguang	LOC_Os04g55710			transposon protein, putative, unclassified, expressed	Y	Y	Y	38	pipeline_score=35; farm_logP=8.41; max_variant=15; recommendation_score=38
QTL9	Chr4-33160762	8.41	*	Os04g0650750	4:33161558-33161863	15	5	5	2.0	0.0	0.0	15.0	*	32.0	RAP_Step2_jap_Ganguang.FarmCPUpeak_info	RAP_Step2_jap_Ganguang	Os04g0650750							35	pipeline_score=32; farm_logP=8.41; max_variant=15; recommendation_score=35
QTL9	Chr4-33160762	8.41	*	LOC_Os04g55720	4:33167054-33169943	5	10	10	2.0	0.0	0.0	15.0	*	27.0	RAP_Step2_jap_Ganguang.FarmCPUpeak_info	RAP_Step2_jap_Ganguang	LOC_Os04g55720			D-3-phosphoglycerate dehydrogenase, chloroplast precursor, putative, expressed	N	Y	Y	30	pipeline_score=27; farm_logP=8.41; max_variant=10; recommendation_score=30
QTL9	Chr4-33160762	8.41	*	LOC_Os04g55730	4:33170208-33179341	5	*	*	2.0	0.0	0.0	10.0	*	17.0	RAP_Step2_jap_Ganguang.FarmCPUpeak_info	RAP_Step2_jap_Ganguang	LOC_Os04g55730			alpha-N-acetylglucosaminidase, putative, expressed	N	Y	Y	17	pipeline_score=17; farm_logP=8.41; max_variant=5; recommendation_score=17
QTL9	Chr4-33160762	8.41	*	LOC_Os04g55740	4:33179632-33181419	5	*	20	2.0	0.0	0.0	18.0	*	40.0	RAP_Step2_jap_Ganguang.FarmCPUpeak_info	RAP_Step2_jap_Ganguang	LOC_Os04g55740			peroxidase precursor, putative, expressed	N	Y	Y	45	pipeline_score=40; farm_logP=8.41; max_variant=20; recommendation_score=45
QTL9	Chr4-33160762	8.41	*	LOC_Os04g55750	4:33185813-33186889	5	5	25	2.0	0.0	10.0	0.0	*	37.0	RAP_Step2_jap_Ganguang.FarmCPUpeak_info	RAP_Step2_jap_Ganguang	LOC_Os04g55750			OsWAK54 - OsWAK short gene, expressed	N	Y	Y	42	pipeline_score=37; farm_logP=8.41; max_variant=25; recommendation_score=42
QTL9	Chr4-33160762	8.41	*	Os04g0651350	4:33188226-33188525	5	10	20	2.0	0.0	0.0	22.0	*	44.0	RAP_Step2_jap_Ganguang.FarmCPUpeak_info	RAP_Step2_jap_Ganguang	Os04g0651350							49	pipeline_score=44; farm_logP=8.41; max_variant=20; recommendation_score=49
QTL9	Chr4-33160762	8.41	*	LOC_Os04g55760	4:33192623-33196131	20	25	25	2.0	0.0	0.0	0.0	*	27.0	RAP_Step2_jap_Ganguang.FarmCPUpeak_info	RAP_Step2_jap_Ganguang	LOC_Os04g55760			OsWAK55 - OsWAK receptor-like protein kinase, expressed	N	Y	Y	32	pipeline_score=27; farm_logP=8.41; max_variant=25; recommendation_score=32
QTL9	Chr4-33160762	8.41	*	LOC_Os04g55770	4:33196518-33204821	5	25	25	2.0	0.0	0.0	5.0	*	32.0	RAP_Step2_jap_Ganguang.FarmCPUpeak_info	RAP_Step2_jap_Ganguang	LOC_Os04g55770			expressed protein	N	Y	Y	37	pipeline_score=32; farm_logP=8.41; max_variant=25; recommendation_score=37
QTL9	Chr4-33160762	8.41	*	Os04g0651700	4:33199257-33199926	*	25	0	2.0	0.0	0.0	5.0	*	32.0	RAP_Step2_jap_Ganguang.FarmCPUpeak_info	RAP_Step2_jap_Ganguang	Os04g0651700							37	pipeline_score=32; farm_logP=8.41; max_variant=25; recommendation_score=37
QTL9	Chr4-33160762	8.41	*	LOC_Os04g55780	4:33206415-33207663	25	25	25	2.0	0.0	0.0	5.0	*	32.0	RAP_Step2_jap_Ganguang.FarmCPUpeak_info	RAP_Step2_jap_Ganguang	LOC_Os04g55780			expressed protein	N	Y	Y	37	pipeline_score=32; farm_logP=8.41; max_variant=25; recommendation_score=37
QTL9	Chr4-33160762	8.41	*	LOC_Os04g55790	4:33211370-33214598	5	10	10	2.0	0.0	0.0	22.0	*	34.0	RAP_Step2_jap_Ganguang.FarmCPUpeak_info	RAP_Step2_jap_Ganguang	LOC_Os04g55790			expressed protein	N	Y	Y	37	pipeline_score=34; farm_logP=8.41; max_variant=10; recommendation_score=37
QTL9	Chr4-33160762	8.41	*	LOC_Os04g55800	4:33215033-33220654	5	5	*	2.0	0.0	10.0	20.0	*	37.0	RAP_Step2_jap_Ganguang.FarmCPUpeak_info	RAP_Step2_jap_Ganguang	LOC_Os04g55800	OsSULTR3;3	grain; map-based cloning; phosphorus; vascular bundle	sulfate transporter, putative, expressed	N	Y	Y	44	pipeline_score=37; farm_logP=8.41; max_variant=5; symbol=OsSULTR3;3; keyword=grain; map-based cloning; phosphorus; vascular bundle; recommendation_score=44
QTL9	Chr4-33160762	8.41	*	Os04g0652450	4:33216351-33220432	5	10	10	2.0	0.0	0.0	18.0	*	30.0	RAP_Step2_jap_Ganguang.FarmCPUpeak_info	RAP_Step2_jap_Ganguang	Os04g0652450							33	pipeline_score=30; farm_logP=8.41; max_variant=10; recommendation_score=33
QTL9	Chr4-33160762	8.41	*	LOC_Os04g55810	4:33225818-33230199	20	25	10	2.0	0.0	0.0	15.0	*	42.0	RAP_Step2_jap_Ganguang.FarmCPUpeak_info	RAP_Step2_jap_Ganguang	LOC_Os04g55810			expressed protein	N	Y	Y	47	pipeline_score=42; farm_logP=8.41; max_variant=25; recommendation_score=47
QTL9	Chr4-33160762	8.41	*	Os04g0652550	4:33225818-33230268	20	5	*	2.0	0.0	0.0	5.0	*	27.0	RAP_Step2_jap_Ganguang.FarmCPUpeak_info	RAP_Step2_jap_Ganguang	Os04g0652550							32	pipeline_score=27; farm_logP=8.41; max_variant=20; recommendation_score=32
QTL9	Chr4-33160762	8.41	*	LOC_Os04g55820	4:33232440-33238596	25	25	25	2.0	0.0	0.0	5.0	*	32.0	RAP_Step2_jap_Ganguang.FarmCPUpeak_info	RAP_Step2_jap_Ganguang	LOC_Os04g55820			retrotransposon protein, putative, unclassified, expressed	Y	Y	Y	37	pipeline_score=32; farm_logP=8.41; max_variant=25; recommendation_score=37
QTL9	Chr4-33160762	8.41	*	LOC_Os04g55830	4:33239213-33242476	25	25	25	2.0	0.0	0.0	5.0	*	32.0	RAP_Step2_jap_Ganguang.FarmCPUpeak_info	RAP_Step2_jap_Ganguang	LOC_Os04g55830			retrotransposon protein, putative, unclassified	Y	N	Y	37	pipeline_score=32; farm_logP=8.41; max_variant=25; recommendation_score=37
QTL9	Chr4-33160762	8.41	*	LOC_Os04g55840	4:33245194-33251356	5	5	15	2.0	0.0	0.0	10.0	*	27.0	RAP_Step2_jap_Ganguang.FarmCPUpeak_info	RAP_Step2_jap_Ganguang	LOC_Os04g55840			expressed protein	N	Y	Y	30	pipeline_score=27; farm_logP=8.41; max_variant=15; recommendation_score=30
QTL9	Chr4-33160762	8.41	*	LOC_Os04g55850	4:33253917-33256627	5	10	10	2.0	0.0	0.0	15.0	*	27.0	RAP_Step2_jap_Ganguang.FarmCPUpeak_info	RAP_Step2_jap_Ganguang	LOC_Os04g55850			nuclease PA3, putative, expressed	N	Y	Y	30	pipeline_score=27; farm_logP=8.41; max_variant=10; recommendation_score=30
QTL9	Chr4-33160762	8.41	*	LOC_Os04g55860	4:33258680-33261197	5	25	20	2.0	0.0	0.0	10.0	*	37.0	RAP_Step2_jap_Ganguang.FarmCPUpeak_info	RAP_Step2_jap_Ganguang	LOC_Os04g55860			peptidyl-tRNA hydrolase, putative, expressed	N	Y	Y	42	pipeline_score=37; farm_logP=8.41; max_variant=25; recommendation_score=42
QTL9	Chr4-33160762	8.41	*	LOC_Os04g55870	4:33268182-33271409	25	25	25	2.0	0.0	0.0	5.0	*	32.0	RAP_Step2_jap_Ganguang.FarmCPUpeak_info	RAP_Step2_jap_Ganguang	LOC_Os04g55870			transposon protein, putative, unclassified, expressed	Y	Y	Y	37	pipeline_score=32; farm_logP=8.41; max_variant=25; recommendation_score=37
QTL9	Chr4-33160762	8.41	*	LOC_Os04g55879	4:33272050-33278819	25	25	25	2.0	0.0	0.0	0.0	*	27.0	RAP_Step2_jap_Ganguang.FarmCPUpeak_info	RAP_Step2_jap_Ganguang	LOC_Os04g55879			retrotransposon protein, putative, unclassified, expressed	Y	Y	Y	32	pipeline_score=27; farm_logP=8.41; max_variant=25; recommendation_score=32
QTL9	Chr4-33160762	8.41	*	LOC_Os04g55890	4:33281501-33286075	25	25	25	2.0	0.0	0.0	0.0	*	27.0	RAP_Step2_jap_Ganguang.FarmCPUpeak_info	RAP_Step2_jap_Ganguang	LOC_Os04g55890			retrotransposon protein, putative, Ty3-gypsy subclass	Y	N	Y	32	pipeline_score=27; farm_logP=8.41; max_variant=25; recommendation_score=32
QTL9	Chr4-33160762	8.41	*	LOC_Os04g55899	4:33287157-33287369	25	25	25	2.0	0.0	0.0	0.0	*	27.0	RAP_Step2_jap_Ganguang.FarmCPUpeak_info	RAP_Step2_jap_Ganguang	LOC_Os04g55899			hypothetical protein	N	N	Y	32	pipeline_score=27; farm_logP=8.41; max_variant=25; recommendation_score=32
QTL9	Chr4-33160762	8.41	*	LOC_Os04g55910	4:33289125-33289739	20	25	25	2.0	0.0	0.0	0.0	*	27.0	RAP_Step2_jap_Ganguang.FarmCPUpeak_info	RAP_Step2_jap_Ganguang	LOC_Os04g55910			transposon protein, putative, unclassified	Y	N	Y	32	pipeline_score=27; farm_logP=8.41; max_variant=25; recommendation_score=32
QTL9	Chr4-33160762	8.41	*	LOC_Os04g55920	4:33306461-33310232	5	25	20	2.0	0.0	0.0	15.0	*	42.0	RAP_Step2_jap_Ganguang.FarmCPUpeak_info	RAP_Step2_jap_Ganguang	LOC_Os04g55920	EG2|OsJAZ1|OsTIFY3	ABA; JA; JA signaling; JA signalling repressor; abiotic stress; biotic stress; cytoplasm; development; drought; drought resistance; drought tolerance; ja; jasmonate; nucleus; resistance; root; root length; salicylic acid; shoot; spikelet; spikelet development	zinc-finger protein, putative, expressed	N	Y	Y	54	pipeline_score=42; farm_logP=8.41; max_variant=25; symbol=EG2|OsJAZ1|OsTIFY3; keyword=ABA; JA; JA signaling; JA signalling repressor; abiotic stress; biotic stress; cytoplasm; development; drought; drought resistance; drought tolerance; ja; jasmonate; nucleus; resistance; root; root length; salicylic acid; shoot; spikelet; spikelet development; recommendation_score=54
QTL9	Chr4-33160762	8.41	*	LOC_Os04g55930	4:33311013-33313051	5	10	20	2.0	0.0	0.0	10.0	*	32.0	RAP_Step2_jap_Ganguang.FarmCPUpeak_info	RAP_Step2_jap_Ganguang	LOC_Os04g55930			expressed protein	N	Y	Y	37	pipeline_score=32; farm_logP=8.41; max_variant=20; recommendation_score=37
QTL9	Chr4-33160762	8.41	*	LOC_Os04g55940	4:33314630-33319375	5	10	20	2.0	0.0	0.0	18.0	*	40.0	RAP_Step2_jap_Ganguang.FarmCPUpeak_info	RAP_Step2_jap_Ganguang	LOC_Os04g55940			sodium/calcium exchanger protein, putative, expressed	N	Y	Y	45	pipeline_score=40; farm_logP=8.41; max_variant=20; recommendation_score=45
QTL9	Chr4-33160762	8.41	*	LOC_Os04g55950	4:33325217-33325743	5	5	10	2.0	5.0	0.0	5.0	*	22.0	RAP_Step2_jap_Ganguang.FarmCPUpeak_info	RAP_Step2_jap_Ganguang	LOC_Os04g55950			expressed protein	N	Y	Y	25	pipeline_score=22; farm_logP=8.41; max_variant=10; recommendation_score=25
QTL9	Chr4-33160762	8.41	*	LOC_Os04g55960	4:33329791-33335865	5	5	*	2.0	0.0	0.0	15.0	*	22.0	RAP_Step2_jap_Ganguang.FarmCPUpeak_info	RAP_Step2_jap_Ganguang	LOC_Os04g55960			NADPH reductase, putative, expressed	N	Y	Y	22	pipeline_score=22; farm_logP=8.41; max_variant=5; recommendation_score=22
QTL9	Chr4-33160762	8.41	*	Os04g0653500	4:33334267-33334365	*	*	*	2.0	0.0	0.0	5.0	*	7.0	RAP_Step2_jap_Ganguang.FarmCPUpeak_info	RAP_Step2_jap_Ganguang	Os04g0653500							7	pipeline_score=7; farm_logP=8.41; recommendation_score=7
QTL9	Chr4-33160762	8.41	*	LOC_Os04g55970	4:33341978-33346562	15	10	5	2.0	5.0	0.0	5.0	*	27.0	RAP_Step2_jap_Ganguang.FarmCPUpeak_info	RAP_Step2_jap_Ganguang	LOC_Os04g55970			AP2-like ethylene-responsive transcription factor AINTEGUMENTA, putative, expressed	N	Y	Y	30	pipeline_score=27; farm_logP=8.41; max_variant=15; recommendation_score=30
QTL9	Chr4-33160762	8.41	*	LOC_Os04g55980	4:33348164-33348397	25	25	20	2.0	5.0	0.0	22.0	*	54.0	RAP_Step2_jap_Ganguang.FarmCPUpeak_info	RAP_Step2_jap_Ganguang	LOC_Os04g55980			glycine-rich RNA-binding, abscisic acid-inducible protein, putative, expressed	N	Y	Y	59	pipeline_score=54; farm_logP=8.41; max_variant=25; recommendation_score=59
QTL9	Chr4-33160762	8.41	*	LOC_Os04g56000	4:33351839-33352460	20	25	15	2.0	5.0	0.0	5.0	*	37.0	RAP_Step2_jap_Ganguang.FarmCPUpeak_info	RAP_Step2_jap_Ganguang	LOC_Os04g56000			AGAP001055-PA, putative, expressed	N	Y	Y	42	pipeline_score=37; farm_logP=8.41; max_variant=25; recommendation_score=42
QTL9	Chr4-33160762	8.41	*	LOC_Os04g56010	4:33360619-33360948	20	5	10	2.0	5.0	0.0	5.0	*	32.0	RAP_Step2_jap_Ganguang.FarmCPUpeak_info	RAP_Step2_jap_Ganguang	LOC_Os04g56010			glycine-rich cell wall structural protein 1 precursor, putative, expressed	N	Y	Y	37	pipeline_score=32; farm_logP=8.41; max_variant=20; recommendation_score=37
QTL10	Chr5-9582142	11.36	Chr5-9582142-8.12377975998007	LOC_Os05g16530	5:9382596-9384204	20	5	25	8.0	0.0	0.0	0.0	*	33.0	RAP_Step2_jap_Ganguang.FarmCPUpeak_info	RAP_Step2_jap_Ganguang	LOC_Os05g16530			retrotransposon protein, putative, unclassified, expressed	Y	Y	Y	38	pipeline_score=33; farm_logP=11.36; max_variant=25; recommendation_score=38
QTL10	Chr5-9582142	11.36	Chr5-9582142-8.12377975998007	LOC_Os05g16540	5:9388192-9389747	25	25	15	8.0	0.0	0.0	5.0	*	38.0	RAP_Step2_jap_Ganguang.FarmCPUpeak_info	RAP_Step2_jap_Ganguang	LOC_Os05g16540			expressed protein	N	Y	Y	43	pipeline_score=38; farm_logP=11.36; max_variant=25; recommendation_score=43
QTL10	Chr5-9582142	11.36	Chr5-9582142-8.12377975998007	LOC_Os05g16550	5:9390936-9391970	25	25	25	8.0	0.0	0.0	5.0	*	38.0	RAP_Step2_jap_Ganguang.FarmCPUpeak_info	RAP_Step2_jap_Ganguang	LOC_Os05g16550			retrotransposon protein, putative, unclassified, expressed	Y	Y	Y	43	pipeline_score=38; farm_logP=11.36; max_variant=25; recommendation_score=43
QTL10	Chr5-9582142	11.36	Chr5-9582142-8.12377975998007	LOC_Os05g16560	5:9392249-9394364	20	25	25	8.0	0.0	0.0	5.0	*	38.0	RAP_Step2_jap_Ganguang.FarmCPUpeak_info	RAP_Step2_jap_Ganguang	LOC_Os05g16560			retrotransposon protein, putative, unclassified, expressed	Y	Y	Y	43	pipeline_score=38; farm_logP=11.36; max_variant=25; recommendation_score=43
QTL10	Chr5-9582142	11.36	Chr5-9582142-8.12377975998007	LOC_Os05g16570	5:9395311-9398315	25	5	15	8.0	0.0	0.0	5.0	*	38.0	RAP_Step2_jap_Ganguang.FarmCPUpeak_info	RAP_Step2_jap_Ganguang	LOC_Os05g16570			retrotransposon protein, putative, unclassified, expressed	Y	Y	Y	43	pipeline_score=38; farm_logP=11.36; max_variant=25; recommendation_score=43
QTL10	Chr5-9582142	11.36	Chr5-9582142-8.12377975998007	LOC_Os05g16580	5:9400123-9404250	20	25	5	8.0	0.0	0.0	0.0	*	33.0	RAP_Step2_jap_Ganguang.FarmCPUpeak_info	RAP_Step2_jap_Ganguang	LOC_Os05g16580			transposon protein, putative, CACTA, En/Spm sub-class, expressed	Y	Y	Y	38	pipeline_score=33; farm_logP=11.36; max_variant=25; recommendation_score=38
QTL10	Chr5-9582142	11.36	Chr5-9582142-8.12377975998007	LOC_Os05g16590	5:9404519-9406100	25	25	25	8.0	0.0	0.0	5.0	*	38.0	RAP_Step2_jap_Ganguang.FarmCPUpeak_info	RAP_Step2_jap_Ganguang	LOC_Os05g16590			transposon protein, putative, CACTA, En/Spm sub-class, expressed	Y	Y	Y	43	pipeline_score=38; farm_logP=11.36; max_variant=25; recommendation_score=43
QTL10	Chr5-9582142	11.36	Chr5-9582142-8.12377975998007	LOC_Os05g16600	5:9409556-9414133	25	25	25	8.0	0.0	0.0	5.0	*	38.0	RAP_Step2_jap_Ganguang.FarmCPUpeak_info	RAP_Step2_jap_Ganguang	LOC_Os05g16600			retrotransposon protein, putative, Ty3-gypsy subclass	Y	N	Y	43	pipeline_score=38; farm_logP=11.36; max_variant=25; recommendation_score=43
QTL10	Chr5-9582142	11.36	Chr5-9582142-8.12377975998007	LOC_Os05g16610	5:9417367-9418566	25	25	25	8.0	0.0	0.0	0.0	*	33.0	RAP_Step2_jap_Ganguang.FarmCPUpeak_info	RAP_Step2_jap_Ganguang	LOC_Os05g16610			transposon protein, putative, CACTA, En/Spm sub-class	Y	N	Y	38	pipeline_score=33; farm_logP=11.36; max_variant=25; recommendation_score=38
QTL10	Chr5-9582142	11.36	Chr5-9582142-8.12377975998007	LOC_Os05g16620	5:9419726-9423774	25	25	25	8.0	0.0	0.0	5.0	*	38.0	RAP_Step2_jap_Ganguang.FarmCPUpeak_info	RAP_Step2_jap_Ganguang	LOC_Os05g16620			transposon protein, putative, CACTA, En/Spm sub-class, expressed	Y	Y	Y	43	pipeline_score=38; farm_logP=11.36; max_variant=25; recommendation_score=43
QTL10	Chr5-9582142	11.36	Chr5-9582142-8.12377975998007	LOC_Os05g16630	5:9432375-9436136	5	10	20	8.0	0.0	0.0	15.0	*	43.0	RAP_Step2_jap_Ganguang.FarmCPUpeak_info	RAP_Step2_jap_Ganguang	LOC_Os05g16630			thioredoxin domain-containing protein 9, putative, expressed	N	Y	Y	48	pipeline_score=43; farm_logP=11.36; max_variant=20; recommendation_score=48
QTL10	Chr5-9582142	11.36	Chr5-9582142-8.12377975998007	LOC_Os05g16640	5:9438726-9443681	5	10	*	8.0	0.0	0.0	5.0	*	23.0	RAP_Step2_jap_Ganguang.FarmCPUpeak_info	RAP_Step2_jap_Ganguang	LOC_Os05g16640			DUF630/DUF632 domains containing protein, putative, expressed	N	Y	Y	26	pipeline_score=23; farm_logP=11.36; max_variant=10; recommendation_score=26
QTL10	Chr5-9582142	11.36	Chr5-9582142-8.12377975998007	LOC_Os05g16660	5:9448800-9454499	5	10	*	8.0	0.0	0.0	15.0	*	33.0	RAP_Step2_jap_Ganguang.FarmCPUpeak_info	RAP_Step2_jap_Ganguang	LOC_Os05g16660			WD domain, G-beta repeat domain containing protein, expressed	N	Y	Y	36	pipeline_score=33; farm_logP=11.36; max_variant=10; recommendation_score=36
QTL10	Chr5-9582142	11.36	Chr5-9582142-8.12377975998007	LOC_Os05g16664	5:9454868-9455813	20	10	10	8.0	0.0	0.0	15.0	*	43.0	RAP_Step2_jap_Ganguang.FarmCPUpeak_info	RAP_Step2_jap_Ganguang	LOC_Os05g16664			expressed protein	N	Y	Y	48	pipeline_score=43; farm_logP=11.36; max_variant=20; recommendation_score=48
QTL10	Chr5-9582142	11.36	Chr5-9582142-8.12377975998007	LOC_Os05g16670	5:9461640-9474106	20	5	0	8.0	0.0	0.0	18.0	*	46.0	RAP_Step2_jap_Ganguang.FarmCPUpeak_info	RAP_Step2_jap_Ganguang	LOC_Os05g16670			SHR5-receptor-like kinase, putative, expressed	N	Y	Y	51	pipeline_score=46; farm_logP=11.36; max_variant=20; recommendation_score=51
QTL10	Chr5-9582142	11.36	Chr5-9582142-8.12377975998007	Os05g0256250	5:9472588-9473098	*	*	*	8.0	0.0	0.0	10.0	*	18.0	RAP_Step2_jap_Ganguang.FarmCPUpeak_info	RAP_Step2_jap_Ganguang	Os05g0256250							18	pipeline_score=18; farm_logP=11.36; recommendation_score=18
QTL10	Chr5-9582142	11.36	Chr5-9582142-8.12377975998007	LOC_Os05g16680	5:9481786-9484725	25	25	25	8.0	0.0	0.0	5.0	*	38.0	RAP_Step2_jap_Ganguang.FarmCPUpeak_info	RAP_Step2_jap_Ganguang	LOC_Os05g16680			retrotransposon protein, putative, Ty3-gypsy subclass, expressed	Y	Y	Y	43	pipeline_score=38; farm_logP=11.36; max_variant=25; recommendation_score=43
QTL10	Chr5-9582142	11.36	Chr5-9582142-8.12377975998007	LOC_Os05g16690	5:9485042-9489184	25	25	25	8.0	0.0	0.0	5.0	*	38.0	RAP_Step2_jap_Ganguang.FarmCPUpeak_info	RAP_Step2_jap_Ganguang	LOC_Os05g16690			retrotransposon protein, putative, Ty3-gypsy subclass, expressed	Y	Y	Y	43	pipeline_score=38; farm_logP=11.36; max_variant=25; recommendation_score=43
QTL10	Chr5-9582142	11.36	Chr5-9582142-8.12377975998007	LOC_Os05g16700	5:9489347-9491131	25	25	25	8.0	0.0	0.0	0.0	*	33.0	RAP_Step2_jap_Ganguang.FarmCPUpeak_info	RAP_Step2_jap_Ganguang	LOC_Os05g16700			retrotransposon protein, putative, Ty3-gypsy subclass	Y	N	Y	38	pipeline_score=33; farm_logP=11.36; max_variant=25; recommendation_score=38
QTL10	Chr5-9582142	11.36	Chr5-9582142-8.12377975998007	LOC_Os05g16710	5:9500782-9502982	20	25	25	8.0	0.0	0.0	0.0	*	33.0	RAP_Step2_jap_Ganguang.FarmCPUpeak_info	RAP_Step2_jap_Ganguang	LOC_Os05g16710			retrotransposon protein, putative, unclassified	Y	N	Y	38	pipeline_score=33; farm_logP=11.36; max_variant=25; recommendation_score=38
QTL10	Chr5-9582142	11.36	Chr5-9582142-8.12377975998007	LOC_Os05g16720	5:9504921-9511639	25	25	25	8.0	0.0	0.0	5.0	*	38.0	RAP_Step2_jap_Ganguang.FarmCPUpeak_info	RAP_Step2_jap_Ganguang	LOC_Os05g16720			retrotransposon protein, putative, Ty3-gypsy subclass, expressed	Y	Y	Y	43	pipeline_score=38; farm_logP=11.36; max_variant=25; recommendation_score=43
QTL10	Chr5-9582142	11.36	Chr5-9582142-8.12377975998007	LOC_Os05g16740	5:9517479-9527704	10	5	20	8.0	0.0	0.0	15.0	*	43.0	RAP_Step2_jap_Ganguang.FarmCPUpeak_info	RAP_Step2_jap_Ganguang	LOC_Os05g16740			SHR5-receptor-like kinase, putative, expressed	N	Y	Y	48	pipeline_score=43; farm_logP=11.36; max_variant=20; recommendation_score=48
QTL10	Chr5-9582142	11.36	Chr5-9582142-8.12377975998007	Os05g0256801	5:9526586-9527091	*	*	*	8.0	0.0	0.0	5.0	*	13.0	RAP_Step2_jap_Ganguang.FarmCPUpeak_info	RAP_Step2_jap_Ganguang	Os05g0256801							13	pipeline_score=13; farm_logP=11.36; recommendation_score=13
QTL10	Chr5-9582142	11.36	Chr5-9582142-8.12377975998007	LOC_Os05g16750	5:9538080-9538817	20	10	5	8.0	0.0	0.0	5.0	*	33.0	RAP_Step2_jap_Ganguang.FarmCPUpeak_info	RAP_Step2_jap_Ganguang	LOC_Os05g16750			expressed protein	N	Y	Y	38	pipeline_score=33; farm_logP=11.36; max_variant=20; recommendation_score=38
QTL10	Chr5-9582142	11.36	Chr5-9582142-8.12377975998007	LOC_Os05g16760	5:9545301-9546144	25	25	25	8.0	0.0	0.0	0.0	*	33.0	RAP_Step2_jap_Ganguang.FarmCPUpeak_info	RAP_Step2_jap_Ganguang	LOC_Os05g16760			retrotransposon protein, putative, Ty3-gypsy subclass	Y	N	Y	38	pipeline_score=33; farm_logP=11.36; max_variant=25; recommendation_score=38
QTL10	Chr5-9582142	11.36	Chr5-9582142-8.12377975998007	LOC_Os05g16770	5:9546417-9548440	25	25	25	8.0	0.0	0.0	0.0	*	33.0	RAP_Step2_jap_Ganguang.FarmCPUpeak_info	RAP_Step2_jap_Ganguang	LOC_Os05g16770			retrotransposon protein, putative, Ty3-gypsy subclass, expressed	Y	Y	Y	38	pipeline_score=33; farm_logP=11.36; max_variant=25; recommendation_score=38
QTL10	Chr5-9582142	11.36	Chr5-9582142-8.12377975998007	LOC_Os05g16780	5:9551540-9557498	25	25	25	8.0	0.0	0.0	0.0	*	33.0	RAP_Step2_jap_Ganguang.FarmCPUpeak_info	RAP_Step2_jap_Ganguang	LOC_Os05g16780			retrotransposon protein, putative, unclassified, expressed	Y	Y	Y	38	pipeline_score=33; farm_logP=11.36; max_variant=25; recommendation_score=38
QTL10	Chr5-9582142	11.36	Chr5-9582142-8.12377975998007	LOC_Os05g16790	5:9558598-9565311	25	25	25	8.0	0.0	0.0	5.0	*	38.0	RAP_Step2_jap_Ganguang.FarmCPUpeak_info	RAP_Step2_jap_Ganguang	LOC_Os05g16790			retrotransposon protein, putative, Ty3-gypsy subclass, expressed	Y	Y	Y	43	pipeline_score=38; farm_logP=11.36; max_variant=25; recommendation_score=43
QTL10	Chr5-9582142	11.36	Chr5-9582142-8.12377975998007	LOC_Os05g16800	5:9568439-9573528	25	25	25	8.0	0.0	0.0	0.0	*	33.0	RAP_Step2_jap_Ganguang.FarmCPUpeak_info	RAP_Step2_jap_Ganguang	LOC_Os05g16800			retrotransposon protein, putative, unclassified, expressed	Y	Y	Y	38	pipeline_score=33; farm_logP=11.36; max_variant=25; recommendation_score=38
QTL10	Chr5-9582142	11.36	Chr5-9582142-8.12377975998007	LOC_Os05g16810	5:9575595-9578247	20	10	5	8.0	0.0	0.0	0.0	*	28.0	RAP_Step2_jap_Ganguang.FarmCPUpeak_info	RAP_Step2_jap_Ganguang	LOC_Os05g16810			retrotransposon protein, putative, unclassified	Y	N	Y	33	pipeline_score=28; farm_logP=11.36; max_variant=20; recommendation_score=33
QTL10	Chr5-9582142	11.36	Chr5-9582142-8.12377975998007	LOC_Os05g16824	5:9585980-9595470	15	10	20	8.0	0.0	0.0	15.0	*	43.0	RAP_Step2_jap_Ganguang.FarmCPUpeak_info	RAP_Step2_jap_Ganguang	LOC_Os05g16824			SHR5-receptor-like kinase, putative, expressed	N	Y	Y	48	pipeline_score=43; farm_logP=11.36; max_variant=20; recommendation_score=48
QTL10	Chr5-9582142	11.36	Chr5-9582142-8.12377975998007	Os05g0257333	5:9594321-9594828	*	*	*	8.0	0.0	0.0	5.0	*	13.0	RAP_Step2_jap_Ganguang.FarmCPUpeak_info	RAP_Step2_jap_Ganguang	Os05g0257333							13	pipeline_score=13; farm_logP=11.36; recommendation_score=13
QTL10	Chr5-9582142	11.36	Chr5-9582142-8.12377975998007	LOC_Os05g16840	5:9598011-9598448	20	10	*	8.0	0.0	0.0	0.0	*	28.0	RAP_Step2_jap_Ganguang.FarmCPUpeak_info	RAP_Step2_jap_Ganguang	LOC_Os05g16840			hypothetical protein	N	N	Y	33	pipeline_score=28; farm_logP=11.36; max_variant=20; recommendation_score=33
QTL10	Chr5-9582142	11.36	Chr5-9582142-8.12377975998007	LOC_Os05g16850	5:9601660-9606210	25	25	25	8.0	0.0	0.0	5.0	*	38.0	RAP_Step2_jap_Ganguang.FarmCPUpeak_info	RAP_Step2_jap_Ganguang	LOC_Os05g16850			retrotransposon protein, putative, Ty3-gypsy subclass, expressed	Y	Y	Y	43	pipeline_score=38; farm_logP=11.36; max_variant=25; recommendation_score=43
QTL10	Chr5-9582142	11.36	Chr5-9582142-8.12377975998007	LOC_Os05g16860	5:9612237-9613043	20	25	10	8.0	0.0	0.0	0.0	*	33.0	RAP_Step2_jap_Ganguang.FarmCPUpeak_info	RAP_Step2_jap_Ganguang	LOC_Os05g16860			retrotransposon protein, putative, Ty3-gypsy subclass	Y	N	Y	38	pipeline_score=33; farm_logP=11.36; max_variant=25; recommendation_score=38
QTL10	Chr5-9582142	11.36	Chr5-9582142-8.12377975998007	LOC_Os05g16880	5:9618356-9619705	25	25	25	8.0	0.0	0.0	0.0	*	33.0	RAP_Step2_jap_Ganguang.FarmCPUpeak_info	RAP_Step2_jap_Ganguang	LOC_Os05g16880			retrotransposon protein, putative, Ty3-gypsy subclass	Y	N	Y	38	pipeline_score=33; farm_logP=11.36; max_variant=25; recommendation_score=38
QTL10	Chr5-9582142	11.36	Chr5-9582142-8.12377975998007	LOC_Os05g16889	5:9621861-9622286	20	25	5	8.0	0.0	0.0	0.0	*	33.0	RAP_Step2_jap_Ganguang.FarmCPUpeak_info	RAP_Step2_jap_Ganguang	LOC_Os05g16889			expressed protein	N	Y	Y	38	pipeline_score=33; farm_logP=11.36; max_variant=25; recommendation_score=38
QTL10	Chr5-9582142	11.36	Chr5-9582142-8.12377975998007	LOC_Os05g16900	5:9626310-9626904	25	5	*	8.0	0.0	0.0	0.0	*	33.0	RAP_Step2_jap_Ganguang.FarmCPUpeak_info	RAP_Step2_jap_Ganguang	LOC_Os05g16900			expressed protein	N	Y	Y	38	pipeline_score=33; farm_logP=11.36; max_variant=25; recommendation_score=38
QTL10	Chr5-9582142	11.36	Chr5-9582142-8.12377975998007	Os05g0258000	5:9641845-9642828	20	10	*	8.0	0.0	0.0	0.0	*	28.0	RAP_Step2_jap_Ganguang.FarmCPUpeak_info	RAP_Step2_jap_Ganguang	Os05g0258000							33	pipeline_score=28; farm_logP=11.36; max_variant=20; recommendation_score=33
QTL10	Chr5-9582142	11.36	Chr5-9582142-8.12377975998007	LOC_Os05g16920	5:9643930-9644716	5	10	*	8.0	0.0	0.0	10.0	*	28.0	RAP_Step2_jap_Ganguang.FarmCPUpeak_info	RAP_Step2_jap_Ganguang	LOC_Os05g16920			SHR5-receptor-like kinase, putative, expressed	N	Y	Y	31	pipeline_score=28; farm_logP=11.36; max_variant=10; recommendation_score=31
QTL10	Chr5-9582142	11.36	Chr5-9582142-8.12377975998007	LOC_Os05g16930	5:9647991-9654909	20	5	*	8.0	0.0	0.0	10.0	*	38.0	RAP_Step2_jap_Ganguang.FarmCPUpeak_info	RAP_Step2_jap_Ganguang	LOC_Os05g16930			protein kinase domain containing protein, expressed	N	Y	Y	43	pipeline_score=38; farm_logP=11.36; max_variant=20; recommendation_score=43
QTL10	Chr5-9582142	11.36	Chr5-9582142-8.12377975998007	Os05g0258501	5:9653913-9654363	1	*	*	8.0	0.0	0.0	5.0	*	14.0	RAP_Step2_jap_Ganguang.FarmCPUpeak_info	RAP_Step2_jap_Ganguang	Os05g0258501							14	pipeline_score=14; farm_logP=11.36; max_variant=1; recommendation_score=14
QTL10	Chr5-9582142	11.36	Chr5-9582142-8.12377975998007	LOC_Os05g16940	5:9656845-9657761	25	5	*	8.0	0.0	0.0	0.0	*	33.0	RAP_Step2_jap_Ganguang.FarmCPUpeak_info	RAP_Step2_jap_Ganguang	LOC_Os05g16940			retrotransposon protein, putative, unclassified	Y	N	Y	38	pipeline_score=33; farm_logP=11.36; max_variant=25; recommendation_score=38
QTL10	Chr5-9582142	11.36	Chr5-9582142-8.12377975998007	LOC_Os05g16950	5:9661250-9665060	25	25	25	8.0	0.0	0.0	0.0	*	33.0	RAP_Step2_jap_Ganguang.FarmCPUpeak_info	RAP_Step2_jap_Ganguang	LOC_Os05g16950			retrotransposon protein, putative, unclassified, expressed	Y	Y	Y	38	pipeline_score=33; farm_logP=11.36; max_variant=25; recommendation_score=38
QTL10	Chr5-9582142	11.36	Chr5-9582142-8.12377975998007	LOC_Os05g16960	5:9667198-9674915	25	25	*	8.0	0.0	0.0	0.0	*	33.0	RAP_Step2_jap_Ganguang.FarmCPUpeak_info	RAP_Step2_jap_Ganguang	LOC_Os05g16960			retrotransposon protein, putative, Ty3-gypsy subclass, expressed	Y	Y	Y	38	pipeline_score=33; farm_logP=11.36; max_variant=25; recommendation_score=38
QTL10	Chr5-9582142	11.36	Chr5-9582142-8.12377975998007	LOC_Os05g16970	5:9679554-9682689	25	5	*	8.0	0.0	0.0	5.0	*	38.0	RAP_Step2_jap_Ganguang.FarmCPUpeak_info	RAP_Step2_jap_Ganguang	LOC_Os05g16970			retrotransposon protein, putative, unclassified, expressed	Y	Y	Y	43	pipeline_score=38; farm_logP=11.36; max_variant=25; recommendation_score=43
QTL10	Chr5-9582142	11.36	Chr5-9582142-8.12377975998007	LOC_Os05g16980	5:9691607-9692241	5	*	*	8.0	0.0	0.0	0.0	*	13.0	RAP_Step2_jap_Ganguang.FarmCPUpeak_info	RAP_Step2_jap_Ganguang	LOC_Os05g16980			terpene synthase 8, putative, expressed	N	Y	Y	13	pipeline_score=13; farm_logP=11.36; max_variant=5; recommendation_score=13
QTL10	Chr5-9582142	11.36	Chr5-9582142-8.12377975998007	LOC_Os05g16990	5:9695295-9696215	25	25	*	8.0	0.0	0.0	0.0	*	33.0	RAP_Step2_jap_Ganguang.FarmCPUpeak_info	RAP_Step2_jap_Ganguang	LOC_Os05g16990			hypothetical protein	N	N	Y	38	pipeline_score=33; farm_logP=11.36; max_variant=25; recommendation_score=38
QTL10	Chr5-9582142	11.36	Chr5-9582142-8.12377975998007	LOC_Os05g17000	5:9697538-9704261	25	25	*	8.0	0.0	0.0	5.0	*	38.0	RAP_Step2_jap_Ganguang.FarmCPUpeak_info	RAP_Step2_jap_Ganguang	LOC_Os05g17000			retrotransposon protein, putative, Ty3-gypsy subclass, expressed	Y	Y	Y	43	pipeline_score=38; farm_logP=11.36; max_variant=25; recommendation_score=43
QTL10	Chr5-9582142	11.36	Chr5-9582142-8.12377975998007	LOC_Os05g17010	5:9706446-9712181	20	25	5	8.0	0.0	0.0	0.0	*	33.0	RAP_Step2_jap_Ganguang.FarmCPUpeak_info	RAP_Step2_jap_Ganguang	LOC_Os05g17010			retrotransposon protein, putative, unclassified, expressed	Y	Y	Y	38	pipeline_score=33; farm_logP=11.36; max_variant=25; recommendation_score=38
QTL10	Chr5-9582142	11.36	Chr5-9582142-8.12377975998007	LOC_Os05g17020	5:9713132-9713608	25	*	*	8.0	0.0	0.0	0.0	*	33.0	RAP_Step2_jap_Ganguang.FarmCPUpeak_info	RAP_Step2_jap_Ganguang	LOC_Os05g17020			expressed protein	N	Y	Y	38	pipeline_score=33; farm_logP=11.36; max_variant=25; recommendation_score=38
QTL10	Chr5-9582142	11.36	Chr5-9582142-8.12377975998007	LOC_Os05g17030	5:9715435-9717081	25	5	*	8.0	0.0	0.0	0.0	*	33.0	RAP_Step2_jap_Ganguang.FarmCPUpeak_info	RAP_Step2_jap_Ganguang	LOC_Os05g17030			retrotransposon protein, putative, Ty3-gypsy subclass, expressed	Y	Y	Y	38	pipeline_score=33; farm_logP=11.36; max_variant=25; recommendation_score=38
QTL10	Chr5-9582142	11.36	Chr5-9582142-8.12377975998007	LOC_Os05g17040	5:9717470-9720406	25	25	25	8.0	0.0	0.0	0.0	*	33.0	RAP_Step2_jap_Ganguang.FarmCPUpeak_info	RAP_Step2_jap_Ganguang	LOC_Os05g17040			retrotransposon protein, putative, unclassified, expressed	Y	Y	Y	38	pipeline_score=33; farm_logP=11.36; max_variant=25; recommendation_score=38
QTL10	Chr5-9582142	11.36	Chr5-9582142-8.12377975998007	LOC_Os05g17050	5:9722450-9740799	25	25	25	8.0	0.0	0.0	5.0	*	38.0	RAP_Step2_jap_Ganguang.FarmCPUpeak_info	RAP_Step2_jap_Ganguang	LOC_Os05g17050			transposon protein, putative, CACTA, En/Spm sub-class, expressed	Y	Y	Y	43	pipeline_score=38; farm_logP=11.36; max_variant=25; recommendation_score=43
QTL10	Chr5-9582142	11.36	Chr5-9582142-8.12377975998007	Os05g0259601	5:9738525-9739010	20	*	0	8.0	0.0	0.0	0.0	*	28.0	RAP_Step2_jap_Ganguang.FarmCPUpeak_info	RAP_Step2_jap_Ganguang	Os05g0259601							33	pipeline_score=28; farm_logP=11.36; max_variant=20; recommendation_score=33
QTL10	Chr5-9582142	11.36	Chr5-9582142-8.12377975998007	LOC_Os05g17060	5:9744857-9745405	20	*	*	8.0	0.0	0.0	0.0	*	28.0	RAP_Step2_jap_Ganguang.FarmCPUpeak_info	RAP_Step2_jap_Ganguang	LOC_Os05g17060			retrotransposon protein, putative, unclassified, expressed	Y	Y	Y	33	pipeline_score=28; farm_logP=11.36; max_variant=20; recommendation_score=33
QTL10	Chr5-9582142	11.36	Chr5-9582142-8.12377975998007	LOC_Os05g17070	5:9746907-9747389	25	*	*	8.0	0.0	0.0	0.0	*	33.0	RAP_Step2_jap_Ganguang.FarmCPUpeak_info	RAP_Step2_jap_Ganguang	LOC_Os05g17070			retrotransposon protein, putative, unclassified	Y	N	Y	38	pipeline_score=33; farm_logP=11.36; max_variant=25; recommendation_score=38
QTL10	Chr5-9582142	11.36	Chr5-9582142-8.12377975998007	LOC_Os05g17080	5:9750812-9752375	20	5	*	8.0	0.0	0.0	0.0	*	28.0	RAP_Step2_jap_Ganguang.FarmCPUpeak_info	RAP_Step2_jap_Ganguang	LOC_Os05g17080			retrotransposon protein, putative, unclassified	Y	N	Y	33	pipeline_score=28; farm_logP=11.36; max_variant=20; recommendation_score=33
QTL10	Chr5-9582142	11.36	Chr5-9582142-8.12377975998007	LOC_Os05g17090	5:9755944-9758129	20	25	*	8.0	0.0	0.0	0.0	*	33.0	RAP_Step2_jap_Ganguang.FarmCPUpeak_info	RAP_Step2_jap_Ganguang	LOC_Os05g17090			retrotransposon protein, putative, unclassified	Y	N	Y	38	pipeline_score=33; farm_logP=11.36; max_variant=25; recommendation_score=38
QTL10	Chr5-9582142	11.36	Chr5-9582142-8.12377975998007	LOC_Os05g17100	5:9761271-9767991	25	25	25	8.0	0.0	0.0	0.0	*	33.0	RAP_Step2_jap_Ganguang.FarmCPUpeak_info	RAP_Step2_jap_Ganguang	LOC_Os05g17100			retrotransposon protein, putative, Ty3-gypsy subclass, expressed	Y	Y	Y	38	pipeline_score=33; farm_logP=11.36; max_variant=25; recommendation_score=38
QTL10	Chr5-9582142	11.36	Chr5-9582142-8.12377975998007	LOC_Os05g17110	5:9771660-9776856	20	25	25	8.0	0.0	0.0	5.0	*	38.0	RAP_Step2_jap_Ganguang.FarmCPUpeak_info	RAP_Step2_jap_Ganguang	LOC_Os05g17110			retrotransposon protein, putative, unclassified, expressed	Y	Y	Y	43	pipeline_score=38; farm_logP=11.36; max_variant=25; recommendation_score=43
QTL11	Chr5-21337298	10.38	*	LOC_Os05g35570	5:21135238-21138615	5	10	0	4.0	0.0	10.0	5.0	*	29.0	RAP_Step2_jap_Ganguang.FarmCPUpeak_info	RAP_Step2_jap_Ganguang	LOC_Os05g35570			DUF803 domain containing, putative, expressed	N	Y	Y	32	pipeline_score=29; farm_logP=10.38; max_variant=10; recommendation_score=32
QTL11	Chr5-21337298	10.38	*	LOC_Os05g35580	5:21141376-21143534	1	10	5	4.0	0.0	0.0	5.0	*	19.0	RAP_Step2_jap_Ganguang.FarmCPUpeak_info	RAP_Step2_jap_Ganguang	LOC_Os05g35580			amidophosphoribosyltransferase, chloroplast precursor, putative, expressed	N	Y	Y	22	pipeline_score=19; farm_logP=10.38; max_variant=10; recommendation_score=22
QTL11	Chr5-21337298	10.38	*	LOC_Os05g35594	5:21144334-21148363	5	10	0	4.0	0.0	0.0	5.0	*	19.0	RAP_Step2_jap_Ganguang.FarmCPUpeak_info	RAP_Step2_jap_Ganguang	LOC_Os05g35594			peptide transporter, putative, expressed	N	Y	Y	22	pipeline_score=19; farm_logP=10.38; max_variant=10; recommendation_score=22
QTL11	Chr5-21337298	10.38	*	LOC_Os05g35610	5:21158434-21159251	5	5	0	4.0	0.0	0.0	0.0	*	9.0	RAP_Step2_jap_Ganguang.FarmCPUpeak_info	RAP_Step2_jap_Ganguang	LOC_Os05g35610			hypothetical protein	N	N	Y	9	pipeline_score=9; farm_logP=10.38; max_variant=5; recommendation_score=9
QTL11	Chr5-21337298	10.38	*	LOC_Os05g35620	5:21161315-21161774	20	25	0	4.0	0.0	0.0	5.0	*	34.0	RAP_Step2_jap_Ganguang.FarmCPUpeak_info	RAP_Step2_jap_Ganguang	LOC_Os05g35620			expressed protein	N	Y	Y	39	pipeline_score=34; farm_logP=10.38; max_variant=25; recommendation_score=39
QTL11	Chr5-21337298	10.38	*	Os05g0431266	5:21162574-21162980	20	10	10	4.0	0.0	0.0	10.0	*	34.0	RAP_Step2_jap_Ganguang.FarmCPUpeak_info	RAP_Step2_jap_Ganguang	Os05g0431266							39	pipeline_score=34; farm_logP=10.38; max_variant=20; recommendation_score=39
QTL11	Chr5-21337298	10.38	*	Os05g0431333	5:21164874-21166635	5	10	*	4.0	0.0	0.0	5.0	*	19.0	RAP_Step2_jap_Ganguang.FarmCPUpeak_info	RAP_Step2_jap_Ganguang	Os05g0431333							22	pipeline_score=19; farm_logP=10.38; max_variant=10; recommendation_score=22
QTL11	Chr5-21337298	10.38	*	LOC_Os05g35630	5:21166715-21167164	25	5	*	4.0	5.0	0.0	5.0	*	39.0	RAP_Step2_jap_Ganguang.FarmCPUpeak_info	RAP_Step2_jap_Ganguang	LOC_Os05g35630			expressed protein	N	Y	Y	44	pipeline_score=39; farm_logP=10.38; max_variant=25; recommendation_score=44
QTL11	Chr5-21337298	10.38	*	LOC_Os05g35650	5:21171859-21191740	20	10	10	4.0	0.0	0.0	15.0	*	39.0	RAP_Step2_jap_Ganguang.FarmCPUpeak_info	RAP_Step2_jap_Ganguang	LOC_Os05g35650			peptide transporter PTR2, putative, expressed	N	Y	Y	44	pipeline_score=39; farm_logP=10.38; max_variant=20; recommendation_score=44
QTL11	Chr5-21337298	10.38	*	Os05g0431750	5:21184824-21186314	20	10	*	4.0	0.0	0.0	10.0	*	34.0	RAP_Step2_jap_Ganguang.FarmCPUpeak_info	RAP_Step2_jap_Ganguang	Os05g0431750							39	pipeline_score=34; farm_logP=10.38; max_variant=20; recommendation_score=39
QTL11	Chr5-21337298	10.38	*	LOC_Os05g35690	5:21198101-21198992	5	5	*	4.0	5.0	0.0	5.0	*	19.0	RAP_Step2_jap_Ganguang.FarmCPUpeak_info	RAP_Step2_jap_Ganguang	LOC_Os05g35690			GASR6 - Gibberellin-regulated GASA/GAST/Snakin family protein precursor, expressed	N	Y	Y	19	pipeline_score=19; farm_logP=10.38; max_variant=5; recommendation_score=19
QTL11	Chr5-21337298	10.38	*	LOC_Os05g35700	5:21199836-21200410	20	25	*	4.0	0.0	0.0	0.0	*	29.0	RAP_Step2_jap_Ganguang.FarmCPUpeak_info	RAP_Step2_jap_Ganguang	LOC_Os05g35700			expressed protein	N	Y	Y	34	pipeline_score=29; farm_logP=10.38; max_variant=25; recommendation_score=34
QTL11	Chr5-21337298	10.38	*	LOC_Os05g35710	5:21201865-21205015	5	10	*	4.0	0.0	0.0	15.0	*	29.0	RAP_Step2_jap_Ganguang.FarmCPUpeak_info	RAP_Step2_jap_Ganguang	LOC_Os05g35710			coiled-coil domain-containing protein 47 precursor, putative, expressed	N	Y	Y	32	pipeline_score=29; farm_logP=10.38; max_variant=10; recommendation_score=32
QTL11	Chr5-21337298	10.38	*	LOC_Os05g35720	5:21205865-21207702	5	5	*	4.0	0.0	0.0	15.0	*	24.0	RAP_Step2_jap_Ganguang.FarmCPUpeak_info	RAP_Step2_jap_Ganguang	LOC_Os05g35720			transmembrane protein 18, putative, expressed	N	Y	Y	24	pipeline_score=24; farm_logP=10.38; max_variant=5; recommendation_score=24
QTL11	Chr5-21337298	10.38	*	LOC_Os05g35730	5:21207906-21214431	5	5	*	4.0	0.0	0.0	18.0	*	27.0	RAP_Step2_jap_Ganguang.FarmCPUpeak_info	RAP_Step2_jap_Ganguang	LOC_Os05g35730			hydrolase, alpha/beta fold family domain containing protein, expressed	N	Y	Y	27	pipeline_score=27; farm_logP=10.38; max_variant=5; recommendation_score=27
QTL11	Chr5-21337298	10.38	*	Os05g0432650	5:21208123-21209401	*	*	*	4.0	0.0	0.0	10.0	*	14.0	RAP_Step2_jap_Ganguang.FarmCPUpeak_info	RAP_Step2_jap_Ganguang	Os05g0432650							14	pipeline_score=14; farm_logP=10.38; recommendation_score=14
QTL11	Chr5-21337298	10.38	*	LOC_Os05g35740	5:21214814-21216932	5	5	10	4.0	0.0	0.0	18.0	*	32.0	RAP_Step2_jap_Ganguang.FarmCPUpeak_info	RAP_Step2_jap_Ganguang	LOC_Os05g35740			subtilisin N-terminal Region family protein, expressed	N	Y	Y	35	pipeline_score=32; farm_logP=10.38; max_variant=10; recommendation_score=35
QTL11	Chr5-21337298	10.38	*	LOC_Os05g35750	5:21219119-21221961	25	25	25	4.0	0.0	0.0	0.0	*	29.0	RAP_Step2_jap_Ganguang.FarmCPUpeak_info	RAP_Step2_jap_Ganguang	LOC_Os05g35750			transposon protein, putative, unclassified	Y	N	Y	34	pipeline_score=29; farm_logP=10.38; max_variant=25; recommendation_score=34
QTL11	Chr5-21337298	10.38	*	LOC_Os05g35760	5:21224846-21226727	5	25	*	4.0	5.0	0.0	20.0	*	54.0	RAP_Step2_jap_Ganguang.FarmCPUpeak_info	RAP_Step2_jap_Ganguang	LOC_Os05g35760			serine/threonine-protein kinase SAPK4, putative, expressed	N	Y	Y	59	pipeline_score=54; farm_logP=10.38; max_variant=25; recommendation_score=59
QTL11	Chr5-21337298	10.38	*	LOC_Os05g35770	5:21229424-21231030	20	5	*	4.0	5.0	0.0	5.0	*	34.0	RAP_Step2_jap_Ganguang.FarmCPUpeak_info	RAP_Step2_jap_Ganguang	LOC_Os05g35770			serine/threonine-protein kinase SAPK4, putative, expressed	N	Y	Y	39	pipeline_score=34; farm_logP=10.38; max_variant=20; recommendation_score=39
QTL11	Chr5-21337298	10.38	*	LOC_Os05g35780	5:21232463-21232951	20	5	*	4.0	5.0	0.0	5.0	*	34.0	RAP_Step2_jap_Ganguang.FarmCPUpeak_info	RAP_Step2_jap_Ganguang	LOC_Os05g35780			expressed protein	N	Y	Y	39	pipeline_score=34; farm_logP=10.38; max_variant=20; recommendation_score=39
QTL11	Chr5-21337298	10.38	*	LOC_Os05g35800	5:21240778-21241617	15	25	*	4.0	5.0	0.0	5.0	*	39.0	RAP_Step2_jap_Ganguang.FarmCPUpeak_info	RAP_Step2_jap_Ganguang	LOC_Os05g35800			expressed protein	N	Y	Y	44	pipeline_score=39; farm_logP=10.38; max_variant=25; recommendation_score=44
QTL11	Chr5-21337298	10.38	*	LOC_Os05g35810	5:21247664-21249092	20	5	20	4.0	5.0	0.0	0.0	*	29.0	RAP_Step2_jap_Ganguang.FarmCPUpeak_info	RAP_Step2_jap_Ganguang	LOC_Os05g35810			expressed protein	N	Y	Y	34	pipeline_score=29; farm_logP=10.38; max_variant=20; recommendation_score=34
QTL11	Chr5-21337298	10.38	*	LOC_Os05g35820	5:21250808-21251910	20	5	0	4.0	5.0	0.0	0.0	*	29.0	RAP_Step2_jap_Ganguang.FarmCPUpeak_info	RAP_Step2_jap_Ganguang	LOC_Os05g35820			expressed protein	N	Y	Y	34	pipeline_score=29; farm_logP=10.38; max_variant=20; recommendation_score=34
QTL11	Chr5-21337298	10.38	*	LOC_Os05g35830	5:21258811-21259928	5	5	*	4.0	5.0	0.0	0.0	*	14.0	RAP_Step2_jap_Ganguang.FarmCPUpeak_info	RAP_Step2_jap_Ganguang	LOC_Os05g35830			expressed protein	N	Y	Y	14	pipeline_score=14; farm_logP=10.38; max_variant=5; recommendation_score=14
QTL11	Chr5-21337298	10.38	*	LOC_Os05g35840	5:21266345-21267625	5	10	*	4.0	5.0	0.0	0.0	*	19.0	RAP_Step2_jap_Ganguang.FarmCPUpeak_info	RAP_Step2_jap_Ganguang	LOC_Os05g35840			expressed protein	N	Y	Y	22	pipeline_score=19; farm_logP=10.38; max_variant=10; recommendation_score=22
QTL11	Chr5-21337298	10.38	*	LOC_Os05g35850	5:21269220-21270802	25	25	*	4.0	5.0	0.0	0.0	*	34.0	RAP_Step2_jap_Ganguang.FarmCPUpeak_info	RAP_Step2_jap_Ganguang	LOC_Os05g35850			expressed protein	N	Y	Y	39	pipeline_score=34; farm_logP=10.38; max_variant=25; recommendation_score=39
QTL11	Chr5-21337298	10.38	*	LOC_Os05g35860	5:21272705-21277756	25	25	5	4.0	0.0	0.0	5.0	*	34.0	RAP_Step2_jap_Ganguang.FarmCPUpeak_info	RAP_Step2_jap_Ganguang	LOC_Os05g35860			retrotransposon protein, putative, unclassified, expressed	Y	Y	Y	39	pipeline_score=34; farm_logP=10.38; max_variant=25; recommendation_score=39
QTL11	Chr5-21337298	10.38	*	LOC_Os05g35870	5:21279466-21279994	25	25	15	4.0	0.0	0.0	0.0	*	29.0	RAP_Step2_jap_Ganguang.FarmCPUpeak_info	RAP_Step2_jap_Ganguang	LOC_Os05g35870			expressed protein	N	Y	Y	34	pipeline_score=29; farm_logP=10.38; max_variant=25; recommendation_score=34
QTL11	Chr5-21337298	10.38	*	LOC_Os05g35880	5:21281095-21284793	25	25	25	4.0	0.0	0.0	0.0	*	29.0	RAP_Step2_jap_Ganguang.FarmCPUpeak_info	RAP_Step2_jap_Ganguang	LOC_Os05g35880			transposon protein, putative, CACTA, En/Spm sub-class, expressed	Y	Y	Y	34	pipeline_score=29; farm_logP=10.38; max_variant=25; recommendation_score=34
QTL11	Chr5-21337298	10.38	*	LOC_Os05g35890	5:21287381-21290712	25	25	25	4.0	0.0	0.0	0.0	*	29.0	RAP_Step2_jap_Ganguang.FarmCPUpeak_info	RAP_Step2_jap_Ganguang	LOC_Os05g35890			transposon protein, putative, CACTA, En/Spm sub-class, expressed	Y	Y	Y	34	pipeline_score=29; farm_logP=10.38; max_variant=25; recommendation_score=34
QTL11	Chr5-21337298	10.38	*	LOC_Os05g35900	5:21292072-21292563	20	5	15	4.0	5.0	0.0	0.0	*	29.0	RAP_Step2_jap_Ganguang.FarmCPUpeak_info	RAP_Step2_jap_Ganguang	LOC_Os05g35900			conserved hypothetical protein	N	N	Y	34	pipeline_score=29; farm_logP=10.38; max_variant=20; recommendation_score=34
QTL11	Chr5-21337298	10.38	*	LOC_Os05g35910	5:21294947-21295745	25	5	*	4.0	0.0	0.0	5.0	*	34.0	RAP_Step2_jap_Ganguang.FarmCPUpeak_info	RAP_Step2_jap_Ganguang	LOC_Os05g35910			expressed protein	N	Y	Y	39	pipeline_score=34; farm_logP=10.38; max_variant=25; recommendation_score=39
QTL11	Chr5-21337298	10.38	*	LOC_Os05g35920	5:21296766-21297189	25	25	15	4.0	0.0	0.0	0.0	*	29.0	RAP_Step2_jap_Ganguang.FarmCPUpeak_info	RAP_Step2_jap_Ganguang	LOC_Os05g35920			expressed protein	N	Y	Y	34	pipeline_score=29; farm_logP=10.38; max_variant=25; recommendation_score=34
QTL11	Chr5-21337298	10.38	*	LOC_Os05g35930	5:21300447-21301448	5	5	10	4.0	0.0	0.0	22.0	5	41.0	RAP_Step2_jap_Ganguang.FarmCPUpeak_info	RAP_Step2_jap_Ganguang	LOC_Os05g35930			expressed protein	N	Y	Y	47	pipeline_score=41; farm_logP=10.38; max_variant=10; match=5; recommendation_score=47
QTL11	Chr5-21337298	10.38	*	LOC_Os05g35940	5:21304449-21304751	20	25	5	4.0	0.0	0.0	0.0	*	29.0	RAP_Step2_jap_Ganguang.FarmCPUpeak_info	RAP_Step2_jap_Ganguang	LOC_Os05g35940			expressed protein	N	Y	Y	34	pipeline_score=29; farm_logP=10.38; max_variant=25; recommendation_score=34
QTL11	Chr5-21337298	10.38	*	LOC_Os05g35950	5:21306100-21307186	5	5	*	4.0	5.0	0.0	0.0	*	14.0	RAP_Step2_jap_Ganguang.FarmCPUpeak_info	RAP_Step2_jap_Ganguang	LOC_Os05g35950			expressed protein	N	Y	Y	14	pipeline_score=14; farm_logP=10.38; max_variant=5; recommendation_score=14
QTL11	Chr5-21337298	10.38	*	LOC_Os05g35960	5:21311563-21312499	5	10	*	4.0	0.0	0.0	5.0	*	19.0	RAP_Step2_jap_Ganguang.FarmCPUpeak_info	RAP_Step2_jap_Ganguang	LOC_Os05g35960			expressed protein	N	Y	Y	22	pipeline_score=19; farm_logP=10.38; max_variant=10; recommendation_score=22
QTL11	Chr5-21337298	10.38	*	LOC_Os05g35970	5:21313235-21314150	5	10	10	4.0	0.0	0.0	10.0	*	24.0	RAP_Step2_jap_Ganguang.FarmCPUpeak_info	RAP_Step2_jap_Ganguang	LOC_Os05g35970			expressed protein	N	Y	Y	27	pipeline_score=24; farm_logP=10.38; max_variant=10; recommendation_score=27
QTL11	Chr5-21337298	10.38	*	LOC_Os05g35980	5:21315830-21320460	5	5	0	4.0	0.0	0.0	15.0	*	24.0	RAP_Step2_jap_Ganguang.FarmCPUpeak_info	RAP_Step2_jap_Ganguang	LOC_Os05g35980			expressed protein	N	Y	Y	24	pipeline_score=24; farm_logP=10.38; max_variant=5; recommendation_score=24
QTL11	Chr5-21337298	10.38	*	LOC_Os05g36000	5:21322822-21325176	5	5	5	4.0	0.0	10.0	10.0	*	29.0	RAP_Step2_jap_Ganguang.FarmCPUpeak_info	RAP_Step2_jap_Ganguang	LOC_Os05g36000			FabA-like domain containing protein, expressed	N	Y	Y	29	pipeline_score=29; farm_logP=10.38; max_variant=5; recommendation_score=29
QTL11	Chr5-21337298	10.38	*	LOC_Os05g36010	5:21325499-21328295	5	5	5	4.0	0.0	0.0	10.0	*	19.0	RAP_Step2_jap_Ganguang.FarmCPUpeak_info	RAP_Step2_jap_Ganguang	LOC_Os05g36010			OsSub47 - Putative Subtilisin homologue, expressed	N	Y	Y	19	pipeline_score=19; farm_logP=10.38; max_variant=5; recommendation_score=19
QTL11	Chr5-21337298	10.38	*	LOC_Os05g36020	5:21332886-21333209	5	5	0	4.0	0.0	0.0	15.0	*	24.0	RAP_Step2_jap_Ganguang.FarmCPUpeak_info	RAP_Step2_jap_Ganguang	LOC_Os05g36020			expressed protein	N	Y	Y	24	pipeline_score=24; farm_logP=10.38; max_variant=5; recommendation_score=24
QTL11	Chr5-21337298	10.38	*	LOC_Os05g36030	5:21334924-21335624	20	25	5	4.0	0.0	0.0	5.0	*	34.0	RAP_Step2_jap_Ganguang.FarmCPUpeak_info	RAP_Step2_jap_Ganguang	LOC_Os05g36030			retrotransposon, putative, centromere-specific	Y	N	Y	39	pipeline_score=34; farm_logP=10.38; max_variant=25; recommendation_score=39
QTL11	Chr5-21337298	10.38	*	LOC_Os05g36040	5:21337042-21340730	20	25	25	4.0	0.0	0.0	5.0	*	34.0	RAP_Step2_jap_Ganguang.FarmCPUpeak_info	RAP_Step2_jap_Ganguang	LOC_Os05g36040			retrotransposon protein, putative, unclassified, expressed	Y	Y	Y	39	pipeline_score=34; farm_logP=10.38; max_variant=25; recommendation_score=39
QTL11	Chr5-21337298	10.38	*	LOC_Os05g36050	5:21342183-21345370	18	10	*	4.0	0.0	0.0	5.0	*	27.0	RAP_Step2_jap_Ganguang.FarmCPUpeak_info	RAP_Step2_jap_Ganguang	LOC_Os05g36050			serine/threonine-protein kinase, putative, expressed	N	Y	Y	30	pipeline_score=27; farm_logP=10.38; max_variant=18; recommendation_score=30
QTL11	Chr5-21337298	10.38	*	LOC_Os05g36060	5:21354600-21361347	25	25	25	4.0	0.0	0.0	5.0	*	34.0	RAP_Step2_jap_Ganguang.FarmCPUpeak_info	RAP_Step2_jap_Ganguang	LOC_Os05g36060			transposon protein, putative, unclassified, expressed	Y	Y	Y	39	pipeline_score=34; farm_logP=10.38; max_variant=25; recommendation_score=39
QTL11	Chr5-21337298	10.38	*	LOC_Os05g36070	5:21370156-21376605	18	10	*	4.0	0.0	0.0	18.0	*	40.0	RAP_Step2_jap_Ganguang.FarmCPUpeak_info	RAP_Step2_jap_Ganguang	LOC_Os05g36070			signal peptide peptidase domain containing protein, expressed	N	Y	Y	43	pipeline_score=40; farm_logP=10.38; max_variant=18; recommendation_score=43
QTL11	Chr5-21337298	10.38	*	LOC_Os05g36080	5:21377922-21382708	25	25	25	4.0	0.0	0.0	5.0	*	34.0	RAP_Step2_jap_Ganguang.FarmCPUpeak_info	RAP_Step2_jap_Ganguang	LOC_Os05g36080			transposon protein, putative, unclassified, expressed	Y	Y	Y	39	pipeline_score=34; farm_logP=10.38; max_variant=25; recommendation_score=39
QTL11	Chr5-21337298	10.38	*	Os05g0436700	5:21385137-21386114	5	5	0	4.0	0.0	0.0	5.0	*	14.0	RAP_Step2_jap_Ganguang.FarmCPUpeak_info	RAP_Step2_jap_Ganguang	Os05g0436700							14	pipeline_score=14; farm_logP=10.38; max_variant=5; recommendation_score=14
QTL11	Chr5-21337298	10.38	*	LOC_Os05g36090	5:21388694-21392697	5	5	*	4.0	0.0	0.0	5.0	*	14.0	RAP_Step2_jap_Ganguang.FarmCPUpeak_info	RAP_Step2_jap_Ganguang	LOC_Os05g36090			zinc finger DHHC domain-containing protein, putative, expressed	N	Y	Y	14	pipeline_score=14; farm_logP=10.38; max_variant=5; recommendation_score=14
QTL11	Chr5-21337298	10.38	*	Os05g0436950	5:21388804-21392658	5	*	*	4.0	0.0	0.0	5.0	*	14.0	RAP_Step2_jap_Ganguang.FarmCPUpeak_info	RAP_Step2_jap_Ganguang	Os05g0436950							14	pipeline_score=14; farm_logP=10.38; max_variant=5; recommendation_score=14
QTL11	Chr5-21337298	10.38	*	LOC_Os05g36100	5:21404554-21409032	5	5	0	4.0	5.0	0.0	5.0	*	19.0	RAP_Step2_jap_Ganguang.FarmCPUpeak_info	RAP_Step2_jap_Ganguang	LOC_Os05g36100			AP2 domain containing protein, expressed	N	Y	Y	19	pipeline_score=19; farm_logP=10.38; max_variant=5; recommendation_score=19
QTL11	Chr5-21337298	10.38	*	LOC_Os05g36110	5:21410003-21414351	5	10	*	4.0	0.0	0.0	15.0	*	29.0	RAP_Step2_jap_Ganguang.FarmCPUpeak_info	RAP_Step2_jap_Ganguang	LOC_Os05g36110			protein of unknown function DUF502 domain containing protein, expressed	N	Y	Y	32	pipeline_score=29; farm_logP=10.38; max_variant=10; recommendation_score=32
QTL11	Chr5-21337298	10.38	*	LOC_Os05g36120	5:21415020-21420739	5	5	0	4.0	0.0	0.0	15.0	*	24.0	RAP_Step2_jap_Ganguang.FarmCPUpeak_info	RAP_Step2_jap_Ganguang	LOC_Os05g36120	OsPTB2	panicle development; young panicles	polypyrimidine tract-binding protein, putative, expressed	N	Y	Y	31	pipeline_score=24; farm_logP=10.38; max_variant=5; symbol=OsPTB2; keyword=panicle development; young panicles; recommendation_score=31
QTL11	Chr5-21337298	10.38	*	LOC_Os05g36130	5:21421421-21421787	25	25	0	4.0	0.0	0.0	0.0	*	29.0	RAP_Step2_jap_Ganguang.FarmCPUpeak_info	RAP_Step2_jap_Ganguang	LOC_Os05g36130			transposon protein, putative, unclassified	Y	N	Y	34	pipeline_score=29; farm_logP=10.38; max_variant=25; recommendation_score=34
QTL11	Chr5-21337298	10.38	*	LOC_Os05g36140	5:21425050-21426009	5	25	*	4.0	5.0	0.0	10.0	*	44.0	RAP_Step2_jap_Ganguang.FarmCPUpeak_info	RAP_Step2_jap_Ganguang	LOC_Os05g36140			expressed protein	N	Y	Y	49	pipeline_score=44; farm_logP=10.38; max_variant=25; recommendation_score=49
QTL11	Chr5-21337298	10.38	*	LOC_Os05g36150	5:21427652-21431594	5	10	0	4.0	0.0	0.0	10.0	*	24.0	RAP_Step2_jap_Ganguang.FarmCPUpeak_info	RAP_Step2_jap_Ganguang	LOC_Os05g36150			Yip1 domain containing protein, expressed	N	Y	Y	27	pipeline_score=24; farm_logP=10.38; max_variant=10; recommendation_score=27
QTL11	Chr5-21337298	10.38	*	LOC_Os05g36160	5:21432457-21435725	20	10	10	4.0	0.0	0.0	10.0	*	34.0	RAP_Step2_jap_Ganguang.FarmCPUpeak_info	RAP_Step2_jap_Ganguang	LOC_Os05g36160			G-box-binding factor 4, putative, expressed	N	Y	Y	39	pipeline_score=34; farm_logP=10.38; max_variant=20; recommendation_score=39
QTL11	Chr5-21337298	10.38	*	Os05g0437750	5:21432697-21433302	20	10	*	4.0	0.0	0.0	5.0	*	29.0	RAP_Step2_jap_Ganguang.FarmCPUpeak_info	RAP_Step2_jap_Ganguang	Os05g0437750							34	pipeline_score=29; farm_logP=10.38; max_variant=20; recommendation_score=34
QTL11	Chr5-21337298	10.38	*	LOC_Os05g36170	5:21438700-21444855	25	25	25	4.0	0.0	0.0	5.0	*	34.0	RAP_Step2_jap_Ganguang.FarmCPUpeak_info	RAP_Step2_jap_Ganguang	LOC_Os05g36170			retrotransposon protein, putative, unclassified, expressed	Y	Y	Y	39	pipeline_score=34; farm_logP=10.38; max_variant=25; recommendation_score=39
QTL11	Chr5-21337298	10.38	*	LOC_Os05g36180	5:21445483-21448624	25	25	25	4.0	0.0	0.0	0.0	*	29.0	RAP_Step2_jap_Ganguang.FarmCPUpeak_info	RAP_Step2_jap_Ganguang	LOC_Os05g36180			retrotransposon protein, putative, unclassified, expressed	Y	Y	Y	34	pipeline_score=29; farm_logP=10.38; max_variant=25; recommendation_score=34
QTL11	Chr5-21337298	10.38	*	LOC_Os05g36184	5:21451508-21455835	5	25	*	4.0	0.0	0.0	5.0	*	34.0	RAP_Step2_jap_Ganguang.FarmCPUpeak_info	RAP_Step2_jap_Ganguang	LOC_Os05g36184			expressed protein	N	Y	Y	39	pipeline_score=34; farm_logP=10.38; max_variant=25; recommendation_score=39
QTL11	Chr5-21337298	10.38	*	LOC_Os05g36186	5:21456342-21457121	20	10	5	4.0	0.0	0.0	5.0	*	29.0	RAP_Step2_jap_Ganguang.FarmCPUpeak_info	RAP_Step2_jap_Ganguang	LOC_Os05g36186			expressed protein	N	Y	Y	34	pipeline_score=29; farm_logP=10.38; max_variant=20; recommendation_score=34
QTL11	Chr5-21337298	10.38	*	LOC_Os05g36190	5:21460163-21463405	20	10	*	4.0	0.0	0.0	15.0	*	39.0	RAP_Step2_jap_Ganguang.FarmCPUpeak_info	RAP_Step2_jap_Ganguang	LOC_Os05g36190			OsFBT7 - F-box and tubby domain containing protein, expressed	N	Y	Y	44	pipeline_score=39; farm_logP=10.38; max_variant=20; recommendation_score=44
QTL11	Chr5-21337298	10.38	*	LOC_Os05g36200	5:21466211-21469447	25	25	5	4.0	0.0	0.0	5.0	*	34.0	RAP_Step2_jap_Ganguang.FarmCPUpeak_info	RAP_Step2_jap_Ganguang	LOC_Os05g36200			retrotransposon protein, putative, Ty1-copia subclass, expressed	Y	Y	Y	39	pipeline_score=34; farm_logP=10.38; max_variant=25; recommendation_score=39
QTL11	Chr5-21337298	10.38	*	LOC_Os05g36210	5:21473960-21474333	25	5	*	4.0	0.0	0.0	5.0	*	34.0	RAP_Step2_jap_Ganguang.FarmCPUpeak_info	RAP_Step2_jap_Ganguang	LOC_Os05g36210			expressed protein	N	Y	Y	39	pipeline_score=34; farm_logP=10.38; max_variant=25; recommendation_score=39
QTL11	Chr5-21337298	10.38	*	LOC_Os05g36220	5:21475163-21477397	25	25	*	4.0	0.0	0.0	5.0	*	34.0	RAP_Step2_jap_Ganguang.FarmCPUpeak_info	RAP_Step2_jap_Ganguang	LOC_Os05g36220			transposon protein, putative, CACTA, En/Spm sub-class, expressed	Y	Y	Y	39	pipeline_score=34; farm_logP=10.38; max_variant=25; recommendation_score=39
QTL11	Chr5-21337298	10.38	*	LOC_Os05g36230	5:21479234-21481853	25	25	0	4.0	0.0	0.0	10.0	*	39.0	RAP_Step2_jap_Ganguang.FarmCPUpeak_info	RAP_Step2_jap_Ganguang	LOC_Os05g36230			transposon protein, putative, CACTA, En/Spm sub-class, expressed	Y	Y	Y	44	pipeline_score=39; farm_logP=10.38; max_variant=25; recommendation_score=44
QTL11	Chr5-21337298	10.38	*	LOC_Os05g36240	5:21482123-21485145	20	25	*	4.0	0.0	0.0	5.0	*	34.0	RAP_Step2_jap_Ganguang.FarmCPUpeak_info	RAP_Step2_jap_Ganguang	LOC_Os05g36240			expressed protein	N	Y	Y	39	pipeline_score=34; farm_logP=10.38; max_variant=25; recommendation_score=39
QTL11	Chr5-21337298	10.38	*	LOC_Os05g36250	5:21488395-21488907	5	10	*	4.0	0.0	0.0	0.0	*	14.0	RAP_Step2_jap_Ganguang.FarmCPUpeak_info	RAP_Step2_jap_Ganguang	LOC_Os05g36250			hypothetical protein	N	N	Y	17	pipeline_score=14; farm_logP=10.38; max_variant=10; recommendation_score=17
QTL11	Chr5-21337298	10.38	*	LOC_Os05g36260	5:21491660-21493705	5	10	*	4.0	0.0	0.0	10.0	*	24.0	RAP_Step2_jap_Ganguang.FarmCPUpeak_info	RAP_Step2_jap_Ganguang	LOC_Os05g36260			soluble inorganic pyrophosphatase, putative, expressed	N	Y	Y	27	pipeline_score=24; farm_logP=10.38; max_variant=10; recommendation_score=27
QTL11	Chr5-21337298	10.38	*	Os05g0438550	5:21492113-21493208	*	*	*	4.0	0.0	0.0	5.0	*	9.0	RAP_Step2_jap_Ganguang.FarmCPUpeak_info	RAP_Step2_jap_Ganguang	Os05g0438550							9	pipeline_score=9; farm_logP=10.38; recommendation_score=9
QTL11	Chr5-21337298	10.38	*	LOC_Os05g36270	5:21493839-21496838	20	5	*	4.0	0.0	0.0	10.0	*	34.0	RAP_Step2_jap_Ganguang.FarmCPUpeak_info	RAP_Step2_jap_Ganguang	LOC_Os05g36270	OscFBP2	shoot; sucrose	fructose-1,6-bisphosphatase, putative, expressed	N	Y	Y	46	pipeline_score=34; farm_logP=10.38; max_variant=20; symbol=OscFBP2; keyword=shoot; sucrose; recommendation_score=46
QTL11	Chr5-21337298	10.38	*	LOC_Os05g36280	5:21499419-21500179	*	5	*	4.0	0.0	0.0	5.0	*	14.0	RAP_Step2_jap_Ganguang.FarmCPUpeak_info	RAP_Step2_jap_Ganguang	LOC_Os05g36280			histone H3, putative, expressed	N	Y	Y	14	pipeline_score=14; farm_logP=10.38; max_variant=5; recommendation_score=14
QTL11	Chr5-21337298	10.38	*	LOC_Os05g36290	5:21500570-21504248	20	10	5	4.0	0.0	10.0	10.0	*	44.0	RAP_Step2_jap_Ganguang.FarmCPUpeak_info	RAP_Step2_jap_Ganguang	LOC_Os05g36290			actin, putative, expressed	N	Y	Y	49	pipeline_score=44; farm_logP=10.38; max_variant=20; recommendation_score=49
QTL11	Chr5-21337298	10.38	*	LOC_Os05g36300	5:21508275-21508541	20	10	*	4.0	0.0	0.0	0.0	*	24.0	RAP_Step2_jap_Ganguang.FarmCPUpeak_info	RAP_Step2_jap_Ganguang	LOC_Os05g36300			hypothetical protein	N	N	Y	29	pipeline_score=24; farm_logP=10.38; max_variant=20; recommendation_score=29
QTL11	Chr5-21337298	10.38	*	LOC_Os05g36310	5:21509382-21510614	15	10	*	4.0	0.0	0.0	10.0	*	29.0	RAP_Step2_jap_Ganguang.FarmCPUpeak_info	RAP_Step2_jap_Ganguang	LOC_Os05g36310			zinc finger, C3HC4 type domain containing protein, expressed	N	Y	Y	32	pipeline_score=29; farm_logP=10.38; max_variant=15; recommendation_score=32
QTL11	Chr5-21337298	10.38	*	LOC_Os05g36320	5:21511929-21512541	1	10	*	4.0	0.0	0.0	10.0	*	24.0	RAP_Step2_jap_Ganguang.FarmCPUpeak_info	RAP_Step2_jap_Ganguang	LOC_Os05g36320			expressed protein	N	Y	Y	27	pipeline_score=24; farm_logP=10.38; max_variant=10; recommendation_score=27
QTL11	Chr5-21337298	10.38	*	LOC_Os05g36330	5:21512611-21512814	5	10	*	4.0	0.0	0.0	5.0	*	19.0	RAP_Step2_jap_Ganguang.FarmCPUpeak_info	RAP_Step2_jap_Ganguang	LOC_Os05g36330			expressed protein	N	Y	Y	22	pipeline_score=19; farm_logP=10.38; max_variant=10; recommendation_score=22
QTL11	Chr5-21337298	10.38	*	LOC_Os05g36340	5:21514406-21515262	20	25	*	4.0	0.0	0.0	5.0	*	34.0	RAP_Step2_jap_Ganguang.FarmCPUpeak_info	RAP_Step2_jap_Ganguang	LOC_Os05g36340			expressed protein	N	Y	Y	39	pipeline_score=34; farm_logP=10.38; max_variant=25; recommendation_score=39
QTL11	Chr5-21337298	10.38	*	LOC_Os05g36350	5:21518063-21519885	5	5	0	4.0	0.0	0.0	18.0	*	27.0	RAP_Step2_jap_Ganguang.FarmCPUpeak_info	RAP_Step2_jap_Ganguang	LOC_Os05g36350			pentatricopeptide, putative, expressed	N	Y	Y	27	pipeline_score=27; farm_logP=10.38; max_variant=5; recommendation_score=27
QTL11	Chr5-21337298	10.38	*	LOC_Os05g36360	5:21525165-21526787	5	10	*	4.0	0.0	0.0	18.0	*	32.0	RAP_Step2_jap_Ganguang.FarmCPUpeak_info	RAP_Step2_jap_Ganguang	LOC_Os05g36360	OsPUB44	immune response; immunity; ubiquitin E3 ligase	U-box domain containing protein, expressed	N	Y	Y	42	pipeline_score=32; farm_logP=10.38; max_variant=10; symbol=OsPUB44; keyword=immune response; immunity; ubiquitin E3 ligase; recommendation_score=42
QTL11	Chr5-21337298	10.38	*	LOC_Os05g36370	5:21527314-21528771	20	5	*	4.0	0.0	0.0	5.0	*	29.0	RAP_Step2_jap_Ganguang.FarmCPUpeak_info	RAP_Step2_jap_Ganguang	LOC_Os05g36370			expressed protein	N	Y	Y	34	pipeline_score=29; farm_logP=10.38; max_variant=20; recommendation_score=34
QTL11	Chr5-21337298	10.38	*	LOC_Os05g36380	5:21529083-21530217	20	25	25	4.0	0.0	0.0	15.0	*	44.0	RAP_Step2_jap_Ganguang.FarmCPUpeak_info	RAP_Step2_jap_Ganguang	LOC_Os05g36380			expressed protein	N	Y	Y	49	pipeline_score=44; farm_logP=10.38; max_variant=25; recommendation_score=49
QTL11	Chr5-21337298	10.38	*	LOC_Os05g36390	5:21535454-21537621	20	10	25	4.0	0.0	0.0	0.0	*	29.0	RAP_Step2_jap_Ganguang.FarmCPUpeak_info	RAP_Step2_jap_Ganguang	LOC_Os05g36390			retrotransposon protein, putative, Ty3-gypsy subclass, expressed	Y	Y	Y	34	pipeline_score=29; farm_logP=10.38; max_variant=25; recommendation_score=34
QTL12	Chr6-8359017	36.31	*	LOC_Os06g14510	6:8152235-8159385	15	10	*	12.0	0.0	0.0	10.0	*	37.0	RAP_Step2_jap_Ganguang.FarmCPUpeak_info	RAP_Step2_jap_Ganguang	LOC_Os06g14510			glucose-6-phosphate isomerase, putative, expressed	N	Y	Y	40	pipeline_score=37; farm_logP=36.31; max_variant=15; recommendation_score=40
QTL12	Chr6-8359017	36.31	*	LOC_Os06g14520	6:8163527-8163757	20	25	20	12.0	0.0	0.0	0.0	*	37.0	RAP_Step2_jap_Ganguang.FarmCPUpeak_info	RAP_Step2_jap_Ganguang	LOC_Os06g14520			expressed protein	N	Y	Y	42	pipeline_score=37; farm_logP=36.31; max_variant=25; recommendation_score=42
QTL12	Chr6-8359017	36.31	*	LOC_Os06g14530	6:8176676-8177827	5	5	5	12.0	0.0	0.0	5.0	*	22.0	RAP_Step2_jap_Ganguang.FarmCPUpeak_info	RAP_Step2_jap_Ganguang	LOC_Os06g14530			expressed protein	N	Y	Y	22	pipeline_score=22; farm_logP=36.31; max_variant=5; recommendation_score=22
QTL12	Chr6-8359017	36.31	*	LOC_Os06g14540	6:8178988-8184624	20	10	0	12.0	0.0	0.0	5.0	*	37.0	RAP_Step2_jap_Ganguang.FarmCPUpeak_info	RAP_Step2_jap_Ganguang	LOC_Os06g14540			endoglucanase, putative, expressed	N	Y	Y	42	pipeline_score=37; farm_logP=36.31; max_variant=20; recommendation_score=42
QTL12	Chr6-8359017	36.31	*	Os06g0257050	6:8179502-8184497	20	10	5	12.0	0.0	0.0	5.0	*	37.0	RAP_Step2_jap_Ganguang.FarmCPUpeak_info	RAP_Step2_jap_Ganguang	Os06g0257050							42	pipeline_score=37; farm_logP=36.31; max_variant=20; recommendation_score=42
QTL12	Chr6-8359017	36.31	*	LOC_Os06g14550	6:8194483-8198052	5	10	*	12.0	0.0	0.0	15.0	*	37.0	RAP_Step2_jap_Ganguang.FarmCPUpeak_info	RAP_Step2_jap_Ganguang	LOC_Os06g14550			signal recognition particle 9 kDa protein, putative, expressed	N	Y	Y	40	pipeline_score=37; farm_logP=36.31; max_variant=10; recommendation_score=40
QTL12	Chr6-8359017	36.31	*	LOC_Os06g14560	6:8199008-8200200	25	25	25	12.0	0.0	0.0	5.0	*	42.0	RAP_Step2_jap_Ganguang.FarmCPUpeak_info	RAP_Step2_jap_Ganguang	LOC_Os06g14560			expressed protein	N	Y	Y	47	pipeline_score=42; farm_logP=36.31; max_variant=25; recommendation_score=47
QTL12	Chr6-8359017	36.31	*	LOC_Os06g14570	6:8203784-8207593	25	25	25	12.0	0.0	0.0	5.0	*	42.0	RAP_Step2_jap_Ganguang.FarmCPUpeak_info	RAP_Step2_jap_Ganguang	LOC_Os06g14570			retrotransposon protein, putative, Ty3-gypsy subclass, expressed	Y	Y	Y	47	pipeline_score=42; farm_logP=36.31; max_variant=25; recommendation_score=47
QTL12	Chr6-8359017	36.31	*	LOC_Os06g14580	6:8209748-8210071	20	25	25	12.0	0.0	0.0	5.0	*	42.0	RAP_Step2_jap_Ganguang.FarmCPUpeak_info	RAP_Step2_jap_Ganguang	LOC_Os06g14580			hypothetical protein	N	N	Y	47	pipeline_score=42; farm_logP=36.31; max_variant=25; recommendation_score=47
QTL12	Chr6-8359017	36.31	*	LOC_Os06g14590	6:8211535-8217645	25	25	25	12.0	0.0	0.0	5.0	*	42.0	RAP_Step2_jap_Ganguang.FarmCPUpeak_info	RAP_Step2_jap_Ganguang	LOC_Os06g14590			retrotransposon protein, putative, Ty3-gypsy subclass, expressed	Y	Y	Y	47	pipeline_score=42; farm_logP=36.31; max_variant=25; recommendation_score=47
QTL12	Chr6-8359017	36.31	*	LOC_Os06g14600	6:8217961-8220917	20	25	25	12.0	0.0	0.0	5.0	*	42.0	RAP_Step2_jap_Ganguang.FarmCPUpeak_info	RAP_Step2_jap_Ganguang	LOC_Os06g14600			retrotransposon protein, putative, Ty3-gypsy subclass, expressed	Y	Y	Y	47	pipeline_score=42; farm_logP=36.31; max_variant=25; recommendation_score=47
QTL12	Chr6-8359017	36.31	*	LOC_Os06g14610	6:8222478-8224415	25	25	25	12.0	0.0	0.0	5.0	*	42.0	RAP_Step2_jap_Ganguang.FarmCPUpeak_info	RAP_Step2_jap_Ganguang	LOC_Os06g14610			retrotransposon protein, putative, Ty3-gypsy subclass, expressed	Y	Y	Y	47	pipeline_score=42; farm_logP=36.31; max_variant=25; recommendation_score=47
QTL12	Chr6-8359017	36.31	*	LOC_Os06g14620	6:8230482-8232132	5	10	25	12.0	0.0	0.0	5.0	*	42.0	RAP_Step2_jap_Ganguang.FarmCPUpeak_info	RAP_Step2_jap_Ganguang	LOC_Os06g14620	NSL2|RNRS1|SDL|St1	cell cycle; chloroplast; cytoplasm; development; floral; floral organ; growth; height; iron; leaf; map-based cloning; nucleus; photosynthesis; plant height; seedlings; shoot; temperature; vascular bundle	ribonucleoside-diphosphate reductase small chain, putative, expressed	N	Y	Y	54	pipeline_score=42; farm_logP=36.31; max_variant=25; symbol=NSL2|RNRS1|SDL|St1; keyword=cell cycle; chloroplast; cytoplasm; development; floral; floral organ; growth; height; iron; leaf; map-based cloning; nucleus; photosynthesis; plant height; seedlings; shoot; temperature; vascular bundle; recommendation_score=54
QTL12	Chr6-8359017	36.31	*	LOC_Os06g14630	6:8236902-8238699	18	10	*	12.0	0.0	0.0	5.0	*	35.0	RAP_Step2_jap_Ganguang.FarmCPUpeak_info	RAP_Step2_jap_Ganguang	LOC_Os06g14630			GDSL-like lipase/acylhydrolase, putative, expressed	N	Y	Y	38	pipeline_score=35; farm_logP=36.31; max_variant=18; recommendation_score=38
QTL12	Chr6-8359017	36.31	*	LOC_Os06g14640	6:8238998-8239474	5	*	*	12.0	0.0	0.0	0.0	*	17.0	RAP_Step2_jap_Ganguang.FarmCPUpeak_info	RAP_Step2_jap_Ganguang	LOC_Os06g14640			zinc finger, C3HC4 type domain containing protein, expressed	N	Y	Y	17	pipeline_score=17; farm_logP=36.31; max_variant=5; recommendation_score=17
QTL12	Chr6-8359017	36.31	*	LOC_Os06g14650	6:8241587-8245449	25	25	10	12.0	0.0	0.0	0.0	*	37.0	RAP_Step2_jap_Ganguang.FarmCPUpeak_info	RAP_Step2_jap_Ganguang	LOC_Os06g14650			zinc finger, C3HC4 type domain containing protein, expressed	N	Y	Y	42	pipeline_score=37; farm_logP=36.31; max_variant=25; recommendation_score=42
QTL12	Chr6-8359017	36.31	*	LOC_Os06g14660	6:8247113-8247499	20	10	20	12.0	0.0	0.0	0.0	*	32.0	RAP_Step2_jap_Ganguang.FarmCPUpeak_info	RAP_Step2_jap_Ganguang	LOC_Os06g14660			hypothetical protein	N	N	Y	37	pipeline_score=32; farm_logP=36.31; max_variant=20; recommendation_score=37
QTL12	Chr6-8359017	36.31	*	LOC_Os06g14670	6:8251038-8252396	5	10	*	12.0	0.0	0.0	5.0	*	27.0	RAP_Step2_jap_Ganguang.FarmCPUpeak_info	RAP_Step2_jap_Ganguang	LOC_Os06g14670			ODORANT1, putative, expressed	N	Y	Y	30	pipeline_score=27; farm_logP=36.31; max_variant=10; recommendation_score=30
QTL12	Chr6-8359017	36.31	*	LOC_Os06g14680	6:8256351-8259660	25	25	5	12.0	0.0	0.0	0.0	*	37.0	RAP_Step2_jap_Ganguang.FarmCPUpeak_info	RAP_Step2_jap_Ganguang	LOC_Os06g14680			transposon protein, putative, CACTA, En/Spm sub-class, expressed	Y	Y	Y	42	pipeline_score=37; farm_logP=36.31; max_variant=25; recommendation_score=42
QTL12	Chr6-8359017	36.31	*	LOC_Os06g14690	6:8268310-8268879	20	10	25	12.0	0.0	0.0	0.0	*	37.0	RAP_Step2_jap_Ganguang.FarmCPUpeak_info	RAP_Step2_jap_Ganguang	LOC_Os06g14690			transposon protein, putative, unclassified	Y	N	Y	42	pipeline_score=37; farm_logP=36.31; max_variant=25; recommendation_score=42
QTL12	Chr6-8359017	36.31	*	LOC_Os06g14700	6:8272683-8273219	5	10	25	12.0	5.0	0.0	0.0	*	42.0	RAP_Step2_jap_Ganguang.FarmCPUpeak_info	RAP_Step2_jap_Ganguang	LOC_Os06g14700			myb-like DNA-binding domain containing protein, expressed	N	Y	Y	47	pipeline_score=42; farm_logP=36.31; max_variant=25; recommendation_score=47
QTL12	Chr6-8359017	36.31	*	LOC_Os06g14710	6:8283027-8283505	20	5	*	12.0	5.0	0.0	0.0	*	37.0	RAP_Step2_jap_Ganguang.FarmCPUpeak_info	RAP_Step2_jap_Ganguang	LOC_Os06g14710			myb-like DNA-binding domain containing protein, expressed	N	Y	Y	42	pipeline_score=37; farm_logP=36.31; max_variant=20; recommendation_score=42
QTL12	Chr6-8359017	36.31	*	LOC_Os06g14720	6:8294714-8295334	18	25	0	12.0	0.0	0.0	0.0	*	37.0	RAP_Step2_jap_Ganguang.FarmCPUpeak_info	RAP_Step2_jap_Ganguang	LOC_Os06g14720			retrotransposon protein, putative, unclassified	Y	N	Y	42	pipeline_score=37; farm_logP=36.31; max_variant=25; recommendation_score=42
QTL12	Chr6-8359017	36.31	*	LOC_Os06g14730	6:8298392-8300634	25	25	0	12.0	0.0	0.0	0.0	*	37.0	RAP_Step2_jap_Ganguang.FarmCPUpeak_info	RAP_Step2_jap_Ganguang	LOC_Os06g14730			transposon protein, putative, unclassified, expressed	Y	Y	Y	42	pipeline_score=37; farm_logP=36.31; max_variant=25; recommendation_score=42
QTL12	Chr6-8359017	36.31	*	LOC_Os06g14740	6:8301780-8316932	20	10	5	12.0	0.0	0.0	15.0	*	47.0	RAP_Step2_jap_Ganguang.FarmCPUpeak_info	RAP_Step2_jap_Ganguang	LOC_Os06g14740			NAD binding domain of 6-phosphogluconate dehydrogenase containing protein, expressed	N	Y	Y	52	pipeline_score=47; farm_logP=36.31; max_variant=20; recommendation_score=52
QTL12	Chr6-8359017	36.31	*	LOC_Os06g14750	6:8317759-8325555	5	10	5	12.0	0.0	0.0	15.0	*	37.0	RAP_Step2_jap_Ganguang.FarmCPUpeak_info	RAP_Step2_jap_Ganguang	LOC_Os06g14750			phosphatidylinositol-4-phosphate 5-Kinase family protein, putative, expressed	N	Y	Y	40	pipeline_score=37; farm_logP=36.31; max_variant=10; recommendation_score=40
QTL12	Chr6-8359017	36.31	*	LOC_Os06g14770	6:8369639-8369989	20	10	25	12.0	5.0	0.0	5.0	*	47.0	RAP_Step2_jap_Ganguang.FarmCPUpeak_info	RAP_Step2_jap_Ganguang	LOC_Os06g14770			expressed protein	N	Y	Y	52	pipeline_score=47; farm_logP=36.31; max_variant=25; recommendation_score=52
QTL12	Chr6-8359017	36.31	*	Os06g0259850	6:8370035-8370657	15	10	20	12.0	0.0	0.0	5.0	*	37.0	RAP_Step2_jap_Ganguang.FarmCPUpeak_info	RAP_Step2_jap_Ganguang	Os06g0259850							42	pipeline_score=37; farm_logP=36.31; max_variant=20; recommendation_score=42
QTL12	Chr6-8359017	36.31	*	LOC_Os06g14780	6:8372335-8376921	25	25	5	12.0	0.0	10.0	20.0	*	67.0	RAP_Step2_jap_Ganguang.FarmCPUpeak_info	RAP_Step2_jap_Ganguang	LOC_Os06g14780			expressed protein	N	Y	Y	72	pipeline_score=67; farm_logP=36.31; max_variant=25; recommendation_score=72
QTL12	Chr6-8359017	36.31	*	LOC_Os06g14790	6:8389605-8390342	20	5	*	12.0	0.0	0.0	0.0	*	32.0	RAP_Step2_jap_Ganguang.FarmCPUpeak_info	RAP_Step2_jap_Ganguang	LOC_Os06g14790			hypothetical protein	N	N	Y	37	pipeline_score=32; farm_logP=36.31; max_variant=20; recommendation_score=37
QTL12	Chr6-8359017	36.31	*	LOC_Os06g14800	6:8394886-8397836	5	25	10	12.0	0.0	0.0	0.0	*	37.0	RAP_Step2_jap_Ganguang.FarmCPUpeak_info	RAP_Step2_jap_Ganguang	LOC_Os06g14800			expressed protein	N	Y	Y	42	pipeline_score=37; farm_logP=36.31; max_variant=25; recommendation_score=42
QTL12	Chr6-8359017	36.31	*	LOC_Os06g14810	6:8408317-8410308	5	10	10	12.0	5.0	0.0	5.0	*	32.0	RAP_Step2_jap_Ganguang.FarmCPUpeak_info	RAP_Step2_jap_Ganguang	LOC_Os06g14810			3-ketoacyl-CoA synthase, putative, expressed	N	Y	Y	35	pipeline_score=32; farm_logP=36.31; max_variant=10; recommendation_score=35
QTL12	Chr6-8359017	36.31	*	Os06g0260250	6:8408744-8410105	5	5	*	12.0	0.0	0.0	5.0	*	22.0	RAP_Step2_jap_Ganguang.FarmCPUpeak_info	RAP_Step2_jap_Ganguang	Os06g0260250							22	pipeline_score=22; farm_logP=36.31; max_variant=5; recommendation_score=22
QTL12	Chr6-8359017	36.31	*	LOC_Os06g14820	6:8414997-8416785	20	5	*	12.0	0.0	0.0	0.0	*	32.0	RAP_Step2_jap_Ganguang.FarmCPUpeak_info	RAP_Step2_jap_Ganguang	LOC_Os06g14820			hypothetical protein	N	N	Y	37	pipeline_score=32; farm_logP=36.31; max_variant=20; recommendation_score=37
QTL12	Chr6-8359017	36.31	*	LOC_Os06g14830	6:8431064-8432050	25	25	25	12.0	0.0	0.0	5.0	*	42.0	RAP_Step2_jap_Ganguang.FarmCPUpeak_info	RAP_Step2_jap_Ganguang	LOC_Os06g14830			retrotransposon protein, putative, unclassified, expressed	Y	Y	Y	47	pipeline_score=42; farm_logP=36.31; max_variant=25; recommendation_score=47
QTL12	Chr6-8359017	36.31	*	LOC_Os06g14840	6:8434867-8436393	25	25	25	12.0	0.0	0.0	0.0	*	37.0	RAP_Step2_jap_Ganguang.FarmCPUpeak_info	RAP_Step2_jap_Ganguang	LOC_Os06g14840			transposon protein, putative, unclassified, expressed	Y	Y	Y	42	pipeline_score=37; farm_logP=36.31; max_variant=25; recommendation_score=42
QTL12	Chr6-8359017	36.31	*	LOC_Os06g14850	6:8444358-8446472	20	25	25	12.0	0.0	0.0	0.0	*	37.0	RAP_Step2_jap_Ganguang.FarmCPUpeak_info	RAP_Step2_jap_Ganguang	LOC_Os06g14850			transposon protein, putative, unclassified	Y	N	Y	42	pipeline_score=37; farm_logP=36.31; max_variant=25; recommendation_score=42
QTL12	Chr6-8359017	36.31	*	LOC_Os06g14860	6:8447688-8449278	20	10	25	12.0	0.0	0.0	0.0	*	37.0	RAP_Step2_jap_Ganguang.FarmCPUpeak_info	RAP_Step2_jap_Ganguang	LOC_Os06g14860			hypothetical protein	N	N	Y	42	pipeline_score=37; farm_logP=36.31; max_variant=25; recommendation_score=42
QTL12	Chr6-8359017	36.31	*	LOC_Os06g14870	6:8453106-8454091	25	5	5	12.0	0.0	0.0	5.0	*	42.0	RAP_Step2_jap_Ganguang.FarmCPUpeak_info	RAP_Step2_jap_Ganguang	LOC_Os06g14870			expressed protein	N	Y	Y	47	pipeline_score=42; farm_logP=36.31; max_variant=25; recommendation_score=47
QTL12	Chr6-8359017	36.31	*	LOC_Os06g14890	6:8456825-8457918	25	5	15	12.0	0.0	0.0	0.0	*	37.0	RAP_Step2_jap_Ganguang.FarmCPUpeak_info	RAP_Step2_jap_Ganguang	LOC_Os06g14890			hypothetical protein	Y	N	Y	42	pipeline_score=37; farm_logP=36.31; max_variant=25; recommendation_score=42
QTL12	Chr6-8359017	36.31	*	LOC_Os06g14900	6:8463149-8464029	25	10	20	12.0	0.0	0.0	0.0	*	37.0	RAP_Step2_jap_Ganguang.FarmCPUpeak_info	RAP_Step2_jap_Ganguang	LOC_Os06g14900			retrotransposon protein, putative, unclassified, expressed	Y	Y	Y	42	pipeline_score=37; farm_logP=36.31; max_variant=25; recommendation_score=42
QTL12	Chr6-8359017	36.31	*	LOC_Os06g14910	6:8464876-8466736	25	*	*	12.0	0.0	0.0	0.0	*	37.0	RAP_Step2_jap_Ganguang.FarmCPUpeak_info	RAP_Step2_jap_Ganguang	LOC_Os06g14910			retrotransposon protein, putative, unclassified, expressed	Y	Y	Y	42	pipeline_score=37; farm_logP=36.31; max_variant=25; recommendation_score=42
QTL12	Chr6-8359017	36.31	*	LOC_Os06g14920	6:8468006-8471273	25	*	*	12.0	0.0	0.0	0.0	*	37.0	RAP_Step2_jap_Ganguang.FarmCPUpeak_info	RAP_Step2_jap_Ganguang	LOC_Os06g14920			retrotransposon protein, putative, unclassified, expressed	Y	Y	Y	42	pipeline_score=37; farm_logP=36.31; max_variant=25; recommendation_score=42
QTL12	Chr6-8359017	36.31	*	LOC_Os06g14930	6:8472697-8473128	25	25	25	12.0	0.0	0.0	0.0	*	37.0	RAP_Step2_jap_Ganguang.FarmCPUpeak_info	RAP_Step2_jap_Ganguang	LOC_Os06g14930			retrotransposon protein, putative, unclassified, expressed	Y	Y	Y	42	pipeline_score=37; farm_logP=36.31; max_variant=25; recommendation_score=42
QTL12	Chr6-8359017	36.31	*	LOC_Os06g14940	6:8482198-8483623	5	5	25	12.0	0.0	0.0	0.0	*	37.0	RAP_Step2_jap_Ganguang.FarmCPUpeak_info	RAP_Step2_jap_Ganguang	LOC_Os06g14940			retrotransposon protein, putative, unclassified	Y	N	Y	42	pipeline_score=37; farm_logP=36.31; max_variant=25; recommendation_score=42
QTL12	Chr6-8359017	36.31	*	LOC_Os06g14950	6:8484978-8485574	25	25	25	12.0	0.0	0.0	0.0	*	37.0	RAP_Step2_jap_Ganguang.FarmCPUpeak_info	RAP_Step2_jap_Ganguang	LOC_Os06g14950			retrotransposon protein, putative, unclassified	Y	N	Y	42	pipeline_score=37; farm_logP=36.31; max_variant=25; recommendation_score=42
QTL12	Chr6-8359017	36.31	*	LOC_Os06g14960	6:8489824-8490042	20	5	25	12.0	0.0	0.0	0.0	*	37.0	RAP_Step2_jap_Ganguang.FarmCPUpeak_info	RAP_Step2_jap_Ganguang	LOC_Os06g14960			expressed protein	N	Y	Y	42	pipeline_score=37; farm_logP=36.31; max_variant=25; recommendation_score=42
QTL12	Chr6-8359017	36.31	*	LOC_Os06g14970	6:8491584-8493920	20	5	25	12.0	0.0	0.0	0.0	*	37.0	RAP_Step2_jap_Ganguang.FarmCPUpeak_info	RAP_Step2_jap_Ganguang	LOC_Os06g14970			hypothetical protein	Y	N	Y	42	pipeline_score=37; farm_logP=36.31; max_variant=25; recommendation_score=42
QTL12	Chr6-8359017	36.31	*	LOC_Os06g14980	6:8494920-8495354	25	25	25	12.0	0.0	0.0	0.0	*	37.0	RAP_Step2_jap_Ganguang.FarmCPUpeak_info	RAP_Step2_jap_Ganguang	LOC_Os06g14980			retrotransposon protein, putative, Ty3-gypsy subclass	Y	N	Y	42	pipeline_score=37; farm_logP=36.31; max_variant=25; recommendation_score=42
QTL12	Chr6-8359017	36.31	*	LOC_Os06g14990	6:8501518-8502627	25	25	25	12.0	0.0	0.0	0.0	*	37.0	RAP_Step2_jap_Ganguang.FarmCPUpeak_info	RAP_Step2_jap_Ganguang	LOC_Os06g14990			retrotransposon protein, putative, unclassified	Y	N	Y	42	pipeline_score=37; farm_logP=36.31; max_variant=25; recommendation_score=42
QTL12	Chr6-8359017	36.31	*	LOC_Os06g15010	6:8506270-8508464	25	5	0	12.0	0.0	0.0	0.0	*	37.0	RAP_Step2_jap_Ganguang.FarmCPUpeak_info	RAP_Step2_jap_Ganguang	LOC_Os06g15010			conserved hypothetical protein	Y	N	Y	42	pipeline_score=37; farm_logP=36.31; max_variant=25; recommendation_score=42
QTL12	Chr6-8359017	36.31	*	LOC_Os06g15020	6:8511314-8513067	5	25	5	12.0	5.0	0.0	5.0	*	47.0	RAP_Step2_jap_Ganguang.FarmCPUpeak_info	RAP_Step2_jap_Ganguang	LOC_Os06g15020			3-ketoacyl-CoA synthase, putative, expressed	N	Y	Y	52	pipeline_score=47; farm_logP=36.31; max_variant=25; recommendation_score=52
QTL12	Chr6-8359017	36.31	*	LOC_Os06g15030	6:8521742-8523332	25	25	*	12.0	0.0	0.0	5.0	*	42.0	RAP_Step2_jap_Ganguang.FarmCPUpeak_info	RAP_Step2_jap_Ganguang	LOC_Os06g15030			transposon protein, putative, CACTA, En/Spm sub-class, expressed	Y	Y	Y	47	pipeline_score=42; farm_logP=36.31; max_variant=25; recommendation_score=47
QTL12	Chr6-8359017	36.31	*	LOC_Os06g15040	6:8524136-8524597	25	25	5	12.0	0.0	0.0	0.0	*	37.0	RAP_Step2_jap_Ganguang.FarmCPUpeak_info	RAP_Step2_jap_Ganguang	LOC_Os06g15040			transposon protein, putative, CACTA, En/Spm sub-class	Y	N	Y	42	pipeline_score=37; farm_logP=36.31; max_variant=25; recommendation_score=42
QTL12	Chr6-8359017	36.31	*	LOC_Os06g15050	6:8529849-8533273	25	10	10	12.0	0.0	0.0	0.0	*	37.0	RAP_Step2_jap_Ganguang.FarmCPUpeak_info	RAP_Step2_jap_Ganguang	LOC_Os06g15050			transposon protein, putative, CACTA, En/Spm sub-class, expressed	Y	Y	Y	42	pipeline_score=37; farm_logP=36.31; max_variant=25; recommendation_score=42
QTL12	Chr6-8359017	36.31	*	LOC_Os06g15060	6:8535253-8537856	20	25	25	12.0	0.0	0.0	0.0	*	37.0	RAP_Step2_jap_Ganguang.FarmCPUpeak_info	RAP_Step2_jap_Ganguang	LOC_Os06g15060			transposon protein, putative, CACTA, En/Spm sub-class	Y	N	Y	42	pipeline_score=37; farm_logP=36.31; max_variant=25; recommendation_score=42
QTL12	Chr6-8359017	36.31	*	LOC_Os06g15070	6:8540488-8541837	25	25	25	12.0	0.0	0.0	0.0	*	37.0	RAP_Step2_jap_Ganguang.FarmCPUpeak_info	RAP_Step2_jap_Ganguang	LOC_Os06g15070			retrotransposon protein, putative, Ty3-gypsy subclass	Y	N	Y	42	pipeline_score=37; farm_logP=36.31; max_variant=25; recommendation_score=42
QTL12	Chr6-8359017	36.31	*	LOC_Os06g15080	6:8551222-8551668	25	25	25	12.0	0.0	0.0	0.0	*	37.0	RAP_Step2_jap_Ganguang.FarmCPUpeak_info	RAP_Step2_jap_Ganguang	LOC_Os06g15080			expressed protein	N	Y	Y	42	pipeline_score=37; farm_logP=36.31; max_variant=25; recommendation_score=42
QTL12	Chr6-8359017	36.31	*	LOC_Os06g15090	6:8552912-8555308	25	25	0	12.0	0.0	0.0	0.0	*	37.0	RAP_Step2_jap_Ganguang.FarmCPUpeak_info	RAP_Step2_jap_Ganguang	LOC_Os06g15090			transposon protein, putative, CACTA, En/Spm sub-class	Y	N	Y	42	pipeline_score=37; farm_logP=36.31; max_variant=25; recommendation_score=42
QTL12	Chr6-8359017	36.31	*	LOC_Os06g15100	6:8558381-8562853	25	5	25	12.0	0.0	0.0	0.0	*	37.0	RAP_Step2_jap_Ganguang.FarmCPUpeak_info	RAP_Step2_jap_Ganguang	LOC_Os06g15100			retrotransposon protein, putative, Ty3-gypsy subclass	Y	N	Y	42	pipeline_score=37; farm_logP=36.31; max_variant=25; recommendation_score=42
QTL13	Chr6-11006834	28.22	*	LOC_Os06g18990	6:10806351-10809659	1	*	*	12.0	0.0	0.0	15.0	*	28.0	RAP_Step2_jap_Ganguang.FarmCPUpeak_info	RAP_Step2_jap_Ganguang	LOC_Os06g18990			embryogenesis transmembrane protein, putative, expressed	N	Y	Y	28	pipeline_score=28; farm_logP=28.22; max_variant=1; recommendation_score=28
QTL13	Chr6-11006834	28.22	*	Os06g0294100	6:10809172-10813775	25	*	*	12.0	0.0	0.0	5.0	*	42.0	RAP_Step2_jap_Ganguang.FarmCPUpeak_info	RAP_Step2_jap_Ganguang	Os06g0294100							47	pipeline_score=42; farm_logP=28.22; max_variant=25; recommendation_score=47
QTL13	Chr6-11006834	28.22	*	LOC_Os06g19000	6:10810807-10811929	20	*	*	12.0	0.0	0.0	5.0	*	37.0	RAP_Step2_jap_Ganguang.FarmCPUpeak_info	RAP_Step2_jap_Ganguang	LOC_Os06g19000			hypothetical protein	N	N	Y	42	pipeline_score=37; farm_logP=28.22; max_variant=20; recommendation_score=42
QTL13	Chr6-11006834	28.22	*	LOC_Os06g19010	6:10813016-10816111	25	10	0	12.0	0.0	0.0	10.0	*	47.0	RAP_Step2_jap_Ganguang.FarmCPUpeak_info	RAP_Step2_jap_Ganguang	LOC_Os06g19010			cadmium tolerance factor, putative, expressed	N	Y	Y	52	pipeline_score=47; farm_logP=28.22; max_variant=25; recommendation_score=52
QTL13	Chr6-11006834	28.22	*	Os06g0294300	6:10813935-10815481	20	1	*	12.0	0.0	0.0	5.0	*	37.0	RAP_Step2_jap_Ganguang.FarmCPUpeak_info	RAP_Step2_jap_Ganguang	Os06g0294300							42	pipeline_score=37; farm_logP=28.22; max_variant=20; recommendation_score=42
QTL13	Chr6-11006834	28.22	*	LOC_Os06g19020	6:10818800-10819534	20	10	0	12.0	0.0	0.0	0.0	*	32.0	RAP_Step2_jap_Ganguang.FarmCPUpeak_info	RAP_Step2_jap_Ganguang	LOC_Os06g19020			hypothetical protein	N	N	Y	37	pipeline_score=32; farm_logP=28.22; max_variant=20; recommendation_score=37
QTL13	Chr6-11006834	28.22	*	LOC_Os06g19030	6:10821536-10822564	20	25	*	12.0	0.0	0.0	0.0	*	37.0	RAP_Step2_jap_Ganguang.FarmCPUpeak_info	RAP_Step2_jap_Ganguang	LOC_Os06g19030			retrotransposon protein, putative, unclassified, expressed	Y	Y	Y	42	pipeline_score=37; farm_logP=28.22; max_variant=25; recommendation_score=42
QTL13	Chr6-11006834	28.22	*	LOC_Os06g19040	6:10826031-10830371	25	25	25	12.0	0.0	0.0	5.0	*	42.0	RAP_Step2_jap_Ganguang.FarmCPUpeak_info	RAP_Step2_jap_Ganguang	LOC_Os06g19040			retrotransposon protein, putative, Ty1-copia subclass, expressed	Y	Y	Y	47	pipeline_score=42; farm_logP=28.22; max_variant=25; recommendation_score=47
QTL13	Chr6-11006834	28.22	*	LOC_Os06g19050	6:10831871-10834565	20	25	*	12.0	0.0	0.0	0.0	*	37.0	RAP_Step2_jap_Ganguang.FarmCPUpeak_info	RAP_Step2_jap_Ganguang	LOC_Os06g19050			embryogenesis transmembrane protein, putative, expressed	N	Y	Y	42	pipeline_score=37; farm_logP=28.22; max_variant=25; recommendation_score=42
QTL13	Chr6-11006834	28.22	*	Os06g0294501	6:10837402-10839428	*	25	0	12.0	0.0	0.0	5.0	*	42.0	RAP_Step2_jap_Ganguang.FarmCPUpeak_info	RAP_Step2_jap_Ganguang	Os06g0294501							47	pipeline_score=42; farm_logP=28.22; max_variant=25; recommendation_score=47
QTL13	Chr6-11006834	28.22	*	LOC_Os06g19060	6:10838973-10840574	20	5	20	12.0	0.0	0.0	5.0	*	37.0	RAP_Step2_jap_Ganguang.FarmCPUpeak_info	RAP_Step2_jap_Ganguang	LOC_Os06g19060			expressed protein	N	Y	Y	42	pipeline_score=37; farm_logP=28.22; max_variant=20; recommendation_score=42
QTL13	Chr6-11006834	28.22	*	LOC_Os06g19070	6:10843920-10846020	20	25	10	12.0	0.0	0.0	18.0	*	55.0	RAP_Step2_jap_Ganguang.FarmCPUpeak_info	RAP_Step2_jap_Ganguang	LOC_Os06g19070			cytochrome P450, putative, expressed	N	Y	Y	60	pipeline_score=55; farm_logP=28.22; max_variant=25; recommendation_score=60
QTL13	Chr6-11006834	28.22	*	Os06g0294775	6:10844200-10845872	20	10	*	12.0	0.0	0.0	5.0	*	37.0	RAP_Step2_jap_Ganguang.FarmCPUpeak_info	RAP_Step2_jap_Ganguang	Os06g0294775							42	pipeline_score=37; farm_logP=28.22; max_variant=20; recommendation_score=42
QTL13	Chr6-11006834	28.22	*	LOC_Os06g19080	6:10849823-10852864	25	10	25	12.0	0.0	0.0	0.0	*	37.0	RAP_Step2_jap_Ganguang.FarmCPUpeak_info	RAP_Step2_jap_Ganguang	LOC_Os06g19080			transposon protein, putative, CACTA, En/Spm sub-class, expressed	Y	Y	Y	42	pipeline_score=37; farm_logP=28.22; max_variant=25; recommendation_score=42
QTL13	Chr6-11006834	28.22	*	LOC_Os06g19090	6:10859283-10862583	20	10	25	12.0	0.0	0.0	5.0	*	42.0	RAP_Step2_jap_Ganguang.FarmCPUpeak_info	RAP_Step2_jap_Ganguang	LOC_Os06g19090			expressed protein	Y	Y	Y	47	pipeline_score=42; farm_logP=28.22; max_variant=25; recommendation_score=47
QTL13	Chr6-11006834	28.22	*	LOC_Os06g19095	6:10865395-10867828	20	*	25	12.0	0.0	0.0	5.0	*	42.0	RAP_Step2_jap_Ganguang.FarmCPUpeak_info	RAP_Step2_jap_Ganguang	LOC_Os06g19095			expressed protein	N	Y	Y	47	pipeline_score=42; farm_logP=28.22; max_variant=25; recommendation_score=47
QTL13	Chr6-11006834	28.22	*	LOC_Os06g19100	6:10868973-10869806	20	25	25	12.0	0.0	0.0	0.0	*	37.0	RAP_Step2_jap_Ganguang.FarmCPUpeak_info	RAP_Step2_jap_Ganguang	LOC_Os06g19100			retrotransposon protein, putative, unclassified, expressed	Y	Y	Y	42	pipeline_score=37; farm_logP=28.22; max_variant=25; recommendation_score=42
QTL13	Chr6-11006834	28.22	*	LOC_Os06g19110	6:10871809-10875144	20	25	10	12.0	0.0	0.0	5.0	*	42.0	RAP_Step2_jap_Ganguang.FarmCPUpeak_info	RAP_Step2_jap_Ganguang	LOC_Os06g19110			cadmium tolerance factor, putative, expressed	N	Y	Y	47	pipeline_score=42; farm_logP=28.22; max_variant=25; recommendation_score=47
QTL13	Chr6-11006834	28.22	*	LOC_Os06g19120	6:10876628-10877306	25	25	20	12.0	0.0	0.0	0.0	*	37.0	RAP_Step2_jap_Ganguang.FarmCPUpeak_info	RAP_Step2_jap_Ganguang	LOC_Os06g19120			hypothetical protein	N	N	Y	42	pipeline_score=37; farm_logP=28.22; max_variant=25; recommendation_score=42
QTL13	Chr6-11006834	28.22	*	LOC_Os06g19130	6:10881037-10889581	25	25	25	12.0	0.0	0.0	5.0	*	42.0	RAP_Step2_jap_Ganguang.FarmCPUpeak_info	RAP_Step2_jap_Ganguang	LOC_Os06g19130			cadmium tolerance factor, putative, expressed	N	Y	Y	47	pipeline_score=42; farm_logP=28.22; max_variant=25; recommendation_score=47
QTL13	Chr6-11006834	28.22	*	Os06g0295250	6:10887494-10889511	20	*	*	12.0	0.0	0.0	5.0	*	37.0	RAP_Step2_jap_Ganguang.FarmCPUpeak_info	RAP_Step2_jap_Ganguang	Os06g0295250							42	pipeline_score=37; farm_logP=28.22; max_variant=20; recommendation_score=42
QTL13	Chr6-11006834	28.22	*	Os06g0295366	6:10891500-10895664	20	25	20	12.0	0.0	0.0	18.0	*	55.0	RAP_Step2_jap_Ganguang.FarmCPUpeak_info	RAP_Step2_jap_Ganguang	Os06g0295366							60	pipeline_score=55; farm_logP=28.22; max_variant=25; recommendation_score=60
QTL13	Chr6-11006834	28.22	*	LOC_Os06g19140	6:10892638-10893350	20	25	25	12.0	0.0	0.0	5.0	*	42.0	RAP_Step2_jap_Ganguang.FarmCPUpeak_info	RAP_Step2_jap_Ganguang	LOC_Os06g19140			retrotransposon, putative, centromere-specific	Y	N	Y	47	pipeline_score=42; farm_logP=28.22; max_variant=25; recommendation_score=47
QTL13	Chr6-11006834	28.22	*	LOC_Os06g19150	6:10894813-10896880	20	25	25	12.0	0.0	0.0	5.0	*	42.0	RAP_Step2_jap_Ganguang.FarmCPUpeak_info	RAP_Step2_jap_Ganguang	LOC_Os06g19150			retrotransposon protein, putative, unclassified, expressed	Y	Y	Y	47	pipeline_score=42; farm_logP=28.22; max_variant=25; recommendation_score=47
QTL13	Chr6-11006834	28.22	*	Os06g0295432	6:10898627-10899293	*	*	0	12.0	0.0	0.0	0.0	*	12.0	RAP_Step2_jap_Ganguang.FarmCPUpeak_info	RAP_Step2_jap_Ganguang	Os06g0295432							12	pipeline_score=12; farm_logP=28.22; recommendation_score=12
QTL13	Chr6-11006834	28.22	*	LOC_Os06g19160	6:10900608-10909497	25	25	25	12.0	0.0	0.0	15.0	*	52.0	RAP_Step2_jap_Ganguang.FarmCPUpeak_info	RAP_Step2_jap_Ganguang	LOC_Os06g19160			retrotransposon protein, putative, Ty1-copia subclass, expressed	Y	Y	Y	57	pipeline_score=52; farm_logP=28.22; max_variant=25; recommendation_score=57
QTL13	Chr6-11006834	28.22	*	LOC_Os06g19170	6:10912407-10915490	18	25	5	12.0	0.0	0.0	10.0	*	47.0	RAP_Step2_jap_Ganguang.FarmCPUpeak_info	RAP_Step2_jap_Ganguang	LOC_Os06g19170			cadmium tolerance factor, putative, expressed	N	Y	Y	52	pipeline_score=47; farm_logP=28.22; max_variant=25; recommendation_score=52
QTL13	Chr6-11006834	28.22	*	Os06g0295700	6:10919088-10921341	20	5	20	12.0	0.0	0.0	5.0	*	37.0	RAP_Step2_jap_Ganguang.FarmCPUpeak_info	RAP_Step2_jap_Ganguang	Os06g0295700							42	pipeline_score=37; farm_logP=28.22; max_variant=20; recommendation_score=42
QTL13	Chr6-11006834	28.22	*	LOC_Os06g19200	6:10926618-10927028	25	25	10	12.0	0.0	0.0	10.0	*	47.0	RAP_Step2_jap_Ganguang.FarmCPUpeak_info	RAP_Step2_jap_Ganguang	LOC_Os06g19200			expressed protein	N	Y	Y	52	pipeline_score=47; farm_logP=28.22; max_variant=25; recommendation_score=52
QTL13	Chr6-11006834	28.22	*	LOC_Os06g19210	6:10932274-10935216	20	25	5	12.0	0.0	0.0	10.0	*	47.0	RAP_Step2_jap_Ganguang.FarmCPUpeak_info	RAP_Step2_jap_Ganguang	LOC_Os06g19210	OsCTF	cadmium; cadmium tolerance; demethylation; tolerance	cadmium tolerance factor, putative, expressed	N	Y	Y	59	pipeline_score=47; farm_logP=28.22; max_variant=25; symbol=OsCTF; keyword=cadmium; cadmium tolerance; demethylation; tolerance; recommendation_score=59
QTL13	Chr6-11006834	28.22	*	LOC_Os06g19220	6:10936351-10936743	20	10	20	12.0	0.0	0.0	5.0	*	37.0	RAP_Step2_jap_Ganguang.FarmCPUpeak_info	RAP_Step2_jap_Ganguang	LOC_Os06g19220			hypothetical protein	N	N	Y	42	pipeline_score=37; farm_logP=28.22; max_variant=20; recommendation_score=42
QTL13	Chr6-11006834	28.22	*	LOC_Os06g19230	6:10937896-10942672	*	*	25	12.0	0.0	0.0	5.0	*	42.0	RAP_Step2_jap_Ganguang.FarmCPUpeak_info	RAP_Step2_jap_Ganguang	LOC_Os06g19230			transposon protein, putative, unclassified, expressed	Y	Y	Y	47	pipeline_score=42; farm_logP=28.22; max_variant=25; recommendation_score=47
QTL13	Chr6-11006834	28.22	*	LOC_Os06g19240	6:10946680-10951254	*	*	25	12.0	0.0	0.0	0.0	*	37.0	RAP_Step2_jap_Ganguang.FarmCPUpeak_info	RAP_Step2_jap_Ganguang	LOC_Os06g19240			retrotransposon protein, putative, Ty3-gypsy subclass	Y	N	Y	42	pipeline_score=37; farm_logP=28.22; max_variant=25; recommendation_score=42
QTL13	Chr6-11006834	28.22	*	Os06g0296450	6:10952309-10956092	25	10	15	12.0	0.0	0.0	5.0	*	42.0	RAP_Step2_jap_Ganguang.FarmCPUpeak_info	RAP_Step2_jap_Ganguang	Os06g0296450							47	pipeline_score=42; farm_logP=28.22; max_variant=25; recommendation_score=47
QTL13	Chr6-11006834	28.22	*	LOC_Os06g19250	6:10955710-10957537	25	25	25	12.0	0.0	0.0	10.0	*	47.0	RAP_Step2_jap_Ganguang.FarmCPUpeak_info	RAP_Step2_jap_Ganguang	LOC_Os06g19250			expressed protein	N	Y	Y	52	pipeline_score=47; farm_logP=28.22; max_variant=25; recommendation_score=52
QTL13	Chr6-11006834	28.22	*	LOC_Os06g19260	6:10957733-10960700	5	10	15	12.0	0.0	0.0	20.0	*	47.0	RAP_Step2_jap_Ganguang.FarmCPUpeak_info	RAP_Step2_jap_Ganguang	LOC_Os06g19260			cadmium tolerance factor, putative, expressed	N	Y	Y	50	pipeline_score=47; farm_logP=28.22; max_variant=15; recommendation_score=50
QTL13	Chr6-11006834	28.22	*	Os06g0296750	6:10958499-10960634	5	5	5	12.0	0.0	0.0	10.0	*	27.0	RAP_Step2_jap_Ganguang.FarmCPUpeak_info	RAP_Step2_jap_Ganguang	Os06g0296750							27	pipeline_score=27; farm_logP=28.22; max_variant=5; recommendation_score=27
QTL13	Chr6-11006834	28.22	*	LOC_Os06g19279	6:10968162-10973326	25	25	25	12.0	0.0	0.0	5.0	*	42.0	RAP_Step2_jap_Ganguang.FarmCPUpeak_info	RAP_Step2_jap_Ganguang	LOC_Os06g19279			transposon protein, putative, CACTA, En/Spm sub-class, expressed	Y	Y	Y	47	pipeline_score=42; farm_logP=28.22; max_variant=25; recommendation_score=47
QTL13	Chr6-11006834	28.22	*	LOC_Os06g19300	6:10973966-10977254	25	25	25	12.0	5.0	0.0	22.0	*	64.0	RAP_Step2_jap_Ganguang.FarmCPUpeak_info	RAP_Step2_jap_Ganguang	LOC_Os06g19300			cadmium tolerance factor, putative, expressed	N	Y	Y	69	pipeline_score=64; farm_logP=28.22; max_variant=25; recommendation_score=69
QTL13	Chr6-11006834	28.22	*	Os06g0296967	6:10974045-10976091	25	10	20	12.0	0.0	0.0	0.0	*	37.0	RAP_Step2_jap_Ganguang.FarmCPUpeak_info	RAP_Step2_jap_Ganguang	Os06g0296967							42	pipeline_score=37; farm_logP=28.22; max_variant=25; recommendation_score=42
QTL13	Chr6-11006834	28.22	*	LOC_Os06g19310	6:10978269-10982972	5	5	25	12.0	0.0	0.0	0.0	*	37.0	RAP_Step2_jap_Ganguang.FarmCPUpeak_info	RAP_Step2_jap_Ganguang	LOC_Os06g19310			transposon protein, putative, CACTA, En/Spm sub-class, expressed	Y	Y	Y	42	pipeline_score=37; farm_logP=28.22; max_variant=25; recommendation_score=42
QTL13	Chr6-11006834	28.22	*	LOC_Os06g19320	6:10985417-10986581	25	25	25	12.0	0.0	0.0	0.0	*	37.0	RAP_Step2_jap_Ganguang.FarmCPUpeak_info	RAP_Step2_jap_Ganguang	LOC_Os06g19320			retrotransposon protein, putative, Ty3-gypsy subclass	Y	N	Y	42	pipeline_score=37; farm_logP=28.22; max_variant=25; recommendation_score=42
QTL13	Chr6-11006834	28.22	*	LOC_Os06g19330	6:10990197-10993084	20	25	25	12.0	0.0	0.0	0.0	*	37.0	RAP_Step2_jap_Ganguang.FarmCPUpeak_info	RAP_Step2_jap_Ganguang	LOC_Os06g19330			retrotransposon protein, putative, unclassified	Y	N	Y	42	pipeline_score=37; farm_logP=28.22; max_variant=25; recommendation_score=42
QTL13	Chr6-11006834	28.22	*	LOC_Os06g19340	6:11002119-11004255	25	25	*	12.0	0.0	0.0	0.0	*	37.0	RAP_Step2_jap_Ganguang.FarmCPUpeak_info	RAP_Step2_jap_Ganguang	LOC_Os06g19340			expressed protein	N	Y	Y	42	pipeline_score=37; farm_logP=28.22; max_variant=25; recommendation_score=42
QTL13	Chr6-11006834	28.22	*	LOC_Os06g19350	6:11005566-11011074	25	25	*	12.0	0.0	0.0	0.0	*	37.0	RAP_Step2_jap_Ganguang.FarmCPUpeak_info	RAP_Step2_jap_Ganguang	LOC_Os06g19350			retrotransposon, putative, centromere-specific, expressed	Y	Y	Y	42	pipeline_score=37; farm_logP=28.22; max_variant=25; recommendation_score=42
QTL13	Chr6-11006834	28.22	*	LOC_Os06g19360	6:11013859-11017481	25	25	*	12.0	0.0	0.0	0.0	*	37.0	RAP_Step2_jap_Ganguang.FarmCPUpeak_info	RAP_Step2_jap_Ganguang	LOC_Os06g19360			cadmium tolerance factor, putative, expressed	N	Y	Y	42	pipeline_score=37; farm_logP=28.22; max_variant=25; recommendation_score=42
QTL13	Chr6-11006834	28.22	*	Os06g0297350	6:11015385-11016819	20	*	*	12.0	0.0	0.0	0.0	*	32.0	RAP_Step2_jap_Ganguang.FarmCPUpeak_info	RAP_Step2_jap_Ganguang	Os06g0297350							37	pipeline_score=32; farm_logP=28.22; max_variant=20; recommendation_score=37
QTL13	Chr6-11006834	28.22	*	LOC_Os06g19370	6:11022311-11027884	20	5	*	12.0	0.0	0.0	20.0	*	52.0	RAP_Step2_jap_Ganguang.FarmCPUpeak_info	RAP_Step2_jap_Ganguang	LOC_Os06g19370			cadmium tolerance factor, putative, expressed	N	Y	Y	57	pipeline_score=52; farm_logP=28.22; max_variant=20; recommendation_score=57
QTL13	Chr6-11006834	28.22	*	Os06g0297500	6:11024550-11027137	20	5	*	12.0	0.0	0.0	5.0	*	37.0	RAP_Step2_jap_Ganguang.FarmCPUpeak_info	RAP_Step2_jap_Ganguang	Os06g0297500							42	pipeline_score=37; farm_logP=28.22; max_variant=20; recommendation_score=42
QTL13	Chr6-11006834	28.22	*	LOC_Os06g19380	6:11030395-11034088	15	5	5	12.0	0.0	0.0	5.0	*	32.0	RAP_Step2_jap_Ganguang.FarmCPUpeak_info	RAP_Step2_jap_Ganguang	LOC_Os06g19380			expressed protein	N	Y	Y	35	pipeline_score=32; farm_logP=28.22; max_variant=15; recommendation_score=35
QTL13	Chr6-11006834	28.22	*	LOC_Os06g19390	6:11040140-11043314	15	10	*	12.0	0.0	0.0	10.0	*	37.0	RAP_Step2_jap_Ganguang.FarmCPUpeak_info	RAP_Step2_jap_Ganguang	LOC_Os06g19390			expressed protein	N	Y	Y	40	pipeline_score=37; farm_logP=28.22; max_variant=15; recommendation_score=40
QTL13	Chr6-11006834	28.22	*	LOC_Os06g19400	6:11046380-11054423	18	10	*	12.0	0.0	0.0	20.0	*	50.0	RAP_Step2_jap_Ganguang.FarmCPUpeak_info	RAP_Step2_jap_Ganguang	LOC_Os06g19400			GRAM and C2 domains containing protein, putative, expressed	N	Y	Y	53	pipeline_score=50; farm_logP=28.22; max_variant=18; recommendation_score=53
QTL13	Chr6-11006834	28.22	*	LOC_Os06g19410	6:11058564-11062012	20	25	25	12.0	0.0	0.0	5.0	*	42.0	RAP_Step2_jap_Ganguang.FarmCPUpeak_info	RAP_Step2_jap_Ganguang	LOC_Os06g19410			retrotransposon protein, putative, unclassified, expressed	Y	Y	Y	47	pipeline_score=42; farm_logP=28.22; max_variant=25; recommendation_score=47
QTL13	Chr6-11006834	28.22	*	LOC_Os06g19420	6:11064049-11065140	5	25	10	12.0	0.0	0.0	5.0	*	42.0	RAP_Step2_jap_Ganguang.FarmCPUpeak_info	RAP_Step2_jap_Ganguang	LOC_Os06g19420			expressed protein	N	Y	Y	47	pipeline_score=42; farm_logP=28.22; max_variant=25; recommendation_score=47
QTL13	Chr6-11006834	28.22	*	LOC_Os06g19430	6:11068825-11069781	20	25	*	12.0	0.0	0.0	15.0	*	52.0	RAP_Step2_jap_Ganguang.FarmCPUpeak_info	RAP_Step2_jap_Ganguang	LOC_Os06g19430			expressed protein	N	Y	Y	57	pipeline_score=52; farm_logP=28.22; max_variant=25; recommendation_score=57
QTL13	Chr6-11006834	28.22	*	LOC_Os06g19444	6:11070108-11076721	5	10	*	12.0	0.0	23.0	20.0	*	65.0	RAP_Step2_jap_Ganguang.FarmCPUpeak_info	RAP_Step2_jap_Ganguang	LOC_Os06g19444			CCT/B-box zinc finger protein, putative, expressed	N	Y	Y	68	pipeline_score=65; farm_logP=28.22; max_variant=10; recommendation_score=68
QTL13	Chr6-11006834	28.22	*	LOC_Os06g19460	6:11084748-11085720	25	25	*	12.0	0.0	0.0	10.0	*	47.0	RAP_Step2_jap_Ganguang.FarmCPUpeak_info	RAP_Step2_jap_Ganguang	LOC_Os06g19460			expressed protein	N	Y	Y	52	pipeline_score=47; farm_logP=28.22; max_variant=25; recommendation_score=52
QTL13	Chr6-11006834	28.22	*	LOC_Os06g19470	6:11085818-11094274	20	10	*	12.0	0.0	0.0	15.0	*	47.0	RAP_Step2_jap_Ganguang.FarmCPUpeak_info	RAP_Step2_jap_Ganguang	LOC_Os06g19470			WW domain containing protein, expressed	N	Y	Y	52	pipeline_score=47; farm_logP=28.22; max_variant=20; recommendation_score=52
QTL13	Chr6-11006834	28.22	*	LOC_Os06g19480	6:11094771-11097268	5	5	0	12.0	0.0	0.0	15.0	*	32.0	RAP_Step2_jap_Ganguang.FarmCPUpeak_info	RAP_Step2_jap_Ganguang	LOC_Os06g19480			expressed protein	N	Y	Y	32	pipeline_score=32; farm_logP=28.22; max_variant=5; recommendation_score=32
QTL13	Chr6-11006834	28.22	*	LOC_Os06g19490	6:11100796-11101293	5	5	*	12.0	5.0	0.0	5.0	*	27.0	RAP_Step2_jap_Ganguang.FarmCPUpeak_info	RAP_Step2_jap_Ganguang	LOC_Os06g19490			expressed protein	N	Y	Y	27	pipeline_score=27; farm_logP=28.22; max_variant=5; recommendation_score=27
QTL13	Chr6-11006834	28.22	*	LOC_Os06g19500	6:11103008-11105189	20	10	10	12.0	5.0	0.0	0.0	*	37.0	RAP_Step2_jap_Ganguang.FarmCPUpeak_info	RAP_Step2_jap_Ganguang	LOC_Os06g19500			oxidoreductase, short chain dehydrogenase/reductase family domain containing protein, expressed	N	Y	Y	42	pipeline_score=37; farm_logP=28.22; max_variant=20; recommendation_score=42
QTL13	Chr6-11006834	28.22	*	LOC_Os06g19510	6:11108968-11111357	20	25	25	12.0	0.0	0.0	0.0	*	37.0	RAP_Step2_jap_Ganguang.FarmCPUpeak_info	RAP_Step2_jap_Ganguang	LOC_Os06g19510			hypothetical protein	Y	N	Y	42	pipeline_score=37; farm_logP=28.22; max_variant=25; recommendation_score=42
QTL13	Chr6-11006834	28.22	*	LOC_Os06g19520	6:11112019-11115072	25	25	25	12.0	0.0	0.0	0.0	*	37.0	RAP_Step2_jap_Ganguang.FarmCPUpeak_info	RAP_Step2_jap_Ganguang	LOC_Os06g19520			transposon protein, putative, CACTA, En/Spm sub-class, expressed	Y	Y	Y	42	pipeline_score=37; farm_logP=28.22; max_variant=25; recommendation_score=42
QTL13	Chr6-11006834	28.22	*	LOC_Os06g19530	6:11116720-11118276	20	5	*	12.0	5.0	0.0	15.0	*	52.0	RAP_Step2_jap_Ganguang.FarmCPUpeak_info	RAP_Step2_jap_Ganguang	LOC_Os06g19530			oxidoreductase, short chain dehydrogenase/reductase family, putative, expressed	N	Y	Y	57	pipeline_score=52; farm_logP=28.22; max_variant=20; recommendation_score=57
QTL13	Chr6-11006834	28.22	*	LOC_Os06g19540	6:11121684-11123673	20	25	5	12.0	5.0	0.0	22.0	*	64.0	RAP_Step2_jap_Ganguang.FarmCPUpeak_info	RAP_Step2_jap_Ganguang	LOC_Os06g19540			oxidoreductase, short chain dehydrogenase/reductase family domain containing protein, expressed	N	Y	Y	69	pipeline_score=64; farm_logP=28.22; max_variant=25; recommendation_score=69
QTL13	Chr6-11006834	28.22	*	LOC_Os06g19550	6:11132743-11134650	20	5	20	12.0	5.0	0.0	10.0	*	47.0	RAP_Step2_jap_Ganguang.FarmCPUpeak_info	RAP_Step2_jap_Ganguang	LOC_Os06g19550			oxidoreductase, short chain dehydrogenase/reductase family, putative, expressed	N	Y	Y	52	pipeline_score=47; farm_logP=28.22; max_variant=20; recommendation_score=52
QTL13	Chr6-11006834	28.22	*	Os06g0299400	6:11135757-11135957	*	*	0	12.0	0.0	0.0	5.0	*	17.0	RAP_Step2_jap_Ganguang.FarmCPUpeak_info	RAP_Step2_jap_Ganguang	Os06g0299400							17	pipeline_score=17; farm_logP=28.22; recommendation_score=17
QTL13	Chr6-11006834	28.22	*	Os06g0299500	6:11135770-11135977	5	5	20	12.0	0.0	0.0	0.0	*	32.0	RAP_Step2_jap_Ganguang.FarmCPUpeak_info	RAP_Step2_jap_Ganguang	Os06g0299500							37	pipeline_score=32; farm_logP=28.22; max_variant=20; recommendation_score=37
QTL13	Chr6-11006834	28.22	*	LOC_Os06g19570	6:11143471-11144895	25	5	25	12.0	0.0	0.0	0.0	*	37.0	RAP_Step2_jap_Ganguang.FarmCPUpeak_info	RAP_Step2_jap_Ganguang	LOC_Os06g19570			expressed protein	N	Y	Y	42	pipeline_score=37; farm_logP=28.22; max_variant=25; recommendation_score=42
QTL13	Chr6-11006834	28.22	*	LOC_Os06g19580	6:11154624-11154887	20	5	25	12.0	0.0	0.0	0.0	*	37.0	RAP_Step2_jap_Ganguang.FarmCPUpeak_info	RAP_Step2_jap_Ganguang	LOC_Os06g19580			expressed protein	N	Y	Y	42	pipeline_score=37; farm_logP=28.22; max_variant=25; recommendation_score=42
QTL13	Chr6-11006834	28.22	*	LOC_Os06g19590	6:11170411-11174891	20	25	20	12.0	0.0	0.0	5.0	*	42.0	RAP_Step2_jap_Ganguang.FarmCPUpeak_info	RAP_Step2_jap_Ganguang	LOC_Os06g19590			estradiol 17-beta-dehydrogenase 12, putative, expressed	N	Y	Y	47	pipeline_score=42; farm_logP=28.22; max_variant=25; recommendation_score=47
QTL13	Chr6-11006834	28.22	*	Os06g0300100	6:11170702-11174895	20	25	*	12.0	0.0	0.0	5.0	*	42.0	RAP_Step2_jap_Ganguang.FarmCPUpeak_info	RAP_Step2_jap_Ganguang	Os06g0300100							47	pipeline_score=42; farm_logP=28.22; max_variant=25; recommendation_score=47
QTL13	Chr6-11006834	28.22	*	LOC_Os06g19600	6:11176767-11177617	20	5	25	12.0	0.0	0.0	0.0	*	37.0	RAP_Step2_jap_Ganguang.FarmCPUpeak_info	RAP_Step2_jap_Ganguang	LOC_Os06g19600			expressed protein	N	Y	Y	42	pipeline_score=37; farm_logP=28.22; max_variant=25; recommendation_score=42
QTL13	Chr6-11006834	28.22	*	LOC_Os06g19610	6:11179549-11181352	15	5	25	12.0	0.0	0.0	5.0	*	42.0	RAP_Step2_jap_Ganguang.FarmCPUpeak_info	RAP_Step2_jap_Ganguang	LOC_Os06g19610			oxidoreductase, short chain dehydrogenase/reductase family, putative, expressed	N	Y	Y	47	pipeline_score=42; farm_logP=28.22; max_variant=25; recommendation_score=47
QTL13	Chr6-11006834	28.22	*	LOC_Os06g19620	6:11184909-11189423	15	10	20	12.0	0.0	20.0	10.0	*	62.0	RAP_Step2_jap_Ganguang.FarmCPUpeak_info	RAP_Step2_jap_Ganguang	LOC_Os06g19620			SFT2, putative, expressed	N	Y	Y	67	pipeline_score=62; farm_logP=28.22; max_variant=20; recommendation_score=67
QTL13	Chr6-11006834	28.22	*	Os06g0300333	6:11185015-11188964	5	*	5	12.0	0.0	0.0	5.0	*	22.0	RAP_Step2_jap_Ganguang.FarmCPUpeak_info	RAP_Step2_jap_Ganguang	Os06g0300333							22	pipeline_score=22; farm_logP=28.22; max_variant=5; recommendation_score=22
QTL13	Chr6-11006834	28.22	*	Os06g0300366	6:11189652-11192921	25	25	20	12.0	0.0	0.0	0.0	*	37.0	RAP_Step2_jap_Ganguang.FarmCPUpeak_info	RAP_Step2_jap_Ganguang	Os06g0300366							42	pipeline_score=37; farm_logP=28.22; max_variant=25; recommendation_score=42
QTL13	Chr6-11006834	28.22	*	LOC_Os06g19630	6:11200132-11204233	5	5	15	12.0	0.0	10.0	5.0	*	42.0	RAP_Step2_jap_Ganguang.FarmCPUpeak_info	RAP_Step2_jap_Ganguang	LOC_Os06g19630			steroid nuclear receptor, ligand-binding, putative, expressed	N	Y	Y	45	pipeline_score=42; farm_logP=28.22; max_variant=15; recommendation_score=45
QTL13	Chr6-11006834	28.22	*	LOC_Os06g19640	6:11204783-11208079	5	10	0	12.0	0.0	0.0	10.0	*	32.0	RAP_Step2_jap_Ganguang.FarmCPUpeak_info	RAP_Step2_jap_Ganguang	LOC_Os06g19640			39S ribosomal protein L46, mitochondrial precursor, putative, expressed	N	Y	Y	35	pipeline_score=32; farm_logP=28.22; max_variant=10; recommendation_score=35
QTL14	Chr8-15226152	19.48	*	LOC_Os08g24840	8:15026585-15027112	20	25	10	12.0	0.0	0.0	5.0	*	42.0	RAP_Step2_jap_Ganguang.FarmCPUpeak_info	RAP_Step2_jap_Ganguang	LOC_Os08g24840			expressed protein	N	Y	Y	47	pipeline_score=42; farm_logP=19.48; max_variant=25; recommendation_score=47
QTL14	Chr8-15226152	19.48	*	LOC_Os08g24850	8:15031584-15032304	25	25	25	12.0	0.0	0.0	5.0	*	42.0	RAP_Step2_jap_Ganguang.FarmCPUpeak_info	RAP_Step2_jap_Ganguang	LOC_Os08g24850			retrotransposon, putative, centromere-specific, expressed	Y	Y	Y	47	pipeline_score=42; farm_logP=19.48; max_variant=25; recommendation_score=47
QTL14	Chr8-15226152	19.48	*	Os08g0336250	8:15040539-15040976	*	*	*	12.0	0.0	0.0	0.0	*	12.0	RAP_Step2_jap_Ganguang.FarmCPUpeak_info	RAP_Step2_jap_Ganguang	Os08g0336250							12	pipeline_score=12; farm_logP=19.48; recommendation_score=12
QTL14	Chr8-15226152	19.48	*	LOC_Os08g24860	8:15044227-15047535	20	25	25	12.0	0.0	0.0	5.0	*	42.0	RAP_Step2_jap_Ganguang.FarmCPUpeak_info	RAP_Step2_jap_Ganguang	LOC_Os08g24860			transposon protein, putative, unclassified, expressed	Y	Y	Y	47	pipeline_score=42; farm_logP=19.48; max_variant=25; recommendation_score=47
QTL14	Chr8-15226152	19.48	*	LOC_Os08g24870	8:15048179-15054334	25	25	25	12.0	0.0	0.0	0.0	*	37.0	RAP_Step2_jap_Ganguang.FarmCPUpeak_info	RAP_Step2_jap_Ganguang	LOC_Os08g24870			retrotransposon protein, putative, unclassified, expressed	Y	Y	Y	42	pipeline_score=37; farm_logP=19.48; max_variant=25; recommendation_score=42
QTL14	Chr8-15226152	19.48	*	LOC_Os08g24880	8:15059110-15064638	20	5	20	12.0	0.0	0.0	5.0	*	37.0	RAP_Step2_jap_Ganguang.FarmCPUpeak_info	RAP_Step2_jap_Ganguang	LOC_Os08g24880			EDM2, putative, expressed	N	Y	Y	42	pipeline_score=37; farm_logP=19.48; max_variant=20; recommendation_score=42
QTL14	Chr8-15226152	19.48	*	LOC_Os08g24900	8:15066529-15072879	20	25	5	12.0	0.0	0.0	5.0	*	42.0	RAP_Step2_jap_Ganguang.FarmCPUpeak_info	RAP_Step2_jap_Ganguang	LOC_Os08g24900			retrotransposon protein, putative, unclassified, expressed	Y	Y	Y	47	pipeline_score=42; farm_logP=19.48; max_variant=25; recommendation_score=47
QTL14	Chr8-15226152	19.48	*	LOC_Os08g24910	8:15080495-15081043	20	25	0	12.0	0.0	0.0	0.0	*	37.0	RAP_Step2_jap_Ganguang.FarmCPUpeak_info	RAP_Step2_jap_Ganguang	LOC_Os08g24910			expressed protein	N	Y	Y	42	pipeline_score=37; farm_logP=19.48; max_variant=25; recommendation_score=42
QTL14	Chr8-15226152	19.48	*	LOC_Os08g24920	8:15088566-15089923	20	25	*	12.0	0.0	0.0	5.0	*	42.0	RAP_Step2_jap_Ganguang.FarmCPUpeak_info	RAP_Step2_jap_Ganguang	LOC_Os08g24920			expressed protein	N	Y	Y	47	pipeline_score=42; farm_logP=19.48; max_variant=25; recommendation_score=47
QTL14	Chr8-15226152	19.48	*	Os08g0337001	8:15094723-15098372	5	10	*	12.0	0.0	0.0	5.0	*	27.0	RAP_Step2_jap_Ganguang.FarmCPUpeak_info	RAP_Step2_jap_Ganguang	Os08g0337001							30	pipeline_score=27; farm_logP=19.48; max_variant=10; recommendation_score=30
QTL14	Chr8-15226152	19.48	*	LOC_Os08g24930	8:15105055-15109398	20	5	*	12.0	0.0	0.0	10.0	*	42.0	RAP_Step2_jap_Ganguang.FarmCPUpeak_info	RAP_Step2_jap_Ganguang	LOC_Os08g24930			expressed protein	N	Y	Y	47	pipeline_score=42; farm_logP=19.48; max_variant=20; recommendation_score=47
QTL14	Chr8-15226152	19.48	*	LOC_Os08g24940	8:15111421-15112050	20	10	0	12.0	0.0	0.0	0.0	*	32.0	RAP_Step2_jap_Ganguang.FarmCPUpeak_info	RAP_Step2_jap_Ganguang	LOC_Os08g24940			hypothetical protein	N	N	Y	37	pipeline_score=32; farm_logP=19.48; max_variant=20; recommendation_score=37
QTL14	Chr8-15226152	19.48	*	LOC_Os08g24946	8:15115420-15130251	15	10	*	12.0	0.0	0.0	15.0	*	42.0	RAP_Step2_jap_Ganguang.FarmCPUpeak_info	RAP_Step2_jap_Ganguang	LOC_Os08g24946			EDM2, putative, expressed	N	Y	Y	45	pipeline_score=42; farm_logP=19.48; max_variant=15; recommendation_score=45
QTL14	Chr8-15226152	19.48	*	LOC_Os08g24960	8:15133662-15134153	25	25	20	12.0	0.0	0.0	0.0	*	37.0	RAP_Step2_jap_Ganguang.FarmCPUpeak_info	RAP_Step2_jap_Ganguang	LOC_Os08g24960			hypothetical protein	N	N	Y	42	pipeline_score=37; farm_logP=19.48; max_variant=25; recommendation_score=42
QTL14	Chr8-15226152	19.48	*	LOC_Os08g24970	8:15138052-15141614	20	25	25	12.0	0.0	0.0	0.0	*	37.0	RAP_Step2_jap_Ganguang.FarmCPUpeak_info	RAP_Step2_jap_Ganguang	LOC_Os08g24970			retrotransposon protein, putative, unclassified	Y	N	Y	42	pipeline_score=37; farm_logP=19.48; max_variant=25; recommendation_score=42
QTL14	Chr8-15226152	19.48	*	LOC_Os08g24980	8:15144801-15150890	25	25	25	12.0	0.0	0.0	5.0	*	42.0	RAP_Step2_jap_Ganguang.FarmCPUpeak_info	RAP_Step2_jap_Ganguang	LOC_Os08g24980			transposon protein, putative, unclassified, expressed	Y	Y	Y	47	pipeline_score=42; farm_logP=19.48; max_variant=25; recommendation_score=47
QTL14	Chr8-15226152	19.48	*	LOC_Os08g24990	8:15155847-15161942	25	25	25	12.0	0.0	0.0	0.0	*	37.0	RAP_Step2_jap_Ganguang.FarmCPUpeak_info	RAP_Step2_jap_Ganguang	LOC_Os08g24990			retrotransposon protein, putative, Ty3-gypsy subclass, expressed	Y	Y	Y	42	pipeline_score=37; farm_logP=19.48; max_variant=25; recommendation_score=42
QTL14	Chr8-15226152	19.48	*	LOC_Os08g25000	8:15162253-15162873	5	*	25	12.0	0.0	0.0	15.0	*	52.0	RAP_Step2_jap_Ganguang.FarmCPUpeak_info	RAP_Step2_jap_Ganguang	LOC_Os08g25000			retrotransposon protein, putative, Ty3-gypsy subclass, expressed	Y	Y	Y	57	pipeline_score=52; farm_logP=19.48; max_variant=25; recommendation_score=57
QTL14	Chr8-15226152	19.48	*	LOC_Os08g25010	8:15163269-15166999	20	10	10	12.0	0.0	0.0	10.0	*	42.0	RAP_Step2_jap_Ganguang.FarmCPUpeak_info	RAP_Step2_jap_Ganguang	LOC_Os08g25010			TBC domain containing protein, expressed	N	Y	Y	47	pipeline_score=42; farm_logP=19.48; max_variant=20; recommendation_score=47
QTL14	Chr8-15226152	19.48	*	LOC_Os08g25020	8:15189264-15191163	25	5	25	12.0	0.0	0.0	5.0	*	42.0	RAP_Step2_jap_Ganguang.FarmCPUpeak_info	RAP_Step2_jap_Ganguang	LOC_Os08g25020			retrotransposon protein, putative, Ty1-copia subclass	Y	N	Y	47	pipeline_score=42; farm_logP=19.48; max_variant=25; recommendation_score=47
QTL14	Chr8-15226152	19.48	*	LOC_Os08g25030	8:15196859-15198349	20	10	*	12.0	0.0	0.0	10.0	*	42.0	RAP_Step2_jap_Ganguang.FarmCPUpeak_info	RAP_Step2_jap_Ganguang	LOC_Os08g25030			plant protein of unknown function domain containing protein, expressed	N	Y	Y	47	pipeline_score=42; farm_logP=19.48; max_variant=20; recommendation_score=47
QTL14	Chr8-15226152	19.48	*	LOC_Os08g25040	8:15198870-15199151	25	25	5	12.0	0.0	0.0	0.0	*	37.0	RAP_Step2_jap_Ganguang.FarmCPUpeak_info	RAP_Step2_jap_Ganguang	LOC_Os08g25040			expressed protein	N	Y	Y	42	pipeline_score=37; farm_logP=19.48; max_variant=25; recommendation_score=42
QTL14	Chr8-15226152	19.48	*	LOC_Os08g25050	8:15199729-15201818	25	25	*	12.0	0.0	0.0	10.0	*	47.0	RAP_Step2_jap_Ganguang.FarmCPUpeak_info	RAP_Step2_jap_Ganguang	LOC_Os08g25050			PIF-like orf1, putative, expressed	Y	Y	Y	52	pipeline_score=47; farm_logP=19.48; max_variant=25; recommendation_score=52
QTL14	Chr8-15226152	19.48	*	LOC_Os08g25060	8:15203190-15211952	20	10	10	12.0	0.0	0.0	15.0	*	47.0	RAP_Step2_jap_Ganguang.FarmCPUpeak_info	RAP_Step2_jap_Ganguang	LOC_Os08g25060			BSD domain-containing protein, putative, expressed	N	Y	Y	52	pipeline_score=47; farm_logP=19.48; max_variant=20; recommendation_score=52
QTL14	Chr8-15226152	19.48	*	LOC_Os08g25070	8:15215734-15216416	5	25	0	12.0	0.0	0.0	5.0	*	42.0	RAP_Step2_jap_Ganguang.FarmCPUpeak_info	RAP_Step2_jap_Ganguang	LOC_Os08g25070			PME/invertase inhibitor, putative, expressed	N	Y	Y	47	pipeline_score=42; farm_logP=19.48; max_variant=25; recommendation_score=47
QTL14	Chr8-15226152	19.48	*	LOC_Os08g25080	8:15227309-15230795	20	25	20	12.0	0.0	0.0	18.0	*	55.0	RAP_Step2_jap_Ganguang.FarmCPUpeak_info	RAP_Step2_jap_Ganguang	LOC_Os08g25080			expressed protein	N	Y	Y	60	pipeline_score=55; farm_logP=19.48; max_variant=25; recommendation_score=60
QTL14	Chr8-15226152	19.48	*	LOC_Os08g25090	8:15232850-15236364	18	10	0	12.0	0.0	0.0	10.0	*	40.0	RAP_Step2_jap_Ganguang.FarmCPUpeak_info	RAP_Step2_jap_Ganguang	LOC_Os08g25090			co-chaperone GrpE protein, putative, expressed	N	Y	Y	43	pipeline_score=40; farm_logP=19.48; max_variant=18; recommendation_score=43
QTL14	Chr8-15226152	19.48	*	LOC_Os08g25100	8:15238222-15238831	20	25	25	12.0	0.0	0.0	0.0	*	37.0	RAP_Step2_jap_Ganguang.FarmCPUpeak_info	RAP_Step2_jap_Ganguang	LOC_Os08g25100			hypothetical protein	N	N	Y	42	pipeline_score=37; farm_logP=19.48; max_variant=25; recommendation_score=42
QTL14	Chr8-15226152	19.48	*	LOC_Os08g25110	8:15243121-15249279	25	25	25	12.0	0.0	0.0	5.0	*	42.0	RAP_Step2_jap_Ganguang.FarmCPUpeak_info	RAP_Step2_jap_Ganguang	LOC_Os08g25110			transposon protein, putative, unclassified, expressed	Y	Y	Y	47	pipeline_score=42; farm_logP=19.48; max_variant=25; recommendation_score=47
QTL14	Chr8-15226152	19.48	*	LOC_Os08g25120	8:15249909-15253145	25	25	25	12.0	0.0	0.0	0.0	*	37.0	RAP_Step2_jap_Ganguang.FarmCPUpeak_info	RAP_Step2_jap_Ganguang	LOC_Os08g25120			transposon protein, putative, unclassified	Y	N	Y	42	pipeline_score=37; farm_logP=19.48; max_variant=25; recommendation_score=42
QTL14	Chr8-15226152	19.48	*	LOC_Os08g25130	8:15256028-15267443	5	5	*	12.0	0.0	0.0	15.0	*	32.0	RAP_Step2_jap_Ganguang.FarmCPUpeak_info	RAP_Step2_jap_Ganguang	LOC_Os08g25130			enhancer of polycomb, putative, expressed	N	Y	Y	32	pipeline_score=32; farm_logP=19.48; max_variant=5; recommendation_score=32
QTL14	Chr8-15226152	19.48	*	LOC_Os08g25140	8:15273554-15277810	5	10	5	12.0	0.0	0.0	10.0	*	32.0	RAP_Step2_jap_Ganguang.FarmCPUpeak_info	RAP_Step2_jap_Ganguang	LOC_Os08g25140			ethanol tolerance protein GEKO1, putative, expressed	N	Y	Y	35	pipeline_score=32; farm_logP=19.48; max_variant=10; recommendation_score=35
QTL14	Chr8-15226152	19.48	*	LOC_Os08g25160	8:15281655-15282487	20	10	20	12.0	0.0	0.0	0.0	*	32.0	RAP_Step2_jap_Ganguang.FarmCPUpeak_info	RAP_Step2_jap_Ganguang	LOC_Os08g25160			transposon protein, putative, unclassified	Y	N	Y	37	pipeline_score=32; farm_logP=19.48; max_variant=20; recommendation_score=37
QTL14	Chr8-15226152	19.48	*	LOC_Os08g25180	8:15297817-15299343	20	25	*	12.0	0.0	0.0	0.0	*	37.0	RAP_Step2_jap_Ganguang.FarmCPUpeak_info	RAP_Step2_jap_Ganguang	LOC_Os08g25180			retrotransposon protein, putative, unclassified	Y	N	Y	42	pipeline_score=37; farm_logP=19.48; max_variant=25; recommendation_score=42
QTL14	Chr8-15226152	19.48	*	LOC_Os08g25190	8:15302717-15311108	25	25	25	12.0	0.0	0.0	5.0	*	42.0	RAP_Step2_jap_Ganguang.FarmCPUpeak_info	RAP_Step2_jap_Ganguang	LOC_Os08g25190			retrotransposon protein, putative, unclassified, expressed	Y	Y	Y	47	pipeline_score=42; farm_logP=19.48; max_variant=25; recommendation_score=47
QTL14	Chr8-15226152	19.48	*	LOC_Os08g25200	8:15312304-15314053	18	*	10	12.0	0.0	0.0	0.0	*	30.0	RAP_Step2_jap_Ganguang.FarmCPUpeak_info	RAP_Step2_jap_Ganguang	LOC_Os08g25200			paired amphipathic helix repeat-containing protein, putative, expressed	N	Y	Y	33	pipeline_score=30; farm_logP=19.48; max_variant=18; recommendation_score=33
QTL14	Chr8-15226152	19.48	*	LOC_Os08g25210	8:15316013-15319950	20	5	25	12.0	0.0	0.0	0.0	*	37.0	RAP_Step2_jap_Ganguang.FarmCPUpeak_info	RAP_Step2_jap_Ganguang	LOC_Os08g25210			expressed protein	N	Y	Y	42	pipeline_score=37; farm_logP=19.48; max_variant=25; recommendation_score=42
QTL14	Chr8-15226152	19.48	*	LOC_Os08g25220	8:15321612-15328643	25	25	15	12.0	0.0	0.0	0.0	*	37.0	RAP_Step2_jap_Ganguang.FarmCPUpeak_info	RAP_Step2_jap_Ganguang	LOC_Os08g25220			retrotransposon protein, putative, unclassified, expressed	Y	Y	Y	42	pipeline_score=37; farm_logP=19.48; max_variant=25; recommendation_score=42
QTL14	Chr8-15226152	19.48	*	LOC_Os08g25230	8:15330116-15331443	20	25	*	12.0	0.0	0.0	0.0	*	37.0	RAP_Step2_jap_Ganguang.FarmCPUpeak_info	RAP_Step2_jap_Ganguang	LOC_Os08g25230			expressed protein	N	Y	Y	42	pipeline_score=37; farm_logP=19.48; max_variant=25; recommendation_score=42
QTL14	Chr8-15226152	19.48	*	Os08g0340601	8:15331172-15334947	20	5	*	12.0	0.0	0.0	0.0	*	32.0	RAP_Step2_jap_Ganguang.FarmCPUpeak_info	RAP_Step2_jap_Ganguang	Os08g0340601							37	pipeline_score=32; farm_logP=19.48; max_variant=20; recommendation_score=37
QTL14	Chr8-15226152	19.48	*	LOC_Os08g25240	8:15334118-15335377	5	25	*	12.0	0.0	0.0	0.0	*	37.0	RAP_Step2_jap_Ganguang.FarmCPUpeak_info	RAP_Step2_jap_Ganguang	LOC_Os08g25240			MBTB25 - Bric-a-Brac, Tramtrack, Broad Complex BTB domain with Meprin and TRAF Homology MATH domain, expressed	N	Y	Y	42	pipeline_score=37; farm_logP=19.48; max_variant=25; recommendation_score=42
QTL14	Chr8-15226152	19.48	*	LOC_Os08g25250	8:15335720-15340475	25	25	5	12.0	0.0	10.0	15.0	*	62.0	RAP_Step2_jap_Ganguang.FarmCPUpeak_info	RAP_Step2_jap_Ganguang	LOC_Os08g25250			retrotransposon protein, putative, unclassified, expressed	Y	Y	Y	67	pipeline_score=62; farm_logP=19.48; max_variant=25; recommendation_score=67
QTL14	Chr8-15226152	19.48	*	Os08g0340700	8:15340000-15342619	1	25	*	12.0	0.0	0.0	5.0	*	42.0	RAP_Step2_jap_Ganguang.FarmCPUpeak_info	RAP_Step2_jap_Ganguang	Os08g0340700							47	pipeline_score=42; farm_logP=19.48; max_variant=25; recommendation_score=47
QTL14	Chr8-15226152	19.48	*	LOC_Os08g25260	8:15344476-15346729	25	25	0	12.0	0.0	0.0	0.0	*	37.0	RAP_Step2_jap_Ganguang.FarmCPUpeak_info	RAP_Step2_jap_Ganguang	LOC_Os08g25260			transposon protein, putative, unclassified, expressed	Y	Y	Y	42	pipeline_score=37; farm_logP=19.48; max_variant=25; recommendation_score=42
QTL14	Chr8-15226152	19.48	*	LOC_Os08g25270	8:15352234-15353097	25	25	5	12.0	5.0	0.0	0.0	*	42.0	RAP_Step2_jap_Ganguang.FarmCPUpeak_info	RAP_Step2_jap_Ganguang	LOC_Os08g25270			expressed protein	N	Y	Y	47	pipeline_score=42; farm_logP=19.48; max_variant=25; recommendation_score=47
QTL14	Chr8-15226152	19.48	*	LOC_Os08g25280	8:15354219-15357294	20	10	*	12.0	0.0	0.0	10.0	*	42.0	RAP_Step2_jap_Ganguang.FarmCPUpeak_info	RAP_Step2_jap_Ganguang	LOC_Os08g25280			pentatricopeptide, putative, expressed	N	Y	Y	47	pipeline_score=42; farm_logP=19.48; max_variant=20; recommendation_score=47
QTL14	Chr8-15226152	19.48	*	LOC_Os08g25290	8:15359346-15361511	20	5	25	12.0	0.0	0.0	10.0	*	47.0	RAP_Step2_jap_Ganguang.FarmCPUpeak_info	RAP_Step2_jap_Ganguang	LOC_Os08g25290			expressed protein	N	Y	Y	52	pipeline_score=47; farm_logP=19.48; max_variant=25; recommendation_score=52
QTL14	Chr8-15226152	19.48	*	LOC_Os08g25300	8:15382410-15383897	20	25	5	12.0	0.0	0.0	0.0	*	37.0	RAP_Step2_jap_Ganguang.FarmCPUpeak_info	RAP_Step2_jap_Ganguang	LOC_Os08g25300			expressed protein	N	Y	Y	42	pipeline_score=37; farm_logP=19.48; max_variant=25; recommendation_score=42
QTL14	Chr8-15226152	19.48	*	LOC_Os08g25310	8:15391571-15398652	5	10	*	12.0	0.0	0.0	15.0	*	37.0	RAP_Step2_jap_Ganguang.FarmCPUpeak_info	RAP_Step2_jap_Ganguang	LOC_Os08g25310			phosphatidylinositol transfer, putative, expressed	N	Y	Y	40	pipeline_score=37; farm_logP=19.48; max_variant=10; recommendation_score=40
QTL14	Chr8-15226152	19.48	*	Os08g0342000	8:15393785-15398149	1	1	*	12.0	0.0	0.0	5.0	*	18.0	RAP_Step2_jap_Ganguang.FarmCPUpeak_info	RAP_Step2_jap_Ganguang	Os08g0342000							18	pipeline_score=18; farm_logP=19.48; max_variant=1; recommendation_score=18
QTL14	Chr8-15226152	19.48	*	LOC_Os08g25330	8:15407811-15412385	25	25	25	12.0	0.0	0.0	0.0	*	37.0	RAP_Step2_jap_Ganguang.FarmCPUpeak_info	RAP_Step2_jap_Ganguang	LOC_Os08g25330			retrotransposon protein, putative, Ty3-gypsy subclass	Y	N	Y	42	pipeline_score=37; farm_logP=19.48; max_variant=25; recommendation_score=42
QTL14	Chr8-15226152	19.48	*	LOC_Os08g25340	8:15415035-15418083	20	25	25	12.0	0.0	0.0	0.0	*	37.0	RAP_Step2_jap_Ganguang.FarmCPUpeak_info	RAP_Step2_jap_Ganguang	LOC_Os08g25340			hypothetical protein	N	N	Y	42	pipeline_score=37; farm_logP=19.48; max_variant=25; recommendation_score=42
QTL14	Chr8-15226152	19.48	*	LOC_Os08g25350	8:15418870-15422191	25	25	*	12.0	0.0	0.0	0.0	*	37.0	RAP_Step2_jap_Ganguang.FarmCPUpeak_info	RAP_Step2_jap_Ganguang	LOC_Os08g25350			transposon protein, putative, unclassified, expressed	Y	Y	Y	42	pipeline_score=37; farm_logP=19.48; max_variant=25; recommendation_score=42
QTL14	Chr8-15226152	19.48	*	LOC_Os08g25360	8:15424162-15424488	20	10	*	12.0	0.0	0.0	5.0	*	37.0	RAP_Step2_jap_Ganguang.FarmCPUpeak_info	RAP_Step2_jap_Ganguang	LOC_Os08g25360			hypothetical protein	N	N	Y	42	pipeline_score=37; farm_logP=19.48; max_variant=20; recommendation_score=42
QTL15	Chr9-16271846	18.14	Chr9-16271846-10.520116678726904	Os09g0436500	9:16059326-16073999	20	25	20	15.0	0.0	10.0	5.0	*	55.0	RAP_Step2_jap_Ganguang.FarmCPUpeak_info	RAP_Step2_jap_Ganguang	Os09g0436500							60	pipeline_score=55; farm_logP=18.14; max_variant=25; recommendation_score=60
QTL15	Chr9-16271846	18.14	Chr9-16271846-10.520116678726904	LOC_Os09g26554	9:16074881-16078436	20	25	20	15.0	0.0	0.0	15.0	*	55.0	RAP_Step2_jap_Ganguang.FarmCPUpeak_info	RAP_Step2_jap_Ganguang	LOC_Os09g26554			expressed protein	N	Y	Y	60	pipeline_score=55; farm_logP=18.14; max_variant=25; recommendation_score=60
QTL15	Chr9-16271846	18.14	Chr9-16271846-10.520116678726904	LOC_Os09g26560	9:16078756-16084154	20	5	20	15.0	0.0	0.0	18.0	*	53.0	RAP_Step2_jap_Ganguang.FarmCPUpeak_info	RAP_Step2_jap_Ganguang	LOC_Os09g26560			expressed protein	N	Y	Y	58	pipeline_score=53; farm_logP=18.14; max_variant=20; recommendation_score=58
QTL15	Chr9-16271846	18.14	Chr9-16271846-10.520116678726904	LOC_Os09g26570	9:16093498-16096484	20	5	*	15.0	0.0	0.0	18.0	*	53.0	RAP_Step2_jap_Ganguang.FarmCPUpeak_info	RAP_Step2_jap_Ganguang	LOC_Os09g26570			CAAX amino terminal protease family protein, putative, expressed	N	Y	Y	58	pipeline_score=53; farm_logP=18.14; max_variant=20; recommendation_score=58
QTL15	Chr9-16271846	18.14	Chr9-16271846-10.520116678726904	LOC_Os09g26580	9:16097465-16102821	5	10	*	15.0	0.0	0.0	18.0	*	43.0	RAP_Step2_jap_Ganguang.FarmCPUpeak_info	RAP_Step2_jap_Ganguang	LOC_Os09g26580			expressed protein	N	Y	Y	46	pipeline_score=43; farm_logP=18.14; max_variant=10; recommendation_score=46
QTL15	Chr9-16271846	18.14	Chr9-16271846-10.520116678726904	Os09g0436850	9:16097468-16102024	*	*	*	15.0	0.0	0.0	20.0	*	35.0	RAP_Step2_jap_Ganguang.FarmCPUpeak_info	RAP_Step2_jap_Ganguang	Os09g0436850							35	pipeline_score=35; farm_logP=18.14; recommendation_score=35
QTL15	Chr9-16271846	18.14	Chr9-16271846-10.520116678726904	LOC_Os09g26590	9:16124897-16125912	5	10	*	15.0	0.0	0.0	5.0	*	30.0	RAP_Step2_jap_Ganguang.FarmCPUpeak_info	RAP_Step2_jap_Ganguang	LOC_Os09g26590			OsSAUR37 - Auxin-responsive SAUR gene family member, expressed	N	Y	Y	33	pipeline_score=30; farm_logP=18.14; max_variant=10; recommendation_score=33
QTL15	Chr9-16271846	18.14	Chr9-16271846-10.520116678726904	LOC_Os09g26600	9:16129617-16130069	20	10	20	15.0	0.0	0.0	0.0	*	35.0	RAP_Step2_jap_Ganguang.FarmCPUpeak_info	RAP_Step2_jap_Ganguang	LOC_Os09g26600			expressed protein	N	Y	Y	40	pipeline_score=35; farm_logP=18.14; max_variant=20; recommendation_score=40
QTL15	Chr9-16271846	18.14	Chr9-16271846-10.520116678726904	LOC_Os09g26610	9:16143735-16144535	20	10	5	15.0	5.0	0.0	5.0	*	45.0	RAP_Step2_jap_Ganguang.FarmCPUpeak_info	RAP_Step2_jap_Ganguang	LOC_Os09g26610			OsSAUR38 - Auxin-responsive SAUR gene family member, expressed	N	Y	Y	50	pipeline_score=45; farm_logP=18.14; max_variant=20; recommendation_score=50
QTL15	Chr9-16271846	18.14	Chr9-16271846-10.520116678726904	LOC_Os09g26620	9:16153176-16155170	5	10	*	15.0	0.0	0.0	18.0	*	43.0	RAP_Step2_jap_Ganguang.FarmCPUpeak_info	RAP_Step2_jap_Ganguang	LOC_Os09g26620			auxin-repressed protein, putative, expressed	N	Y	Y	46	pipeline_score=43; farm_logP=18.14; max_variant=10; recommendation_score=46
QTL15	Chr9-16271846	18.14	Chr9-16271846-10.520116678726904	LOC_Os09g26630	9:16157643-16159221	25	25	*	15.0	0.0	0.0	0.0	*	40.0	RAP_Step2_jap_Ganguang.FarmCPUpeak_info	RAP_Step2_jap_Ganguang	LOC_Os09g26630			transposon protein, putative, CACTA, En/Spm sub-class, expressed	Y	Y	Y	45	pipeline_score=40; farm_logP=18.14; max_variant=25; recommendation_score=45
QTL15	Chr9-16271846	18.14	Chr9-16271846-10.520116678726904	LOC_Os09g26640	9:16162020-16167130	25	25	25	15.0	0.0	0.0	5.0	*	45.0	RAP_Step2_jap_Ganguang.FarmCPUpeak_info	RAP_Step2_jap_Ganguang	LOC_Os09g26640			retrotransposon protein, putative, unclassified, expressed	Y	Y	Y	50	pipeline_score=45; farm_logP=18.14; max_variant=25; recommendation_score=50
QTL15	Chr9-16271846	18.14	Chr9-16271846-10.520116678726904	LOC_Os09g26650	9:16171155-16175738	5	10	10	15.0	0.0	0.0	15.0	*	40.0	RAP_Step2_jap_Ganguang.FarmCPUpeak_info	RAP_Step2_jap_Ganguang	LOC_Os09g26650			2Fe-2S iron-sulfur cluster binding domain containing protein, expressed	N	Y	Y	43	pipeline_score=40; farm_logP=18.14; max_variant=10; recommendation_score=43
QTL15	Chr9-16271846	18.14	Chr9-16271846-10.520116678726904	Os09g0437951	9:16181836-16182703	*	5	0	15.0	0.0	0.0	5.0	*	25.0	RAP_Step2_jap_Ganguang.FarmCPUpeak_info	RAP_Step2_jap_Ganguang	Os09g0437951							25	pipeline_score=25; farm_logP=18.14; max_variant=5; recommendation_score=25
QTL15	Chr9-16271846	18.14	Chr9-16271846-10.520116678726904	LOC_Os09g26660	9:16186280-16197221	20	10	20	15.0	0.0	0.0	18.0	*	53.0	RAP_Step2_jap_Ganguang.FarmCPUpeak_info	RAP_Step2_jap_Ganguang	LOC_Os09g26660	Osrboh7|OsrbohB	ABA ; ABA; ER stress; Kinase; drought; drought tolerance; floral; growth; kinase; organ size; oxidative; oxidative stress; plant development; protein kinase; resistance; root; root growth; salt; seed; seed germination; seed weight; stomatal; stress; stress response; sucrose; tolerance	ferric reductase, putative, expressed	N	Y	Y	65	pipeline_score=53; farm_logP=18.14; max_variant=20; symbol=Osrboh7|OsrbohB; keyword=ABA ; ABA; ER stress; Kinase; drought; drought tolerance; floral; growth; kinase; organ size; oxidative; oxidative stress; plant development; protein kinase; resistance; root; root growth; salt; seed; seed germination; seed weight; stomatal; stress; stress response; sucrose; tolerance; recommendation_score=65
QTL15	Chr9-16271846	18.14	Chr9-16271846-10.520116678726904	Os09g0438050	9:16186630-16187435	20	10	10	15.0	0.0	0.0	5.0	*	40.0	RAP_Step2_jap_Ganguang.FarmCPUpeak_info	RAP_Step2_jap_Ganguang	Os09g0438050							45	pipeline_score=40; farm_logP=18.14; max_variant=20; recommendation_score=45
QTL15	Chr9-16271846	18.14	Chr9-16271846-10.520116678726904	LOC_Os09g26670	9:16200910-16201902	15	10	0	15.0	5.0	0.0	20.0	*	55.0	RAP_Step2_jap_Ganguang.FarmCPUpeak_info	RAP_Step2_jap_Ganguang	LOC_Os09g26670			expressed protein	N	Y	Y	58	pipeline_score=55; farm_logP=18.14; max_variant=15; recommendation_score=58
QTL15	Chr9-16271846	18.14	Chr9-16271846-10.520116678726904	LOC_Os09g26680	9:16203471-16211067	25	25	25	15.0	0.0	0.0	5.0	*	45.0	RAP_Step2_jap_Ganguang.FarmCPUpeak_info	RAP_Step2_jap_Ganguang	LOC_Os09g26680			transposon protein, putative, Ac/Ds sub-class, expressed	Y	Y	Y	50	pipeline_score=45; farm_logP=18.14; max_variant=25; recommendation_score=50
QTL15	Chr9-16271846	18.14	Chr9-16271846-10.520116678726904	LOC_Os09g26690	9:16211599-16214614	25	25	25	15.0	0.0	0.0	0.0	*	40.0	RAP_Step2_jap_Ganguang.FarmCPUpeak_info	RAP_Step2_jap_Ganguang	LOC_Os09g26690			transposon protein, putative, unclassified, expressed	Y	Y	Y	45	pipeline_score=40; farm_logP=18.14; max_variant=25; recommendation_score=45
QTL15	Chr9-16271846	18.14	Chr9-16271846-10.520116678726904	LOC_Os09g26700	9:16224958-16229508	5	10	5	15.0	0.0	0.0	15.0	*	40.0	RAP_Step2_jap_Ganguang.FarmCPUpeak_info	RAP_Step2_jap_Ganguang	LOC_Os09g26700			choline/ethanolamine kinase, putative, expressed	N	Y	Y	43	pipeline_score=40; farm_logP=18.14; max_variant=10; recommendation_score=43
QTL15	Chr9-16271846	18.14	Chr9-16271846-10.520116678726904	LOC_Os09g26710	9:16229909-16231065	5	25	*	15.0	0.0	0.0	10.0	*	50.0	RAP_Step2_jap_Ganguang.FarmCPUpeak_info	RAP_Step2_jap_Ganguang	LOC_Os09g26710			major ampullate spidroin 2, putative, expressed	N	Y	Y	55	pipeline_score=50; farm_logP=18.14; max_variant=25; recommendation_score=55
QTL15	Chr9-16271846	18.14	Chr9-16271846-10.520116678726904	LOC_Os09g26720	9:16232929-16233891	25	25	*	15.0	0.0	0.0	20.0	*	60.0	RAP_Step2_jap_Ganguang.FarmCPUpeak_info	RAP_Step2_jap_Ganguang	LOC_Os09g26720			retrotransposon protein, putative, unclassified	Y	N	Y	65	pipeline_score=60; farm_logP=18.14; max_variant=25; recommendation_score=65
QTL15	Chr9-16271846	18.14	Chr9-16271846-10.520116678726904	LOC_Os09g26730	9:16236438-16240793	20	5	20	15.0	0.0	0.0	10.0	*	45.0	RAP_Step2_jap_Ganguang.FarmCPUpeak_info	RAP_Step2_jap_Ganguang	LOC_Os09g26730			chaperonin, putative, expressed	N	Y	Y	50	pipeline_score=45; farm_logP=18.14; max_variant=20; recommendation_score=50
QTL15	Chr9-16271846	18.14	Chr9-16271846-10.520116678726904	LOC_Os09g26740	9:16245790-16246314	25	25	20	15.0	0.0	0.0	0.0	*	40.0	RAP_Step2_jap_Ganguang.FarmCPUpeak_info	RAP_Step2_jap_Ganguang	LOC_Os09g26740			retrotransposon protein, putative, Ty3-gypsy subclass, expressed	Y	Y	Y	45	pipeline_score=40; farm_logP=18.14; max_variant=25; recommendation_score=45
QTL15	Chr9-16271846	18.14	Chr9-16271846-10.520116678726904	LOC_Os09g26750	9:16246599-16247800	25	5	5	15.0	0.0	0.0	0.0	*	40.0	RAP_Step2_jap_Ganguang.FarmCPUpeak_info	RAP_Step2_jap_Ganguang	LOC_Os09g26750			retrotransposon protein, putative, unclassified	Y	N	Y	45	pipeline_score=40; farm_logP=18.14; max_variant=25; recommendation_score=45
QTL15	Chr9-16271846	18.14	Chr9-16271846-10.520116678726904	LOC_Os09g26760	9:16252173-16257558	15	10	*	15.0	0.0	0.0	5.0	*	35.0	RAP_Step2_jap_Ganguang.FarmCPUpeak_info	RAP_Step2_jap_Ganguang	LOC_Os09g26760			DNA repair metallo-beta-lactamase family protein, expressed	N	Y	Y	38	pipeline_score=35; farm_logP=18.14; max_variant=15; recommendation_score=38
QTL15	Chr9-16271846	18.14	Chr9-16271846-10.520116678726904	LOC_Os09g26770	9:16259678-16265914	20	1	*	15.0	0.0	0.0	10.0	*	45.0	RAP_Step2_jap_Ganguang.FarmCPUpeak_info	RAP_Step2_jap_Ganguang	LOC_Os09g26770			ribosomal L18p/L5e family protein, putative, expressed	N	Y	Y	50	pipeline_score=45; farm_logP=18.14; max_variant=20; recommendation_score=50
QTL15	Chr9-16271846	18.14	Chr9-16271846-10.520116678726904	Os09g0439150	9:16264343-16265195	5	10	5	15.0	0.0	0.0	5.0	*	30.0	RAP_Step2_jap_Ganguang.FarmCPUpeak_info	RAP_Step2_jap_Ganguang	Os09g0439150							33	pipeline_score=30; farm_logP=18.14; max_variant=10; recommendation_score=33
QTL15	Chr9-16271846	18.14	Chr9-16271846-10.520116678726904	LOC_Os09g26780	9:16273336-16275273	5	10	5	15.0	0.0	0.0	10.0	*	35.0	RAP_Step2_jap_Ganguang.FarmCPUpeak_info	RAP_Step2_jap_Ganguang	LOC_Os09g26780	OsJAZ8|OsTIFY10c	ja ;  xoo ; BR; BR signaling; Brassinosteroid; bacterial blight; blight; brassinosteroid; defense; jasmonate; salt; salt stress; salt tolerance; seedlings; stress; stress tolerance; tolerance	zinc-finger protein, putative, expressed	N	Y	Y	45	pipeline_score=35; farm_logP=18.14; max_variant=10; symbol=OsJAZ8|OsTIFY10c; keyword=ja ;  xoo ; BR; BR signaling; Brassinosteroid; bacterial blight; blight; brassinosteroid; defense; jasmonate; salt; salt stress; salt tolerance; seedlings; stress; stress tolerance; tolerance; recommendation_score=45
QTL15	Chr9-16271846	18.14	Chr9-16271846-10.520116678726904	LOC_Os09g26790	9:16280242-16280481	25	10	*	15.0	0.0	0.0	0.0	*	40.0	RAP_Step2_jap_Ganguang.FarmCPUpeak_info	RAP_Step2_jap_Ganguang	LOC_Os09g26790			retrotransposon protein, putative, unclassified	Y	N	Y	45	pipeline_score=40; farm_logP=18.14; max_variant=25; recommendation_score=45
QTL15	Chr9-16271846	18.14	Chr9-16271846-10.520116678726904	LOC_Os09g26800	9:16282795-16287189	20	10	*	15.0	0.0	0.0	15.0	*	50.0	RAP_Step2_jap_Ganguang.FarmCPUpeak_info	RAP_Step2_jap_Ganguang	LOC_Os09g26800			polygalacturonase, putative, expressed	N	Y	Y	55	pipeline_score=50; farm_logP=18.14; max_variant=20; recommendation_score=55
QTL15	Chr9-16271846	18.14	Chr9-16271846-10.520116678726904	LOC_Os09g26810	9:16287916-16290862	5	5	*	15.0	0.0	0.0	10.0	*	30.0	RAP_Step2_jap_Ganguang.FarmCPUpeak_info	RAP_Step2_jap_Ganguang	LOC_Os09g26810			chlorophyll A-B binding protein, putative, expressed	N	Y	Y	30	pipeline_score=30; farm_logP=18.14; max_variant=5; recommendation_score=30
QTL15	Chr9-16271846	18.14	Chr9-16271846-10.520116678726904	LOC_Os09g26820	9:16294642-16297229	20	10	*	15.0	0.0	0.0	10.0	*	45.0	RAP_Step2_jap_Ganguang.FarmCPUpeak_info	RAP_Step2_jap_Ganguang	LOC_Os09g26820			exo70 exocyst complex subunit, putative, expressed	N	Y	Y	50	pipeline_score=45; farm_logP=18.14; max_variant=20; recommendation_score=50
QTL15	Chr9-16271846	18.14	Chr9-16271846-10.520116678726904	LOC_Os09g26830	9:16300744-16304879	5	5	5	15.0	0.0	0.0	10.0	*	30.0	RAP_Step2_jap_Ganguang.FarmCPUpeak_info	RAP_Step2_jap_Ganguang	LOC_Os09g26830			lung seven transmembrane domain containing protein, putative, expressed	N	Y	Y	30	pipeline_score=30; farm_logP=18.14; max_variant=5; recommendation_score=30
QTL15	Chr9-16271846	18.14	Chr9-16271846-10.520116678726904	LOC_Os09g26840	9:16307780-16310837	18	10	5	15.0	0.0	0.0	5.0	*	38.0	RAP_Step2_jap_Ganguang.FarmCPUpeak_info	RAP_Step2_jap_Ganguang	LOC_Os09g26840	DRO1	architecture; auxin; breeding; cell elongation; drought; drought tolerance; growth; root; root growth; tolerance; yield	expressed protein	N	Y	Y	48	pipeline_score=38; farm_logP=18.14; max_variant=18; symbol=DRO1; keyword=architecture; auxin; breeding; cell elongation; drought; drought tolerance; growth; root; root growth; tolerance; yield; recommendation_score=48
QTL15	Chr9-16271846	18.14	Chr9-16271846-10.520116678726904	LOC_Os09g26850	9:16319842-16320800	20	25	5	15.0	0.0	0.0	5.0	*	45.0	RAP_Step2_jap_Ganguang.FarmCPUpeak_info	RAP_Step2_jap_Ganguang	LOC_Os09g26850			expressed protein	N	Y	Y	50	pipeline_score=45; farm_logP=18.14; max_variant=25; recommendation_score=50
QTL15	Chr9-16271846	18.14	Chr9-16271846-10.520116678726904	Os09g0440000	9:16319933-16321531	20	10	*	15.0	0.0	0.0	5.0	*	40.0	RAP_Step2_jap_Ganguang.FarmCPUpeak_info	RAP_Step2_jap_Ganguang	Os09g0440000							45	pipeline_score=40; farm_logP=18.14; max_variant=20; recommendation_score=45
QTL15	Chr9-16271846	18.14	Chr9-16271846-10.520116678726904	LOC_Os09g26860	9:16321538-16323518	25	25	*	15.0	0.0	0.0	5.0	*	45.0	RAP_Step2_jap_Ganguang.FarmCPUpeak_info	RAP_Step2_jap_Ganguang	LOC_Os09g26860			retrotransposon protein, putative, unclassified	Y	N	Y	50	pipeline_score=45; farm_logP=18.14; max_variant=25; recommendation_score=50
QTL15	Chr9-16271846	18.14	Chr9-16271846-10.520116678726904	LOC_Os09g26870	9:16325947-16329926	5	10	*	15.0	0.0	0.0	15.0	*	40.0	RAP_Step2_jap_Ganguang.FarmCPUpeak_info	RAP_Step2_jap_Ganguang	LOC_Os09g26870			BRCA1 C Terminus domain containing protein, expressed	N	Y	Y	43	pipeline_score=40; farm_logP=18.14; max_variant=10; recommendation_score=43
QTL15	Chr9-16271846	18.14	Chr9-16271846-10.520116678726904	LOC_Os09g26880	9:16330088-16338641	5	10	5	15.0	0.0	0.0	15.0	*	40.0	RAP_Step2_jap_Ganguang.FarmCPUpeak_info	RAP_Step2_jap_Ganguang	LOC_Os09g26880	ALDH7B7|OsALDH7|OsALDH7B6	abiotic stress; blast; endosperm; oxidative; seed; seed development	aldehyde dehydrogenase, putative, expressed	N	Y	Y	50	pipeline_score=40; farm_logP=18.14; max_variant=10; symbol=ALDH7B7|OsALDH7|OsALDH7B6; keyword=abiotic stress; blast; endosperm; oxidative; seed; seed development; recommendation_score=50
QTL15	Chr9-16271846	18.14	Chr9-16271846-10.520116678726904	LOC_Os09g26890	9:16343798-16344633	20	25	25	15.0	0.0	0.0	15.0	*	55.0	RAP_Step2_jap_Ganguang.FarmCPUpeak_info	RAP_Step2_jap_Ganguang	LOC_Os09g26890			expressed protein	N	Y	Y	60	pipeline_score=55; farm_logP=18.14; max_variant=25; recommendation_score=60
QTL15	Chr9-16271846	18.14	Chr9-16271846-10.520116678726904	LOC_Os09g26900	9:16347080-16347909	5	10	5	15.0	0.0	0.0	15.0	*	40.0	RAP_Step2_jap_Ganguang.FarmCPUpeak_info	RAP_Step2_jap_Ganguang	LOC_Os09g26900			ctr copper transporter family protein, putative, expressed	N	Y	Y	43	pipeline_score=40; farm_logP=18.14; max_variant=10; recommendation_score=43
QTL15	Chr9-16271846	18.14	Chr9-16271846-10.520116678726904	LOC_Os09g26910	9:16349803-16350265	5	5	*	15.0	0.0	0.0	15.0	*	35.0	RAP_Step2_jap_Ganguang.FarmCPUpeak_info	RAP_Step2_jap_Ganguang	LOC_Os09g26910			expressed protein	N	Y	Y	35	pipeline_score=35; farm_logP=18.14; max_variant=5; recommendation_score=35
QTL15	Chr9-16271846	18.14	Chr9-16271846-10.520116678726904	Os09g0440851	9:16351480-16354470	25	25	*	15.0	0.0	0.0	20.0	*	60.0	RAP_Step2_jap_Ganguang.FarmCPUpeak_info	RAP_Step2_jap_Ganguang	Os09g0440851							65	pipeline_score=60; farm_logP=18.14; max_variant=25; recommendation_score=65
QTL15	Chr9-16271846	18.14	Chr9-16271846-10.520116678726904	LOC_Os09g26920	9:16356707-16360010	5	10	*	15.0	0.0	0.0	5.0	*	30.0	RAP_Step2_jap_Ganguang.FarmCPUpeak_info	RAP_Step2_jap_Ganguang	LOC_Os09g26920			OsSub57 - Putative Subtilisin homologue, expressed	N	Y	Y	33	pipeline_score=30; farm_logP=18.14; max_variant=10; recommendation_score=33
QTL15	Chr9-16271846	18.14	Chr9-16271846-10.520116678726904	LOC_Os09g26930	9:16360214-16360761	25	25	25	15.0	0.0	0.0	0.0	*	40.0	RAP_Step2_jap_Ganguang.FarmCPUpeak_info	RAP_Step2_jap_Ganguang	LOC_Os09g26930			expressed protein	N	Y	Y	45	pipeline_score=40; farm_logP=18.14; max_variant=25; recommendation_score=45
QTL15	Chr9-16271846	18.14	Chr9-16271846-10.520116678726904	LOC_Os09g26940	9:16361323-16363289	20	10	10	15.0	0.0	0.0	5.0	*	40.0	RAP_Step2_jap_Ganguang.FarmCPUpeak_info	RAP_Step2_jap_Ganguang	LOC_Os09g26940			cytochrome P450, putative, expressed	N	Y	Y	45	pipeline_score=40; farm_logP=18.14; max_variant=20; recommendation_score=45
QTL15	Chr9-16271846	18.14	Chr9-16271846-10.520116678726904	Os09g0441250	9:16361533-16363094	20	10	5	15.0	0.0	0.0	22.0	*	57.0	RAP_Step2_jap_Ganguang.FarmCPUpeak_info	RAP_Step2_jap_Ganguang	Os09g0441250							62	pipeline_score=57; farm_logP=18.14; max_variant=20; recommendation_score=62
QTL15	Chr9-16271846	18.14	Chr9-16271846-10.520116678726904	LOC_Os09g26950	9:16376963-16377280	15	5	5	15.0	0.0	0.0	0.0	*	30.0	RAP_Step2_jap_Ganguang.FarmCPUpeak_info	RAP_Step2_jap_Ganguang	LOC_Os09g26950			cytochrome P450 monooxygenase CYP92A1, putative	N	N	Y	33	pipeline_score=30; farm_logP=18.14; max_variant=15; recommendation_score=33
QTL15	Chr9-16271846	18.14	Chr9-16271846-10.520116678726904	LOC_Os09g26960	9:16387701-16390415	15	10	5	15.0	0.0	0.0	18.0	*	48.0	RAP_Step2_jap_Ganguang.FarmCPUpeak_info	RAP_Step2_jap_Ganguang	LOC_Os09g26960	EP	breeding; erect; grain; grain yield; panicle; yield	cytochrome P450, putative, expressed	N	Y	Y	58	pipeline_score=48; farm_logP=18.14; max_variant=15; symbol=EP; keyword=breeding; erect; grain; grain yield; panicle; yield; recommendation_score=58
QTL15	Chr9-16271846	18.14	Chr9-16271846-10.520116678726904	LOC_Os09g26970	9:16392870-16401322	20	25	25	15.0	0.0	0.0	15.0	*	55.0	RAP_Step2_jap_Ganguang.FarmCPUpeak_info	RAP_Step2_jap_Ganguang	LOC_Os09g26970			retrotransposon protein, putative, unclassified, expressed	Y	Y	Y	60	pipeline_score=55; farm_logP=18.14; max_variant=25; recommendation_score=60
QTL15	Chr9-16271846	18.14	Chr9-16271846-10.520116678726904	Os09g0441650	9:16403633-16408069	5	5	*	15.0	0.0	0.0	18.0	*	38.0	RAP_Step2_jap_Ganguang.FarmCPUpeak_info	RAP_Step2_jap_Ganguang	Os09g0441650							38	pipeline_score=38; farm_logP=18.14; max_variant=5; recommendation_score=38
QTL15	Chr9-16271846	18.14	Chr9-16271846-10.520116678726904	LOC_Os09g26980	9:16403633-16408074	5	10	0	15.0	0.0	0.0	22.0	*	47.0	RAP_Step2_jap_Ganguang.FarmCPUpeak_info	RAP_Step2_jap_Ganguang	LOC_Os09g26980			cytochrome P450, putative, expressed	N	Y	Y	50	pipeline_score=47; farm_logP=18.14; max_variant=10; recommendation_score=50
QTL15	Chr9-16271846	18.14	Chr9-16271846-10.520116678726904	LOC_Os09g26999	9:16411151-16415862	20	10	25	15.0	0.0	0.0	5.0	*	45.0	RAP_Step2_jap_Ganguang.FarmCPUpeak_info	RAP_Step2_jap_Ganguang	LOC_Os09g26999	DEP1|DN1|OsDEP1|qPE9-1	architecture; breeding; cadmium; cell death; development; domestication; dwarf; erect; gibberellin; grain; grain length; grain weight; grain yield; grains per panicle; height; nitrogen; panicle; panicle architecture; phytohormone; quality; root; shoot; spikelet; tiller; yield	keratin-associated protein 5-4, putative, expressed	N	Y	Y	57	pipeline_score=45; farm_logP=18.14; max_variant=25; symbol=DEP1|DN1|OsDEP1|qPE9-1; keyword=architecture; breeding; cadmium; cell death; development; domestication; dwarf; erect; gibberellin; grain; grain length; grain weight; grain yield; grains per panicle; height; nitrogen; panicle; panicle architecture; phytohormone; quality; root; shoot; spikelet; tiller; yield; recommendation_score=57
QTL15	Chr9-16271846	18.14	Chr9-16271846-10.520116678726904	Os09g0442000	9:16418322-16418999	5	5	*	15.0	0.0	0.0	0.0	*	20.0	RAP_Step2_jap_Ganguang.FarmCPUpeak_info	RAP_Step2_jap_Ganguang	Os09g0442000							20	pipeline_score=20; farm_logP=18.14; max_variant=5; recommendation_score=20
QTL15	Chr9-16271846	18.14	Chr9-16271846-10.520116678726904	LOC_Os09g27010	9:16422278-16425218	5	10	*	15.0	0.0	0.0	5.0	*	30.0	RAP_Step2_jap_Ganguang.FarmCPUpeak_info	RAP_Step2_jap_Ganguang	LOC_Os09g27010			tyrosine protein kinase domain containing protein, putative, expressed	N	Y	Y	33	pipeline_score=30; farm_logP=18.14; max_variant=10; recommendation_score=33
QTL15	Chr9-16271846	18.14	Chr9-16271846-10.520116678726904	LOC_Os09g27020	9:16435084-16435980	20	25	5	15.0	0.0	0.0	0.0	*	40.0	RAP_Step2_jap_Ganguang.FarmCPUpeak_info	RAP_Step2_jap_Ganguang	LOC_Os09g27020			retrotransposon protein, putative, unclassified, expressed	Y	Y	Y	45	pipeline_score=40; farm_logP=18.14; max_variant=25; recommendation_score=45
QTL15	Chr9-16271846	18.14	Chr9-16271846-10.520116678726904	LOC_Os09g27030	9:16439141-16443631	1	5	*	15.0	0.0	0.0	10.0	*	30.0	RAP_Step2_jap_Ganguang.FarmCPUpeak_info	RAP_Step2_jap_Ganguang	LOC_Os09g27030			oryzain gamma chain precursor, putative, expressed	N	Y	Y	30	pipeline_score=30; farm_logP=18.14; max_variant=5; recommendation_score=30
QTL15	Chr9-16271846	18.14	Chr9-16271846-10.520116678726904	LOC_Os09g27040	9:16444342-16448088	20	5	*	15.0	0.0	0.0	10.0	*	45.0	RAP_Step2_jap_Ganguang.FarmCPUpeak_info	RAP_Step2_jap_Ganguang	LOC_Os09g27040			GEX1, putative, expressed	N	Y	Y	50	pipeline_score=45; farm_logP=18.14; max_variant=20; recommendation_score=50
QTL15	Chr9-16271846	18.14	Chr9-16271846-10.520116678726904	LOC_Os09g27050	9:16455036-16458599	5	10	*	15.0	0.0	0.0	15.0	*	40.0	RAP_Step2_jap_Ganguang.FarmCPUpeak_info	RAP_Step2_jap_Ganguang	LOC_Os09g27050			HD domain containing protein, putative, expressed	N	Y	Y	43	pipeline_score=40; farm_logP=18.14; max_variant=10; recommendation_score=43
QTL15	Chr9-16271846	18.14	Chr9-16271846-10.520116678726904	LOC_Os09g27060	9:16461604-16467627	5	10	20	15.0	0.0	10.0	5.0	*	50.0	RAP_Step2_jap_Ganguang.FarmCPUpeak_info	RAP_Step2_jap_Ganguang	LOC_Os09g27060			SNF2 family N-terminal domain containing protein, expressed	Y	Y	Y	55	pipeline_score=50; farm_logP=18.14; max_variant=20; recommendation_score=55
QTL15	Chr9-16271846	18.14	Chr9-16271846-10.520116678726904	LOC_Os09g27070	9:16470982-16474586	5	10	*	15.0	0.0	0.0	10.0	*	35.0	RAP_Step2_jap_Ganguang.FarmCPUpeak_info	RAP_Step2_jap_Ganguang	LOC_Os09g27070			E2F-related protein, putative, expressed	N	Y	Y	38	pipeline_score=35; farm_logP=18.14; max_variant=10; recommendation_score=38
QTL16	Chr11-28332728	10.45	*	Os11g0691190	11:28138678-28139024	20	5	*	6.0	0.0	0.0	0.0	*	26.0	RAP_Step2_jap_Ganguang.FarmCPUpeak_info	RAP_Step2_jap_Ganguang	Os11g0691190							31	pipeline_score=26; farm_logP=10.45; max_variant=20; recommendation_score=31
QTL16	Chr11-28332728	10.45	*	LOC_Os11g46870	11:28142192-28148337	25	25	*	6.0	5.0	0.0	22.0	*	58.0	RAP_Step2_jap_Ganguang.FarmCPUpeak_info	RAP_Step2_jap_Ganguang	LOC_Os11g46870			protein kinase, putative, expressed	N	Y	Y	63	pipeline_score=58; farm_logP=10.45; max_variant=25; recommendation_score=63
QTL16	Chr11-28332728	10.45	*	LOC_Os11g46880	11:28159899-28165301	25	25	*	6.0	5.0	0.0	5.0	*	41.0	RAP_Step2_jap_Ganguang.FarmCPUpeak_info	RAP_Step2_jap_Ganguang	LOC_Os11g46880			protein kinase domain containing protein, expressed	N	Y	Y	46	pipeline_score=41; farm_logP=10.45; max_variant=25; recommendation_score=46
QTL16	Chr11-28332728	10.45	*	LOC_Os11g46890	11:28172389-28172985	25	25	*	6.0	5.0	0.0	0.0	*	36.0	RAP_Step2_jap_Ganguang.FarmCPUpeak_info	RAP_Step2_jap_Ganguang	LOC_Os11g46890			expressed protein	N	Y	Y	41	pipeline_score=36; farm_logP=10.45; max_variant=25; recommendation_score=41
QTL16	Chr11-28332728	10.45	*	LOC_Os11g46900	11:28174981-28179995	25	25	*	6.0	5.0	0.0	22.0	*	58.0	RAP_Step2_jap_Ganguang.FarmCPUpeak_info	RAP_Step2_jap_Ganguang	LOC_Os11g46900			wall-associated receptor kinase 3 precursor, putative, expressed	N	Y	Y	63	pipeline_score=58; farm_logP=10.45; max_variant=25; recommendation_score=63
QTL16	Chr11-28332728	10.45	*	LOC_Os11g46910	11:28187796-28196602	25	25	*	6.0	0.0	0.0	0.0	*	31.0	RAP_Step2_jap_Ganguang.FarmCPUpeak_info	RAP_Step2_jap_Ganguang	LOC_Os11g46910			transposon protein, putative, CACTA, En/Spm sub-class, expressed	Y	Y	Y	36	pipeline_score=31; farm_logP=10.45; max_variant=25; recommendation_score=36
QTL16	Chr11-28332728	10.45	*	LOC_Os11g46920	11:28198398-28201545	25	25	*	6.0	0.0	0.0	0.0	*	31.0	RAP_Step2_jap_Ganguang.FarmCPUpeak_info	RAP_Step2_jap_Ganguang	LOC_Os11g46920			retrotransposon protein, putative, unclassified, expressed	Y	Y	Y	36	pipeline_score=31; farm_logP=10.45; max_variant=25; recommendation_score=36
QTL16	Chr11-28332728	10.45	*	LOC_Os11g46930	11:28202189-28208005	25	25	*	6.0	0.0	0.0	5.0	*	36.0	RAP_Step2_jap_Ganguang.FarmCPUpeak_info	RAP_Step2_jap_Ganguang	LOC_Os11g46930			transposon protein, putative, unclassified, expressed	Y	Y	Y	41	pipeline_score=36; farm_logP=10.45; max_variant=25; recommendation_score=41
QTL16	Chr11-28332728	10.45	*	LOC_Os11g46940	11:28209443-28210516	25	25	*	6.0	0.0	0.0	0.0	*	31.0	RAP_Step2_jap_Ganguang.FarmCPUpeak_info	RAP_Step2_jap_Ganguang	LOC_Os11g46940			transposon protein, putative, CACTA, En/Spm sub-class, expressed	Y	Y	Y	36	pipeline_score=31; farm_logP=10.45; max_variant=25; recommendation_score=36
QTL16	Chr11-28332728	10.45	*	LOC_Os11g46950	11:28215210-28223264	20	25	*	6.0	5.0	10.0	22.0	*	68.0	RAP_Step2_jap_Ganguang.FarmCPUpeak_info	RAP_Step2_jap_Ganguang	LOC_Os11g46950			wall-associated receptor kinase-like 18 precursor, putative, expressed	N	Y	Y	73	pipeline_score=68; farm_logP=10.45; max_variant=25; recommendation_score=73
QTL16	Chr11-28332728	10.45	*	LOC_Os11g46960	11:28224334-28228388	25	10	*	6.0	0.0	0.0	18.0	*	49.0	RAP_Step2_jap_Ganguang.FarmCPUpeak_info	RAP_Step2_jap_Ganguang	LOC_Os11g46960			receptor-like protein kinase precursor, putative, expressed	N	Y	Y	54	pipeline_score=49; farm_logP=10.45; max_variant=25; recommendation_score=54
QTL16	Chr11-28332728	10.45	*	Os11g0691700	11:28224356-28226162	25	25	*	6.0	0.0	0.0	5.0	*	36.0	RAP_Step2_jap_Ganguang.FarmCPUpeak_info	RAP_Step2_jap_Ganguang	Os11g0691700							41	pipeline_score=36; farm_logP=10.45; max_variant=25; recommendation_score=41
QTL16	Chr11-28332728	10.45	*	LOC_Os11g46970	11:28228913-28232303	25	25	*	6.0	0.0	0.0	22.0	*	53.0	RAP_Step2_jap_Ganguang.FarmCPUpeak_info	RAP_Step2_jap_Ganguang	LOC_Os11g46970			receptor-like protein kinase 5 precursor, putative, expressed	N	Y	Y	58	pipeline_score=53; farm_logP=10.45; max_variant=25; recommendation_score=58
QTL16	Chr11-28332728	10.45	*	Os11g0692000	11:28235261-28240360	25	5	*	6.0	0.0	0.0	5.0	*	36.0	RAP_Step2_jap_Ganguang.FarmCPUpeak_info	RAP_Step2_jap_Ganguang	Os11g0692000							41	pipeline_score=36; farm_logP=10.45; max_variant=25; recommendation_score=41
QTL16	Chr11-28332728	10.45	*	LOC_Os11g46980	11:28236014-28241041	25	25	*	6.0	0.0	0.0	15.0	*	46.0	RAP_Step2_jap_Ganguang.FarmCPUpeak_info	RAP_Step2_jap_Ganguang	LOC_Os11g46980	RKe	disease; temperature	receptor-like protein kinase 2 precursor, putative, expressed	N	Y	Y	58	pipeline_score=46; farm_logP=10.45; max_variant=25; symbol=RKe; keyword=disease; temperature; recommendation_score=58
QTL16	Chr11-28332728	10.45	*	LOC_Os11g46990	11:28242115-28242546	25	25	*	6.0	0.0	0.0	0.0	*	31.0	RAP_Step2_jap_Ganguang.FarmCPUpeak_info	RAP_Step2_jap_Ganguang	LOC_Os11g46990			retrotransposon protein, putative, Ty3-gypsy subclass, expressed	Y	Y	Y	36	pipeline_score=31; farm_logP=10.45; max_variant=25; recommendation_score=36
QTL16	Chr11-28332728	10.45	*	LOC_Os11g47000	11:28246863-28250613	25	25	*	6.0	0.0	0.0	22.0	*	53.0	RAP_Step2_jap_Ganguang.FarmCPUpeak_info	RAP_Step2_jap_Ganguang	LOC_Os11g47000			receptor-like protein kinase precursor, putative, expressed	N	Y	Y	58	pipeline_score=53; farm_logP=10.45; max_variant=25; recommendation_score=58
QTL16	Chr11-28332728	10.45	*	LOC_Os11g47010	11:28251122-28252162	18	5	*	6.0	0.0	0.0	10.0	*	34.0	RAP_Step2_jap_Ganguang.FarmCPUpeak_info	RAP_Step2_jap_Ganguang	LOC_Os11g47010			retrotransposon protein, putative, unclassified, expressed	Y	Y	Y	37	pipeline_score=34; farm_logP=10.45; max_variant=18; recommendation_score=37
QTL16	Chr11-28332728	10.45	*	LOC_Os11g47229	11:28252894-28253442	20	5	*	6.0	0.0	0.0	0.0	*	26.0	RAP_Step2_jap_Ganguang.FarmCPUpeak_info	RAP_Step2_jap_Ganguang	LOC_Os11g47229			expressed protein	N	Y	Y	31	pipeline_score=26; farm_logP=10.45; max_variant=20; recommendation_score=31
QTL16	Chr11-28332728	10.45	*	LOC_Os11g47030	11:28255779-28259210	25	25	*	6.0	5.0	0.0	22.0	*	58.0	RAP_Step2_jap_Ganguang.FarmCPUpeak_info	RAP_Step2_jap_Ganguang	LOC_Os11g47030			receptor protein kinase, putative, expressed	N	Y	Y	63	pipeline_score=58; farm_logP=10.45; max_variant=25; recommendation_score=63
QTL16	Chr11-28332728	10.45	*	LOC_Os11g47039	11:28267175-28267933	5	5	*	6.0	0.0	0.0	15.0	*	26.0	RAP_Step2_jap_Ganguang.FarmCPUpeak_info	RAP_Step2_jap_Ganguang	LOC_Os11g47039			expressed protein	N	Y	Y	26	pipeline_score=26; farm_logP=10.45; max_variant=5; recommendation_score=26
QTL16	Chr11-28332728	10.45	*	LOC_Os11g47050	11:28271486-28273360	25	5	*	6.0	0.0	0.0	0.0	*	31.0	RAP_Step2_jap_Ganguang.FarmCPUpeak_info	RAP_Step2_jap_Ganguang	LOC_Os11g47050			transposon protein, putative, CACTA, En/Spm sub-class	Y	N	Y	36	pipeline_score=31; farm_logP=10.45; max_variant=25; recommendation_score=36
QTL16	Chr11-28332728	10.45	*	LOC_Os11g47060	11:28273650-28274021	5	5	*	6.0	0.0	0.0	0.0	*	11.0	RAP_Step2_jap_Ganguang.FarmCPUpeak_info	RAP_Step2_jap_Ganguang	LOC_Os11g47060			expressed protein	N	Y	Y	11	pipeline_score=11; farm_logP=10.45; max_variant=5; recommendation_score=11
QTL16	Chr11-28332728	10.45	*	LOC_Os11g47070	11:28276536-28279599	25	25	*	6.0	0.0	0.0	0.0	*	31.0	RAP_Step2_jap_Ganguang.FarmCPUpeak_info	RAP_Step2_jap_Ganguang	LOC_Os11g47070			transposon protein, putative, CACTA, En/Spm sub-class, expressed	Y	Y	Y	36	pipeline_score=31; farm_logP=10.45; max_variant=25; recommendation_score=36
QTL16	Chr11-28332728	10.45	*	LOC_Os11g47080	11:28286636-28289528	5	5	*	6.0	0.0	0.0	0.0	*	11.0	RAP_Step2_jap_Ganguang.FarmCPUpeak_info	RAP_Step2_jap_Ganguang	LOC_Os11g47080			transposon protein, putative, CACTA, En/Spm sub-class	Y	N	Y	11	pipeline_score=11; farm_logP=10.45; max_variant=5; recommendation_score=11
QTL16	Chr11-28332728	10.45	*	LOC_Os11g47100	11:28293046-28294879	*	5	*	6.0	0.0	0.0	5.0	*	16.0	RAP_Step2_jap_Ganguang.FarmCPUpeak_info	RAP_Step2_jap_Ganguang	LOC_Os11g47100			hypothetical protein	N	N	Y	16	pipeline_score=16; farm_logP=10.45; max_variant=5; recommendation_score=16
QTL16	Chr11-28332728	10.45	*	LOC_Os11g47110	11:28321726-28327978	*	*	*	6.0	0.0	0.0	22.0	*	28.0	RAP_Step2_jap_Ganguang.FarmCPUpeak_info	RAP_Step2_jap_Ganguang	LOC_Os11g47110			OsWAK121 - OsWAK receptor-like protein kinase, expressed	N	Y	Y	28	pipeline_score=28; farm_logP=10.45; recommendation_score=28
QTL16	Chr11-28332728	10.45	*	Os11g0693750	11:28321779-28327027	*	*	*	6.0	0.0	0.0	5.0	*	11.0	RAP_Step2_jap_Ganguang.FarmCPUpeak_info	RAP_Step2_jap_Ganguang	Os11g0693750							11	pipeline_score=11; farm_logP=10.45; recommendation_score=11
QTL16	Chr11-28332728	10.45	*	LOC_Os11g47120	11:28335093-28338717	20	25	*	6.0	0.0	0.0	5.0	*	36.0	RAP_Step2_jap_Ganguang.FarmCPUpeak_info	RAP_Step2_jap_Ganguang	LOC_Os11g47120			DEFL48 - Defensin and Defensin-like DEFL family, expressed	N	Y	Y	41	pipeline_score=36; farm_logP=10.45; max_variant=25; recommendation_score=41
QTL16	Chr11-28332728	10.45	*	LOC_Os11g47130	11:28340051-28347860	25	10	*	6.0	0.0	0.0	15.0	*	46.0	RAP_Step2_jap_Ganguang.FarmCPUpeak_info	RAP_Step2_jap_Ganguang	LOC_Os11g47130			protein transporter, putative, expressed	N	Y	Y	51	pipeline_score=46; farm_logP=10.45; max_variant=25; recommendation_score=51
QTL16	Chr11-28332728	10.45	*	LOC_Os11g47140	11:28356988-28362730	25	25	*	6.0	5.0	10.0	22.0	*	68.0	RAP_Step2_jap_Ganguang.FarmCPUpeak_info	RAP_Step2_jap_Ganguang	LOC_Os11g47140			OsWAK123 - OsWAK receptor-like protein kinase, expressed	N	Y	Y	73	pipeline_score=68; farm_logP=10.45; max_variant=25; recommendation_score=73
QTL16	Chr11-28332728	10.45	*	Os11g0694125	11:28357138-28362248	25	5	*	6.0	0.0	0.0	20.0	*	51.0	RAP_Step2_jap_Ganguang.FarmCPUpeak_info	RAP_Step2_jap_Ganguang	Os11g0694125							56	pipeline_score=51; farm_logP=10.45; max_variant=25; recommendation_score=56
QTL16	Chr11-28332728	10.45	*	Os11g0694150	11:28364680-28368250	25	25	*	6.0	0.0	0.0	5.0	*	36.0	RAP_Step2_jap_Ganguang.FarmCPUpeak_info	RAP_Step2_jap_Ganguang	Os11g0694150							41	pipeline_score=36; farm_logP=10.45; max_variant=25; recommendation_score=41
QTL16	Chr11-28332728	10.45	*	LOC_Os11g47150	11:28365583-28369884	25	25	*	6.0	5.0	10.0	22.0	*	68.0	RAP_Step2_jap_Ganguang.FarmCPUpeak_info	RAP_Step2_jap_Ganguang	LOC_Os11g47150			OsWAK122 - OsWAK receptor-like protein kinase, expressed	N	Y	Y	73	pipeline_score=68; farm_logP=10.45; max_variant=25; recommendation_score=73
QTL16	Chr11-28332728	10.45	*	LOC_Os11g47160	11:28371257-28373985	20	25	*	6.0	0.0	0.0	18.0	*	49.0	RAP_Step2_jap_Ganguang.FarmCPUpeak_info	RAP_Step2_jap_Ganguang	LOC_Os11g47160			receptor kinase 1, putative, expressed	N	Y	Y	54	pipeline_score=49; farm_logP=10.45; max_variant=25; recommendation_score=54
QTL16	Chr11-28332728	10.45	*	LOC_Os11g47170	11:28374214-28374891	25	25	*	6.0	0.0	0.0	15.0	*	46.0	RAP_Step2_jap_Ganguang.FarmCPUpeak_info	RAP_Step2_jap_Ganguang	LOC_Os11g47170			receptor-like protein kinase precursor, putative, expressed	N	Y	Y	51	pipeline_score=46; farm_logP=10.45; max_variant=25; recommendation_score=51
QTL16	Chr11-28332728	10.45	*	Os11g0694500	11:28375368-28377696	20	5	*	6.0	0.0	0.0	5.0	*	31.0	RAP_Step2_jap_Ganguang.FarmCPUpeak_info	RAP_Step2_jap_Ganguang	Os11g0694500							36	pipeline_score=31; farm_logP=10.45; max_variant=20; recommendation_score=36
QTL16	Chr11-28332728	10.45	*	LOC_Os11g47180	11:28376327-28379731	18	5	*	6.0	0.0	0.0	15.0	*	39.0	RAP_Step2_jap_Ganguang.FarmCPUpeak_info	RAP_Step2_jap_Ganguang	LOC_Os11g47180			receptor-like protein kinase 2 precursor, putative, expressed	N	Y	Y	42	pipeline_score=39; farm_logP=10.45; max_variant=18; recommendation_score=42
QTL16	Chr11-28332728	10.45	*	LOC_Os11g47190	11:28383800-28389955	25	25	*	6.0	0.0	0.0	5.0	*	36.0	RAP_Step2_jap_Ganguang.FarmCPUpeak_info	RAP_Step2_jap_Ganguang	LOC_Os11g47190			transposon protein, putative, unclassified, expressed	Y	Y	Y	41	pipeline_score=36; farm_logP=10.45; max_variant=25; recommendation_score=41
QTL16	Chr11-28332728	10.45	*	LOC_Os11g47200	11:28390597-28393833	20	25	*	6.0	0.0	0.0	5.0	*	36.0	RAP_Step2_jap_Ganguang.FarmCPUpeak_info	RAP_Step2_jap_Ganguang	LOC_Os11g47200			transposon protein, putative, unclassified, expressed	Y	Y	Y	41	pipeline_score=36; farm_logP=10.45; max_variant=25; recommendation_score=41
QTL16	Chr11-28332728	10.45	*	LOC_Os11g47210	11:28399360-28402773	20	25	*	6.0	0.0	0.0	22.0	*	53.0	RAP_Step2_jap_Ganguang.FarmCPUpeak_info	RAP_Step2_jap_Ganguang	LOC_Os11g47210	Xa26|Xa3	bacterial blight; blight; defense; disease; disease resistance; growth; immunity; leaf; receptor kinase; resistance; resistant; seedling; temperature; xoo	receptor-like protein kinase 5 precursor, putative, expressed	N	Y	Y	65	pipeline_score=53; farm_logP=10.45; max_variant=25; symbol=Xa26|Xa3; keyword=bacterial blight; blight; defense; disease; disease resistance; growth; immunity; leaf; receptor kinase; resistance; resistant; seedling; temperature; xoo; recommendation_score=65
QTL16	Chr11-28332728	10.45	*	LOC_Os11g47220	11:28403376-28405142	5	5	*	6.0	0.0	0.0	22.0	*	33.0	RAP_Step2_jap_Ganguang.FarmCPUpeak_info	RAP_Step2_jap_Ganguang	LOC_Os11g47220			retrotransposon protein, putative, LINE subclass, expressed	Y	Y	Y	33	pipeline_score=33; farm_logP=10.45; max_variant=5; recommendation_score=33
QTL16	Chr11-28332728	10.45	*	LOC_Os11g47240	11:28407554-28411173	25	25	15	6.0	0.0	0.0	22.0	*	53.0	RAP_Step2_jap_Ganguang.FarmCPUpeak_info	RAP_Step2_jap_Ganguang	LOC_Os11g47240			leucine-rich repeat receptor protein kinase EXS precursor, putative, expressed	N	Y	Y	58	pipeline_score=53; farm_logP=10.45; max_variant=25; recommendation_score=58
QTL16	Chr11-28332728	10.45	*	LOC_Os11g47250	11:28412447-28417975	25	25	25	6.0	0.0	0.0	0.0	*	31.0	RAP_Step2_jap_Ganguang.FarmCPUpeak_info	RAP_Step2_jap_Ganguang	LOC_Os11g47250			retrotransposon protein, putative, unclassified	Y	N	Y	36	pipeline_score=31; farm_logP=10.45; max_variant=25; recommendation_score=36
QTL16	Chr11-28332728	10.45	*	LOC_Os11g47260	11:28421672-28423981	25	25	20	6.0	0.0	0.0	5.0	*	36.0	RAP_Step2_jap_Ganguang.FarmCPUpeak_info	RAP_Step2_jap_Ganguang	LOC_Os11g47260			retrotransposon protein, putative, unclassified, expressed	Y	Y	Y	41	pipeline_score=36; farm_logP=10.45; max_variant=25; recommendation_score=41
QTL16	Chr11-28332728	10.45	*	Os11g0695400	11:28423279-28427709	25	25	*	6.0	0.0	0.0	5.0	*	36.0	RAP_Step2_jap_Ganguang.FarmCPUpeak_info	RAP_Step2_jap_Ganguang	Os11g0695400							41	pipeline_score=36; farm_logP=10.45; max_variant=25; recommendation_score=41
QTL16	Chr11-28332728	10.45	*	LOC_Os11g47269	11:28428487-28429125	20	10	*	6.0	5.0	0.0	0.0	*	31.0	RAP_Step2_jap_Ganguang.FarmCPUpeak_info	RAP_Step2_jap_Ganguang	LOC_Os11g47269			DEFL44 - Defensin and Defensin-like DEFL family, expressed	N	Y	Y	36	pipeline_score=31; farm_logP=10.45; max_variant=20; recommendation_score=36
QTL16	Chr11-28332728	10.45	*	LOC_Os11g47278	11:28430084-28430789	20	25	*	6.0	0.0	0.0	0.0	*	31.0	RAP_Step2_jap_Ganguang.FarmCPUpeak_info	RAP_Step2_jap_Ganguang	LOC_Os11g47278			hypothetical protein	N	N	Y	36	pipeline_score=31; farm_logP=10.45; max_variant=25; recommendation_score=36
QTL16	Chr11-28332728	10.45	*	LOC_Os11g47290	11:28431297-28438467	20	25	20	6.0	0.0	0.0	22.0	*	53.0	RAP_Step2_jap_Ganguang.FarmCPUpeak_info	RAP_Step2_jap_Ganguang	LOC_Os11g47290			receptor kinase, putative, expressed	N	Y	Y	58	pipeline_score=53; farm_logP=10.45; max_variant=25; recommendation_score=58
QTL16	Chr11-28332728	10.45	*	LOC_Os11g47300	11:28444371-28447804	20	25	25	6.0	0.0	0.0	5.0	*	36.0	RAP_Step2_jap_Ganguang.FarmCPUpeak_info	RAP_Step2_jap_Ganguang	LOC_Os11g47300			receptor-like protein kinase precursor, putative, expressed	N	Y	Y	41	pipeline_score=36; farm_logP=10.45; max_variant=25; recommendation_score=41
QTL16	Chr11-28332728	10.45	*	LOC_Os11g47310	11:28451236-28454914	25	25	*	6.0	0.0	0.0	22.0	*	53.0	RAP_Step2_jap_Ganguang.FarmCPUpeak_info	RAP_Step2_jap_Ganguang	LOC_Os11g47310			receptor kinase-like protein, identical, putative, expressed	N	Y	Y	58	pipeline_score=53; farm_logP=10.45; max_variant=25; recommendation_score=58
QTL16	Chr11-28332728	10.45	*	LOC_Os11g47320	11:28462069-28469812	20	10	20	6.0	0.0	0.0	15.0	*	41.0	RAP_Step2_jap_Ganguang.FarmCPUpeak_info	RAP_Step2_jap_Ganguang	LOC_Os11g47320			protein transporter, putative, expressed	N	Y	Y	46	pipeline_score=41; farm_logP=10.45; max_variant=20; recommendation_score=46
QTL16	Chr11-28332728	10.45	*	Os11g0695975	11:28470506-28471598	25	25	20	6.0	0.0	0.0	5.0	*	36.0	RAP_Step2_jap_Ganguang.FarmCPUpeak_info	RAP_Step2_jap_Ganguang	Os11g0695975							41	pipeline_score=36; farm_logP=10.45; max_variant=25; recommendation_score=41
QTL16	Chr11-28332728	10.45	*	LOC_Os11g47330	11:28474461-28478132	20	10	20	6.0	0.0	0.0	10.0	*	36.0	RAP_Step2_jap_Ganguang.FarmCPUpeak_info	RAP_Step2_jap_Ganguang	LOC_Os11g47330	EDT1	PCD; cytoplasm; nucleus; pollen; pollen development; tapetum	ATP-grasp domain containing protein, expressed	N	Y	Y	48	pipeline_score=36; farm_logP=10.45; max_variant=20; symbol=EDT1; keyword=PCD; cytoplasm; nucleus; pollen; pollen development; tapetum; recommendation_score=48
QTL16	Chr11-28332728	10.45	*	LOC_Os11g47350	11:28483676-28486502	25	25	25	6.0	5.0	0.0	5.0	*	41.0	RAP_Step2_jap_Ganguang.FarmCPUpeak_info	RAP_Step2_jap_Ganguang	LOC_Os11g47350			beta-D-xylosidase, putative, expressed	N	Y	Y	46	pipeline_score=41; farm_logP=10.45; max_variant=25; recommendation_score=46
QTL16	Chr11-28332728	10.45	*	Os11g0696501	11:28483678-28486409	25	10	20	6.0	0.0	0.0	5.0	*	36.0	RAP_Step2_jap_Ganguang.FarmCPUpeak_info	RAP_Step2_jap_Ganguang	Os11g0696501							41	pipeline_score=36; farm_logP=10.45; max_variant=25; recommendation_score=41
QTL16	Chr11-28332728	10.45	*	LOC_Os11g47360	11:28491158-28493900	20	5	0	6.0	0.0	0.0	0.0	*	26.0	RAP_Step2_jap_Ganguang.FarmCPUpeak_info	RAP_Step2_jap_Ganguang	LOC_Os11g47360			retrotransposon protein, putative, Ty3-gypsy subclass, expressed	Y	Y	Y	31	pipeline_score=26; farm_logP=10.45; max_variant=20; recommendation_score=31
QTL16	Chr11-28332728	10.45	*	LOC_Os11g47370	11:28496703-28500158	5	5	*	6.0	0.0	0.0	18.0	*	29.0	RAP_Step2_jap_Ganguang.FarmCPUpeak_info	RAP_Step2_jap_Ganguang	LOC_Os11g47370			expressed protein	N	Y	Y	29	pipeline_score=29; farm_logP=10.45; max_variant=5; recommendation_score=29
QTL16	Chr11-28332728	10.45	*	Os11g0696750	11:28502696-28502811	*	*	*	6.0	0.0	0.0	0.0	*	6.0	RAP_Step2_jap_Ganguang.FarmCPUpeak_info	RAP_Step2_jap_Ganguang	Os11g0696750							6	pipeline_score=6; farm_logP=10.45; recommendation_score=6
QTL16	Chr11-28332728	10.45	*	LOC_Os11g47390	11:28508444-28511163	20	25	10	6.0	0.0	0.0	0.0	*	31.0	RAP_Step2_jap_Ganguang.FarmCPUpeak_info	RAP_Step2_jap_Ganguang	LOC_Os11g47390			laccase precursor protein, putative, expressed	N	Y	Y	36	pipeline_score=31; farm_logP=10.45; max_variant=25; recommendation_score=36
QTL16	Chr11-28332728	10.45	*	Os11g0697001	11:28509005-28514468	20	5	15	6.0	0.0	0.0	5.0	*	31.0	RAP_Step2_jap_Ganguang.FarmCPUpeak_info	RAP_Step2_jap_Ganguang	Os11g0697001							36	pipeline_score=31; farm_logP=10.45; max_variant=20; recommendation_score=36
QTL16	Chr11-28332728	10.45	*	LOC_Os11g47400	11:28515606-28516845	5	25	25	6.0	0.0	0.0	20.0	*	51.0	RAP_Step2_jap_Ganguang.FarmCPUpeak_info	RAP_Step2_jap_Ganguang	LOC_Os11g47400			expressed protein	N	Y	Y	56	pipeline_score=51; farm_logP=10.45; max_variant=25; recommendation_score=56
QTL16	Chr11-28332728	10.45	*	Os11g0697100	11:28516425-28520347	25	25	0	6.0	0.0	0.0	5.0	*	36.0	RAP_Step2_jap_Ganguang.FarmCPUpeak_info	RAP_Step2_jap_Ganguang	Os11g0697100							41	pipeline_score=36; farm_logP=10.45; max_variant=25; recommendation_score=41
QTL16	Chr11-28332728	10.45	*	LOC_Os11g47410	11:28517380-28519357	25	*	25	6.0	0.0	0.0	18.0	*	49.0	RAP_Step2_jap_Ganguang.FarmCPUpeak_info	RAP_Step2_jap_Ganguang	LOC_Os11g47410			retrotransposon protein, putative, unclassified, expressed	Y	Y	Y	54	pipeline_score=49; farm_logP=10.45; max_variant=25; recommendation_score=54
QTL16	Chr11-28332728	10.45	*	LOC_Os11g47420	11:28522406-28525707	25	25	25	6.0	0.0	0.0	0.0	*	31.0	RAP_Step2_jap_Ganguang.FarmCPUpeak_info	RAP_Step2_jap_Ganguang	LOC_Os11g47420			retrotransposon protein, putative, unclassified, expressed	Y	Y	Y	36	pipeline_score=31; farm_logP=10.45; max_variant=25; recommendation_score=36
QTL16	Chr11-28332728	10.45	*	LOC_Os11g47430	11:28526332-28532487	25	25	25	6.0	0.0	0.0	5.0	*	36.0	RAP_Step2_jap_Ganguang.FarmCPUpeak_info	RAP_Step2_jap_Ganguang	LOC_Os11g47430			retrotransposon protein, putative, unclassified, expressed	Y	Y	Y	41	pipeline_score=36; farm_logP=10.45; max_variant=25; recommendation_score=41
QTL17	Chr12-4935032	9.00	*	LOC_Os12g09060	12:4732014-4735251	20	25	20	2.0	0.0	0.0	0.0	*	27.0	RAP_Step2_jap_Ganguang.FarmCPUpeak_info	RAP_Step2_jap_Ganguang	LOC_Os12g09060			trehalose phosphatase, putative	N	N	Y	32	pipeline_score=27; farm_logP=9; max_variant=25; recommendation_score=32
QTL17	Chr12-4935032	9.00	*	LOC_Os12g09070	12:4742393-4743073	5	5	0	2.0	0.0	0.0	5.0	*	12.0	RAP_Step2_jap_Ganguang.FarmCPUpeak_info	RAP_Step2_jap_Ganguang	LOC_Os12g09070			expressed protein	N	Y	Y	12	pipeline_score=12; farm_logP=9; max_variant=5; recommendation_score=12
QTL17	Chr12-4935032	9.00	*	LOC_Os12g09080	12:4746629-4747737	5	5	*	2.0	0.0	0.0	5.0	*	12.0	RAP_Step2_jap_Ganguang.FarmCPUpeak_info	RAP_Step2_jap_Ganguang	LOC_Os12g09080	OsBRXL6	abiotic stress; drought; salt	brevis radix, putative, expressed	N	Y	Y	19	pipeline_score=12; farm_logP=9; max_variant=5; symbol=OsBRXL6; keyword=abiotic stress; drought; salt; recommendation_score=19
QTL17	Chr12-4935032	9.00	*	LOC_Os12g09089	12:4748030-4760875	20	10	*	2.0	0.0	0.0	15.0	*	37.0	RAP_Step2_jap_Ganguang.FarmCPUpeak_info	RAP_Step2_jap_Ganguang	LOC_Os12g09089			protein kinase PKN/PRK1, effector, putative, expressed	N	Y	Y	42	pipeline_score=37; farm_logP=9; max_variant=20; recommendation_score=42
QTL17	Chr12-4935032	9.00	*	LOC_Os12g09120	12:4763185-4775463	5	5	*	2.0	0.0	0.0	15.0	*	22.0	RAP_Step2_jap_Ganguang.FarmCPUpeak_info	RAP_Step2_jap_Ganguang	LOC_Os12g09120			mRNA-capping enzyme, putative, expressed	N	Y	Y	22	pipeline_score=22; farm_logP=9; max_variant=5; recommendation_score=22
QTL17	Chr12-4935032	9.00	*	LOC_Os12g09130	12:4775867-4777998	20	25	0	2.0	5.0	0.0	10.0	*	42.0	RAP_Step2_jap_Ganguang.FarmCPUpeak_info	RAP_Step2_jap_Ganguang	LOC_Os12g09130			expressed protein	N	Y	Y	47	pipeline_score=42; farm_logP=9; max_variant=25; recommendation_score=47
QTL17	Chr12-4935032	9.00	*	LOC_Os12g09140	12:4781806-4782925	20	5	25	2.0	0.0	0.0	5.0	*	32.0	RAP_Step2_jap_Ganguang.FarmCPUpeak_info	RAP_Step2_jap_Ganguang	LOC_Os12g09140			expressed protein	Y	Y	Y	37	pipeline_score=32; farm_logP=9; max_variant=25; recommendation_score=37
QTL17	Chr12-4935032	9.00	*	LOC_Os12g09150	12:4787632-4788199	20	25	*	2.0	0.0	0.0	0.0	*	27.0	RAP_Step2_jap_Ganguang.FarmCPUpeak_info	RAP_Step2_jap_Ganguang	LOC_Os12g09150			retrotransposon protein, putative, unclassified	Y	N	Y	32	pipeline_score=27; farm_logP=9; max_variant=25; recommendation_score=32
QTL17	Chr12-4935032	9.00	*	LOC_Os12g09164	12:4790977-4794225	25	25	1	2.0	0.0	0.0	0.0	*	27.0	RAP_Step2_jap_Ganguang.FarmCPUpeak_info	RAP_Step2_jap_Ganguang	LOC_Os12g09164			retrotransposon protein, putative, unclassified	Y	N	Y	32	pipeline_score=27; farm_logP=9; max_variant=25; recommendation_score=32
QTL17	Chr12-4935032	9.00	*	LOC_Os12g09180	12:4794561-4794851	20	25	0	2.0	0.0	0.0	0.0	*	27.0	RAP_Step2_jap_Ganguang.FarmCPUpeak_info	RAP_Step2_jap_Ganguang	LOC_Os12g09180			retrotransposon protein, putative, unclassified	Y	N	Y	32	pipeline_score=27; farm_logP=9; max_variant=25; recommendation_score=32
QTL17	Chr12-4935032	9.00	*	LOC_Os12g09190	12:4796480-4800065	10	10	10	2.0	0.0	0.0	15.0	*	27.0	RAP_Step2_jap_Ganguang.FarmCPUpeak_info	RAP_Step2_jap_Ganguang	LOC_Os12g09190			expressed protein	N	Y	Y	30	pipeline_score=27; farm_logP=9; max_variant=10; recommendation_score=30
QTL17	Chr12-4935032	9.00	*	LOC_Os12g09200	12:4802322-4804889	20	5	*	2.0	5.0	0.0	5.0	*	32.0	RAP_Step2_jap_Ganguang.FarmCPUpeak_info	RAP_Step2_jap_Ganguang	LOC_Os12g09200			retrotransposon protein, putative, unclassified, expressed	Y	Y	Y	37	pipeline_score=32; farm_logP=9; max_variant=20; recommendation_score=37
QTL17	Chr12-4935032	9.00	*	LOC_Os12g09210	12:4807494-4810290	20	5	*	2.0	5.0	0.0	5.0	*	32.0	RAP_Step2_jap_Ganguang.FarmCPUpeak_info	RAP_Step2_jap_Ganguang	LOC_Os12g09210			retrotransposon protein, putative, unclassified, expressed	Y	Y	Y	37	pipeline_score=32; farm_logP=9; max_variant=20; recommendation_score=37
QTL17	Chr12-4935032	9.00	*	LOC_Os12g09220	12:4814539-4818499	20	5	5	2.0	0.0	0.0	20.0	*	42.0	RAP_Step2_jap_Ganguang.FarmCPUpeak_info	RAP_Step2_jap_Ganguang	LOC_Os12g09220			expressed protein	N	Y	Y	47	pipeline_score=42; farm_logP=9; max_variant=20; recommendation_score=47
QTL17	Chr12-4935032	9.00	*	Os12g0194266	12:4818369-4822111	5	5	5	2.0	0.0	0.0	10.0	*	17.0	RAP_Step2_jap_Ganguang.FarmCPUpeak_info	RAP_Step2_jap_Ganguang	Os12g0194266							17	pipeline_score=17; farm_logP=9; max_variant=5; recommendation_score=17
QTL17	Chr12-4935032	9.00	*	LOC_Os12g09230	12:4831902-4833818	20	25	25	2.0	0.0	0.0	0.0	*	27.0	RAP_Step2_jap_Ganguang.FarmCPUpeak_info	RAP_Step2_jap_Ganguang	LOC_Os12g09230			ligA, putative, expressed	N	Y	Y	32	pipeline_score=27; farm_logP=9; max_variant=25; recommendation_score=32
QTL17	Chr12-4935032	9.00	*	LOC_Os12g09240	12:4836884-4841595	25	25	25	2.0	0.0	0.0	5.0	*	32.0	RAP_Step2_jap_Ganguang.FarmCPUpeak_info	RAP_Step2_jap_Ganguang	LOC_Os12g09240			NBS-LRR disease resistance protein, putative, expressed	N	Y	Y	37	pipeline_score=32; farm_logP=9; max_variant=25; recommendation_score=37
QTL17	Chr12-4935032	9.00	*	Os12g0194432	12:4837942-4841259	1	1	0	2.0	0.0	0.0	5.0	*	8.0	RAP_Step2_jap_Ganguang.FarmCPUpeak_info	RAP_Step2_jap_Ganguang	Os12g0194432							8	pipeline_score=8; farm_logP=9; max_variant=1; recommendation_score=8
QTL17	Chr12-4935032	9.00	*	LOC_Os12g09250	12:4848847-4859757	25	10	0	2.0	0.0	0.0	15.0	*	42.0	RAP_Step2_jap_Ganguang.FarmCPUpeak_info	RAP_Step2_jap_Ganguang	LOC_Os12g09250			bZIP transcription factor domain containing protein, expressed	N	Y	Y	47	pipeline_score=42; farm_logP=9; max_variant=25; recommendation_score=47
QTL17	Chr12-4935032	9.00	*	LOC_Os12g09260	12:4851644-4855819	25	25	25	2.0	0.0	0.0	10.0	*	37.0	RAP_Step2_jap_Ganguang.FarmCPUpeak_info	RAP_Step2_jap_Ganguang	LOC_Os12g09260			retrotransposon protein, putative, unclassified, expressed	Y	Y	Y	42	pipeline_score=37; farm_logP=9; max_variant=25; recommendation_score=42
QTL17	Chr12-4935032	9.00	*	LOC_Os12g09280	12:4860192-4863168	5	10	*	2.0	0.0	10.0	15.0	*	37.0	RAP_Step2_jap_Ganguang.FarmCPUpeak_info	RAP_Step2_jap_Ganguang	LOC_Os12g09280			RNA polymerase subunit, putative, expressed	N	Y	Y	40	pipeline_score=37; farm_logP=9; max_variant=10; recommendation_score=40
QTL17	Chr12-4935032	9.00	*	LOC_Os12g09290	12:4863260-4875233	20	10	*	2.0	0.0	0.0	10.0	*	32.0	RAP_Step2_jap_Ganguang.FarmCPUpeak_info	RAP_Step2_jap_Ganguang	LOC_Os12g09290			tRNA pseudouridine synthase family protein, putative, expressed	N	Y	Y	37	pipeline_score=32; farm_logP=9; max_variant=20; recommendation_score=37
QTL17	Chr12-4935032	9.00	*	LOC_Os12g09300	12:4881029-4884888	5	10	15	2.0	5.0	0.0	5.0	*	27.0	RAP_Step2_jap_Ganguang.FarmCPUpeak_info	RAP_Step2_jap_Ganguang	LOC_Os12g09300	OsAAP4|OsAAP4a	amino acid transporter; breeding; cytokinin; grain; grain yield; nitrogen; tiller; tillering; transporter; yield	amino acid transporter, putative, expressed	N	Y	Y	37	pipeline_score=27; farm_logP=9; max_variant=15; symbol=OsAAP4|OsAAP4a; keyword=amino acid transporter; breeding; cytokinin; grain; grain yield; nitrogen; tiller; tillering; transporter; yield; recommendation_score=37
QTL17	Chr12-4935032	9.00	*	Os12g0194950	12:4881748-4884539	5	*	*	2.0	0.0	0.0	5.0	*	12.0	RAP_Step2_jap_Ganguang.FarmCPUpeak_info	RAP_Step2_jap_Ganguang	Os12g0194950							12	pipeline_score=12; farm_logP=9; max_variant=5; recommendation_score=12
QTL17	Chr12-4935032	9.00	*	LOC_Os12g09310	12:4890997-4891476	20	5	*	2.0	0.0	0.0	0.0	*	22.0	RAP_Step2_jap_Ganguang.FarmCPUpeak_info	RAP_Step2_jap_Ganguang	LOC_Os12g09310			expressed protein	N	Y	Y	27	pipeline_score=22; farm_logP=9; max_variant=20; recommendation_score=27
QTL17	Chr12-4935032	9.00	*	Os12g0195183	12:4893135-4894550	20	5	*	2.0	0.0	0.0	5.0	*	27.0	RAP_Step2_jap_Ganguang.FarmCPUpeak_info	RAP_Step2_jap_Ganguang	Os12g0195183							32	pipeline_score=27; farm_logP=9; max_variant=20; recommendation_score=32
QTL17	Chr12-4935032	9.00	*	LOC_Os12g09320	12:4893137-4894543	20	5	0	2.0	0.0	0.0	5.0	*	27.0	RAP_Step2_jap_Ganguang.FarmCPUpeak_info	RAP_Step2_jap_Ganguang	LOC_Os12g09320			amino acid transporter, putative, expressed	N	Y	Y	32	pipeline_score=27; farm_logP=9; max_variant=20; recommendation_score=32
QTL17	Chr12-4935032	9.00	*	LOC_Os12g09330	12:4895842-4897166	25	25	5	2.0	0.0	0.0	0.0	*	27.0	RAP_Step2_jap_Ganguang.FarmCPUpeak_info	RAP_Step2_jap_Ganguang	LOC_Os12g09330			transposon protein, putative, Mariner sub-class, expressed	Y	Y	Y	32	pipeline_score=27; farm_logP=9; max_variant=25; recommendation_score=32
QTL17	Chr12-4935032	9.00	*	LOC_Os12g09340	12:4897636-4898103	20	5	*	2.0	0.0	0.0	0.0	*	22.0	RAP_Step2_jap_Ganguang.FarmCPUpeak_info	RAP_Step2_jap_Ganguang	LOC_Os12g09340			hypothetical protein	N	N	Y	27	pipeline_score=22; farm_logP=9; max_variant=20; recommendation_score=27
QTL17	Chr12-4935032	9.00	*	LOC_Os12g09350	12:4904471-4907800	5	5	25	2.0	0.0	0.0	5.0	*	32.0	RAP_Step2_jap_Ganguang.FarmCPUpeak_info	RAP_Step2_jap_Ganguang	LOC_Os12g09350			transposon protein, putative, Mariner sub-class, expressed	Y	Y	Y	37	pipeline_score=32; farm_logP=9; max_variant=25; recommendation_score=37
QTL17	Chr12-4935032	9.00	*	LOC_Os12g09360	12:4908388-4910091	5	5	25	2.0	0.0	0.0	5.0	*	32.0	RAP_Step2_jap_Ganguang.FarmCPUpeak_info	RAP_Step2_jap_Ganguang	LOC_Os12g09360			expressed protein	N	Y	Y	37	pipeline_score=32; farm_logP=9; max_variant=25; recommendation_score=37
QTL17	Chr12-4935032	9.00	*	LOC_Os12g09370	12:4910957-4911638	25	5	10	2.0	0.0	0.0	0.0	*	27.0	RAP_Step2_jap_Ganguang.FarmCPUpeak_info	RAP_Step2_jap_Ganguang	LOC_Os12g09370			expressed protein	N	Y	Y	32	pipeline_score=27; farm_logP=9; max_variant=25; recommendation_score=32
QTL17	Chr12-4935032	9.00	*	LOC_Os12g09380	12:4920933-4921322	25	25	25	2.0	0.0	0.0	5.0	*	32.0	RAP_Step2_jap_Ganguang.FarmCPUpeak_info	RAP_Step2_jap_Ganguang	LOC_Os12g09380			expressed protein	N	Y	Y	37	pipeline_score=32; farm_logP=9; max_variant=25; recommendation_score=37
QTL17	Chr12-4935032	9.00	*	LOC_Os12g09390	12:4922856-4924613	20	25	25	2.0	0.0	0.0	0.0	*	27.0	RAP_Step2_jap_Ganguang.FarmCPUpeak_info	RAP_Step2_jap_Ganguang	LOC_Os12g09390			expressed protein	N	Y	Y	32	pipeline_score=27; farm_logP=9; max_variant=25; recommendation_score=32
QTL17	Chr12-4935032	9.00	*	LOC_Os12g09400	12:4925940-4930052	25	25	5	2.0	0.0	0.0	0.0	*	27.0	RAP_Step2_jap_Ganguang.FarmCPUpeak_info	RAP_Step2_jap_Ganguang	LOC_Os12g09400			retrotransposon protein, putative, Ty1-copia subclass	Y	N	Y	32	pipeline_score=27; farm_logP=9; max_variant=25; recommendation_score=32
QTL17	Chr12-4935032	9.00	*	LOC_Os12g09410	12:4931702-4933198	25	25	20	2.0	0.0	0.0	0.0	*	27.0	RAP_Step2_jap_Ganguang.FarmCPUpeak_info	RAP_Step2_jap_Ganguang	LOC_Os12g09410			retrotransposon protein, putative, LINE subclass, expressed	Y	Y	Y	32	pipeline_score=27; farm_logP=9; max_variant=25; recommendation_score=32
QTL17	Chr12-4935032	9.00	*	LOC_Os12g09420	12:4933801-4936848	25	25	*	2.0	0.0	0.0	5.0	*	32.0	RAP_Step2_jap_Ganguang.FarmCPUpeak_info	RAP_Step2_jap_Ganguang	LOC_Os12g09420			transposon protein, putative, CACTA, En/Spm sub-class	Y	N	Y	37	pipeline_score=32; farm_logP=9; max_variant=25; recommendation_score=37
QTL17	Chr12-4935032	9.00	*	LOC_Os12g09430	12:4938541-4942065	25	25	*	2.0	0.0	0.0	0.0	*	27.0	RAP_Step2_jap_Ganguang.FarmCPUpeak_info	RAP_Step2_jap_Ganguang	LOC_Os12g09430			retrotransposon protein, putative, unclassified, expressed	Y	Y	Y	32	pipeline_score=27; farm_logP=9; max_variant=25; recommendation_score=32
QTL17	Chr12-4935032	9.00	*	LOC_Os12g09440	12:4944242-4946965	5	10	25	2.0	0.0	0.0	0.0	*	27.0	RAP_Step2_jap_Ganguang.FarmCPUpeak_info	RAP_Step2_jap_Ganguang	LOC_Os12g09440			retrotransposon protein, putative, Ty3-gypsy subclass, expressed	Y	Y	Y	32	pipeline_score=27; farm_logP=9; max_variant=25; recommendation_score=32
QTL17	Chr12-4935032	9.00	*	LOC_Os12g09450	12:4950967-4951317	20	*	*	2.0	0.0	0.0	0.0	*	22.0	RAP_Step2_jap_Ganguang.FarmCPUpeak_info	RAP_Step2_jap_Ganguang	LOC_Os12g09450			expressed protein	N	Y	Y	27	pipeline_score=22; farm_logP=9; max_variant=20; recommendation_score=27
QTL17	Chr12-4935032	9.00	*	LOC_Os12g09455	12:4953150-4954757	20	5	*	2.0	0.0	0.0	5.0	*	27.0	RAP_Step2_jap_Ganguang.FarmCPUpeak_info	RAP_Step2_jap_Ganguang	LOC_Os12g09455			expressed protein	N	Y	Y	32	pipeline_score=27; farm_logP=9; max_variant=20; recommendation_score=32
QTL17	Chr12-4935032	9.00	*	LOC_Os12g09460	12:4954208-4955064	25	10	*	2.0	0.0	0.0	5.0	*	32.0	RAP_Step2_jap_Ganguang.FarmCPUpeak_info	RAP_Step2_jap_Ganguang	LOC_Os12g09460			peroxidase precursor, putative, expressed	N	Y	Y	37	pipeline_score=32; farm_logP=9; max_variant=25; recommendation_score=37
QTL17	Chr12-4935032	9.00	*	LOC_Os12g09465	12:4959126-4959738	25	10	5	2.0	0.0	0.0	0.0	*	27.0	RAP_Step2_jap_Ganguang.FarmCPUpeak_info	RAP_Step2_jap_Ganguang	LOC_Os12g09465			expressed protein	N	Y	Y	32	pipeline_score=27; farm_logP=9; max_variant=25; recommendation_score=32
QTL17	Chr12-4935032	9.00	*	LOC_Os12g09470	12:4968019-4968402	25	25	10	2.0	0.0	0.0	5.0	*	32.0	RAP_Step2_jap_Ganguang.FarmCPUpeak_info	RAP_Step2_jap_Ganguang	LOC_Os12g09470			expressed protein	N	Y	Y	37	pipeline_score=32; farm_logP=9; max_variant=25; recommendation_score=37
QTL17	Chr12-4935032	9.00	*	LOC_Os12g09480	12:4969824-4976436	25	25	25	2.0	0.0	0.0	5.0	*	32.0	RAP_Step2_jap_Ganguang.FarmCPUpeak_info	RAP_Step2_jap_Ganguang	LOC_Os12g09480			retrotransposon protein, putative, Ty3-gypsy subclass, expressed	Y	Y	Y	37	pipeline_score=32; farm_logP=9; max_variant=25; recommendation_score=37
QTL17	Chr12-4935032	9.00	*	LOC_Os12g09490	12:4977022-4979851	25	5	25	2.0	0.0	0.0	0.0	*	27.0	RAP_Step2_jap_Ganguang.FarmCPUpeak_info	RAP_Step2_jap_Ganguang	LOC_Os12g09490			retrotransposon protein, putative, Ty3-gypsy subclass	Y	N	Y	32	pipeline_score=27; farm_logP=9; max_variant=25; recommendation_score=32
QTL17	Chr12-4935032	9.00	*	LOC_Os12g09500	12:4984225-4988325	5	10	20	2.0	5.0	0.0	5.0	*	32.0	RAP_Step2_jap_Ganguang.FarmCPUpeak_info	RAP_Step2_jap_Ganguang	LOC_Os12g09500			cytochrome P450, putative, expressed	N	Y	Y	37	pipeline_score=32; farm_logP=9; max_variant=20; recommendation_score=37
QTL17	Chr12-4935032	9.00	*	LOC_Os12g09510	12:4998171-4998711	*	5	25	2.0	5.0	0.0	0.0	*	32.0	RAP_Step2_jap_Ganguang.FarmCPUpeak_info	RAP_Step2_jap_Ganguang	LOC_Os12g09510			hypothetical protein	N	N	Y	37	pipeline_score=32; farm_logP=9; max_variant=25; recommendation_score=37
QTL17	Chr12-4935032	9.00	*	LOC_Os12g09520	12:5002480-5002888	*	*	25	2.0	0.0	0.0	0.0	*	27.0	RAP_Step2_jap_Ganguang.FarmCPUpeak_info	RAP_Step2_jap_Ganguang	LOC_Os12g09520			conserved hypothetical protein	Y	N	Y	32	pipeline_score=27; farm_logP=9; max_variant=25; recommendation_score=32
QTL17	Chr12-4935032	9.00	*	LOC_Os12g09530	12:5003530-5006944	*	5	25	2.0	0.0	0.0	0.0	*	27.0	RAP_Step2_jap_Ganguang.FarmCPUpeak_info	RAP_Step2_jap_Ganguang	LOC_Os12g09530			retrotransposon protein, putative, unclassified, expressed	Y	Y	Y	32	pipeline_score=27; farm_logP=9; max_variant=25; recommendation_score=32
QTL17	Chr12-4935032	9.00	*	LOC_Os12g09540	12:5013789-5018312	5	10	10	2.0	0.0	0.0	5.0	*	17.0	RAP_Step2_jap_Ganguang.FarmCPUpeak_info	RAP_Step2_jap_Ganguang	LOC_Os12g09540			phosphoribosylamine--glycine ligase, putative, expressed	N	Y	Y	20	pipeline_score=17; farm_logP=9; max_variant=10; recommendation_score=20
QTL17	Chr12-4935032	9.00	*	Os12g0197150	12:5014092-5014483	*	*	*	2.0	0.0	0.0	5.0	*	7.0	RAP_Step2_jap_Ganguang.FarmCPUpeak_info	RAP_Step2_jap_Ganguang	Os12g0197150							7	pipeline_score=7; farm_logP=9; recommendation_score=7
QTL17	Chr12-4935032	9.00	*	LOC_Os12g09550	12:5020943-5028378	20	25	20	2.0	0.0	0.0	18.0	*	45.0	RAP_Step2_jap_Ganguang.FarmCPUpeak_info	RAP_Step2_jap_Ganguang	LOC_Os12g09550			expressed protein	N	Y	Y	50	pipeline_score=45; farm_logP=9; max_variant=25; recommendation_score=50
QTL17	Chr12-4935032	9.00	*	LOC_Os12g09570	12:5030805-5034571	1	*	0	2.0	0.0	0.0	18.0	*	21.0	RAP_Step2_jap_Ganguang.FarmCPUpeak_info	RAP_Step2_jap_Ganguang	LOC_Os12g09570			GTP binding protein, putative, expressed	N	Y	Y	21	pipeline_score=21; farm_logP=9; max_variant=1; recommendation_score=21
QTL17	Chr12-4935032	9.00	*	LOC_Os12g09580	12:5035198-5040891	20	10	20	2.0	0.0	0.0	10.0	*	32.0	RAP_Step2_jap_Ganguang.FarmCPUpeak_info	RAP_Step2_jap_Ganguang	LOC_Os12g09580			leafbladeless1, putative, expressed	N	Y	Y	37	pipeline_score=32; farm_logP=9; max_variant=20; recommendation_score=37
QTL17	Chr12-4935032	9.00	*	LOC_Os12g09584	12:5042586-5044633	5	*	25	2.0	0.0	0.0	18.0	*	45.0	RAP_Step2_jap_Ganguang.FarmCPUpeak_info	RAP_Step2_jap_Ganguang	LOC_Os12g09584			expressed protein	N	Y	Y	50	pipeline_score=45; farm_logP=9; max_variant=25; recommendation_score=50
QTL17	Chr12-4935032	9.00	*	LOC_Os12g09590	12:5045138-5050558	20	25	25	2.0	0.0	0.0	15.0	*	42.0	RAP_Step2_jap_Ganguang.FarmCPUpeak_info	RAP_Step2_jap_Ganguang	LOC_Os12g09590			leafbladeless1, putative, expressed	N	Y	Y	47	pipeline_score=42; farm_logP=9; max_variant=25; recommendation_score=47
QTL17	Chr12-4935032	9.00	*	LOC_Os12g09600	12:5056433-5058865	20	25	0	2.0	0.0	0.0	0.0	*	27.0	RAP_Step2_jap_Ganguang.FarmCPUpeak_info	RAP_Step2_jap_Ganguang	LOC_Os12g09600			retrotransposon protein, putative, unclassified	Y	N	Y	32	pipeline_score=27; farm_logP=9; max_variant=25; recommendation_score=32
QTL17	Chr12-4935032	9.00	*	LOC_Os12g09610	12:5061139-5068412	5	5	*	2.0	0.0	0.0	15.0	*	22.0	RAP_Step2_jap_Ganguang.FarmCPUpeak_info	RAP_Step2_jap_Ganguang	LOC_Os12g09610			expressed protein	N	Y	Y	22	pipeline_score=22; farm_logP=9; max_variant=5; recommendation_score=22
QTL17	Chr12-4935032	9.00	*	LOC_Os12g09620	12:5070769-5071531	5	10	*	2.0	0.0	0.0	18.0	*	30.0	RAP_Step2_jap_Ganguang.FarmCPUpeak_info	RAP_Step2_jap_Ganguang	LOC_Os12g09620			expressed protein	N	Y	Y	33	pipeline_score=30; farm_logP=9; max_variant=10; recommendation_score=33
QTL17	Chr12-4935032	9.00	*	LOC_Os12g09630	12:5073256-5074316	20	10	*	2.0	0.0	0.0	15.0	*	37.0	RAP_Step2_jap_Ganguang.FarmCPUpeak_info	RAP_Step2_jap_Ganguang	LOC_Os12g09630			expressed protein	N	Y	Y	42	pipeline_score=37; farm_logP=9; max_variant=20; recommendation_score=42
QTL17	Chr12-4935032	9.00	*	LOC_Os12g09640	12:5076202-5080848	5	25	0	2.0	5.0	0.0	22.0	*	54.0	RAP_Step2_jap_Ganguang.FarmCPUpeak_info	RAP_Step2_jap_Ganguang	LOC_Os12g09640			protein phosphatase 2C, putative, expressed	N	Y	Y	59	pipeline_score=54; farm_logP=9; max_variant=25; recommendation_score=59
QTL17	Chr12-4935032	9.00	*	LOC_Os12g09650	12:5091132-5091380	20	5	*	2.0	0.0	0.0	0.0	*	22.0	RAP_Step2_jap_Ganguang.FarmCPUpeak_info	RAP_Step2_jap_Ganguang	LOC_Os12g09650			hypothetical protein	N	N	Y	27	pipeline_score=22; farm_logP=9; max_variant=20; recommendation_score=27
QTL17	Chr12-4935032	9.00	*	LOC_Os12g09660	12:5100010-5102396	20	25	0	2.0	0.0	0.0	15.0	*	42.0	RAP_Step2_jap_Ganguang.FarmCPUpeak_info	RAP_Step2_jap_Ganguang	LOC_Os12g09660			expressed protein	N	Y	Y	47	pipeline_score=42; farm_logP=9; max_variant=25; recommendation_score=47
QTL17	Chr12-4935032	9.00	*	LOC_Os12g09670	12:5103729-5107187	25	5	25	2.0	0.0	0.0	15.0	*	42.0	RAP_Step2_jap_Ganguang.FarmCPUpeak_info	RAP_Step2_jap_Ganguang	LOC_Os12g09670			expressed protein	N	Y	Y	47	pipeline_score=42; farm_logP=9; max_variant=25; recommendation_score=47
QTL17	Chr12-4935032	9.00	*	LOC_Os12g09680	12:5108223-5111984	25	*	25	2.0	0.0	0.0	5.0	*	32.0	RAP_Step2_jap_Ganguang.FarmCPUpeak_info	RAP_Step2_jap_Ganguang	LOC_Os12g09680			retrotransposon protein, putative, Ty3-gypsy subclass, expressed	Y	Y	Y	37	pipeline_score=32; farm_logP=9; max_variant=25; recommendation_score=37
QTL17	Chr12-4935032	9.00	*	LOC_Os12g09690	12:5112154-5112955	20	5	25	2.0	0.0	0.0	0.0	*	27.0	RAP_Step2_jap_Ganguang.FarmCPUpeak_info	RAP_Step2_jap_Ganguang	LOC_Os12g09690			expressed protein	N	Y	Y	32	pipeline_score=27; farm_logP=9; max_variant=25; recommendation_score=32
QTL17	Chr12-4935032	9.00	*	LOC_Os12g09700	12:5116345-5118098	20	5	15	2.0	0.0	0.0	5.0	*	27.0	RAP_Step2_jap_Ganguang.FarmCPUpeak_info	RAP_Step2_jap_Ganguang	LOC_Os12g09700			Jacalin-like lectin domain containing protein, putative, expressed	N	Y	Y	32	pipeline_score=27; farm_logP=9; max_variant=20; recommendation_score=32
QTL17	Chr12-4935032	9.00	*	Os12g0198800	12:5116638-5118007	20	1	20	2.0	0.0	0.0	20.0	*	42.0	RAP_Step2_jap_Ganguang.FarmCPUpeak_info	RAP_Step2_jap_Ganguang	Os12g0198800							47	pipeline_score=42; farm_logP=9; max_variant=20; recommendation_score=47
QTL17	Chr12-4935032	9.00	*	LOC_Os12g09710	12:5125202-5129674	20	25	25	2.0	0.0	0.0	0.0	*	27.0	RAP_Step2_jap_Ganguang.FarmCPUpeak_info	RAP_Step2_jap_Ganguang	LOC_Os12g09710			NBS-LRR disease resistance protein, putative, expressed	N	Y	Y	32	pipeline_score=27; farm_logP=9; max_variant=25; recommendation_score=32
QTL17	Chr12-4935032	9.00	*	LOC_Os12g09720	12:5132814-5135246	25	5	10	2.0	5.0	0.0	20.0	*	52.0	RAP_Step2_jap_Ganguang.FarmCPUpeak_info	RAP_Step2_jap_Ganguang	LOC_Os12g09720			dirigent, putative, expressed	N	Y	Y	57	pipeline_score=52; farm_logP=9; max_variant=25; recommendation_score=57
QTL17	Chr12-4935032	9.00	*	Os12g0199050	12:5134363-5135225	20	5	20	2.0	0.0	0.0	22.0	*	44.0	RAP_Step2_jap_Ganguang.FarmCPUpeak_info	RAP_Step2_jap_Ganguang	Os12g0199050							49	pipeline_score=44; farm_logP=9; max_variant=20; recommendation_score=49
QTL18	Chr12-26485659	18.48	*	LOC_Os12g42284	12:26293877-26294683	25	25	25	10.0	0.0	0.0	5.0	*	40.0	RAP_Step2_jap_Ganguang.FarmCPUpeak_info	RAP_Step2_jap_Ganguang	LOC_Os12g42284			expressed protein	N	Y	Y	45	pipeline_score=40; farm_logP=18.48; max_variant=25; recommendation_score=45
QTL18	Chr12-26485659	18.48	*	LOC_Os12g42290	12:26298323-26298920	25	25	*	10.0	5.0	0.0	0.0	*	40.0	RAP_Step2_jap_Ganguang.FarmCPUpeak_info	RAP_Step2_jap_Ganguang	LOC_Os12g42290			expressed protein	N	Y	Y	45	pipeline_score=40; farm_logP=18.48; max_variant=25; recommendation_score=45
QTL18	Chr12-26485659	18.48	*	LOC_Os12g42300	12:26299853-26306151	5	10	*	10.0	0.0	0.0	20.0	*	40.0	RAP_Step2_jap_Ganguang.FarmCPUpeak_info	RAP_Step2_jap_Ganguang	LOC_Os12g42300			potasium efflux antiporter protein, putative, expressed	N	Y	Y	43	pipeline_score=40; farm_logP=18.48; max_variant=10; recommendation_score=43
QTL18	Chr12-26485659	18.48	*	LOC_Os12g42310	12:26306763-26315803	5	10	*	10.0	0.0	0.0	15.0	*	35.0	RAP_Step2_jap_Ganguang.FarmCPUpeak_info	RAP_Step2_jap_Ganguang	LOC_Os12g42310	OsPPKL3	grain; grain length	serine/threonine-protein phosphatase BSL2, putative, expressed	N	Y	Y	45	pipeline_score=35; farm_logP=18.48; max_variant=10; symbol=OsPPKL3; keyword=grain; grain length; recommendation_score=45
QTL18	Chr12-26485659	18.48	*	LOC_Os12g42330	12:26319872-26322211	25	10	*	10.0	0.0	0.0	0.0	*	35.0	RAP_Step2_jap_Ganguang.FarmCPUpeak_info	RAP_Step2_jap_Ganguang	LOC_Os12g42330			sublingual apomucin, putative, expressed	N	Y	Y	40	pipeline_score=35; farm_logP=18.48; max_variant=25; recommendation_score=40
QTL18	Chr12-26485659	18.48	*	LOC_Os12g42340	12:26323392-26327053	20	10	20	10.0	0.0	0.0	0.0	*	30.0	RAP_Step2_jap_Ganguang.FarmCPUpeak_info	RAP_Step2_jap_Ganguang	LOC_Os12g42340			OsFBX464 - F-box domain containing protein, expressed	N	Y	Y	35	pipeline_score=30; farm_logP=18.48; max_variant=20; recommendation_score=35
QTL18	Chr12-26485659	18.48	*	LOC_Os12g42360	12:26330610-26331032	20	5	20	10.0	5.0	0.0	0.0	*	35.0	RAP_Step2_jap_Ganguang.FarmCPUpeak_info	RAP_Step2_jap_Ganguang	LOC_Os12g42360			expressed protein	N	Y	Y	40	pipeline_score=35; farm_logP=18.48; max_variant=20; recommendation_score=40
QTL18	Chr12-26485659	18.48	*	LOC_Os12g42370	12:26334261-26338170	20	5	*	10.0	0.0	0.0	15.0	*	45.0	RAP_Step2_jap_Ganguang.FarmCPUpeak_info	RAP_Step2_jap_Ganguang	LOC_Os12g42370			GTPase of unknown function domain containing protein, putative, expressed	N	Y	Y	50	pipeline_score=45; farm_logP=18.48; max_variant=20; recommendation_score=50
QTL18	Chr12-26485659	18.48	*	Os12g0618333	12:26335395-26336072	1	*	*	10.0	0.0	0.0	10.0	*	21.0	RAP_Step2_jap_Ganguang.FarmCPUpeak_info	RAP_Step2_jap_Ganguang	Os12g0618333							21	pipeline_score=21; farm_logP=18.48; max_variant=1; recommendation_score=21
QTL18	Chr12-26485659	18.48	*	Os12g0618366	12:26337444-26338006	20	*	*	10.0	0.0	0.0	5.0	*	35.0	RAP_Step2_jap_Ganguang.FarmCPUpeak_info	RAP_Step2_jap_Ganguang	Os12g0618366							40	pipeline_score=35; farm_logP=18.48; max_variant=20; recommendation_score=40
QTL18	Chr12-26485659	18.48	*	LOC_Os12g42380	12:26339462-26340045	1	*	*	10.0	0.0	0.0	10.0	*	21.0	RAP_Step2_jap_Ganguang.FarmCPUpeak_info	RAP_Step2_jap_Ganguang	LOC_Os12g42380			expressed protein	N	Y	Y	21	pipeline_score=21; farm_logP=18.48; max_variant=1; recommendation_score=21
QTL18	Chr12-26485659	18.48	*	LOC_Os12g42390	12:26345080-26345466	5	*	*	10.0	0.0	0.0	5.0	*	20.0	RAP_Step2_jap_Ganguang.FarmCPUpeak_info	RAP_Step2_jap_Ganguang	LOC_Os12g42390			expressed protein	N	Y	Y	20	pipeline_score=20; farm_logP=18.48; max_variant=5; recommendation_score=20
QTL18	Chr12-26485659	18.48	*	LOC_Os12g42400	12:26346863-26351289	5	10	5	10.0	0.0	0.0	10.0	*	30.0	RAP_Step2_jap_Ganguang.FarmCPUpeak_info	RAP_Step2_jap_Ganguang	LOC_Os12g42400			nuclear transcription factor Y subunit, putative, expressed	N	Y	Y	33	pipeline_score=30; farm_logP=18.48; max_variant=10; recommendation_score=33
QTL18	Chr12-26485659	18.48	*	LOC_Os12g42410	12:26358843-26359677	20	*	*	10.0	0.0	0.0	5.0	*	35.0	RAP_Step2_jap_Ganguang.FarmCPUpeak_info	RAP_Step2_jap_Ganguang	LOC_Os12g42410			expressed protein	N	Y	Y	40	pipeline_score=35; farm_logP=18.48; max_variant=20; recommendation_score=40
QTL18	Chr12-26485659	18.48	*	LOC_Os12g42420	12:26363240-26365704	15	10	10	10.0	0.0	0.0	15.0	*	40.0	RAP_Step2_jap_Ganguang.FarmCPUpeak_info	RAP_Step2_jap_Ganguang	LOC_Os12g42420	OsGCNT|OsPLS3	cell death; cytokinin; defense; defense response; disease; disease resistance; ethylene; immunity; innate immunity; jasmonate; leaf; leaf senescence; map-based cloning; reactive oxygen species; resistance; senescence	DNA binding protein, putative, expressed	N	Y	Y	50	pipeline_score=40; farm_logP=18.48; max_variant=15; symbol=OsGCNT|OsPLS3; keyword=cell death; cytokinin; defense; defense response; disease; disease resistance; ethylene; immunity; innate immunity; jasmonate; leaf; leaf senescence; map-based cloning; reactive oxygen species; resistance; senescence; recommendation_score=50
QTL18	Chr12-26485659	18.48	*	LOC_Os12g42430	12:26369224-26374651	5	10	*	10.0	0.0	0.0	10.0	*	30.0	RAP_Step2_jap_Ganguang.FarmCPUpeak_info	RAP_Step2_jap_Ganguang	LOC_Os12g42430			IQ calmodulin-binding motif domain containing protein, expressed	N	Y	Y	33	pipeline_score=30; farm_logP=18.48; max_variant=10; recommendation_score=33
QTL18	Chr12-26485659	18.48	*	LOC_Os12g42440	12:26377868-26379849	15	10	*	10.0	5.0	10.0	0.0	*	40.0	RAP_Step2_jap_Ganguang.FarmCPUpeak_info	RAP_Step2_jap_Ganguang	LOC_Os12g42440			chaperone protein dnaJ, putative, expressed	N	Y	Y	43	pipeline_score=40; farm_logP=18.48; max_variant=15; recommendation_score=43
QTL18	Chr12-26485659	18.48	*	LOC_Os12g42450	12:26381679-26384212	25	5	*	10.0	0.0	0.0	0.0	*	35.0	RAP_Step2_jap_Ganguang.FarmCPUpeak_info	RAP_Step2_jap_Ganguang	LOC_Os12g42450			retrotransposon protein, putative, Ty3-gypsy subclass, expressed	Y	Y	Y	40	pipeline_score=35; farm_logP=18.48; max_variant=25; recommendation_score=40
QTL18	Chr12-26485659	18.48	*	LOC_Os12g42460	12:26384862-26387417	25	25	*	10.0	0.0	0.0	0.0	*	35.0	RAP_Step2_jap_Ganguang.FarmCPUpeak_info	RAP_Step2_jap_Ganguang	LOC_Os12g42460			retrotransposon protein, putative, Ty3-gypsy subclass, expressed	Y	Y	Y	40	pipeline_score=35; farm_logP=18.48; max_variant=25; recommendation_score=40
QTL18	Chr12-26485659	18.48	*	LOC_Os12g42470	12:26387641-26388265	15	*	*	10.0	0.0	0.0	0.0	*	25.0	RAP_Step2_jap_Ganguang.FarmCPUpeak_info	RAP_Step2_jap_Ganguang	LOC_Os12g42470			retrotransposon protein, putative, Ty3-gypsy subclass	Y	N	Y	28	pipeline_score=25; farm_logP=18.48; max_variant=15; recommendation_score=28
QTL18	Chr12-26485659	18.48	*	LOC_Os12g42480	12:26391608-26392415	25	5	*	10.0	0.0	0.0	0.0	*	35.0	RAP_Step2_jap_Ganguang.FarmCPUpeak_info	RAP_Step2_jap_Ganguang	LOC_Os12g42480			expressed protein	N	Y	Y	40	pipeline_score=35; farm_logP=18.48; max_variant=25; recommendation_score=40
QTL18	Chr12-26485659	18.48	*	LOC_Os12g42500	12:26405716-26406559	25	5	25	10.0	0.0	0.0	0.0	*	35.0	RAP_Step2_jap_Ganguang.FarmCPUpeak_info	RAP_Step2_jap_Ganguang	LOC_Os12g42500			retrotransposon protein, putative, Ty3-gypsy subclass	Y	N	Y	40	pipeline_score=35; farm_logP=18.48; max_variant=25; recommendation_score=40
QTL18	Chr12-26485659	18.48	*	LOC_Os12g42510	12:26413978-26414820	20	5	*	10.0	0.0	0.0	18.0	*	48.0	RAP_Step2_jap_Ganguang.FarmCPUpeak_info	RAP_Step2_jap_Ganguang	LOC_Os12g42510			expressed protein	N	Y	Y	53	pipeline_score=48; farm_logP=18.48; max_variant=20; recommendation_score=53
QTL18	Chr12-26485659	18.48	*	LOC_Os12g42520	12:26415934-26419604	20	10	*	10.0	0.0	0.0	18.0	*	48.0	RAP_Step2_jap_Ganguang.FarmCPUpeak_info	RAP_Step2_jap_Ganguang	LOC_Os12g42520			receptor kinase, putative, expressed	N	Y	Y	53	pipeline_score=48; farm_logP=18.48; max_variant=20; recommendation_score=53
QTL18	Chr12-26485659	18.48	*	LOC_Os12g42530	12:26420716-26422020	1	10	*	10.0	5.0	0.0	5.0	*	30.0	RAP_Step2_jap_Ganguang.FarmCPUpeak_info	RAP_Step2_jap_Ganguang	LOC_Os12g42530			expressed protein	N	Y	Y	33	pipeline_score=30; farm_logP=18.48; max_variant=10; recommendation_score=33
QTL18	Chr12-26485659	18.48	*	LOC_Os12g42540	12:26424870-26425124	20	10	*	10.0	0.0	0.0	20.0	*	50.0	RAP_Step2_jap_Ganguang.FarmCPUpeak_info	RAP_Step2_jap_Ganguang	LOC_Os12g42540			zinc finger, C3HC4 type domain containing protein, expressed	N	Y	Y	55	pipeline_score=50; farm_logP=18.48; max_variant=20; recommendation_score=55
QTL18	Chr12-26485659	18.48	*	LOC_Os12g42550	12:26425320-26430083	5	10	*	10.0	0.0	0.0	15.0	*	35.0	RAP_Step2_jap_Ganguang.FarmCPUpeak_info	RAP_Step2_jap_Ganguang	LOC_Os12g42550	OsMBD707	flowering; growth; nucleus; tiller; tiller angle	methyl-CpG binding domain containing protein, putative, expressed	N	Y	Y	45	pipeline_score=35; farm_logP=18.48; max_variant=10; symbol=OsMBD707; keyword=flowering; growth; nucleus; tiller; tiller angle; recommendation_score=45
QTL18	Chr12-26485659	18.48	*	LOC_Os12g42560	12:26430198-26432361	20	10	*	10.0	0.0	0.0	0.0	*	30.0	RAP_Step2_jap_Ganguang.FarmCPUpeak_info	RAP_Step2_jap_Ganguang	LOC_Os12g42560			hypothetical protein	N	N	Y	35	pipeline_score=30; farm_logP=18.48; max_variant=20; recommendation_score=35
QTL18	Chr12-26485659	18.48	*	LOC_Os12g42570	12:26433326-26438017	5	10	*	10.0	0.0	0.0	15.0	*	35.0	RAP_Step2_jap_Ganguang.FarmCPUpeak_info	RAP_Step2_jap_Ganguang	LOC_Os12g42570			expressed protein	N	Y	Y	38	pipeline_score=35; farm_logP=18.48; max_variant=10; recommendation_score=38
QTL18	Chr12-26485659	18.48	*	Os12g0620733	12:26433411-26437992	5	5	*	10.0	0.0	0.0	5.0	*	20.0	RAP_Step2_jap_Ganguang.FarmCPUpeak_info	RAP_Step2_jap_Ganguang	Os12g0620733							20	pipeline_score=20; farm_logP=18.48; max_variant=5; recommendation_score=20
QTL18	Chr12-26485659	18.48	*	LOC_Os12g42580	12:26449052-26449597	20	10	*	10.0	0.0	0.0	5.0	*	35.0	RAP_Step2_jap_Ganguang.FarmCPUpeak_info	RAP_Step2_jap_Ganguang	LOC_Os12g42580			transposon protein, putative, unclassified, expressed	Y	Y	Y	40	pipeline_score=35; farm_logP=18.48; max_variant=20; recommendation_score=40
QTL18	Chr12-26485659	18.48	*	Os12g0620866	12:26449121-26449255	1	*	*	10.0	0.0	0.0	5.0	*	16.0	RAP_Step2_jap_Ganguang.FarmCPUpeak_info	RAP_Step2_jap_Ganguang	Os12g0620866							16	pipeline_score=16; farm_logP=18.48; max_variant=1; recommendation_score=16
QTL18	Chr12-26485659	18.48	*	LOC_Os12g42590	12:26451691-26453611	20	25	*	10.0	0.0	0.0	5.0	*	40.0	RAP_Step2_jap_Ganguang.FarmCPUpeak_info	RAP_Step2_jap_Ganguang	LOC_Os12g42590			expressed protein	N	Y	Y	45	pipeline_score=40; farm_logP=18.48; max_variant=25; recommendation_score=45
QTL18	Chr12-26485659	18.48	*	LOC_Os12g42600	12:26454955-26461338	20	10	5	10.0	0.0	0.0	10.0	*	40.0	RAP_Step2_jap_Ganguang.FarmCPUpeak_info	RAP_Step2_jap_Ganguang	LOC_Os12g42600			ubiquitin carboxyl-terminal hydrolase domain containing protein, expressed	N	Y	Y	45	pipeline_score=40; farm_logP=18.48; max_variant=20; recommendation_score=45
QTL18	Chr12-26485659	18.48	*	Os12g0621025	12:26455338-26461275	20	10	*	10.0	0.0	0.0	5.0	*	35.0	RAP_Step2_jap_Ganguang.FarmCPUpeak_info	RAP_Step2_jap_Ganguang	Os12g0621025							40	pipeline_score=35; farm_logP=18.48; max_variant=20; recommendation_score=40
QTL18	Chr12-26485659	18.48	*	Os12g0621050	12:26464988-26465784	*	1	*	10.0	0.0	0.0	5.0	*	16.0	RAP_Step2_jap_Ganguang.FarmCPUpeak_info	RAP_Step2_jap_Ganguang	Os12g0621050							16	pipeline_score=16; farm_logP=18.48; max_variant=1; recommendation_score=16
QTL18	Chr12-26485659	18.48	*	LOC_Os12g42610	12:26477633-26487388	5	10	0	10.0	5.0	0.0	10.0	*	35.0	RAP_Step2_jap_Ganguang.FarmCPUpeak_info	RAP_Step2_jap_Ganguang	LOC_Os12g42610			YABBY domain containing protein, putative, expressed	N	Y	Y	38	pipeline_score=35; farm_logP=18.48; max_variant=10; recommendation_score=38
QTL18	Chr12-26485659	18.48	*	LOC_Os12g42620	12:26490386-26490634	20	5	0	10.0	5.0	0.0	0.0	*	35.0	RAP_Step2_jap_Ganguang.FarmCPUpeak_info	RAP_Step2_jap_Ganguang	LOC_Os12g42620			hypothetical protein	N	N	Y	40	pipeline_score=35; farm_logP=18.48; max_variant=20; recommendation_score=40
QTL18	Chr12-26485659	18.48	*	LOC_Os12g42630	12:26498183-26499349	25	5	15	10.0	0.0	0.0	18.0	*	53.0	RAP_Step2_jap_Ganguang.FarmCPUpeak_info	RAP_Step2_jap_Ganguang	LOC_Os12g42630			transposon protein, putative, Mutator sub-class, expressed	Y	Y	Y	58	pipeline_score=53; farm_logP=18.48; max_variant=25; recommendation_score=58
QTL18	Chr12-26485659	18.48	*	LOC_Os12g42640	12:26500867-26504567	25	25	25	10.0	0.0	0.0	15.0	*	50.0	RAP_Step2_jap_Ganguang.FarmCPUpeak_info	RAP_Step2_jap_Ganguang	LOC_Os12g42640			retrotransposon protein, putative, Ty3-gypsy subclass, expressed	Y	Y	Y	55	pipeline_score=50; farm_logP=18.48; max_variant=25; recommendation_score=55
QTL18	Chr12-26485659	18.48	*	LOC_Os12g42650	12:26506281-26507187	20	10	*	10.0	0.0	0.0	0.0	*	30.0	RAP_Step2_jap_Ganguang.FarmCPUpeak_info	RAP_Step2_jap_Ganguang	LOC_Os12g42650			pollen preferential protein, putative, expressed	N	Y	Y	35	pipeline_score=30; farm_logP=18.48; max_variant=20; recommendation_score=35
QTL18	Chr12-26485659	18.48	*	LOC_Os12g42660	12:26507440-26513551	20	10	*	10.0	0.0	10.0	10.0	*	50.0	RAP_Step2_jap_Ganguang.FarmCPUpeak_info	RAP_Step2_jap_Ganguang	LOC_Os12g42660			AGC_AGC_other_GWLd.1 - ACG kinases include homologs to PKA, PKG and PKC, expressed	N	Y	Y	55	pipeline_score=50; farm_logP=18.48; max_variant=20; recommendation_score=55
QTL18	Chr12-26485659	18.48	*	LOC_Os12g42670	12:26513751-26514640	5	5	10	10.0	0.0	0.0	5.0	*	25.0	RAP_Step2_jap_Ganguang.FarmCPUpeak_info	RAP_Step2_jap_Ganguang	LOC_Os12g42670			expressed protein	N	Y	Y	28	pipeline_score=25; farm_logP=18.48; max_variant=10; recommendation_score=28
QTL18	Chr12-26485659	18.48	*	LOC_Os12g42680	12:26517827-26523785	25	25	25	10.0	0.0	0.0	5.0	*	40.0	RAP_Step2_jap_Ganguang.FarmCPUpeak_info	RAP_Step2_jap_Ganguang	LOC_Os12g42680			retrotransposon protein, putative, unclassified, expressed	Y	Y	Y	45	pipeline_score=40; farm_logP=18.48; max_variant=25; recommendation_score=45
QTL18	Chr12-26485659	18.48	*	LOC_Os12g42690	12:26524107-26527658	25	25	25	10.0	0.0	0.0	5.0	*	40.0	RAP_Step2_jap_Ganguang.FarmCPUpeak_info	RAP_Step2_jap_Ganguang	LOC_Os12g42690			retrotransposon protein, putative, unclassified, expressed	Y	Y	Y	45	pipeline_score=40; farm_logP=18.48; max_variant=25; recommendation_score=45
QTL18	Chr12-26485659	18.48	*	LOC_Os12g42700	12:26530280-26536043	5	10	20	10.0	0.0	0.0	5.0	*	35.0	RAP_Step2_jap_Ganguang.FarmCPUpeak_info	RAP_Step2_jap_Ganguang	LOC_Os12g42700			expressed protein	N	Y	Y	40	pipeline_score=35; farm_logP=18.48; max_variant=20; recommendation_score=40
QTL18	Chr12-26485659	18.48	*	Os12g0621766	12:26535052-26535566	5	*	*	10.0	0.0	0.0	5.0	*	20.0	RAP_Step2_jap_Ganguang.FarmCPUpeak_info	RAP_Step2_jap_Ganguang	Os12g0621766							20	pipeline_score=20; farm_logP=18.48; max_variant=5; recommendation_score=20
QTL18	Chr12-26485659	18.48	*	LOC_Os12g42710	12:26536683-26539130	20	25	*	10.0	0.0	0.0	5.0	*	40.0	RAP_Step2_jap_Ganguang.FarmCPUpeak_info	RAP_Step2_jap_Ganguang	LOC_Os12g42710			retrotransposon protein, putative, Ty3-gypsy subclass, expressed	Y	Y	Y	45	pipeline_score=40; farm_logP=18.48; max_variant=25; recommendation_score=45
QTL18	Chr12-26485659	18.48	*	LOC_Os12g42720	12:26543468-26548760	25	25	25	10.0	0.0	0.0	5.0	*	40.0	RAP_Step2_jap_Ganguang.FarmCPUpeak_info	RAP_Step2_jap_Ganguang	LOC_Os12g42720			retrotransposon protein, putative, unclassified, expressed	Y	Y	Y	45	pipeline_score=40; farm_logP=18.48; max_variant=25; recommendation_score=45
QTL18	Chr12-26485659	18.48	*	LOC_Os12g42730	12:26548383-26557618	20	25	0	10.0	0.0	0.0	18.0	*	53.0	RAP_Step2_jap_Ganguang.FarmCPUpeak_info	RAP_Step2_jap_Ganguang	LOC_Os12g42730			mov34/MPN/PAD-1 family protein, expressed	N	Y	Y	58	pipeline_score=53; farm_logP=18.48; max_variant=25; recommendation_score=58
QTL18	Chr12-26485659	18.48	*	LOC_Os12g42739	12:26560942-26562032	20	10	20	10.0	0.0	0.0	10.0	*	40.0	RAP_Step2_jap_Ganguang.FarmCPUpeak_info	RAP_Step2_jap_Ganguang	LOC_Os12g42739			expressed protein	N	Y	Y	45	pipeline_score=40; farm_logP=18.48; max_variant=20; recommendation_score=45
QTL18	Chr12-26485659	18.48	*	LOC_Os12g42750	12:26563001-26564621	25	25	25	10.0	0.0	0.0	18.0	*	53.0	RAP_Step2_jap_Ganguang.FarmCPUpeak_info	RAP_Step2_jap_Ganguang	LOC_Os12g42750			transposon protein, putative, unclassified	Y	N	Y	58	pipeline_score=53; farm_logP=18.48; max_variant=25; recommendation_score=58
QTL18	Chr12-26485659	18.48	*	LOC_Os12g42760	12:26577956-26581040	25	25	*	10.0	0.0	0.0	5.0	*	40.0	RAP_Step2_jap_Ganguang.FarmCPUpeak_info	RAP_Step2_jap_Ganguang	LOC_Os12g42760	OsSPO11D|OsSpo11-4	anther; meiosis; meiotic; pollen	type IIB DNA topoisomerase, putative, expressed	N	Y	Y	52	pipeline_score=40; farm_logP=18.48; max_variant=25; symbol=OsSPO11D|OsSpo11-4; keyword=anther; meiosis; meiotic; pollen; recommendation_score=52
QTL18	Chr12-26485659	18.48	*	LOC_Os12g42770	12:26583897-26585179	5	5	0	10.0	0.0	0.0	5.0	*	20.0	RAP_Step2_jap_Ganguang.FarmCPUpeak_info	RAP_Step2_jap_Ganguang	LOC_Os12g42770			expressed protein	N	Y	Y	20	pipeline_score=20; farm_logP=18.48; max_variant=5; recommendation_score=20
QTL18	Chr12-26485659	18.48	*	LOC_Os12g42780	12:26587226-26587534	20	25	5	10.0	0.0	0.0	0.0	*	35.0	RAP_Step2_jap_Ganguang.FarmCPUpeak_info	RAP_Step2_jap_Ganguang	LOC_Os12g42780			expressed protein	N	Y	Y	40	pipeline_score=35; farm_logP=18.48; max_variant=25; recommendation_score=40
QTL18	Chr12-26485659	18.48	*	Os12g0622850	12:26588354-26589334	20	25	5	10.0	0.0	0.0	5.0	*	40.0	RAP_Step2_jap_Ganguang.FarmCPUpeak_info	RAP_Step2_jap_Ganguang	Os12g0622850							45	pipeline_score=40; farm_logP=18.48; max_variant=25; recommendation_score=45
QTL18	Chr12-26485659	18.48	*	LOC_Os12g42790	12:26592091-26593488	25	25	25	10.0	0.0	0.0	20.0	*	55.0	RAP_Step2_jap_Ganguang.FarmCPUpeak_info	RAP_Step2_jap_Ganguang	LOC_Os12g42790			retrotransposon protein, putative, unclassified, expressed	Y	Y	Y	60	pipeline_score=55; farm_logP=18.48; max_variant=25; recommendation_score=60
QTL18	Chr12-26485659	18.48	*	LOC_Os12g42800	12:26594528-26595211	25	25	25	10.0	0.0	0.0	0.0	*	35.0	RAP_Step2_jap_Ganguang.FarmCPUpeak_info	RAP_Step2_jap_Ganguang	LOC_Os12g42800			retrotransposon protein, putative, unclassified	Y	N	Y	40	pipeline_score=35; farm_logP=18.48; max_variant=25; recommendation_score=40
QTL18	Chr12-26485659	18.48	*	LOC_Os12g42810	12:26599731-26604782	20	10	20	10.0	0.0	0.0	22.0	*	52.0	RAP_Step2_jap_Ganguang.FarmCPUpeak_info	RAP_Step2_jap_Ganguang	LOC_Os12g42810			mov34/MPN/PAD-1 family protein, expressed	N	Y	Y	57	pipeline_score=52; farm_logP=18.48; max_variant=20; recommendation_score=57
QTL18	Chr12-26485659	18.48	*	LOC_Os12g42820	12:26609492-26611594	5	10	25	10.0	0.0	0.0	5.0	*	40.0	RAP_Step2_jap_Ganguang.FarmCPUpeak_info	RAP_Step2_jap_Ganguang	LOC_Os12g42820			SWITCH1 splice variant S, putative, expressed	N	Y	Y	45	pipeline_score=40; farm_logP=18.48; max_variant=25; recommendation_score=45
QTL18	Chr12-26485659	18.48	*	LOC_Os12g42830	12:26613740-26617230	5	25	25	10.0	0.0	0.0	5.0	*	40.0	RAP_Step2_jap_Ganguang.FarmCPUpeak_info	RAP_Step2_jap_Ganguang	LOC_Os12g42830			expressed protein	N	Y	Y	45	pipeline_score=40; farm_logP=18.48; max_variant=25; recommendation_score=45
QTL18	Chr12-26485659	18.48	*	LOC_Os12g42840	12:26618240-26621780	5	25	20	10.0	0.0	0.0	5.0	*	40.0	RAP_Step2_jap_Ganguang.FarmCPUpeak_info	RAP_Step2_jap_Ganguang	LOC_Os12g42840			expressed protein	N	Y	Y	45	pipeline_score=40; farm_logP=18.48; max_variant=25; recommendation_score=45
QTL18	Chr12-26485659	18.48	*	LOC_Os12g42850	12:26621059-26626129	5	10	10	10.0	0.0	0.0	10.0	*	30.0	RAP_Step2_jap_Ganguang.FarmCPUpeak_info	RAP_Step2_jap_Ganguang	LOC_Os12g42850			amino acid permease, putative, expressed	N	Y	Y	33	pipeline_score=30; farm_logP=18.48; max_variant=10; recommendation_score=33
QTL18	Chr12-26485659	18.48	*	LOC_Os12g42860	12:26629915-26632625	5	10	*	10.0	0.0	0.0	10.0	*	30.0	RAP_Step2_jap_Ganguang.FarmCPUpeak_info	RAP_Step2_jap_Ganguang	LOC_Os12g42860			2-aminoethanethiol dioxygenase, putative, expressed	N	Y	Y	33	pipeline_score=30; farm_logP=18.48; max_variant=10; recommendation_score=33
QTL18	Chr12-26485659	18.48	*	LOC_Os12g42870	12:26635697-26640549	15	10	5	10.0	0.0	0.0	15.0	*	40.0	RAP_Step2_jap_Ganguang.FarmCPUpeak_info	RAP_Step2_jap_Ganguang	LOC_Os12g42870			Mur ligase family protein, putative, expressed	N	Y	Y	43	pipeline_score=40; farm_logP=18.48; max_variant=15; recommendation_score=43
QTL18	Chr12-26485659	18.48	*	Os12g0623950	12:26646688-26649384	5	5	*	10.0	0.0	0.0	10.0	*	25.0	RAP_Step2_jap_Ganguang.FarmCPUpeak_info	RAP_Step2_jap_Ganguang	Os12g0623950							25	pipeline_score=25; farm_logP=18.48; max_variant=5; recommendation_score=25
QTL18	Chr12-26485659	18.48	*	LOC_Os12g42876	12:26646693-26650778	5	10	*	10.0	0.0	0.0	20.0	*	40.0	RAP_Step2_jap_Ganguang.FarmCPUpeak_info	RAP_Step2_jap_Ganguang	LOC_Os12g42876			5-methyltetrahydropteroyltriglutamate--homocysteine methyltransferase, putative, expressed	N	Y	Y	43	pipeline_score=40; farm_logP=18.48; max_variant=10; recommendation_score=43
QTL18	Chr12-26485659	18.48	*	LOC_Os12g42884	12:26657192-26662994	20	10	5	10.0	0.0	0.0	15.0	*	45.0	RAP_Step2_jap_Ganguang.FarmCPUpeak_info	RAP_Step2_jap_Ganguang	LOC_Os12g42884			5-methyltetrahydropteroyltriglutamate--homocysteine methyltransferase, putative, expressed	N	Y	Y	50	pipeline_score=45; farm_logP=18.48; max_variant=20; recommendation_score=50
QTL18	Chr12-26485659	18.48	*	Os12g0624050	12:26658472-26661206	20	5	*	10.0	0.0	0.0	10.0	*	40.0	RAP_Step2_jap_Ganguang.FarmCPUpeak_info	RAP_Step2_jap_Ganguang	Os12g0624050							45	pipeline_score=40; farm_logP=18.48; max_variant=20; recommendation_score=45
QTL18	Chr12-26485659	18.48	*	LOC_Os12g42900	12:26663164-26664821	5	10	20	10.0	0.0	0.0	5.0	*	35.0	RAP_Step2_jap_Ganguang.FarmCPUpeak_info	RAP_Step2_jap_Ganguang	LOC_Os12g42900			lysine-rich arabinogalactan protein 19 precursor, putative, expressed	N	Y	Y	40	pipeline_score=35; farm_logP=18.48; max_variant=20; recommendation_score=40
QTL18	Chr12-26485659	18.48	*	LOC_Os12g42910	12:26669155-26671200	20	10	10	10.0	0.0	0.0	5.0	*	35.0	RAP_Step2_jap_Ganguang.FarmCPUpeak_info	RAP_Step2_jap_Ganguang	LOC_Os12g42910			sodium/calcium exchanger protein, putative, expressed	N	Y	Y	40	pipeline_score=35; farm_logP=18.48; max_variant=20; recommendation_score=40
QTL18	Chr12-26485659	18.48	*	Os12g0624300	12:26669216-26670920	20	5	0	10.0	0.0	0.0	5.0	*	35.0	RAP_Step2_jap_Ganguang.FarmCPUpeak_info	RAP_Step2_jap_Ganguang	Os12g0624300							40	pipeline_score=35; farm_logP=18.48; max_variant=20; recommendation_score=40
QTL18	Chr12-26485659	18.48	*	LOC_Os12g42920	12:26672443-26673743	5	25	5	10.0	0.0	0.0	5.0	*	40.0	RAP_Step2_jap_Ganguang.FarmCPUpeak_info	RAP_Step2_jap_Ganguang	LOC_Os12g42920			expressed protein	N	Y	Y	45	pipeline_score=40; farm_logP=18.48; max_variant=25; recommendation_score=45
QTL18	Chr12-26485659	18.48	*	LOC_Os12g42930	12:26674664-26678353	25	25	25	10.0	0.0	0.0	5.0	*	40.0	RAP_Step2_jap_Ganguang.FarmCPUpeak_info	RAP_Step2_jap_Ganguang	LOC_Os12g42930			expressed protein	N	Y	Y	45	pipeline_score=40; farm_logP=18.48; max_variant=25; recommendation_score=45
QTL18	Chr12-26485659	18.48	*	LOC_Os12g42940	12:26681152-26683334	25	25	25	10.0	0.0	0.0	18.0	*	53.0	RAP_Step2_jap_Ganguang.FarmCPUpeak_info	RAP_Step2_jap_Ganguang	LOC_Os12g42940			transposon protein, putative, unclassified	Y	N	Y	58	pipeline_score=53; farm_logP=18.48; max_variant=25; recommendation_score=58
QTL18	Chr12-26485659	18.48	*	LOC_Os12g42950	12:26684734-26685819	20	25	15	10.0	5.0	0.0	0.0	*	40.0	RAP_Step2_jap_Ganguang.FarmCPUpeak_info	RAP_Step2_jap_Ganguang	LOC_Os12g42950			expressed protein	N	Y	Y	45	pipeline_score=40; farm_logP=18.48; max_variant=25; recommendation_score=45
