QTL	FarmCPU_pos	FarmCPU_-logP	MLM_INFO(Chr-pos-(-log10))	Geno	Geno_pos	SIFT_Score	INDEL_Score	SV_Score	Score_peak	Score_TE	Score_annotate	Score_expression	Score_match	Score	Source_File	Mode	Annotation_locus	Symbol	Keyword	Locus_annotation	Locus_is_TE	Locus_is_expressed	Locus_is_representative	Recommendation_score	Recommendation_reason
QTL1	Chr1-28977602	9.24	*	LOC_Os01g50080	1:28774281-28780365	5	5	*	10.0	0.0	0.0	10.0	*	25.0	RAP_Step2_all_TGW_quality.FarmCPUpeak_info	RAP_Step2_all_TGW_quality	LOC_Os01g50080			MDR-like ABC transporter, putative, expressed	N	Y	Y	25	pipeline_score=25; farm_logP=9.24; max_variant=5; recommendation_score=25
QTL1	Chr1-28977602	9.24	*	LOC_Os01g50090	1:28782784-28785897	25	25	25	10.0	0.0	0.0	10.0	*	45.0	RAP_Step2_all_TGW_quality.FarmCPUpeak_info	RAP_Step2_all_TGW_quality	LOC_Os01g50090			retrotransposon protein, putative, unclassified, expressed	Y	Y	Y	50	pipeline_score=45; farm_logP=9.24; max_variant=25; recommendation_score=50
QTL1	Chr1-28977602	9.24	*	LOC_Os01g50100	1:28786109-28793300	18	10	10	10.0	0.0	0.0	5.0	*	33.0	RAP_Step2_all_TGW_quality.FarmCPUpeak_info	RAP_Step2_all_TGW_quality	LOC_Os01g50100			ABC transporter, ATP-binding protein, putative, expressed	N	Y	Y	36	pipeline_score=33; farm_logP=9.24; max_variant=18; recommendation_score=36
QTL1	Chr1-28977602	9.24	*	LOC_Os01g50110	1:28796516-28797732	1	10	*	10.0	0.0	18.0	20.0	*	58.0	RAP_Step2_all_TGW_quality.FarmCPUpeak_info	RAP_Step2_all_TGW_quality	LOC_Os01g50110			MYB family transcription factor, putative, expressed	N	Y	Y	61	pipeline_score=58; farm_logP=9.24; max_variant=10; recommendation_score=61
QTL1	Chr1-28977602	9.24	*	LOC_Os01g50120	1:28798874-28804461	5	5	*	10.0	0.0	0.0	10.0	*	25.0	RAP_Step2_all_TGW_quality.FarmCPUpeak_info	RAP_Step2_all_TGW_quality	LOC_Os01g50120			expressed protein	N	Y	Y	25	pipeline_score=25; farm_logP=9.24; max_variant=5; recommendation_score=25
QTL1	Chr1-28977602	9.24	*	Os01g0696100	1:28801026-28802680	5	5	5	10.0	0.0	0.0	15.0	*	30.0	RAP_Step2_all_TGW_quality.FarmCPUpeak_info	RAP_Step2_all_TGW_quality	Os01g0696100							30	pipeline_score=30; farm_logP=9.24; max_variant=5; recommendation_score=30
QTL1	Chr1-28977602	9.24	*	LOC_Os01g50140	1:28808245-28808757	25	25	25	10.0	0.0	0.0	0.0	*	35.0	RAP_Step2_all_TGW_quality.FarmCPUpeak_info	RAP_Step2_all_TGW_quality	LOC_Os01g50140			transposon protein, putative, unclassified	Y	N	Y	40	pipeline_score=35; farm_logP=9.24; max_variant=25; recommendation_score=40
QTL1	Chr1-28977602	9.24	*	Os01g0696500	1:28823442-28824184	20	10	0	10.0	0.0	0.0	18.0	*	48.0	RAP_Step2_all_TGW_quality.FarmCPUpeak_info	RAP_Step2_all_TGW_quality	Os01g0696500							53	pipeline_score=48; farm_logP=9.24; max_variant=20; recommendation_score=53
QTL1	Chr1-28977602	9.24	*	LOC_Os01g50160	1:28825745-28832656	15	10	10	10.0	0.0	0.0	10.0	*	35.0	RAP_Step2_all_TGW_quality.FarmCPUpeak_info	RAP_Step2_all_TGW_quality	LOC_Os01g50160			MDR-like ABC transporter, putative, expressed	N	Y	Y	38	pipeline_score=35; farm_logP=9.24; max_variant=15; recommendation_score=38
QTL1	Chr1-28977602	9.24	*	Os01g0696701	1:28825757-28828085	5	10	*	10.0	0.0	0.0	18.0	*	38.0	RAP_Step2_all_TGW_quality.FarmCPUpeak_info	RAP_Step2_all_TGW_quality	Os01g0696701							41	pipeline_score=38; farm_logP=9.24; max_variant=10; recommendation_score=41
QTL1	Chr1-28977602	9.24	*	LOC_Os01g50170	1:28835243-28836885	5	5	*	10.0	5.0	0.0	5.0	*	25.0	RAP_Step2_all_TGW_quality.FarmCPUpeak_info	RAP_Step2_all_TGW_quality	LOC_Os01g50170			eukaryotic aspartyl protease domain containing protein, expressed	N	Y	Y	25	pipeline_score=25; farm_logP=9.24; max_variant=5; recommendation_score=25
QTL1	Chr1-28977602	9.24	*	LOC_Os01g50180	1:28839404-28845217	25	25	25	10.0	0.0	0.0	0.0	*	35.0	RAP_Step2_all_TGW_quality.FarmCPUpeak_info	RAP_Step2_all_TGW_quality	LOC_Os01g50180			retrotransposon protein, putative, Ty1-copia subclass, expressed	Y	Y	Y	40	pipeline_score=35; farm_logP=9.24; max_variant=25; recommendation_score=40
QTL1	Chr1-28977602	9.24	*	LOC_Os01g50190	1:28846416-28846943	25	25	25	10.0	0.0	0.0	0.0	*	35.0	RAP_Step2_all_TGW_quality.FarmCPUpeak_info	RAP_Step2_all_TGW_quality	LOC_Os01g50190			expressed protein	N	Y	Y	40	pipeline_score=35; farm_logP=9.24; max_variant=25; recommendation_score=40
QTL1	Chr1-28977602	9.24	*	LOC_Os01g50200	1:28847957-28849824	18	5	10	10.0	0.0	0.0	20.0	*	48.0	RAP_Step2_all_TGW_quality.FarmCPUpeak_info	RAP_Step2_all_TGW_quality	LOC_Os01g50200			UDP-glucoronosyl and UDP-glucosyl transferase domain containing protein, expressed	N	Y	Y	51	pipeline_score=48; farm_logP=9.24; max_variant=18; recommendation_score=51
QTL1	Chr1-28977602	9.24	*	LOC_Os01g50220	1:28854749-28859921	25	25	25	10.0	0.0	0.0	5.0	*	40.0	RAP_Step2_all_TGW_quality.FarmCPUpeak_info	RAP_Step2_all_TGW_quality	LOC_Os01g50220			retrotransposon protein, putative, LINE subclass, expressed	Y	Y	Y	45	pipeline_score=40; farm_logP=9.24; max_variant=25; recommendation_score=45
QTL1	Chr1-28977602	9.24	*	LOC_Os01g50230	1:28860557-28862967	25	25	25	10.0	0.0	0.0	0.0	*	35.0	RAP_Step2_all_TGW_quality.FarmCPUpeak_info	RAP_Step2_all_TGW_quality	LOC_Os01g50230			expressed protein	N	Y	Y	40	pipeline_score=35; farm_logP=9.24; max_variant=25; recommendation_score=40
QTL1	Chr1-28977602	9.24	*	LOC_Os01g50240	1:28864521-28866507	20	25	25	10.0	0.0	0.0	18.0	*	53.0	RAP_Step2_all_TGW_quality.FarmCPUpeak_info	RAP_Step2_all_TGW_quality	LOC_Os01g50240			expressed protein	N	Y	Y	58	pipeline_score=53; farm_logP=9.24; max_variant=25; recommendation_score=58
QTL1	Chr1-28977602	9.24	*	LOC_Os01g50259	1:28870317-28872555	20	*	5	10.0	0.0	0.0	18.0	*	48.0	RAP_Step2_all_TGW_quality.FarmCPUpeak_info	RAP_Step2_all_TGW_quality	LOC_Os01g50259			expressed protein	N	Y	Y	53	pipeline_score=48; farm_logP=9.24; max_variant=20; recommendation_score=53
QTL1	Chr1-28977602	9.24	*	LOC_Os01g50280	1:28874539-28875046	5	*	*	10.0	0.0	0.0	22.0	*	37.0	RAP_Step2_all_TGW_quality.FarmCPUpeak_info	RAP_Step2_all_TGW_quality	LOC_Os01g50280			expressed protein	N	Y	Y	37	pipeline_score=37; farm_logP=9.24; max_variant=5; recommendation_score=37
QTL1	Chr1-28977602	9.24	*	LOC_Os01g50290	1:28876391-28877108	5	*	*	10.0	0.0	0.0	22.0	*	37.0	RAP_Step2_all_TGW_quality.FarmCPUpeak_info	RAP_Step2_all_TGW_quality	LOC_Os01g50290			expressed protein	N	Y	Y	37	pipeline_score=37; farm_logP=9.24; max_variant=5; recommendation_score=37
QTL1	Chr1-28977602	9.24	*	LOC_Os01g50300	1:28878149-28878667	5	5	*	10.0	0.0	0.0	22.0	*	37.0	RAP_Step2_all_TGW_quality.FarmCPUpeak_info	RAP_Step2_all_TGW_quality	LOC_Os01g50300			expressed protein	N	Y	Y	37	pipeline_score=37; farm_logP=9.24; max_variant=5; recommendation_score=37
QTL1	Chr1-28977602	9.24	*	LOC_Os01g50310	1:28881393-28882954	20	10	0	10.0	0.0	0.0	18.0	*	48.0	RAP_Step2_all_TGW_quality.FarmCPUpeak_info	RAP_Step2_all_TGW_quality	LOC_Os01g50310			VIP1 protein, putative, expressed	N	Y	Y	53	pipeline_score=48; farm_logP=9.24; max_variant=20; recommendation_score=53
QTL1	Chr1-28977602	9.24	*	LOC_Os01g50320	1:28885409-28890942	1	10	5	10.0	0.0	0.0	15.0	*	35.0	RAP_Step2_all_TGW_quality.FarmCPUpeak_info	RAP_Step2_all_TGW_quality	LOC_Os01g50320			surp module family protein, putative, expressed	N	Y	Y	38	pipeline_score=35; farm_logP=9.24; max_variant=10; recommendation_score=38
QTL1	Chr1-28977602	9.24	*	Os01g0698150	1:28890176-28890710	*	*	*	10.0	0.0	0.0	18.0	*	28.0	RAP_Step2_all_TGW_quality.FarmCPUpeak_info	RAP_Step2_all_TGW_quality	Os01g0698150							28	pipeline_score=28; farm_logP=9.24; recommendation_score=28
QTL1	Chr1-28977602	9.24	*	LOC_Os01g50330	1:28891193-28892212	5	5	*	10.0	0.0	0.0	22.0	*	37.0	RAP_Step2_all_TGW_quality.FarmCPUpeak_info	RAP_Step2_all_TGW_quality	LOC_Os01g50330			strictosidine synthase 1 precursor, putative, expressed	N	Y	Y	37	pipeline_score=37; farm_logP=9.24; max_variant=5; recommendation_score=37
QTL1	Chr1-28977602	9.24	*	LOC_Os01g50340	1:28892890-28897274	15	5	*	10.0	0.0	0.0	15.0	*	40.0	RAP_Step2_all_TGW_quality.FarmCPUpeak_info	RAP_Step2_all_TGW_quality	LOC_Os01g50340			transposon protein, putative, unclassified, expressed	Y	Y	Y	43	pipeline_score=40; farm_logP=9.24; max_variant=15; recommendation_score=43
QTL1	Chr1-28977602	9.24	*	Os01g0698500	1:28900223-28903951	*	25	*	10.0	0.0	0.0	18.0	*	53.0	RAP_Step2_all_TGW_quality.FarmCPUpeak_info	RAP_Step2_all_TGW_quality	Os01g0698500							58	pipeline_score=53; farm_logP=9.24; max_variant=25; recommendation_score=58
QTL1	Chr1-28977602	9.24	*	LOC_Os01g50350	1:28910213-28911081	20	5	*	10.0	0.0	0.0	5.0	*	35.0	RAP_Step2_all_TGW_quality.FarmCPUpeak_info	RAP_Step2_all_TGW_quality	LOC_Os01g50350			expressed protein	N	Y	Y	40	pipeline_score=35; farm_logP=9.24; max_variant=20; recommendation_score=40
QTL1	Chr1-28977602	9.24	*	LOC_Os01g50360	1:28913375-28915902	25	25	25	10.0	0.0	0.0	18.0	*	53.0	RAP_Step2_all_TGW_quality.FarmCPUpeak_info	RAP_Step2_all_TGW_quality	LOC_Os01g50360			NAC domain containing protein, putative, expressed	N	Y	Y	58	pipeline_score=53; farm_logP=9.24; max_variant=25; recommendation_score=58
QTL1	Chr1-28977602	9.24	*	LOC_Os01g50370	1:28921498-28923085	5	10	*	10.0	0.0	0.0	10.0	*	30.0	RAP_Step2_all_TGW_quality.FarmCPUpeak_info	RAP_Step2_all_TGW_quality	LOC_Os01g50370	OsMAPKKK63	Kinase; abiotic stress; biotic stress; chilling; dormancy; drought; salinity; salt; salt stress; seed; stress; stress response	STE_MEKK_ste11_MAP3K.4 - STE kinases include homologs to sterile 7, sterile 11 and sterile 20 from yeast, expressed	N	Y	Y	40	pipeline_score=30; farm_logP=9.24; max_variant=10; symbol=OsMAPKKK63; keyword=Kinase; abiotic stress; biotic stress; chilling; dormancy; drought; salinity; salt; salt stress; seed; stress; stress response; recommendation_score=40
QTL1	Chr1-28977602	9.24	*	LOC_Os01g50380	1:28924421-28924855	25	10	10	10.0	0.0	0.0	0.0	*	35.0	RAP_Step2_all_TGW_quality.FarmCPUpeak_info	RAP_Step2_all_TGW_quality	LOC_Os01g50380			expressed protein	N	Y	Y	40	pipeline_score=35; farm_logP=9.24; max_variant=25; recommendation_score=40
QTL1	Chr1-28977602	9.24	*	LOC_Os01g50400	1:28933845-28935210	5	10	*	10.0	0.0	0.0	10.0	*	30.0	RAP_Step2_all_TGW_quality.FarmCPUpeak_info	RAP_Step2_all_TGW_quality	LOC_Os01g50400			STE_MEKK_ste11_MAP3K.5 - STE kinases include homologs to sterile 7, sterile 11 and sterile 20 from yeast, expressed	N	Y	Y	33	pipeline_score=30; farm_logP=9.24; max_variant=10; recommendation_score=33
QTL1	Chr1-28977602	9.24	*	LOC_Os01g50410	1:28938971-28940927	18	5	5	10.0	0.0	0.0	10.0	*	38.0	RAP_Step2_all_TGW_quality.FarmCPUpeak_info	RAP_Step2_all_TGW_quality	LOC_Os01g50410	OsMKKK70	ga ; GA; Kinase; Pollen Fertility; cold; cold stress; cold tolerance; erect; ga; grain; grain shape; grain size; kinase; leaf; leaf angle; pollen; protein kinase; seed; seed set; stress; tolerance	STE_MEKK_ste11_MAP3K.6 - STE kinases include homologs to sterile 7, sterile 11 and sterile 20 from yeast, expressed	N	Y	Y	48	pipeline_score=38; farm_logP=9.24; max_variant=18; symbol=OsMKKK70; keyword=ga ; GA; Kinase; Pollen Fertility; cold; cold stress; cold tolerance; erect; ga; grain; grain shape; grain size; kinase; leaf; leaf angle; pollen; protein kinase; seed; seed set; stress; tolerance; recommendation_score=48
QTL1	Chr1-28977602	9.24	*	Os01g0699450	1:28939652-28940925	18	10	*	10.0	0.0	0.0	15.0	*	43.0	RAP_Step2_all_TGW_quality.FarmCPUpeak_info	RAP_Step2_all_TGW_quality	Os01g0699450							46	pipeline_score=43; farm_logP=9.24; max_variant=18; recommendation_score=46
QTL1	Chr1-28977602	9.24	*	LOC_Os01g50420	1:28945228-28948045	5	10	5	10.0	0.0	0.0	10.0	*	30.0	RAP_Step2_all_TGW_quality.FarmCPUpeak_info	RAP_Step2_all_TGW_quality	LOC_Os01g50420	OsMAPKKK62|OsMKKK62|OsNPK1-PK	Pollen Fertility; pollen; seed; seed set	STE_MEKK_ste11_MAP3K.7 - STE kinases include homologs to sterile 7, sterile 11 and sterile 20 from yeast, expressed	N	Y	Y	40	pipeline_score=30; farm_logP=9.24; max_variant=10; symbol=OsMAPKKK62|OsMKKK62|OsNPK1-PK; keyword=Pollen Fertility; pollen; seed; seed set; recommendation_score=40
QTL1	Chr1-28977602	9.24	*	LOC_Os01g50430	1:28952182-28953804	20	5	*	10.0	0.0	0.0	0.0	*	30.0	RAP_Step2_all_TGW_quality.FarmCPUpeak_info	RAP_Step2_all_TGW_quality	LOC_Os01g50430			expressed protein	N	Y	Y	35	pipeline_score=30; farm_logP=9.24; max_variant=20; recommendation_score=35
QTL1	Chr1-28977602	9.24	*	LOC_Os01g50440	1:28955683-28957041	5	5	5	10.0	0.0	0.0	22.0	*	37.0	RAP_Step2_all_TGW_quality.FarmCPUpeak_info	RAP_Step2_all_TGW_quality	LOC_Os01g50440			AWPM-19-like membrane family protein, putative, expressed	N	Y	Y	37	pipeline_score=37; farm_logP=9.24; max_variant=5; recommendation_score=37
QTL1	Chr1-28977602	9.24	*	Os01g0699950	1:28964966-28968109	5	5	*	10.0	0.0	0.0	0.0	*	15.0	RAP_Step2_all_TGW_quality.FarmCPUpeak_info	RAP_Step2_all_TGW_quality	Os01g0699950							15	pipeline_score=15; farm_logP=9.24; max_variant=5; recommendation_score=15
QTL1	Chr1-28977602	9.24	*	LOC_Os01g50450	1:28970632-28974473	5	10	*	10.0	0.0	0.0	10.0	*	30.0	RAP_Step2_all_TGW_quality.FarmCPUpeak_info	RAP_Step2_all_TGW_quality	LOC_Os01g50450			expressed protein	N	Y	Y	33	pipeline_score=30; farm_logP=9.24; max_variant=10; recommendation_score=33
QTL1	Chr1-28977602	9.24	*	LOC_Os01g50460	1:28975563-28977354	5	10	*	10.0	0.0	0.0	5.0	*	25.0	RAP_Step2_all_TGW_quality.FarmCPUpeak_info	RAP_Step2_all_TGW_quality	LOC_Os01g50460			nodulin MtN3 family protein, putative, expressed	N	Y	Y	28	pipeline_score=25; farm_logP=9.24; max_variant=10; recommendation_score=28
QTL1	Chr1-28977602	9.24	*	LOC_Os01g50470	1:28978119-28983868	20	10	*	10.0	0.0	0.0	18.0	*	48.0	RAP_Step2_all_TGW_quality.FarmCPUpeak_info	RAP_Step2_all_TGW_quality	LOC_Os01g50470			regulator of chromosome condensation, putative, expressed	N	Y	Y	53	pipeline_score=48; farm_logP=9.24; max_variant=20; recommendation_score=53
QTL1	Chr1-28977602	9.24	*	LOC_Os01g50480	1:28984543-28986016	5	5	20	10.0	0.0	0.0	18.0	*	48.0	RAP_Step2_all_TGW_quality.FarmCPUpeak_info	RAP_Step2_all_TGW_quality	LOC_Os01g50480			SAM dependent carboxyl methyltransferase, putative, expressed	N	Y	Y	53	pipeline_score=48; farm_logP=9.24; max_variant=20; recommendation_score=53
QTL1	Chr1-28977602	9.24	*	LOC_Os01g50490	1:28991234-28993285	5	10	25	10.0	0.0	0.0	0.0	*	35.0	RAP_Step2_all_TGW_quality.FarmCPUpeak_info	RAP_Step2_all_TGW_quality	LOC_Os01g50490			cytochrome P450, putative, expressed	N	Y	Y	40	pipeline_score=35; farm_logP=9.24; max_variant=25; recommendation_score=40
QTL1	Chr1-28977602	9.24	*	Os01g0700400	1:28991293-28992844	*	5	20	10.0	0.0	0.0	0.0	*	30.0	RAP_Step2_all_TGW_quality.FarmCPUpeak_info	RAP_Step2_all_TGW_quality	Os01g0700400							35	pipeline_score=30; farm_logP=9.24; max_variant=20; recommendation_score=35
QTL1	Chr1-28977602	9.24	*	LOC_Os01g50500	1:28998911-29003485	25	25	25	10.0	0.0	0.0	0.0	*	35.0	RAP_Step2_all_TGW_quality.FarmCPUpeak_info	RAP_Step2_all_TGW_quality	LOC_Os01g50500			retrotransposon protein, putative, Ty3-gypsy subclass	Y	N	Y	40	pipeline_score=35; farm_logP=9.24; max_variant=25; recommendation_score=40
QTL1	Chr1-28977602	9.24	*	LOC_Os01g50510	1:29010954-29011274	25	25	25	10.0	0.0	0.0	22.0	*	57.0	RAP_Step2_all_TGW_quality.FarmCPUpeak_info	RAP_Step2_all_TGW_quality	LOC_Os01g50510			expressed protein	Y	Y	Y	62	pipeline_score=57; farm_logP=9.24; max_variant=25; recommendation_score=62
QTL1	Chr1-28977602	9.24	*	LOC_Os01g50520	1:29020844-29021337	5	5	25	10.0	0.0	0.0	5.0	*	40.0	RAP_Step2_all_TGW_quality.FarmCPUpeak_info	RAP_Step2_all_TGW_quality	LOC_Os01g50520	OsMAX1|SLB1	strigolactone biosynthesis; tiller number	cytochrome P450 monooxygenase CYP711A12, putative, expressed	N	Y	Y	52	pipeline_score=40; farm_logP=9.24; max_variant=25; symbol=OsMAX1|SLB1; keyword=strigolactone biosynthesis; tiller number; recommendation_score=52
QTL1	Chr1-28977602	9.24	*	Os01g0701100	1:29020887-29025817	5	*	20	10.0	0.0	0.0	0.0	*	30.0	RAP_Step2_all_TGW_quality.FarmCPUpeak_info	RAP_Step2_all_TGW_quality	Os01g0701100							35	pipeline_score=30; farm_logP=9.24; max_variant=20; recommendation_score=35
QTL1	Chr1-28977602	9.24	*	LOC_Os01g50530	1:29024351-29025826	5	*	25	10.0	5.0	0.0	0.0	*	40.0	RAP_Step2_all_TGW_quality.FarmCPUpeak_info	RAP_Step2_all_TGW_quality	LOC_Os01g50530			cytochrome P450, putative, expressed	N	Y	Y	45	pipeline_score=40; farm_logP=9.24; max_variant=25; recommendation_score=45
QTL1	Chr1-28977602	9.24	*	LOC_Os01g50550	1:29031493-29033413	20	25	25	10.0	0.0	0.0	0.0	*	35.0	RAP_Step2_all_TGW_quality.FarmCPUpeak_info	RAP_Step2_all_TGW_quality	LOC_Os01g50550			retrotransposon protein, putative, unclassified, expressed	Y	Y	Y	40	pipeline_score=35; farm_logP=9.24; max_variant=25; recommendation_score=40
QTL1	Chr1-28977602	9.24	*	LOC_Os01g50560	1:29035273-29035503	5	*	25	10.0	0.0	0.0	0.0	*	35.0	RAP_Step2_all_TGW_quality.FarmCPUpeak_info	RAP_Step2_all_TGW_quality	LOC_Os01g50560			expressed protein	N	Y	Y	40	pipeline_score=35; farm_logP=9.24; max_variant=25; recommendation_score=40
QTL1	Chr1-28977602	9.24	*	LOC_Os01g50570	1:29036371-29037271	*	*	25	10.0	0.0	0.0	0.0	*	35.0	RAP_Step2_all_TGW_quality.FarmCPUpeak_info	RAP_Step2_all_TGW_quality	LOC_Os01g50570			cytochrome P450 monooxygenase CYP711A12, putative, expressed	N	Y	Y	40	pipeline_score=35; farm_logP=9.24; max_variant=25; recommendation_score=40
QTL1	Chr1-28977602	9.24	*	Os01g0701350	1:29036414-29041387	20	5	20	10.0	0.0	0.0	5.0	*	35.0	RAP_Step2_all_TGW_quality.FarmCPUpeak_info	RAP_Step2_all_TGW_quality	Os01g0701350							40	pipeline_score=35; farm_logP=9.24; max_variant=20; recommendation_score=40
QTL1	Chr1-28977602	9.24	*	LOC_Os01g50580	1:29039999-29041364	20	*	25	10.0	0.0	0.0	0.0	*	35.0	RAP_Step2_all_TGW_quality.FarmCPUpeak_info	RAP_Step2_all_TGW_quality	LOC_Os01g50580			cytochrome P450, putative, expressed	N	Y	Y	40	pipeline_score=35; farm_logP=9.24; max_variant=25; recommendation_score=40
QTL1	Chr1-28977602	9.24	*	LOC_Os01g50590	1:29045049-29047994	25	10	20	10.0	0.0	0.0	0.0	*	35.0	RAP_Step2_all_TGW_quality.FarmCPUpeak_info	RAP_Step2_all_TGW_quality	LOC_Os01g50590			cytochrome P450, putative, expressed	N	Y	Y	40	pipeline_score=35; farm_logP=9.24; max_variant=25; recommendation_score=40
QTL1	Chr1-28977602	9.24	*	Os01g0701600	1:29045089-29048048	25	5	*	10.0	0.0	0.0	0.0	*	35.0	RAP_Step2_all_TGW_quality.FarmCPUpeak_info	RAP_Step2_all_TGW_quality	Os01g0701600							40	pipeline_score=35; farm_logP=9.24; max_variant=25; recommendation_score=40
QTL1	Chr1-28977602	9.24	*	LOC_Os01g50600	1:29049481-29050034	20	*	*	10.0	0.0	0.0	0.0	*	30.0	RAP_Step2_all_TGW_quality.FarmCPUpeak_info	RAP_Step2_all_TGW_quality	LOC_Os01g50600			expressed protein	N	Y	Y	35	pipeline_score=30; farm_logP=9.24; max_variant=20; recommendation_score=35
QTL1	Chr1-28977602	9.24	*	LOC_Os01g50610	1:29050751-29053594	5	10	*	10.0	0.0	0.0	15.0	*	35.0	RAP_Step2_all_TGW_quality.FarmCPUpeak_info	RAP_Step2_all_TGW_quality	LOC_Os01g50610			SAM dependent carboxyl methyltransferase, putative, expressed	N	Y	Y	38	pipeline_score=35; farm_logP=9.24; max_variant=10; recommendation_score=38
QTL1	Chr1-28977602	9.24	*	LOC_Os01g50616	1:29066657-29072196	1	10	*	10.0	0.0	0.0	10.0	*	30.0	RAP_Step2_all_TGW_quality.FarmCPUpeak_info	RAP_Step2_all_TGW_quality	LOC_Os01g50616			phosphatidylinositol transfer, putative, expressed	N	Y	Y	33	pipeline_score=30; farm_logP=9.24; max_variant=10; recommendation_score=33
QTL1	Chr1-28977602	9.24	*	LOC_Os01g50622	1:29072766-29076344	15	10	10	10.0	0.0	0.0	5.0	*	30.0	RAP_Step2_all_TGW_quality.FarmCPUpeak_info	RAP_Step2_all_TGW_quality	LOC_Os01g50622			DNA-binding protein DSP1, putative, expressed	N	Y	Y	33	pipeline_score=30; farm_logP=9.24; max_variant=15; recommendation_score=33
QTL1	Chr1-28977602	9.24	*	LOC_Os01g50630	1:29083039-29083659	25	5	25	10.0	0.0	0.0	0.0	*	35.0	RAP_Step2_all_TGW_quality.FarmCPUpeak_info	RAP_Step2_all_TGW_quality	LOC_Os01g50630			hypothetical protein	N	N	Y	40	pipeline_score=35; farm_logP=9.24; max_variant=25; recommendation_score=40
QTL1	Chr1-28977602	9.24	*	LOC_Os01g50640	1:29084957-29090885	25	25	25	10.0	0.0	0.0	0.0	*	35.0	RAP_Step2_all_TGW_quality.FarmCPUpeak_info	RAP_Step2_all_TGW_quality	LOC_Os01g50640			retrotransposon protein, putative, unclassified, expressed	Y	Y	Y	40	pipeline_score=35; farm_logP=9.24; max_variant=25; recommendation_score=40
QTL1	Chr1-28977602	9.24	*	LOC_Os01g50650	1:29091272-29094763	25	25	25	10.0	0.0	0.0	0.0	*	35.0	RAP_Step2_all_TGW_quality.FarmCPUpeak_info	RAP_Step2_all_TGW_quality	LOC_Os01g50650			retrotransposon protein, putative, unclassified, expressed	Y	Y	Y	40	pipeline_score=35; farm_logP=9.24; max_variant=25; recommendation_score=40
QTL1	Chr1-28977602	9.24	*	LOC_Os01g50660	1:29095700-29096026	20	25	25	10.0	0.0	0.0	0.0	*	35.0	RAP_Step2_all_TGW_quality.FarmCPUpeak_info	RAP_Step2_all_TGW_quality	LOC_Os01g50660			retrotransposon protein, putative, unclassified	Y	N	Y	40	pipeline_score=35; farm_logP=9.24; max_variant=25; recommendation_score=40
QTL1	Chr1-28977602	9.24	*	LOC_Os01g50670	1:29100651-29101322	25	25	*	10.0	0.0	0.0	0.0	*	35.0	RAP_Step2_all_TGW_quality.FarmCPUpeak_info	RAP_Step2_all_TGW_quality	LOC_Os01g50670			retrotransposon protein, putative, unclassified, expressed	Y	Y	Y	40	pipeline_score=35; farm_logP=9.24; max_variant=25; recommendation_score=40
QTL1	Chr1-28977602	9.24	*	LOC_Os01g50680	1:29104884-29109135	20	5	5	10.0	0.0	0.0	22.0	*	52.0	RAP_Step2_all_TGW_quality.FarmCPUpeak_info	RAP_Step2_all_TGW_quality	LOC_Os01g50680	SLP1	awn	OsSub2 - Putative Subtilisin homologue, expressed	N	Y	Y	64	pipeline_score=52; farm_logP=9.24; max_variant=20; symbol=SLP1; keyword=awn; recommendation_score=64
QTL1	Chr1-28977602	9.24	*	LOC_Os01g50690	1:29109936-29119362	20	10	*	10.0	0.0	0.0	10.0	*	40.0	RAP_Step2_all_TGW_quality.FarmCPUpeak_info	RAP_Step2_all_TGW_quality	LOC_Os01g50690			WD domain, G-beta repeat domain containing protein, expressed	N	Y	Y	45	pipeline_score=40; farm_logP=9.24; max_variant=20; recommendation_score=45
QTL1	Chr1-28977602	9.24	*	LOC_Os01g50700	1:29119761-29124636	20	5	*	10.0	0.0	0.0	18.0	*	48.0	RAP_Step2_all_TGW_quality.FarmCPUpeak_info	RAP_Step2_all_TGW_quality	LOC_Os01g50700			dehydrin family protein, expressed	N	Y	Y	53	pipeline_score=48; farm_logP=9.24; max_variant=20; recommendation_score=53
QTL1	Chr1-28977602	9.24	*	LOC_Os01g50710	1:29130929-29131729	25	5	*	10.0	0.0	0.0	20.0	*	55.0	RAP_Step2_all_TGW_quality.FarmCPUpeak_info	RAP_Step2_all_TGW_quality	LOC_Os01g50710			hypothetical protein	N	N	Y	60	pipeline_score=55; farm_logP=9.24; max_variant=25; recommendation_score=60
QTL1	Chr1-28977602	9.24	*	LOC_Os01g50720	1:29132159-29133940	5	10	*	10.0	0.0	0.0	18.0	*	38.0	RAP_Step2_all_TGW_quality.FarmCPUpeak_info	RAP_Step2_all_TGW_quality	LOC_Os01g50720			MYB family transcription factor, putative, expressed	N	Y	Y	41	pipeline_score=38; farm_logP=9.24; max_variant=10; recommendation_score=41
QTL1	Chr1-28977602	9.24	*	LOC_Os01g50730	1:29145693-29148106	20	10	5	10.0	5.0	0.0	18.0	*	53.0	RAP_Step2_all_TGW_quality.FarmCPUpeak_info	RAP_Step2_all_TGW_quality	LOC_Os01g50730			expressed protein	N	Y	Y	58	pipeline_score=53; farm_logP=9.24; max_variant=20; recommendation_score=58
QTL1	Chr1-28977602	9.24	*	Os01g0703000	1:29146837-29148391	20	25	0	10.0	0.0	0.0	18.0	*	53.0	RAP_Step2_all_TGW_quality.FarmCPUpeak_info	RAP_Step2_all_TGW_quality	Os01g0703000							58	pipeline_score=53; farm_logP=9.24; max_variant=25; recommendation_score=58
QTL1	Chr1-28977602	9.24	*	LOC_Os01g50740	1:29149152-29149613	25	25	10	10.0	0.0	0.0	20.0	*	55.0	RAP_Step2_all_TGW_quality.FarmCPUpeak_info	RAP_Step2_all_TGW_quality	LOC_Os01g50740			expressed protein	N	Y	Y	60	pipeline_score=55; farm_logP=9.24; max_variant=25; recommendation_score=60
QTL1	Chr1-28977602	9.24	*	LOC_Os01g50750	1:29152619-29154853	20	5	10	10.0	0.0	10.0	22.0	*	62.0	RAP_Step2_all_TGW_quality.FarmCPUpeak_info	RAP_Step2_all_TGW_quality	LOC_Os01g50750			zinc finger, C3HC4 type domain containing protein, expressed	N	Y	Y	67	pipeline_score=62; farm_logP=9.24; max_variant=20; recommendation_score=67
QTL1	Chr1-28977602	9.24	*	LOC_Os01g50760	1:29158263-29162718	5	10	*	10.0	0.0	10.0	10.0	*	40.0	RAP_Step2_all_TGW_quality.FarmCPUpeak_info	RAP_Step2_all_TGW_quality	LOC_Os01g50760	FPPS|FPPS1|OsFPPS1	chloroplast	polyprenyl synthetase, putative, expressed	N	Y	Y	50	pipeline_score=40; farm_logP=9.24; max_variant=10; symbol=FPPS|FPPS1|OsFPPS1; keyword=chloroplast; recommendation_score=50
QTL1	Chr1-28977602	9.24	*	LOC_Os01g50770	1:29166419-29170411	5	5	15	10.0	0.0	0.0	15.0	*	40.0	RAP_Step2_all_TGW_quality.FarmCPUpeak_info	RAP_Step2_all_TGW_quality	LOC_Os01g50770	SPL28	bacterial blight; blast; blight; cell death; defense; defense response; flower; leaf; senescence	adaptor complexes medium subunit family domain containing protein, expressed	N	Y	Y	50	pipeline_score=40; farm_logP=9.24; max_variant=15; symbol=SPL28; keyword=bacterial blight; blast; blight; cell death; defense; defense response; flower; leaf; senescence; recommendation_score=50
QTL1	Chr1-28977602	9.24	*	Os01g0703800	1:29166444-29170265	5	5	*	10.0	0.0	0.0	18.0	*	33.0	RAP_Step2_all_TGW_quality.FarmCPUpeak_info	RAP_Step2_all_TGW_quality	Os01g0703800							33	pipeline_score=33; farm_logP=9.24; max_variant=5; recommendation_score=33
QTL1	Chr1-28977602	9.24	*	LOC_Os01g50780	1:29171244-29172802	20	25	25	10.0	0.0	0.0	22.0	*	57.0	RAP_Step2_all_TGW_quality.FarmCPUpeak_info	RAP_Step2_all_TGW_quality	LOC_Os01g50780			expressed protein	N	Y	Y	62	pipeline_score=57; farm_logP=9.24; max_variant=25; recommendation_score=62
QTL1	Chr1-28977602	9.24	*	LOC_Os01g50790	1:29174497-29176449	25	25	25	10.0	0.0	0.0	0.0	*	35.0	RAP_Step2_all_TGW_quality.FarmCPUpeak_info	RAP_Step2_all_TGW_quality	LOC_Os01g50790			transposon protein, putative, unclassified, expressed	Y	Y	Y	40	pipeline_score=35; farm_logP=9.24; max_variant=25; recommendation_score=40
QTL2	Chr2-3225745	7.34	*	LOC_Os02g06060	2:3027551-3027805	20	25	25	6.0	0.0	0.0	0.0	*	31.0	RAP_Step2_all_TGW_quality.FarmCPUpeak_info	RAP_Step2_all_TGW_quality	LOC_Os02g06060			hypothetical protein	N	N	Y	36	pipeline_score=31; farm_logP=7.34; max_variant=25; recommendation_score=36
QTL2	Chr2-3225745	7.34	*	Os02g0155000	2:3028276-3031655	20	5	20	6.0	0.0	0.0	15.0	*	41.0	RAP_Step2_all_TGW_quality.FarmCPUpeak_info	RAP_Step2_all_TGW_quality	Os02g0155000							46	pipeline_score=41; farm_logP=7.34; max_variant=20; recommendation_score=46
QTL2	Chr2-3225745	7.34	*	LOC_Os02g06070	2:3028948-3031113	20	5	25	6.0	0.0	10.0	15.0	*	56.0	RAP_Step2_all_TGW_quality.FarmCPUpeak_info	RAP_Step2_all_TGW_quality	LOC_Os02g06070			phytosulfokine receptor precursor, putative, expressed	N	Y	Y	61	pipeline_score=56; farm_logP=7.34; max_variant=25; recommendation_score=61
QTL2	Chr2-3225745	7.34	*	LOC_Os02g06080	2:3034039-3036378	5	*	25	6.0	0.0	0.0	0.0	*	31.0	RAP_Step2_all_TGW_quality.FarmCPUpeak_info	RAP_Step2_all_TGW_quality	LOC_Os02g06080			expressed protein	N	Y	Y	36	pipeline_score=31; farm_logP=7.34; max_variant=25; recommendation_score=36
QTL2	Chr2-3225745	7.34	*	LOC_Os02g06090	2:3037225-3040483	25	10	25	6.0	0.0	10.0	18.0	*	59.0	RAP_Step2_all_TGW_quality.FarmCPUpeak_info	RAP_Step2_all_TGW_quality	LOC_Os02g06090			phytosulfokine receptor precursor, putative, expressed	N	Y	Y	64	pipeline_score=59; farm_logP=7.34; max_variant=25; recommendation_score=64
QTL2	Chr2-3225745	7.34	*	Os02g0155300	2:3037553-3040481	25	10	20	6.0	0.0	0.0	18.0	*	49.0	RAP_Step2_all_TGW_quality.FarmCPUpeak_info	RAP_Step2_all_TGW_quality	Os02g0155300							54	pipeline_score=49; farm_logP=7.34; max_variant=25; recommendation_score=54
QTL2	Chr2-3225745	7.34	*	LOC_Os02g06100	2:3040889-3041682	20	25	25	6.0	0.0	0.0	0.0	*	31.0	RAP_Step2_all_TGW_quality.FarmCPUpeak_info	RAP_Step2_all_TGW_quality	LOC_Os02g06100			expressed protein	Y	Y	Y	36	pipeline_score=31; farm_logP=7.34; max_variant=25; recommendation_score=36
QTL2	Chr2-3225745	7.34	*	LOC_Os02g06110	2:3043922-3047436	25	25	25	6.0	0.0	0.0	5.0	*	36.0	RAP_Step2_all_TGW_quality.FarmCPUpeak_info	RAP_Step2_all_TGW_quality	LOC_Os02g06110			transposon protein, putative, unclassified, expressed	Y	Y	Y	41	pipeline_score=36; farm_logP=7.34; max_variant=25; recommendation_score=41
QTL2	Chr2-3225745	7.34	*	LOC_Os02g06120	2:3048521-3055299	25	25	25	6.0	0.0	10.0	15.0	*	56.0	RAP_Step2_all_TGW_quality.FarmCPUpeak_info	RAP_Step2_all_TGW_quality	LOC_Os02g06120			Leucine Rich Repeat family protein, expressed	N	Y	Y	61	pipeline_score=56; farm_logP=7.34; max_variant=25; recommendation_score=61
QTL2	Chr2-3225745	7.34	*	LOC_Os02g06130	2:3059461-3064561	20	25	25	6.0	0.0	0.0	15.0	*	46.0	RAP_Step2_all_TGW_quality.FarmCPUpeak_info	RAP_Step2_all_TGW_quality	LOC_Os02g06130			phytosulfokine receptor precursor, putative, expressed	N	Y	Y	51	pipeline_score=46; farm_logP=7.34; max_variant=25; recommendation_score=51
QTL2	Chr2-3225745	7.34	*	LOC_Os02g06140	2:3065797-3070822	25	25	25	6.0	0.0	0.0	18.0	*	49.0	RAP_Step2_all_TGW_quality.FarmCPUpeak_info	RAP_Step2_all_TGW_quality	LOC_Os02g06140			retrotransposon protein, putative, unclassified, expressed	Y	Y	Y	54	pipeline_score=49; farm_logP=7.34; max_variant=25; recommendation_score=54
QTL2	Chr2-3225745	7.34	*	LOC_Os02g06150	2:3071798-3073434	25	25	25	6.0	0.0	10.0	15.0	*	56.0	RAP_Step2_all_TGW_quality.FarmCPUpeak_info	RAP_Step2_all_TGW_quality	LOC_Os02g06150			brassinosteroid LRR receptor kinase precursor, putative, expressed	N	Y	Y	61	pipeline_score=56; farm_logP=7.34; max_variant=25; recommendation_score=61
QTL2	Chr2-3225745	7.34	*	LOC_Os02g06160	2:3076495-3078826	5	10	25	6.0	5.0	0.0	5.0	*	41.0	RAP_Step2_all_TGW_quality.FarmCPUpeak_info	RAP_Step2_all_TGW_quality	LOC_Os02g06160			cysteine-rich receptor-like protein kinase 16 precursor, putative, expressed	N	Y	Y	46	pipeline_score=41; farm_logP=7.34; max_variant=25; recommendation_score=46
QTL2	Chr2-3225745	7.34	*	LOC_Os02g06170	2:3080518-3082869	20	10	25	6.0	0.0	0.0	18.0	*	49.0	RAP_Step2_all_TGW_quality.FarmCPUpeak_info	RAP_Step2_all_TGW_quality	LOC_Os02g06170			expressed protein	N	Y	Y	54	pipeline_score=49; farm_logP=7.34; max_variant=25; recommendation_score=54
QTL2	Chr2-3225745	7.34	*	LOC_Os02g06180	2:3084915-3087074	20	25	25	6.0	0.0	10.0	15.0	*	56.0	RAP_Step2_all_TGW_quality.FarmCPUpeak_info	RAP_Step2_all_TGW_quality	LOC_Os02g06180			phytosulfokine receptor precursor, putative, expressed	N	Y	Y	61	pipeline_score=56; farm_logP=7.34; max_variant=25; recommendation_score=61
QTL2	Chr2-3225745	7.34	*	Os02g0156300	2:3086330-3087545	15	5	20	6.0	0.0	0.0	18.0	*	44.0	RAP_Step2_all_TGW_quality.FarmCPUpeak_info	RAP_Step2_all_TGW_quality	Os02g0156300							49	pipeline_score=44; farm_logP=7.34; max_variant=20; recommendation_score=49
QTL2	Chr2-3225745	7.34	*	LOC_Os02g06190	2:3092570-3095184	20	25	5	6.0	0.0	0.0	15.0	*	46.0	RAP_Step2_all_TGW_quality.FarmCPUpeak_info	RAP_Step2_all_TGW_quality	LOC_Os02g06190			phytosulfokine receptor precursor, putative, expressed	N	Y	Y	51	pipeline_score=46; farm_logP=7.34; max_variant=25; recommendation_score=51
QTL2	Chr2-3225745	7.34	*	Os02g0156500	2:3093895-3095152	20	10	10	6.0	0.0	0.0	18.0	*	44.0	RAP_Step2_all_TGW_quality.FarmCPUpeak_info	RAP_Step2_all_TGW_quality	Os02g0156500							49	pipeline_score=44; farm_logP=7.34; max_variant=20; recommendation_score=49
QTL2	Chr2-3225745	7.34	*	LOC_Os02g06200	2:3097247-3099379	5	10	20	6.0	0.0	0.0	5.0	*	31.0	RAP_Step2_all_TGW_quality.FarmCPUpeak_info	RAP_Step2_all_TGW_quality	LOC_Os02g06200			phytosulfokine receptor precursor, putative, expressed	N	Y	Y	36	pipeline_score=31; farm_logP=7.34; max_variant=20; recommendation_score=36
QTL2	Chr2-3225745	7.34	*	LOC_Os02g06205	2:3102631-3105507	20	25	20	6.0	0.0	10.0	10.0	*	51.0	RAP_Step2_all_TGW_quality.FarmCPUpeak_info	RAP_Step2_all_TGW_quality	LOC_Os02g06205			phytosulfokine receptor precursor, putative, expressed	N	Y	Y	56	pipeline_score=51; farm_logP=7.34; max_variant=25; recommendation_score=56
QTL2	Chr2-3225745	7.34	*	LOC_Os02g06210	2:3102631-3111446	25	25	25	6.0	0.0	10.0	15.0	*	56.0	RAP_Step2_all_TGW_quality.FarmCPUpeak_info	RAP_Step2_all_TGW_quality	LOC_Os02g06210			phytosulfokine receptor precursor, putative, expressed	N	Y	Y	61	pipeline_score=56; farm_logP=7.34; max_variant=25; recommendation_score=61
QTL2	Chr2-3225745	7.34	*	Os02g0156700	2:3106065-3109343	25	25	20	6.0	0.0	0.0	15.0	*	46.0	RAP_Step2_all_TGW_quality.FarmCPUpeak_info	RAP_Step2_all_TGW_quality	Os02g0156700							51	pipeline_score=46; farm_logP=7.34; max_variant=25; recommendation_score=51
QTL2	Chr2-3225745	7.34	*	LOC_Os02g06215	2:3110121-3111446	20	5	25	6.0	0.0	0.0	18.0	*	49.0	RAP_Step2_all_TGW_quality.FarmCPUpeak_info	RAP_Step2_all_TGW_quality	LOC_Os02g06215			RNA-directed DNA polymerase, putative, expressed	Y	Y	Y	54	pipeline_score=49; farm_logP=7.34; max_variant=25; recommendation_score=54
QTL2	Chr2-3225745	7.34	*	LOC_Os02g06220	2:3113445-3114239	5	5	25	6.0	0.0	10.0	18.0	*	59.0	RAP_Step2_all_TGW_quality.FarmCPUpeak_info	RAP_Step2_all_TGW_quality	LOC_Os02g06220			receptor protein kinase-like protein At4g34220 precursor, putative, expressed	N	Y	Y	64	pipeline_score=59; farm_logP=7.34; max_variant=25; recommendation_score=64
QTL2	Chr2-3225745	7.34	*	LOC_Os02g06230	2:3114378-3118799	25	25	25	6.0	0.0	0.0	15.0	*	46.0	RAP_Step2_all_TGW_quality.FarmCPUpeak_info	RAP_Step2_all_TGW_quality	LOC_Os02g06230			retrotransposon protein, putative, unclassified, expressed	Y	Y	Y	51	pipeline_score=46; farm_logP=7.34; max_variant=25; recommendation_score=51
QTL2	Chr2-3225745	7.34	*	LOC_Os02g06240	2:3119603-3120819	20	5	20	6.0	0.0	0.0	20.0	*	46.0	RAP_Step2_all_TGW_quality.FarmCPUpeak_info	RAP_Step2_all_TGW_quality	LOC_Os02g06240			phytosulfokine receptor precursor, putative, expressed	N	Y	Y	51	pipeline_score=46; farm_logP=7.34; max_variant=20; recommendation_score=51
QTL2	Chr2-3225745	7.34	*	LOC_Os02g06250	2:3124211-3126662	20	5	*	6.0	0.0	10.0	18.0	*	54.0	RAP_Step2_all_TGW_quality.FarmCPUpeak_info	RAP_Step2_all_TGW_quality	LOC_Os02g06250			phytosulfokine receptor precursor, putative, expressed	N	Y	Y	59	pipeline_score=54; farm_logP=7.34; max_variant=20; recommendation_score=59
QTL2	Chr2-3225745	7.34	*	LOC_Os02g06260	2:3126962-3129256	5	10	*	6.0	0.0	0.0	15.0	*	31.0	RAP_Step2_all_TGW_quality.FarmCPUpeak_info	RAP_Step2_all_TGW_quality	LOC_Os02g06260			phytosulfokine receptor precursor, putative, expressed	N	Y	Y	34	pipeline_score=31; farm_logP=7.34; max_variant=10; recommendation_score=34
QTL2	Chr2-3225745	7.34	*	Os02g0157300	2:3132469-3137551	5	10	*	6.0	0.0	0.0	15.0	*	31.0	RAP_Step2_all_TGW_quality.FarmCPUpeak_info	RAP_Step2_all_TGW_quality	Os02g0157300							34	pipeline_score=31; farm_logP=7.34; max_variant=10; recommendation_score=34
QTL2	Chr2-3225745	7.34	*	LOC_Os02g06270	2:3132775-3134985	1	25	*	6.0	0.0	0.0	15.0	*	46.0	RAP_Step2_all_TGW_quality.FarmCPUpeak_info	RAP_Step2_all_TGW_quality	LOC_Os02g06270			phytosulfokine receptor precursor, putative, expressed	N	Y	Y	51	pipeline_score=46; farm_logP=7.34; max_variant=25; recommendation_score=51
QTL2	Chr2-3225745	7.34	*	LOC_Os02g06280	2:3136183-3137965	25	25	20	6.0	0.0	10.0	15.0	*	56.0	RAP_Step2_all_TGW_quality.FarmCPUpeak_info	RAP_Step2_all_TGW_quality	LOC_Os02g06280			receptor-like protein kinase 2 precursor, putative, expressed	N	Y	Y	61	pipeline_score=56; farm_logP=7.34; max_variant=25; recommendation_score=61
QTL2	Chr2-3225745	7.34	*	LOC_Os02g06290	2:3141992-3144660	5	5	20	6.0	0.0	10.0	10.0	*	46.0	RAP_Step2_all_TGW_quality.FarmCPUpeak_info	RAP_Step2_all_TGW_quality	LOC_Os02g06290	OsHAC4	arsenic accumulation; tolerance	rhodanese-like domain containing protein, putative, expressed	N	Y	Y	58	pipeline_score=46; farm_logP=7.34; max_variant=20; symbol=OsHAC4; keyword=arsenic accumulation; tolerance; recommendation_score=58
QTL2	Chr2-3225745	7.34	*	LOC_Os02g06300	2:3143758-3152627	5	5	*	6.0	0.0	0.0	10.0	*	21.0	RAP_Step2_all_TGW_quality.FarmCPUpeak_info	RAP_Step2_all_TGW_quality	LOC_Os02g06300			GTP-binding protein lepA, putative, expressed	N	Y	Y	21	pipeline_score=21; farm_logP=7.34; max_variant=5; recommendation_score=21
QTL2	Chr2-3225745	7.34	*	LOC_Os02g06310	2:3154194-3157442	25	25	25	6.0	0.0	0.0	22.0	*	53.0	RAP_Step2_all_TGW_quality.FarmCPUpeak_info	RAP_Step2_all_TGW_quality	LOC_Os02g06310			expressed protein	N	Y	Y	58	pipeline_score=53; farm_logP=7.34; max_variant=25; recommendation_score=58
QTL2	Chr2-3225745	7.34	*	LOC_Os02g06320	2:3158639-3160602	5	5	5	6.0	5.0	0.0	22.0	*	38.0	RAP_Step2_all_TGW_quality.FarmCPUpeak_info	RAP_Step2_all_TGW_quality	LOC_Os02g06320			RNA recognition motif 2 domain containing protein, expressed	N	Y	Y	38	pipeline_score=38; farm_logP=7.34; max_variant=5; recommendation_score=38
QTL2	Chr2-3225745	7.34	*	Os02g0157950	2:3163897-3165102	5	25	*	6.0	0.0	0.0	15.0	*	46.0	RAP_Step2_all_TGW_quality.FarmCPUpeak_info	RAP_Step2_all_TGW_quality	Os02g0157950							51	pipeline_score=46; farm_logP=7.34; max_variant=25; recommendation_score=51
QTL2	Chr2-3225745	7.34	*	LOC_Os02g06330	2:3164423-3165034	5	10	*	6.0	0.0	10.0	15.0	*	41.0	RAP_Step2_all_TGW_quality.FarmCPUpeak_info	RAP_Step2_all_TGW_quality	LOC_Os02g06330			AP2 domain containing protein, expressed	N	Y	Y	44	pipeline_score=41; farm_logP=7.34; max_variant=10; recommendation_score=44
QTL2	Chr2-3225745	7.34	*	LOC_Os02g06340	2:3166574-3170816	20	10	*	6.0	0.0	0.0	20.0	*	46.0	RAP_Step2_all_TGW_quality.FarmCPUpeak_info	RAP_Step2_all_TGW_quality	LOC_Os02g06340			EH domain-containing protein 1, putative, expressed	N	Y	Y	51	pipeline_score=46; farm_logP=7.34; max_variant=20; recommendation_score=51
QTL2	Chr2-3225745	7.34	*	Os02g0158200	2:3166740-3170798	20	10	*	6.0	0.0	0.0	22.0	*	48.0	RAP_Step2_all_TGW_quality.FarmCPUpeak_info	RAP_Step2_all_TGW_quality	Os02g0158200							53	pipeline_score=48; farm_logP=7.34; max_variant=20; recommendation_score=53
QTL2	Chr2-3225745	7.34	*	LOC_Os02g06350	2:3171934-3174991	25	25	25	6.0	0.0	0.0	0.0	*	31.0	RAP_Step2_all_TGW_quality.FarmCPUpeak_info	RAP_Step2_all_TGW_quality	LOC_Os02g06350			expressed protein	N	Y	Y	36	pipeline_score=31; farm_logP=7.34; max_variant=25; recommendation_score=36
QTL2	Chr2-3225745	7.34	*	LOC_Os02g06360	2:3179477-3182791	20	10	5	6.0	0.0	0.0	18.0	*	44.0	RAP_Step2_all_TGW_quality.FarmCPUpeak_info	RAP_Step2_all_TGW_quality	LOC_Os02g06360			uncharacterized protein CPn_0526/CP_0226/CPj0526/CpB0547, putative, expressed	N	Y	Y	49	pipeline_score=44; farm_logP=7.34; max_variant=20; recommendation_score=49
QTL2	Chr2-3225745	7.34	*	Os02g0158350	2:3179578-3182639	20	5	*	6.0	0.0	0.0	20.0	*	46.0	RAP_Step2_all_TGW_quality.FarmCPUpeak_info	RAP_Step2_all_TGW_quality	Os02g0158350							51	pipeline_score=46; farm_logP=7.34; max_variant=20; recommendation_score=51
QTL2	Chr2-3225745	7.34	*	LOC_Os02g06370	2:3182868-3187038	5	10	*	6.0	0.0	0.0	15.0	*	31.0	RAP_Step2_all_TGW_quality.FarmCPUpeak_info	RAP_Step2_all_TGW_quality	LOC_Os02g06370			whirly transcription factor domain containing protein, expressed	N	Y	Y	34	pipeline_score=31; farm_logP=7.34; max_variant=10; recommendation_score=34
QTL2	Chr2-3225745	7.34	*	LOC_Os02g06380	2:3187941-3190190	5	25	0	6.0	0.0	0.0	15.0	*	46.0	RAP_Step2_all_TGW_quality.FarmCPUpeak_info	RAP_Step2_all_TGW_quality	LOC_Os02g06380			plant-specific domain TIGR01627 family protein, expressed	N	Y	Y	51	pipeline_score=46; farm_logP=7.34; max_variant=25; recommendation_score=51
QTL2	Chr2-3225745	7.34	*	Os02g0158550	2:3188143-3189588	5	10	0	6.0	0.0	0.0	18.0	*	34.0	RAP_Step2_all_TGW_quality.FarmCPUpeak_info	RAP_Step2_all_TGW_quality	Os02g0158550							37	pipeline_score=34; farm_logP=7.34; max_variant=10; recommendation_score=37
QTL2	Chr2-3225745	7.34	*	LOC_Os02g06390	2:3191314-3194143	5	10	*	6.0	0.0	0.0	10.0	*	26.0	RAP_Step2_all_TGW_quality.FarmCPUpeak_info	RAP_Step2_all_TGW_quality	LOC_Os02g06390			expressed protein	N	Y	Y	29	pipeline_score=26; farm_logP=7.34; max_variant=10; recommendation_score=29
QTL2	Chr2-3225745	7.34	*	Os02g0158701	2:3196192-3196414	15	*	*	6.0	0.0	0.0	5.0	*	26.0	RAP_Step2_all_TGW_quality.FarmCPUpeak_info	RAP_Step2_all_TGW_quality	Os02g0158701							29	pipeline_score=26; farm_logP=7.34; max_variant=15; recommendation_score=29
QTL2	Chr2-3225745	7.34	*	LOC_Os02g06400	2:3197141-3203168	5	10	0	6.0	0.0	0.0	18.0	*	34.0	RAP_Step2_all_TGW_quality.FarmCPUpeak_info	RAP_Step2_all_TGW_quality	LOC_Os02g06400			growth regulator related protein, putative, expressed	N	Y	Y	37	pipeline_score=34; farm_logP=7.34; max_variant=10; recommendation_score=37
QTL2	Chr2-3225745	7.34	*	LOC_Os02g06410	2:3204086-3206334	10	10	10	6.0	0.0	0.0	18.0	*	34.0	RAP_Step2_all_TGW_quality.FarmCPUpeak_info	RAP_Step2_all_TGW_quality	LOC_Os02g06410			CBS domain containing membrane protein, putative, expressed	N	Y	Y	37	pipeline_score=34; farm_logP=7.34; max_variant=10; recommendation_score=37
QTL2	Chr2-3225745	7.34	*	Os02g0159000	2:3207416-3208323	25	10	*	6.0	0.0	0.0	15.0	*	46.0	RAP_Step2_all_TGW_quality.FarmCPUpeak_info	RAP_Step2_all_TGW_quality	Os02g0159000							51	pipeline_score=46; farm_logP=7.34; max_variant=25; recommendation_score=51
QTL2	Chr2-3225745	7.34	*	LOC_Os02g06420	2:3207499-3208308	25	25	*	6.0	0.0	0.0	10.0	*	41.0	RAP_Step2_all_TGW_quality.FarmCPUpeak_info	RAP_Step2_all_TGW_quality	LOC_Os02g06420			expressed protein	N	Y	Y	46	pipeline_score=41; farm_logP=7.34; max_variant=25; recommendation_score=46
QTL2	Chr2-3225745	7.34	*	Os02g0159100	2:3212238-3216435	20	10	*	6.0	0.0	0.0	18.0	*	44.0	RAP_Step2_all_TGW_quality.FarmCPUpeak_info	RAP_Step2_all_TGW_quality	Os02g0159100							49	pipeline_score=44; farm_logP=7.34; max_variant=20; recommendation_score=49
QTL2	Chr2-3225745	7.34	*	LOC_Os02g06430	2:3212392-3216645	20	10	*	6.0	0.0	0.0	15.0	*	41.0	RAP_Step2_all_TGW_quality.FarmCPUpeak_info	RAP_Step2_all_TGW_quality	LOC_Os02g06430			DUF292 domain containing protein, expressed	N	Y	Y	46	pipeline_score=41; farm_logP=7.34; max_variant=20; recommendation_score=46
QTL2	Chr2-3225745	7.34	*	LOC_Os02g06440	2:3216942-3217811	5	5	*	6.0	0.0	0.0	18.0	*	29.0	RAP_Step2_all_TGW_quality.FarmCPUpeak_info	RAP_Step2_all_TGW_quality	LOC_Os02g06440			expressed protein	N	Y	Y	29	pipeline_score=29; farm_logP=7.34; max_variant=5; recommendation_score=29
QTL2	Chr2-3225745	7.34	*	LOC_Os02g06450	2:3219171-3219518	20	5	*	6.0	0.0	0.0	18.0	*	44.0	RAP_Step2_all_TGW_quality.FarmCPUpeak_info	RAP_Step2_all_TGW_quality	LOC_Os02g06450			coiled-coil domain-containing protein 72, putative, expressed	N	Y	Y	49	pipeline_score=44; farm_logP=7.34; max_variant=20; recommendation_score=49
QTL2	Chr2-3225745	7.34	*	LOC_Os02g06460	2:3220491-3225191	25	25	0	6.0	0.0	0.0	10.0	*	41.0	RAP_Step2_all_TGW_quality.FarmCPUpeak_info	RAP_Step2_all_TGW_quality	LOC_Os02g06460			expressed protein	N	Y	Y	46	pipeline_score=41; farm_logP=7.34; max_variant=25; recommendation_score=46
QTL2	Chr2-3225745	7.34	*	LOC_Os02g06470	2:3227508-3229370	*	10	5	6.0	0.0	0.0	15.0	*	31.0	RAP_Step2_all_TGW_quality.FarmCPUpeak_info	RAP_Step2_all_TGW_quality	LOC_Os02g06470			OsFBX38 - F-box domain containing protein, expressed	N	Y	Y	34	pipeline_score=31; farm_logP=7.34; max_variant=10; recommendation_score=34
QTL2	Chr2-3225745	7.34	*	LOC_Os02g06480	2:3227508-3233934	25	10	0	6.0	0.0	0.0	10.0	*	41.0	RAP_Step2_all_TGW_quality.FarmCPUpeak_info	RAP_Step2_all_TGW_quality	LOC_Os02g06480			SCO1 protein homolog, mitochondrial precursor, putative, expressed	N	Y	Y	46	pipeline_score=41; farm_logP=7.34; max_variant=25; recommendation_score=46
QTL2	Chr2-3225745	7.34	*	LOC_Os02g06490	2:3234309-3237983	20	5	10	6.0	0.0	0.0	15.0	*	41.0	RAP_Step2_all_TGW_quality.FarmCPUpeak_info	RAP_Step2_all_TGW_quality	LOC_Os02g06490			vacuolar protein sorting-associated protein 4, putative, expressed	N	Y	Y	46	pipeline_score=41; farm_logP=7.34; max_variant=20; recommendation_score=46
QTL2	Chr2-3225745	7.34	*	Os02g0159950	2:3234460-3236867	20	5	0	6.0	0.0	0.0	22.0	*	48.0	RAP_Step2_all_TGW_quality.FarmCPUpeak_info	RAP_Step2_all_TGW_quality	Os02g0159950							53	pipeline_score=48; farm_logP=7.34; max_variant=20; recommendation_score=53
QTL2	Chr2-3225745	7.34	*	LOC_Os02g06500	2:3237586-3249732	5	5	0	6.0	0.0	0.0	15.0	*	26.0	RAP_Step2_all_TGW_quality.FarmCPUpeak_info	RAP_Step2_all_TGW_quality	LOC_Os02g06500			DSHCT domain containing protein, expressed	Y	Y	Y	26	pipeline_score=26; farm_logP=7.34; max_variant=5; recommendation_score=26
QTL2	Chr2-3225745	7.34	*	LOC_Os02g06510	2:3251641-3252395	20	10	5	6.0	0.0	0.0	0.0	*	26.0	RAP_Step2_all_TGW_quality.FarmCPUpeak_info	RAP_Step2_all_TGW_quality	LOC_Os02g06510			myosin heavy chain, putative, expressed	N	Y	Y	31	pipeline_score=26; farm_logP=7.34; max_variant=20; recommendation_score=31
QTL2	Chr2-3225745	7.34	*	LOC_Os02g06520	2:3254925-3256939	15	10	5	6.0	0.0	0.0	10.0	*	31.0	RAP_Step2_all_TGW_quality.FarmCPUpeak_info	RAP_Step2_all_TGW_quality	LOC_Os02g06520			OsFBLD1 - F-box, LRR and FBD domain containing protein, expressed	N	Y	Y	34	pipeline_score=31; farm_logP=7.34; max_variant=15; recommendation_score=34
QTL2	Chr2-3225745	7.34	*	LOC_Os02g06530	2:3263668-3265606	20	5	*	6.0	0.0	0.0	10.0	*	36.0	RAP_Step2_all_TGW_quality.FarmCPUpeak_info	RAP_Step2_all_TGW_quality	LOC_Os02g06530			armadillo/beta-catenin repeat family protein, putative, expressed	N	Y	Y	41	pipeline_score=36; farm_logP=7.34; max_variant=20; recommendation_score=41
QTL2	Chr2-3225745	7.34	*	Os02g0160300	2:3265700-3268325	20	10	10	6.0	0.0	0.0	10.0	*	36.0	RAP_Step2_all_TGW_quality.FarmCPUpeak_info	RAP_Step2_all_TGW_quality	Os02g0160300							41	pipeline_score=36; farm_logP=7.34; max_variant=20; recommendation_score=41
QTL2	Chr2-3225745	7.34	*	LOC_Os02g06540	2:3266011-3268767	20	5	0	6.0	0.0	10.0	10.0	*	46.0	RAP_Step2_all_TGW_quality.FarmCPUpeak_info	RAP_Step2_all_TGW_quality	LOC_Os02g06540			transporter family protein, putative, expressed	N	Y	Y	51	pipeline_score=46; farm_logP=7.34; max_variant=20; recommendation_score=51
QTL2	Chr2-3225745	7.34	*	LOC_Os02g06550	2:3270603-3271307	20	25	25	6.0	0.0	0.0	5.0	*	36.0	RAP_Step2_all_TGW_quality.FarmCPUpeak_info	RAP_Step2_all_TGW_quality	LOC_Os02g06550			retrotransposon, putative, centromere-specific	Y	N	Y	41	pipeline_score=36; farm_logP=7.34; max_variant=25; recommendation_score=41
QTL2	Chr2-3225745	7.34	*	Os02g0160500	2:3271379-3272038	5	10	*	6.0	0.0	0.0	10.0	*	26.0	RAP_Step2_all_TGW_quality.FarmCPUpeak_info	RAP_Step2_all_TGW_quality	Os02g0160500							29	pipeline_score=26; farm_logP=7.34; max_variant=10; recommendation_score=29
QTL2	Chr2-3225745	7.34	*	Os02g0160800	2:3279375-3280952	20	5	*	6.0	0.0	0.0	10.0	*	36.0	RAP_Step2_all_TGW_quality.FarmCPUpeak_info	RAP_Step2_all_TGW_quality	Os02g0160800							41	pipeline_score=36; farm_logP=7.34; max_variant=20; recommendation_score=41
QTL2	Chr2-3225745	7.34	*	LOC_Os02g06560	2:3279687-3279953	5	10	0	6.0	0.0	0.0	10.0	*	26.0	RAP_Step2_all_TGW_quality.FarmCPUpeak_info	RAP_Step2_all_TGW_quality	LOC_Os02g06560			wound induced protein, putative, expressed	N	Y	Y	29	pipeline_score=26; farm_logP=7.34; max_variant=10; recommendation_score=29
QTL2	Chr2-3225745	7.34	*	LOC_Os02g06570	2:3283212-3286408	5	10	5	6.0	0.0	0.0	10.0	*	26.0	RAP_Step2_all_TGW_quality.FarmCPUpeak_info	RAP_Step2_all_TGW_quality	LOC_Os02g06570			CAMK_KIN1/SNF1/Nim1_like.13 - CAMK includes calcium/calmodulin depedent protein kinases, expressed	N	Y	Y	29	pipeline_score=26; farm_logP=7.34; max_variant=10; recommendation_score=29
QTL2	Chr2-3225745	7.34	*	Os02g0161050	2:3284875-3288054	5	10	0	6.0	0.0	0.0	15.0	*	31.0	RAP_Step2_all_TGW_quality.FarmCPUpeak_info	RAP_Step2_all_TGW_quality	Os02g0161050							34	pipeline_score=31; farm_logP=7.34; max_variant=10; recommendation_score=34
QTL2	Chr2-3225745	7.34	*	LOC_Os02g06580	2:3291235-3295480	18	5	5	6.0	0.0	10.0	15.0	*	49.0	RAP_Step2_all_TGW_quality.FarmCPUpeak_info	RAP_Step2_all_TGW_quality	LOC_Os02g06580			formin, putative, expressed	N	Y	Y	52	pipeline_score=49; farm_logP=7.34; max_variant=18; recommendation_score=52
QTL2	Chr2-3225745	7.34	*	LOC_Os02g06584	2:3297210-3304412	*	*	*	6.0	0.0	0.0	15.0	*	21.0	RAP_Step2_all_TGW_quality.FarmCPUpeak_info	RAP_Step2_all_TGW_quality	LOC_Os02g06584			zinc finger C-x8-C-x5-C-x3-H type family protein, expressed	N	Y	Y	21	pipeline_score=21; farm_logP=7.34; recommendation_score=21
QTL2	Chr2-3225745	7.34	*	Os02g0161251	2:3301680-3306366	20	25	*	6.0	0.0	0.0	15.0	*	46.0	RAP_Step2_all_TGW_quality.FarmCPUpeak_info	RAP_Step2_all_TGW_quality	Os02g0161251							51	pipeline_score=46; farm_logP=7.34; max_variant=25; recommendation_score=51
QTL2	Chr2-3225745	7.34	*	LOC_Os02g06588	2:3311245-3313330	1	*	*	6.0	0.0	0.0	10.0	*	17.0	RAP_Step2_all_TGW_quality.FarmCPUpeak_info	RAP_Step2_all_TGW_quality	LOC_Os02g06588			ATP binding protein, putative, expressed	N	Y	Y	17	pipeline_score=17; farm_logP=7.34; max_variant=1; recommendation_score=17
QTL2	Chr2-3225745	7.34	*	LOC_Os02g06592	2:3313827-3318385	5	10	*	6.0	0.0	0.0	10.0	*	26.0	RAP_Step2_all_TGW_quality.FarmCPUpeak_info	RAP_Step2_all_TGW_quality	LOC_Os02g06592			SNF2 family N-terminal domain containing protein, expressed	Y	Y	Y	29	pipeline_score=26; farm_logP=7.34; max_variant=10; recommendation_score=29
QTL2	Chr2-3225745	7.34	*	LOC_Os02g06600	2:3323238-3326725	20	25	10	6.0	0.0	0.0	0.0	*	31.0	RAP_Step2_all_TGW_quality.FarmCPUpeak_info	RAP_Step2_all_TGW_quality	LOC_Os02g06600			receptor-like protein kinase 2 precursor, putative, expressed	N	Y	Y	36	pipeline_score=31; farm_logP=7.34; max_variant=25; recommendation_score=36
QTL2	Chr2-3225745	7.34	*	LOC_Os02g06605	2:3327798-3328578	25	25	25	6.0	0.0	0.0	10.0	*	41.0	RAP_Step2_all_TGW_quality.FarmCPUpeak_info	RAP_Step2_all_TGW_quality	LOC_Os02g06605			expressed protein	N	Y	Y	46	pipeline_score=41; farm_logP=7.34; max_variant=25; recommendation_score=46
QTL2	Chr2-3225745	7.34	*	LOC_Os02g06610	2:3328664-3330206	25	25	25	6.0	0.0	10.0	18.0	*	59.0	RAP_Step2_all_TGW_quality.FarmCPUpeak_info	RAP_Step2_all_TGW_quality	LOC_Os02g06610			expressed protein	N	Y	Y	64	pipeline_score=59; farm_logP=7.34; max_variant=25; recommendation_score=64
QTL2	Chr2-3225745	7.34	*	LOC_Os02g06630	2:3335547-3339094	5	5	*	6.0	0.0	10.0	20.0	*	41.0	RAP_Step2_all_TGW_quality.FarmCPUpeak_info	RAP_Step2_all_TGW_quality	LOC_Os02g06630			peroxidase precursor, putative, expressed	N	Y	Y	41	pipeline_score=41; farm_logP=7.34; max_variant=5; recommendation_score=41
QTL2	Chr2-3225745	7.34	*	LOC_Os02g06640	2:3340311-3343062	20	10	10	6.0	0.0	0.0	10.0	*	36.0	RAP_Step2_all_TGW_quality.FarmCPUpeak_info	RAP_Step2_all_TGW_quality	LOC_Os02g06640			ubiquitin family protein, putative, expressed	N	Y	Y	41	pipeline_score=36; farm_logP=7.34; max_variant=20; recommendation_score=41
QTL2	Chr2-3225745	7.34	*	LOC_Os02g06650	2:3344763-3347430	5	5	*	6.0	0.0	0.0	10.0	*	21.0	RAP_Step2_all_TGW_quality.FarmCPUpeak_info	RAP_Step2_all_TGW_quality	LOC_Os02g06650			COX VIIa, putative, expressed	N	Y	Y	21	pipeline_score=21; farm_logP=7.34; max_variant=5; recommendation_score=21
QTL2	Chr2-3225745	7.34	*	Os02g0162050	2:3345017-3345473	*	*	*	6.0	0.0	0.0	18.0	*	24.0	RAP_Step2_all_TGW_quality.FarmCPUpeak_info	RAP_Step2_all_TGW_quality	Os02g0162050							24	pipeline_score=24; farm_logP=7.34; recommendation_score=24
QTL2	Chr2-3225745	7.34	*	LOC_Os02g06660	2:3351127-3352610	5	5	0	6.0	0.0	0.0	0.0	*	11.0	RAP_Step2_all_TGW_quality.FarmCPUpeak_info	RAP_Step2_all_TGW_quality	LOC_Os02g06660			P21-Rho-binding domain containing protein, putative, expressed	N	Y	Y	11	pipeline_score=11; farm_logP=7.34; max_variant=5; recommendation_score=11
QTL2	Chr2-3225745	7.34	*	Os02g0162150	2:3352116-3353370	5	5	*	6.0	0.0	0.0	0.0	*	11.0	RAP_Step2_all_TGW_quality.FarmCPUpeak_info	RAP_Step2_all_TGW_quality	Os02g0162150							11	pipeline_score=11; farm_logP=7.34; max_variant=5; recommendation_score=11
QTL2	Chr2-3225745	7.34	*	LOC_Os02g06670	2:3353564-3354822	5	10	5	6.0	0.0	0.0	22.0	*	38.0	RAP_Step2_all_TGW_quality.FarmCPUpeak_info	RAP_Step2_all_TGW_quality	LOC_Os02g06670			retrotransposon protein, putative, unclassified, expressed	Y	Y	Y	41	pipeline_score=38; farm_logP=7.34; max_variant=10; recommendation_score=41
QTL2	Chr2-3225745	7.34	*	LOC_Os02g06690	2:3356970-3358282	20	25	5	6.0	0.0	0.0	22.0	*	53.0	RAP_Step2_all_TGW_quality.FarmCPUpeak_info	RAP_Step2_all_TGW_quality	LOC_Os02g06690			plastocyanin-like domain containing protein, putative, expressed	N	Y	Y	58	pipeline_score=53; farm_logP=7.34; max_variant=25; recommendation_score=58
QTL2	Chr2-3225745	7.34	*	LOC_Os02g06700	2:3358903-3360720	20	25	20	6.0	0.0	0.0	15.0	*	46.0	RAP_Step2_all_TGW_quality.FarmCPUpeak_info	RAP_Step2_all_TGW_quality	LOC_Os02g06700			ribosomal protein, putative, expressed	N	Y	Y	51	pipeline_score=46; farm_logP=7.34; max_variant=25; recommendation_score=51
QTL2	Chr2-3225745	7.34	*	Os02g0162600	2:3362047-3362944	20	5	20	6.0	0.0	0.0	10.0	*	36.0	RAP_Step2_all_TGW_quality.FarmCPUpeak_info	RAP_Step2_all_TGW_quality	Os02g0162600							41	pipeline_score=36; farm_logP=7.34; max_variant=20; recommendation_score=41
QTL2	Chr2-3225745	7.34	*	LOC_Os02g06720	2:3362047-3369519	20	10	*	6.0	0.0	0.0	15.0	*	41.0	RAP_Step2_all_TGW_quality.FarmCPUpeak_info	RAP_Step2_all_TGW_quality	LOC_Os02g06720			WD domain containing protein, putative, expressed	N	Y	Y	46	pipeline_score=41; farm_logP=7.34; max_variant=20; recommendation_score=46
QTL2	Chr2-3225745	7.34	*	LOC_Os02g06725	2:3378928-3386412	20	25	20	6.0	0.0	0.0	15.0	*	46.0	RAP_Step2_all_TGW_quality.FarmCPUpeak_info	RAP_Step2_all_TGW_quality	LOC_Os02g06725			expressed protein	N	Y	Y	51	pipeline_score=46; farm_logP=7.34; max_variant=25; recommendation_score=51
QTL2	Chr2-3225745	7.34	*	Os02g0162783	2:3384035-3384907	20	*	*	6.0	0.0	0.0	18.0	*	44.0	RAP_Step2_all_TGW_quality.FarmCPUpeak_info	RAP_Step2_all_TGW_quality	Os02g0162783							49	pipeline_score=44; farm_logP=7.34; max_variant=20; recommendation_score=49
QTL2	Chr2-3225745	7.34	*	LOC_Os02g06730	2:3386882-3387277	20	5	25	6.0	5.0	0.0	22.0	*	58.0	RAP_Step2_all_TGW_quality.FarmCPUpeak_info	RAP_Step2_all_TGW_quality	LOC_Os02g06730			expressed protein	N	Y	Y	63	pipeline_score=58; farm_logP=7.34; max_variant=25; recommendation_score=63
QTL2	Chr2-3225745	7.34	*	LOC_Os02g06740	2:3392273-3397702	25	25	25	6.0	0.0	0.0	0.0	*	31.0	RAP_Step2_all_TGW_quality.FarmCPUpeak_info	RAP_Step2_all_TGW_quality	LOC_Os02g06740			retrotransposon protein, putative, Ty1-copia subclass, expressed	Y	Y	Y	36	pipeline_score=31; farm_logP=7.34; max_variant=25; recommendation_score=36
QTL2	Chr2-3225745	7.34	*	LOC_Os02g06750	2:3403549-3406484	25	25	25	6.0	0.0	0.0	0.0	*	31.0	RAP_Step2_all_TGW_quality.FarmCPUpeak_info	RAP_Step2_all_TGW_quality	LOC_Os02g06750			retrotransposon protein, putative, unclassified, expressed	Y	Y	Y	36	pipeline_score=31; farm_logP=7.34; max_variant=25; recommendation_score=36
QTL2	Chr2-3225745	7.34	*	LOC_Os02g06754	2:3408024-3409076	1	5	25	6.0	5.0	0.0	15.0	*	51.0	RAP_Step2_all_TGW_quality.FarmCPUpeak_info	RAP_Step2_all_TGW_quality	LOC_Os02g06754			expressed protein	N	Y	Y	56	pipeline_score=51; farm_logP=7.34; max_variant=25; recommendation_score=56
QTL2	Chr2-3225745	7.34	*	LOC_Os02g06760	2:3411220-3415305	5	5	25	6.0	5.0	0.0	18.0	*	54.0	RAP_Step2_all_TGW_quality.FarmCPUpeak_info	RAP_Step2_all_TGW_quality	LOC_Os02g06760			expressed protein	N	Y	Y	59	pipeline_score=54; farm_logP=7.34; max_variant=25; recommendation_score=59
QTL2	Chr2-3225745	7.34	*	LOC_Os02g06770	2:3415481-3418462	20	5	20	6.0	5.0	0.0	18.0	*	49.0	RAP_Step2_all_TGW_quality.FarmCPUpeak_info	RAP_Step2_all_TGW_quality	LOC_Os02g06770			expressed protein	N	Y	Y	54	pipeline_score=49; farm_logP=7.34; max_variant=20; recommendation_score=54
QTL2	Chr2-3225745	7.34	*	LOC_Os02g06779	2:3420172-3423446	20	5	25	6.0	0.0	0.0	18.0	*	49.0	RAP_Step2_all_TGW_quality.FarmCPUpeak_info	RAP_Step2_all_TGW_quality	LOC_Os02g06779			expressed protein	N	Y	Y	54	pipeline_score=49; farm_logP=7.34; max_variant=25; recommendation_score=54
QTL3	Chr2-7959950	10.35	*	LOC_Os02g14170	2:7760772-7762495	5	10	*	12.0	0.0	0.0	15.0	*	37.0	RAP_Step2_all_TGW_quality.FarmCPUpeak_info	RAP_Step2_all_TGW_quality	LOC_Os02g14170			peroxidase precursor, putative, expressed	N	Y	Y	40	pipeline_score=37; farm_logP=10.35; max_variant=10; recommendation_score=40
QTL3	Chr2-7959950	10.35	*	LOC_Os02g14180	2:7770038-7771054	5	10	10	12.0	5.0	0.0	18.0	*	45.0	RAP_Step2_all_TGW_quality.FarmCPUpeak_info	RAP_Step2_all_TGW_quality	LOC_Os02g14180			peroxidase precursor, putative, expressed	N	Y	Y	48	pipeline_score=45; farm_logP=10.35; max_variant=10; recommendation_score=48
QTL3	Chr2-7959950	10.35	*	Os02g0236900	2:7770051-7770890	5	10	5	12.0	0.0	0.0	18.0	*	40.0	RAP_Step2_all_TGW_quality.FarmCPUpeak_info	RAP_Step2_all_TGW_quality	Os02g0236900							43	pipeline_score=40; farm_logP=10.35; max_variant=10; recommendation_score=43
QTL3	Chr2-7959950	10.35	*	LOC_Os02g14190	2:7772399-7776161	5	10	5	12.0	5.0	0.0	18.0	*	45.0	RAP_Step2_all_TGW_quality.FarmCPUpeak_info	RAP_Step2_all_TGW_quality	LOC_Os02g14190			spermidine synthase, putative, expressed	N	Y	Y	48	pipeline_score=45; farm_logP=10.35; max_variant=10; recommendation_score=48
QTL3	Chr2-7959950	10.35	*	Os02g0237801	2:7775144-7778858	25	25	5	12.0	0.0	0.0	18.0	*	55.0	RAP_Step2_all_TGW_quality.FarmCPUpeak_info	RAP_Step2_all_TGW_quality	Os02g0237801							60	pipeline_score=55; farm_logP=10.35; max_variant=25; recommendation_score=60
QTL3	Chr2-7959950	10.35	*	LOC_Os02g14210	2:7782168-7787430	25	25	0	12.0	0.0	0.0	0.0	*	37.0	RAP_Step2_all_TGW_quality.FarmCPUpeak_info	RAP_Step2_all_TGW_quality	LOC_Os02g14210			retrotransposon protein, putative, unclassified, expressed	Y	Y	Y	42	pipeline_score=37; farm_logP=10.35; max_variant=25; recommendation_score=42
QTL3	Chr2-7959950	10.35	*	LOC_Os02g14220	2:7789661-7794500	25	25	25	12.0	0.0	10.0	0.0	*	47.0	RAP_Step2_all_TGW_quality.FarmCPUpeak_info	RAP_Step2_all_TGW_quality	LOC_Os02g14220			retrotransposon protein, putative, unclassified, expressed	Y	Y	Y	52	pipeline_score=47; farm_logP=10.35; max_variant=25; recommendation_score=52
QTL3	Chr2-7959950	10.35	*	LOC_Os02g14230	2:7796194-7798259	20	10	25	12.0	0.0	0.0	0.0	*	37.0	RAP_Step2_all_TGW_quality.FarmCPUpeak_info	RAP_Step2_all_TGW_quality	LOC_Os02g14230			expressed protein	N	Y	Y	42	pipeline_score=37; farm_logP=10.35; max_variant=25; recommendation_score=42
QTL3	Chr2-7959950	10.35	*	LOC_Os02g14240	2:7807965-7808869	20	5	25	12.0	0.0	0.0	0.0	*	37.0	RAP_Step2_all_TGW_quality.FarmCPUpeak_info	RAP_Step2_all_TGW_quality	LOC_Os02g14240			hypothetical protein	N	N	Y	42	pipeline_score=37; farm_logP=10.35; max_variant=25; recommendation_score=42
QTL3	Chr2-7959950	10.35	*	LOC_Os02g14250	2:7813508-7815859	18	25	25	12.0	0.0	0.0	22.0	*	59.0	RAP_Step2_all_TGW_quality.FarmCPUpeak_info	RAP_Step2_all_TGW_quality	LOC_Os02g14250			transposon protein, putative, unclassified, expressed	Y	Y	Y	64	pipeline_score=59; farm_logP=10.35; max_variant=25; recommendation_score=64
QTL3	Chr2-7959950	10.35	*	Os02g0238150	2:7813610-7815599	18	5	20	12.0	0.0	0.0	22.0	*	54.0	RAP_Step2_all_TGW_quality.FarmCPUpeak_info	RAP_Step2_all_TGW_quality	Os02g0238150							59	pipeline_score=54; farm_logP=10.35; max_variant=20; recommendation_score=59
QTL3	Chr2-7959950	10.35	*	LOC_Os02g14260	2:7821444-7825722	25	25	0	12.0	0.0	0.0	0.0	*	37.0	RAP_Step2_all_TGW_quality.FarmCPUpeak_info	RAP_Step2_all_TGW_quality	LOC_Os02g14260			retrotransposon protein, putative, unclassified, expressed	Y	Y	Y	42	pipeline_score=37; farm_logP=10.35; max_variant=25; recommendation_score=42
QTL3	Chr2-7959950	10.35	*	LOC_Os02g14280	2:7839605-7843407	25	25	25	12.0	0.0	0.0	5.0	*	42.0	RAP_Step2_all_TGW_quality.FarmCPUpeak_info	RAP_Step2_all_TGW_quality	LOC_Os02g14280			transposon protein, putative, unclassified, expressed	Y	Y	Y	47	pipeline_score=42; farm_logP=10.35; max_variant=25; recommendation_score=47
QTL3	Chr2-7959950	10.35	*	LOC_Os02g14290	2:7845554-7852177	10	10	15	12.0	0.0	0.0	15.0	*	42.0	RAP_Step2_all_TGW_quality.FarmCPUpeak_info	RAP_Step2_all_TGW_quality	LOC_Os02g14290			scramblase, putative, expressed	N	Y	Y	45	pipeline_score=42; farm_logP=10.35; max_variant=15; recommendation_score=45
QTL3	Chr2-7959950	10.35	*	LOC_Os02g14300	2:7851980-7854422	20	25	2	12.0	0.0	0.0	20.0	*	57.0	RAP_Step2_all_TGW_quality.FarmCPUpeak_info	RAP_Step2_all_TGW_quality	LOC_Os02g14300			expressed protein	N	Y	Y	62	pipeline_score=57; farm_logP=10.35; max_variant=25; recommendation_score=62
QTL3	Chr2-7959950	10.35	*	LOC_Os02g14310	2:7857116-7857523	15	*	*	12.0	0.0	0.0	0.0	*	27.0	RAP_Step2_all_TGW_quality.FarmCPUpeak_info	RAP_Step2_all_TGW_quality	LOC_Os02g14310			expressed protein	N	Y	Y	30	pipeline_score=27; farm_logP=10.35; max_variant=15; recommendation_score=30
QTL3	Chr2-7959950	10.35	*	LOC_Os02g14320	2:7857952-7861704	25	10	1	12.0	0.0	0.0	0.0	*	37.0	RAP_Step2_all_TGW_quality.FarmCPUpeak_info	RAP_Step2_all_TGW_quality	LOC_Os02g14320			retrotransposon protein, putative, unclassified, expressed	Y	Y	Y	42	pipeline_score=37; farm_logP=10.35; max_variant=25; recommendation_score=42
QTL3	Chr2-7959950	10.35	*	LOC_Os02g14330	2:7867249-7868040	25	25	*	12.0	0.0	0.0	5.0	*	42.0	RAP_Step2_all_TGW_quality.FarmCPUpeak_info	RAP_Step2_all_TGW_quality	LOC_Os02g14330			retrotransposon protein, putative, unclassified, expressed	Y	Y	Y	47	pipeline_score=42; farm_logP=10.35; max_variant=25; recommendation_score=47
QTL3	Chr2-7959950	10.35	*	LOC_Os02g14340	2:7869072-7871089	25	25	*	12.0	0.0	0.0	0.0	*	37.0	RAP_Step2_all_TGW_quality.FarmCPUpeak_info	RAP_Step2_all_TGW_quality	LOC_Os02g14340			retrotransposon protein, putative, unclassified, expressed	Y	Y	Y	42	pipeline_score=37; farm_logP=10.35; max_variant=25; recommendation_score=42
QTL3	Chr2-7959950	10.35	*	LOC_Os02g14350	2:7874863-7875654	25	25	*	12.0	0.0	0.0	0.0	*	37.0	RAP_Step2_all_TGW_quality.FarmCPUpeak_info	RAP_Step2_all_TGW_quality	LOC_Os02g14350			retrotransposon protein, putative, unclassified, expressed	Y	Y	Y	42	pipeline_score=37; farm_logP=10.35; max_variant=25; recommendation_score=42
QTL3	Chr2-7959950	10.35	*	LOC_Os02g14360	2:7876911-7881971	25	25	25	12.0	0.0	0.0	0.0	*	37.0	RAP_Step2_all_TGW_quality.FarmCPUpeak_info	RAP_Step2_all_TGW_quality	LOC_Os02g14360			retrotransposon protein, putative, unclassified, expressed	Y	Y	Y	42	pipeline_score=37; farm_logP=10.35; max_variant=25; recommendation_score=42
QTL3	Chr2-7959950	10.35	*	LOC_Os02g14370	2:7882491-7890669	25	25	0	12.0	0.0	0.0	0.0	*	37.0	RAP_Step2_all_TGW_quality.FarmCPUpeak_info	RAP_Step2_all_TGW_quality	LOC_Os02g14370			retrotransposon protein, putative, Ty1-copia subclass, expressed	Y	Y	Y	42	pipeline_score=37; farm_logP=10.35; max_variant=25; recommendation_score=42
QTL3	Chr2-7959950	10.35	*	LOC_Os02g14380	2:7899361-7900286	20	5	*	12.0	0.0	0.0	0.0	*	32.0	RAP_Step2_all_TGW_quality.FarmCPUpeak_info	RAP_Step2_all_TGW_quality	LOC_Os02g14380			retrotransposon, putative, centromere-specific	Y	N	Y	37	pipeline_score=32; farm_logP=10.35; max_variant=20; recommendation_score=37
QTL3	Chr2-7959950	10.35	*	LOC_Os02g14390	2:7900461-7904214	25	*	*	12.0	0.0	0.0	0.0	*	37.0	RAP_Step2_all_TGW_quality.FarmCPUpeak_info	RAP_Step2_all_TGW_quality	LOC_Os02g14390			retrotransposon, putative, centromere-specific, expressed	Y	Y	Y	42	pipeline_score=37; farm_logP=10.35; max_variant=25; recommendation_score=42
QTL3	Chr2-7959950	10.35	*	LOC_Os02g14400	2:7906695-7909711	25	25	*	12.0	0.0	0.0	0.0	*	37.0	RAP_Step2_all_TGW_quality.FarmCPUpeak_info	RAP_Step2_all_TGW_quality	LOC_Os02g14400			retrotransposon protein, putative, Ty3-gypsy subclass	Y	N	Y	42	pipeline_score=37; farm_logP=10.35; max_variant=25; recommendation_score=42
QTL3	Chr2-7959950	10.35	*	LOC_Os02g14410	2:7910273-7917028	25	25	*	12.0	0.0	10.0	0.0	*	47.0	RAP_Step2_all_TGW_quality.FarmCPUpeak_info	RAP_Step2_all_TGW_quality	LOC_Os02g14410			retrotransposon protein, putative, Ty3-gypsy subclass, expressed	Y	Y	Y	52	pipeline_score=47; farm_logP=10.35; max_variant=25; recommendation_score=52
QTL3	Chr2-7959950	10.35	*	LOC_Os02g14420	2:7922250-7922955	25	5	*	12.0	0.0	0.0	20.0	*	57.0	RAP_Step2_all_TGW_quality.FarmCPUpeak_info	RAP_Step2_all_TGW_quality	LOC_Os02g14420			hypothetical protein	N	N	Y	62	pipeline_score=57; farm_logP=10.35; max_variant=25; recommendation_score=62
QTL3	Chr2-7959950	10.35	*	LOC_Os02g14430	2:7938409-7939842	20	25	20	12.0	5.0	0.0	5.0	*	47.0	RAP_Step2_all_TGW_quality.FarmCPUpeak_info	RAP_Step2_all_TGW_quality	LOC_Os02g14430	OsPrx30	transcription factor; xoo	peroxidase precursor, putative, expressed	N	Y	Y	59	pipeline_score=47; farm_logP=10.35; max_variant=25; symbol=OsPrx30; keyword=transcription factor; xoo; recommendation_score=59
QTL3	Chr2-7959950	10.35	*	LOC_Os02g14440	2:7948543-7950060	25	10	25	12.0	5.0	0.0	5.0	*	47.0	RAP_Step2_all_TGW_quality.FarmCPUpeak_info	RAP_Step2_all_TGW_quality	LOC_Os02g14440			peroxidase precursor, putative, expressed	N	Y	Y	52	pipeline_score=47; farm_logP=10.35; max_variant=25; recommendation_score=52
QTL3	Chr2-7959950	10.35	*	LOC_Os02g14450	2:7952134-7953677	20	10	25	12.0	5.0	0.0	0.0	*	42.0	RAP_Step2_all_TGW_quality.FarmCPUpeak_info	RAP_Step2_all_TGW_quality	LOC_Os02g14450			expressed protein	N	Y	Y	47	pipeline_score=42; farm_logP=10.35; max_variant=25; recommendation_score=47
QTL3	Chr2-7959950	10.35	*	LOC_Os02g14460	2:7959782-7960984	20	25	25	12.0	5.0	0.0	22.0	*	64.0	RAP_Step2_all_TGW_quality.FarmCPUpeak_info	RAP_Step2_all_TGW_quality	LOC_Os02g14460			peroxidase precursor, putative, expressed	N	Y	Y	69	pipeline_score=64; farm_logP=10.35; max_variant=25; recommendation_score=69
QTL3	Chr2-7959950	10.35	*	LOC_Os02g14470	2:7964709-7965139	25	10	25	12.0	0.0	0.0	0.0	*	37.0	RAP_Step2_all_TGW_quality.FarmCPUpeak_info	RAP_Step2_all_TGW_quality	LOC_Os02g14470			hypothetical protein	N	N	Y	42	pipeline_score=37; farm_logP=10.35; max_variant=25; recommendation_score=42
QTL3	Chr2-7959950	10.35	*	LOC_Os02g14480	2:7975665-7978686	20	10	*	12.0	5.0	0.0	10.0	*	47.0	RAP_Step2_all_TGW_quality.FarmCPUpeak_info	RAP_Step2_all_TGW_quality	LOC_Os02g14480			receptor-like kinase, putative, expressed	N	Y	Y	52	pipeline_score=47; farm_logP=10.35; max_variant=20; recommendation_score=52
QTL3	Chr2-7959950	10.35	*	LOC_Os02g14490	2:7985830-7988630	5	5	5	12.0	5.0	0.0	10.0	*	32.0	RAP_Step2_all_TGW_quality.FarmCPUpeak_info	RAP_Step2_all_TGW_quality	LOC_Os02g14490			MYB family transcription factor, putative, expressed	N	Y	Y	32	pipeline_score=32; farm_logP=10.35; max_variant=5; recommendation_score=32
QTL3	Chr2-7959950	10.35	*	LOC_Os02g14500	2:7991881-7996778	15	10	*	12.0	0.0	0.0	18.0	*	45.0	RAP_Step2_all_TGW_quality.FarmCPUpeak_info	RAP_Step2_all_TGW_quality	LOC_Os02g14500			expressed protein	N	Y	Y	48	pipeline_score=45; farm_logP=10.35; max_variant=15; recommendation_score=48
QTL3	Chr2-7959950	10.35	*	LOC_Os02g14510	2:7997539-7997865	25	5	*	12.0	0.0	0.0	0.0	*	37.0	RAP_Step2_all_TGW_quality.FarmCPUpeak_info	RAP_Step2_all_TGW_quality	LOC_Os02g14510			expressed protein	N	Y	Y	42	pipeline_score=37; farm_logP=10.35; max_variant=25; recommendation_score=42
QTL3	Chr2-7959950	10.35	*	LOC_Os02g14520	2:7998422-8001879	25	25	*	12.0	0.0	0.0	18.0	*	55.0	RAP_Step2_all_TGW_quality.FarmCPUpeak_info	RAP_Step2_all_TGW_quality	LOC_Os02g14520			transposon protein, putative, CACTA, En/Spm sub-class, expressed	Y	Y	Y	60	pipeline_score=55; farm_logP=10.35; max_variant=25; recommendation_score=60
QTL3	Chr2-7959950	10.35	*	LOC_Os02g14530	2:8004981-8017344	20	10	*	12.0	0.0	0.0	15.0	*	47.0	RAP_Step2_all_TGW_quality.FarmCPUpeak_info	RAP_Step2_all_TGW_quality	LOC_Os02g14530			protein kinase domain containing protein, expressed	N	Y	Y	52	pipeline_score=47; farm_logP=10.35; max_variant=20; recommendation_score=52
QTL3	Chr2-7959950	10.35	*	Os02g0241650	2:8014186-8017045	20	5	0	12.0	0.0	0.0	20.0	*	52.0	RAP_Step2_all_TGW_quality.FarmCPUpeak_info	RAP_Step2_all_TGW_quality	Os02g0241650							57	pipeline_score=52; farm_logP=10.35; max_variant=20; recommendation_score=57
QTL3	Chr2-7959950	10.35	*	LOC_Os02g14540	2:8018192-8019355	25	10	*	12.0	5.0	10.0	18.0	*	70.0	RAP_Step2_all_TGW_quality.FarmCPUpeak_info	RAP_Step2_all_TGW_quality	LOC_Os02g14540			UDP-glucoronosyl and UDP-glucosyl transferase domain containing protein, expressed	N	Y	Y	75	pipeline_score=70; farm_logP=10.35; max_variant=25; recommendation_score=75
QTL3	Chr2-7959950	10.35	*	LOC_Os02g14550	2:8021941-8026356	25	25	5	12.0	0.0	0.0	0.0	*	37.0	RAP_Step2_all_TGW_quality.FarmCPUpeak_info	RAP_Step2_all_TGW_quality	LOC_Os02g14550			transposon protein, putative, CACTA, En/Spm sub-class, expressed	Y	Y	Y	42	pipeline_score=37; farm_logP=10.35; max_variant=25; recommendation_score=42
QTL3	Chr2-7959950	10.35	*	LOC_Os02g14560	2:8027853-8031439	20	25	25	12.0	0.0	0.0	0.0	*	37.0	RAP_Step2_all_TGW_quality.FarmCPUpeak_info	RAP_Step2_all_TGW_quality	LOC_Os02g14560			transposon protein, putative, CACTA, En/Spm sub-class, expressed	Y	Y	Y	42	pipeline_score=37; farm_logP=10.35; max_variant=25; recommendation_score=42
QTL3	Chr2-7959950	10.35	*	LOC_Os02g14570	2:8033812-8035457	20	25	20	12.0	5.0	10.0	18.0	*	70.0	RAP_Step2_all_TGW_quality.FarmCPUpeak_info	RAP_Step2_all_TGW_quality	LOC_Os02g14570			hydroquinone glucosyltransferase, putative, expressed	N	Y	Y	75	pipeline_score=70; farm_logP=10.35; max_variant=25; recommendation_score=75
QTL3	Chr2-7959950	10.35	*	LOC_Os02g14580	2:8041113-8048126	20	10	25	12.0	0.0	0.0	22.0	*	59.0	RAP_Step2_all_TGW_quality.FarmCPUpeak_info	RAP_Step2_all_TGW_quality	LOC_Os02g14580			retrotransposon protein, putative, unclassified, expressed	Y	Y	Y	64	pipeline_score=59; farm_logP=10.35; max_variant=25; recommendation_score=64
QTL3	Chr2-7959950	10.35	*	LOC_Os02g14590	2:8052104-8053519	20	25	25	12.0	5.0	10.0	22.0	*	74.0	RAP_Step2_all_TGW_quality.FarmCPUpeak_info	RAP_Step2_all_TGW_quality	LOC_Os02g14590			UDP-glucoronosyl and UDP-glucosyl transferase domain containing protein, expressed	N	Y	Y	79	pipeline_score=74; farm_logP=10.35; max_variant=25; recommendation_score=79
QTL3	Chr2-7959950	10.35	*	LOC_Os02g14600	2:8057649-8059669	20	5	25	12.0	0.0	17.0	22.0	*	76.0	RAP_Step2_all_TGW_quality.FarmCPUpeak_info	RAP_Step2_all_TGW_quality	LOC_Os02g14600			glutelin, putative, expressed	N	Y	Y	81	pipeline_score=76; farm_logP=10.35; max_variant=25; recommendation_score=81
QTL3	Chr2-7959950	10.35	*	LOC_Os02g14610	2:8061475-8062229	20	5	25	12.0	0.0	0.0	20.0	*	57.0	RAP_Step2_all_TGW_quality.FarmCPUpeak_info	RAP_Step2_all_TGW_quality	LOC_Os02g14610			expressed protein	N	Y	Y	62	pipeline_score=57; farm_logP=10.35; max_variant=25; recommendation_score=62
QTL3	Chr2-7959950	10.35	*	LOC_Os02g14620	2:8067719-8070679	25	25	25	12.0	0.0	0.0	0.0	*	37.0	RAP_Step2_all_TGW_quality.FarmCPUpeak_info	RAP_Step2_all_TGW_quality	LOC_Os02g14620			retrotransposon protein, putative, unclassified	Y	N	Y	42	pipeline_score=37; farm_logP=10.35; max_variant=25; recommendation_score=42
QTL3	Chr2-7959950	10.35	*	LOC_Os02g14630	2:8075861-8077510	20	25	25	12.0	5.0	10.0	10.0	*	62.0	RAP_Step2_all_TGW_quality.FarmCPUpeak_info	RAP_Step2_all_TGW_quality	LOC_Os02g14630			hydroquinone glucosyltransferase, putative, expressed	N	Y	Y	67	pipeline_score=62; farm_logP=10.35; max_variant=25; recommendation_score=67
QTL3	Chr2-7959950	10.35	*	LOC_Os02g14640	2:8078800-8079481	20	5	25	12.0	0.0	0.0	0.0	*	37.0	RAP_Step2_all_TGW_quality.FarmCPUpeak_info	RAP_Step2_all_TGW_quality	LOC_Os02g14640			hypothetical protein	N	N	Y	42	pipeline_score=37; farm_logP=10.35; max_variant=25; recommendation_score=42
QTL3	Chr2-7959950	10.35	*	LOC_Os02g14650	2:8081870-8082580	20	5	25	12.0	0.0	0.0	0.0	*	37.0	RAP_Step2_all_TGW_quality.FarmCPUpeak_info	RAP_Step2_all_TGW_quality	LOC_Os02g14650			hypothetical protein	N	N	Y	42	pipeline_score=37; farm_logP=10.35; max_variant=25; recommendation_score=42
QTL3	Chr2-7959950	10.35	*	LOC_Os02g14660	2:8086258-8086659	5	5	25	12.0	0.0	0.0	0.0	*	37.0	RAP_Step2_all_TGW_quality.FarmCPUpeak_info	RAP_Step2_all_TGW_quality	LOC_Os02g14660			hypothetical protein	N	N	Y	42	pipeline_score=37; farm_logP=10.35; max_variant=25; recommendation_score=42
QTL3	Chr2-7959950	10.35	*	LOC_Os02g14670	2:8088750-8089069	5	5	25	12.0	0.0	0.0	0.0	*	37.0	RAP_Step2_all_TGW_quality.FarmCPUpeak_info	RAP_Step2_all_TGW_quality	LOC_Os02g14670			expressed protein	N	Y	Y	42	pipeline_score=37; farm_logP=10.35; max_variant=25; recommendation_score=42
QTL3	Chr2-7959950	10.35	*	LOC_Os02g14680	2:8092152-8093847	25	25	25	12.0	5.0	10.0	22.0	*	74.0	RAP_Step2_all_TGW_quality.FarmCPUpeak_info	RAP_Step2_all_TGW_quality	LOC_Os02g14680			UDP-glucoronosyl and UDP-glucosyl transferase domain containing protein, expressed	N	Y	Y	79	pipeline_score=74; farm_logP=10.35; max_variant=25; recommendation_score=79
QTL3	Chr2-7959950	10.35	*	LOC_Os02g14700	2:8106666-8108741	25	10	25	12.0	5.0	0.0	0.0	*	42.0	RAP_Step2_all_TGW_quality.FarmCPUpeak_info	RAP_Step2_all_TGW_quality	LOC_Os02g14700			expressed protein	N	Y	Y	47	pipeline_score=42; farm_logP=10.35; max_variant=25; recommendation_score=47
QTL3	Chr2-7959950	10.35	*	LOC_Os02g14710	2:8111706-8113443	5	10	20	12.0	0.0	0.0	18.0	*	50.0	RAP_Step2_all_TGW_quality.FarmCPUpeak_info	RAP_Step2_all_TGW_quality	LOC_Os02g14710			expressed protein	N	Y	Y	55	pipeline_score=50; farm_logP=10.35; max_variant=20; recommendation_score=55
QTL3	Chr2-7959950	10.35	*	LOC_Os02g14720	2:8114961-8121925	5	10	*	12.0	0.0	0.0	18.0	*	40.0	RAP_Step2_all_TGW_quality.FarmCPUpeak_info	RAP_Step2_all_TGW_quality	LOC_Os02g14720	GW2|OsGW2	GA; Kinase; Ubiquitin; breeding; cell cycle; cell division; cell proliferation; chlorophyll content; culm; cytoplasm; development; grain; grain size; grain width; grain yield; leaf; leaf senescence; lodging; lodging resistance; nucleus; nutritional quality; pathogen; quality; reproductive; reproductive growth; resistance; root; seed; seed development; seed size; senescence; spikelet; vegetative; yield	expressed protein	N	Y	Y	50	pipeline_score=40; farm_logP=10.35; max_variant=10; symbol=GW2|OsGW2; keyword=GA; Kinase; Ubiquitin; breeding; cell cycle; cell division; cell proliferation; chlorophyll content; culm; cytoplasm; development; grain; grain size; grain width; grain yield; leaf; leaf senescence; lodging; lodging resistance; nucleus; nutritional quality; pathogen; quality; reproductive; reproductive growth; resistance; root; seed; seed development; seed size; senescence; spikelet; vegetative; yield; recommendation_score=50
QTL3	Chr2-7959950	10.35	*	LOC_Os02g14730	2:8135361-8143469	20	10	10	12.0	0.0	0.0	15.0	*	47.0	RAP_Step2_all_TGW_quality.FarmCPUpeak_info	RAP_Step2_all_TGW_quality	LOC_Os02g14730	LG1|OsUBP15	grain; grain width; grain yield; yield	ubiquitin carboxyl-terminal hydrolase family protein, expressed	N	Y	Y	59	pipeline_score=47; farm_logP=10.35; max_variant=20; symbol=LG1|OsUBP15; keyword=grain; grain width; grain yield; yield; recommendation_score=59
QTL3	Chr2-7959950	10.35	*	Os02g0244450	2:8143624-8143679	*	*	*	12.0	0.0	0.0	5.0	*	17.0	RAP_Step2_all_TGW_quality.FarmCPUpeak_info	RAP_Step2_all_TGW_quality	Os02g0244450							17	pipeline_score=17; farm_logP=10.35; recommendation_score=17
QTL3	Chr2-7959950	10.35	*	LOC_Os02g14740	2:8151392-8151967	25	25	25	12.0	0.0	0.0	0.0	*	37.0	RAP_Step2_all_TGW_quality.FarmCPUpeak_info	RAP_Step2_all_TGW_quality	LOC_Os02g14740			expressed protein	Y	Y	Y	42	pipeline_score=37; farm_logP=10.35; max_variant=25; recommendation_score=42
QTL3	Chr2-7959950	10.35	*	LOC_Os02g14750	2:8157599-8158716	20	10	*	12.0	0.0	0.0	0.0	*	32.0	RAP_Step2_all_TGW_quality.FarmCPUpeak_info	RAP_Step2_all_TGW_quality	LOC_Os02g14750			hypothetical protein	N	N	Y	37	pipeline_score=32; farm_logP=10.35; max_variant=20; recommendation_score=37
QTL4	Chr2-24276084	8.41	*	LOC_Os02g39850	2:24080704-24084764	5	10	10	8.0	0.0	17.0	15.0	*	50.0	RAP_Step2_all_TGW_quality.FarmCPUpeak_info	RAP_Step2_all_TGW_quality	LOC_Os02g39850			transferase family protein, putative, expressed	N	Y	Y	53	pipeline_score=50; farm_logP=8.41; max_variant=10; recommendation_score=53
QTL4	Chr2-24276084	8.41	*	LOC_Os02g39860	2:24087415-24089271	20	25	*	8.0	0.0	0.0	0.0	*	33.0	RAP_Step2_all_TGW_quality.FarmCPUpeak_info	RAP_Step2_all_TGW_quality	LOC_Os02g39860			retrotransposon protein, putative, unclassified, expressed	Y	Y	Y	38	pipeline_score=33; farm_logP=8.41; max_variant=25; recommendation_score=38
QTL4	Chr2-24276084	8.41	*	LOC_Os02g39870	2:24090940-24094271	15	10	*	8.0	0.0	0.0	10.0	*	33.0	RAP_Step2_all_TGW_quality.FarmCPUpeak_info	RAP_Step2_all_TGW_quality	LOC_Os02g39870			co-chaperone GrpE protein, putative, expressed	N	Y	Y	36	pipeline_score=33; farm_logP=8.41; max_variant=15; recommendation_score=36
QTL4	Chr2-24276084	8.41	*	LOC_Os02g39880	2:24095854-24097712	20	10	5	8.0	0.0	0.0	15.0	*	43.0	RAP_Step2_all_TGW_quality.FarmCPUpeak_info	RAP_Step2_all_TGW_quality	LOC_Os02g39880			expressed protein	N	Y	Y	48	pipeline_score=43; farm_logP=8.41; max_variant=20; recommendation_score=48
QTL4	Chr2-24276084	8.41	*	LOC_Os02g39884	2:24098151-24099882	20	10	*	8.0	0.0	0.0	10.0	*	38.0	RAP_Step2_all_TGW_quality.FarmCPUpeak_info	RAP_Step2_all_TGW_quality	LOC_Os02g39884			expressed protein	N	Y	Y	43	pipeline_score=38; farm_logP=8.41; max_variant=20; recommendation_score=43
QTL4	Chr2-24276084	8.41	*	LOC_Os02g39890	2:24100078-24103493	5	10	5	8.0	0.0	10.0	15.0	abnormal	43.0	RAP_Step2_all_TGW_quality.FarmCPUpeak_info	RAP_Step2_all_TGW_quality	LOC_Os02g39890			RNA recognition motif containing protein, putative, expressed	N	Y	Y	49	pipeline_score=43; farm_logP=8.41; max_variant=10; match=abnormal; recommendation_score=49
QTL4	Chr2-24276084	8.41	*	LOC_Os02g39900	2:24110032-24114040	25	25	5	8.0	0.0	0.0	5.0	*	38.0	RAP_Step2_all_TGW_quality.FarmCPUpeak_info	RAP_Step2_all_TGW_quality	LOC_Os02g39900			transposon protein, putative, unclassified, expressed	Y	Y	Y	43	pipeline_score=38; farm_logP=8.41; max_variant=25; recommendation_score=43
QTL4	Chr2-24276084	8.41	*	Os02g0612600	2:24132135-24132736	20	25	5	8.0	0.0	0.0	15.0	*	48.0	RAP_Step2_all_TGW_quality.FarmCPUpeak_info	RAP_Step2_all_TGW_quality	Os02g0612600							53	pipeline_score=48; farm_logP=8.41; max_variant=25; recommendation_score=53
QTL4	Chr2-24276084	8.41	*	LOC_Os02g39910	2:24133183-24139373	20	10	*	8.0	0.0	0.0	10.0	*	38.0	RAP_Step2_all_TGW_quality.FarmCPUpeak_info	RAP_Step2_all_TGW_quality	LOC_Os02g39910			B4-BTB1 - Bric-a-Brac, Tramtrack, Broad Complex BTB domain with B4 subfamily conserved sequence, expressed	N	Y	Y	43	pipeline_score=38; farm_logP=8.41; max_variant=20; recommendation_score=43
QTL4	Chr2-24276084	8.41	*	LOC_Os02g39920	2:24139753-24146705	20	10	5	8.0	0.0	0.0	15.0	*	43.0	RAP_Step2_all_TGW_quality.FarmCPUpeak_info	RAP_Step2_all_TGW_quality	LOC_Os02g39920			AT hook motif family protein, expressed	N	Y	Y	48	pipeline_score=43; farm_logP=8.41; max_variant=20; recommendation_score=48
QTL4	Chr2-24276084	8.41	*	LOC_Os02g39930	2:24152112-24153073	5	5	*	8.0	5.0	10.0	10.0	*	38.0	RAP_Step2_all_TGW_quality.FarmCPUpeak_info	RAP_Step2_all_TGW_quality	LOC_Os02g39930			OsTIL-1  Temperature-induced lipocalin-1, expressed	N	Y	Y	38	pipeline_score=38; farm_logP=8.41; max_variant=5; recommendation_score=38
QTL4	Chr2-24276084	8.41	*	LOC_Os02g39940	2:24154021-24156450	25	25	*	8.0	0.0	0.0	0.0	*	33.0	RAP_Step2_all_TGW_quality.FarmCPUpeak_info	RAP_Step2_all_TGW_quality	LOC_Os02g39940			hypothetical protein	N	N	Y	38	pipeline_score=33; farm_logP=8.41; max_variant=25; recommendation_score=38
QTL4	Chr2-24276084	8.41	*	LOC_Os02g39950	2:24158477-24163085	20	10	*	8.0	0.0	0.0	10.0	*	38.0	RAP_Step2_all_TGW_quality.FarmCPUpeak_info	RAP_Step2_all_TGW_quality	LOC_Os02g39950			EF hand family protein, putative, expressed	N	Y	Y	43	pipeline_score=38; farm_logP=8.41; max_variant=20; recommendation_score=43
QTL4	Chr2-24276084	8.41	*	Os02g0613150	2:24163522-24165085	20	5	*	8.0	0.0	0.0	5.0	*	33.0	RAP_Step2_all_TGW_quality.FarmCPUpeak_info	RAP_Step2_all_TGW_quality	Os02g0613150							38	pipeline_score=33; farm_logP=8.41; max_variant=20; recommendation_score=38
QTL4	Chr2-24276084	8.41	*	LOC_Os02g39960	2:24163553-24165653	20	10	10	8.0	0.0	0.0	5.0	*	33.0	RAP_Step2_all_TGW_quality.FarmCPUpeak_info	RAP_Step2_all_TGW_quality	LOC_Os02g39960			exostosin family protein, putative, expressed	N	Y	Y	38	pipeline_score=33; farm_logP=8.41; max_variant=20; recommendation_score=38
QTL4	Chr2-24276084	8.41	*	LOC_Os02g39970	2:24166829-24174245	20	10	20	8.0	0.0	0.0	10.0	*	38.0	RAP_Step2_all_TGW_quality.FarmCPUpeak_info	RAP_Step2_all_TGW_quality	LOC_Os02g39970			regulatory subunit, putative, expressed	N	Y	Y	43	pipeline_score=38; farm_logP=8.41; max_variant=20; recommendation_score=43
QTL4	Chr2-24276084	8.41	*	Os02g0613300	2:24167321-24173310	20	5	5	8.0	0.0	0.0	18.0	*	46.0	RAP_Step2_all_TGW_quality.FarmCPUpeak_info	RAP_Step2_all_TGW_quality	Os02g0613300							51	pipeline_score=46; farm_logP=8.41; max_variant=20; recommendation_score=51
QTL4	Chr2-24276084	8.41	*	LOC_Os02g39980	2:24176470-24176966	20	25	10	8.0	0.0	0.0	0.0	*	33.0	RAP_Step2_all_TGW_quality.FarmCPUpeak_info	RAP_Step2_all_TGW_quality	LOC_Os02g39980			hypothetical protein	N	N	Y	38	pipeline_score=33; farm_logP=8.41; max_variant=25; recommendation_score=38
QTL4	Chr2-24276084	8.41	*	LOC_Os02g39990	2:24178332-24181293	20	5	*	8.0	0.0	0.0	15.0	*	43.0	RAP_Step2_all_TGW_quality.FarmCPUpeak_info	RAP_Step2_all_TGW_quality	LOC_Os02g39990			expressed protein	N	Y	Y	48	pipeline_score=43; farm_logP=8.41; max_variant=20; recommendation_score=48
QTL4	Chr2-24276084	8.41	*	LOC_Os02g40000	2:24196057-24201431	5	5	0	8.0	0.0	0.0	10.0	*	23.0	RAP_Step2_all_TGW_quality.FarmCPUpeak_info	RAP_Step2_all_TGW_quality	LOC_Os02g40000			trafficking protein particle complex subunit, putative, expressed	N	Y	Y	23	pipeline_score=23; farm_logP=8.41; max_variant=5; recommendation_score=23
QTL4	Chr2-24276084	8.41	*	LOC_Os02g40010	2:24223305-24228766	5	10	5	8.0	0.0	0.0	22.0	*	40.0	RAP_Step2_all_TGW_quality.FarmCPUpeak_info	RAP_Step2_all_TGW_quality	LOC_Os02g40010			phosphoribosyl transferase, putative, expressed	N	Y	Y	43	pipeline_score=40; farm_logP=8.41; max_variant=10; recommendation_score=43
QTL4	Chr2-24276084	8.41	*	LOC_Os02g40020	2:24228833-24229215	20	5	5	8.0	0.0	0.0	15.0	*	43.0	RAP_Step2_all_TGW_quality.FarmCPUpeak_info	RAP_Step2_all_TGW_quality	LOC_Os02g40020			expressed protein	N	Y	Y	48	pipeline_score=43; farm_logP=8.41; max_variant=20; recommendation_score=48
QTL4	Chr2-24276084	8.41	*	LOC_Os02g40030	2:24235668-24239781	20	10	10	8.0	0.0	0.0	10.0	*	38.0	RAP_Step2_all_TGW_quality.FarmCPUpeak_info	RAP_Step2_all_TGW_quality	LOC_Os02g40030	BC14|OsNST1	cell wall; cellulose; culm; growth; transporter	transporter family protein, putative, expressed	N	Y	Y	50	pipeline_score=38; farm_logP=8.41; max_variant=20; symbol=BC14|OsNST1; keyword=cell wall; cellulose; culm; growth; transporter; recommendation_score=50
QTL4	Chr2-24276084	8.41	*	LOC_Os02g40040	2:24240087-24242558	5	5	10	8.0	0.0	0.0	10.0	*	28.0	RAP_Step2_all_TGW_quality.FarmCPUpeak_info	RAP_Step2_all_TGW_quality	LOC_Os02g40040			expressed protein	N	Y	Y	31	pipeline_score=28; farm_logP=8.41; max_variant=10; recommendation_score=31
QTL4	Chr2-24276084	8.41	*	Os02g0614250	2:24242211-24242651	5	10	10	8.0	0.0	0.0	15.0	*	33.0	RAP_Step2_all_TGW_quality.FarmCPUpeak_info	RAP_Step2_all_TGW_quality	Os02g0614250							36	pipeline_score=33; farm_logP=8.41; max_variant=10; recommendation_score=36
QTL4	Chr2-24276084	8.41	*	LOC_Os02g40050	2:24254304-24255026	20	25	25	8.0	5.0	0.0	0.0	*	38.0	RAP_Step2_all_TGW_quality.FarmCPUpeak_info	RAP_Step2_all_TGW_quality	LOC_Os02g40050			retrotransposon protein, putative, unclassified	Y	N	Y	43	pipeline_score=38; farm_logP=8.41; max_variant=25; recommendation_score=43
QTL4	Chr2-24276084	8.41	*	LOC_Os02g40060	2:24256058-24257455	25	25	25	8.0	5.0	0.0	0.0	*	38.0	RAP_Step2_all_TGW_quality.FarmCPUpeak_info	RAP_Step2_all_TGW_quality	LOC_Os02g40060			retrotransposon protein, putative, unclassified	Y	N	Y	43	pipeline_score=38; farm_logP=8.41; max_variant=25; recommendation_score=43
QTL4	Chr2-24276084	8.41	*	LOC_Os02g40070	2:24261671-24266297	25	10	10	8.0	5.0	10.0	5.0	*	53.0	RAP_Step2_all_TGW_quality.FarmCPUpeak_info	RAP_Step2_all_TGW_quality	LOC_Os02g40070			AP2-like ethylene-responsive transcription factor PLETHORA 2, putative, expressed	N	Y	Y	58	pipeline_score=53; farm_logP=8.41; max_variant=25; recommendation_score=58
QTL4	Chr2-24276084	8.41	*	Os02g0614325	2:24265064-24265694	25	10	0	8.0	0.0	0.0	15.0	*	48.0	RAP_Step2_all_TGW_quality.FarmCPUpeak_info	RAP_Step2_all_TGW_quality	Os02g0614325							53	pipeline_score=48; farm_logP=8.41; max_variant=25; recommendation_score=53
QTL4	Chr2-24276084	8.41	*	LOC_Os02g40080	2:24268151-24270021	15	10	5	8.0	0.0	0.0	10.0	*	33.0	RAP_Step2_all_TGW_quality.FarmCPUpeak_info	RAP_Step2_all_TGW_quality	LOC_Os02g40080			tic20, putative, expressed	N	Y	Y	36	pipeline_score=33; farm_logP=8.41; max_variant=15; recommendation_score=36
QTL4	Chr2-24276084	8.41	*	LOC_Os02g40090	2:24270234-24273675	20	10	5	8.0	0.0	0.0	10.0	*	38.0	RAP_Step2_all_TGW_quality.FarmCPUpeak_info	RAP_Step2_all_TGW_quality	LOC_Os02g40090			transporter-related, putative, expressed	N	Y	Y	43	pipeline_score=38; farm_logP=8.41; max_variant=20; recommendation_score=43
QTL4	Chr2-24276084	8.41	*	LOC_Os02g40100	2:24276308-24281041	20	5	15	8.0	0.0	0.0	15.0	*	43.0	RAP_Step2_all_TGW_quality.FarmCPUpeak_info	RAP_Step2_all_TGW_quality	LOC_Os02g40100			plant protein of unknown function DUF869 domain containing protein, expressed	N	Y	Y	48	pipeline_score=43; farm_logP=8.41; max_variant=20; recommendation_score=48
QTL4	Chr2-24276084	8.41	*	Os02g0614666	2:24277921-24280957	20	10	0	8.0	0.0	0.0	18.0	*	46.0	RAP_Step2_all_TGW_quality.FarmCPUpeak_info	RAP_Step2_all_TGW_quality	Os02g0614666							51	pipeline_score=46; farm_logP=8.41; max_variant=20; recommendation_score=51
QTL4	Chr2-24276084	8.41	*	Os02g0614732	2:24283088-24285260	25	25	10	8.0	0.0	0.0	10.0	*	43.0	RAP_Step2_all_TGW_quality.FarmCPUpeak_info	RAP_Step2_all_TGW_quality	Os02g0614732							48	pipeline_score=43; farm_logP=8.41; max_variant=25; recommendation_score=48
QTL4	Chr2-24276084	8.41	*	LOC_Os02g40110	2:24283189-24284804	25	25	20	8.0	0.0	0.0	10.0	*	43.0	RAP_Step2_all_TGW_quality.FarmCPUpeak_info	RAP_Step2_all_TGW_quality	LOC_Os02g40110			expressed protein	N	Y	Y	48	pipeline_score=43; farm_logP=8.41; max_variant=25; recommendation_score=48
QTL4	Chr2-24276084	8.41	*	LOC_Os02g40120	2:24288819-24289641	25	25	25	8.0	0.0	0.0	15.0	*	48.0	RAP_Step2_all_TGW_quality.FarmCPUpeak_info	RAP_Step2_all_TGW_quality	LOC_Os02g40120			expressed protein	N	Y	Y	53	pipeline_score=48; farm_logP=8.41; max_variant=25; recommendation_score=53
QTL4	Chr2-24276084	8.41	*	LOC_Os02g40130	2:24293135-24293959	25	25	25	8.0	5.0	0.0	5.0	*	43.0	RAP_Step2_all_TGW_quality.FarmCPUpeak_info	RAP_Step2_all_TGW_quality	LOC_Os02g40130			leucine-rich, putative, expressed	N	Y	Y	48	pipeline_score=43; farm_logP=8.41; max_variant=25; recommendation_score=48
QTL4	Chr2-24276084	8.41	*	LOC_Os02g40140	2:24299926-24302290	25	25	25	8.0	0.0	0.0	0.0	*	33.0	RAP_Step2_all_TGW_quality.FarmCPUpeak_info	RAP_Step2_all_TGW_quality	LOC_Os02g40140			transposon protein, putative, unclassified, expressed	Y	Y	Y	38	pipeline_score=33; farm_logP=8.41; max_variant=25; recommendation_score=38
QTL4	Chr2-24276084	8.41	*	LOC_Os02g40150	2:24305367-24306160	25	25	25	8.0	0.0	0.0	0.0	*	33.0	RAP_Step2_all_TGW_quality.FarmCPUpeak_info	RAP_Step2_all_TGW_quality	LOC_Os02g40150			retrotransposon protein, putative, unclassified, expressed	Y	Y	Y	38	pipeline_score=33; farm_logP=8.41; max_variant=25; recommendation_score=38
QTL4	Chr2-24276084	8.41	*	LOC_Os02g40160	2:24307348-24308709	20	*	25	8.0	0.0	0.0	0.0	*	33.0	RAP_Step2_all_TGW_quality.FarmCPUpeak_info	RAP_Step2_all_TGW_quality	LOC_Os02g40160			retrotransposon protein, putative, unclassified	Y	N	Y	38	pipeline_score=33; farm_logP=8.41; max_variant=25; recommendation_score=38
QTL4	Chr2-24276084	8.41	*	LOC_Os02g40170	2:24311826-24312619	5	25	25	8.0	0.0	0.0	0.0	*	33.0	RAP_Step2_all_TGW_quality.FarmCPUpeak_info	RAP_Step2_all_TGW_quality	LOC_Os02g40170			retrotransposon protein, putative, unclassified, expressed	Y	Y	Y	38	pipeline_score=33; farm_logP=8.41; max_variant=25; recommendation_score=38
QTL4	Chr2-24276084	8.41	*	LOC_Os02g40180	2:24315760-24318863	25	25	25	8.0	0.0	0.0	18.0	*	51.0	RAP_Step2_all_TGW_quality.FarmCPUpeak_info	RAP_Step2_all_TGW_quality	LOC_Os02g40180			receptor-like protein kinase 5 precursor, putative, expressed	N	Y	Y	56	pipeline_score=51; farm_logP=8.41; max_variant=25; recommendation_score=56
QTL4	Chr2-24276084	8.41	*	LOC_Os02g40190	2:24323432-24324493	20	25	25	8.0	0.0	0.0	5.0	*	38.0	RAP_Step2_all_TGW_quality.FarmCPUpeak_info	RAP_Step2_all_TGW_quality	LOC_Os02g40190			receptor kinase, putative, expressed	N	Y	Y	43	pipeline_score=38; farm_logP=8.41; max_variant=25; recommendation_score=43
QTL4	Chr2-24276084	8.41	*	LOC_Os02g40200	2:24327114-24331291	25	25	25	8.0	0.0	0.0	5.0	*	38.0	RAP_Step2_all_TGW_quality.FarmCPUpeak_info	RAP_Step2_all_TGW_quality	LOC_Os02g40200			receptor-like protein kinase precursor, putative, expressed	N	Y	Y	43	pipeline_score=38; farm_logP=8.41; max_variant=25; recommendation_score=43
QTL4	Chr2-24276084	8.41	*	LOC_Os02g40210	2:24332409-24333029	*	*	25	8.0	0.0	0.0	0.0	*	33.0	RAP_Step2_all_TGW_quality.FarmCPUpeak_info	RAP_Step2_all_TGW_quality	LOC_Os02g40210			expressed protein	N	Y	Y	38	pipeline_score=33; farm_logP=8.41; max_variant=25; recommendation_score=38
QTL4	Chr2-24276084	8.41	*	LOC_Os02g40220	2:24333632-24334672	*	*	25	8.0	0.0	0.0	0.0	*	33.0	RAP_Step2_all_TGW_quality.FarmCPUpeak_info	RAP_Step2_all_TGW_quality	LOC_Os02g40220			retrotransposon protein, putative, Ty1-copia subclass, expressed	Y	Y	Y	38	pipeline_score=33; farm_logP=8.41; max_variant=25; recommendation_score=38
QTL4	Chr2-24276084	8.41	*	LOC_Os02g40230	2:24335043-24338983	25	25	25	8.0	0.0	0.0	0.0	*	33.0	RAP_Step2_all_TGW_quality.FarmCPUpeak_info	RAP_Step2_all_TGW_quality	LOC_Os02g40230			retrotransposon protein, putative, Ty1-copia subclass, expressed	Y	Y	Y	38	pipeline_score=33; farm_logP=8.41; max_variant=25; recommendation_score=38
QTL4	Chr2-24276084	8.41	*	LOC_Os02g40240	2:24350428-24354694	5	10	20	8.0	0.0	0.0	20.0	*	48.0	RAP_Step2_all_TGW_quality.FarmCPUpeak_info	RAP_Step2_all_TGW_quality	LOC_Os02g40240	LP2	drought; drought sensitivity; leaf; panicle; reproductive; root; seed; seedling	receptor kinase, putative, expressed	N	Y	Y	60	pipeline_score=48; farm_logP=8.41; max_variant=20; symbol=LP2; keyword=drought; drought sensitivity; leaf; panicle; reproductive; root; seed; seedling; recommendation_score=60
QTL4	Chr2-24276084	8.41	*	LOC_Os02g40250	2:24361094-24369644	1	*	25	8.0	0.0	0.0	22.0	*	55.0	RAP_Step2_all_TGW_quality.FarmCPUpeak_info	RAP_Step2_all_TGW_quality	LOC_Os02g40250			retrotransposon protein, putative, unclassified, expressed	Y	Y	Y	60	pipeline_score=55; farm_logP=8.41; max_variant=25; recommendation_score=60
QTL4	Chr2-24276084	8.41	*	LOC_Os02g40260	2:24372805-24374496	20	25	25	8.0	5.0	0.0	22.0	*	60.0	RAP_Step2_all_TGW_quality.FarmCPUpeak_info	RAP_Step2_all_TGW_quality	LOC_Os02g40260			uncharacterized protein At4g06744 precursor, putative, expressed	N	Y	Y	65	pipeline_score=60; farm_logP=8.41; max_variant=25; recommendation_score=65
QTL4	Chr2-24276084	8.41	*	LOC_Os02g40270	2:24380891-24382673	25	25	25	8.0	0.0	0.0	22.0	*	55.0	RAP_Step2_all_TGW_quality.FarmCPUpeak_info	RAP_Step2_all_TGW_quality	LOC_Os02g40270			expressed protein	N	Y	Y	60	pipeline_score=55; farm_logP=8.41; max_variant=25; recommendation_score=60
QTL4	Chr2-24276084	8.41	*	LOC_Os02g40280	2:24390731-24396384	25	5	25	8.0	0.0	0.0	20.0	*	53.0	RAP_Step2_all_TGW_quality.FarmCPUpeak_info	RAP_Step2_all_TGW_quality	LOC_Os02g40280			piwi domain containing protein, putative, expressed	N	Y	Y	58	pipeline_score=53; farm_logP=8.41; max_variant=25; recommendation_score=58
QTL4	Chr2-24276084	8.41	*	Os02g0616450	2:24391737-24395742	25	10	20	8.0	0.0	0.0	22.0	*	55.0	RAP_Step2_all_TGW_quality.FarmCPUpeak_info	RAP_Step2_all_TGW_quality	Os02g0616450							60	pipeline_score=55; farm_logP=8.41; max_variant=25; recommendation_score=60
QTL4	Chr2-24276084	8.41	*	LOC_Os02g40300	2:24397531-24398769	*	5	25	8.0	5.0	0.0	0.0	*	38.0	RAP_Step2_all_TGW_quality.FarmCPUpeak_info	RAP_Step2_all_TGW_quality	LOC_Os02g40300			retrotransposon protein, putative, unclassified, expressed	Y	Y	Y	43	pipeline_score=38; farm_logP=8.41; max_variant=25; recommendation_score=43
QTL4	Chr2-24276084	8.41	*	LOC_Os02g40310	2:24400323-24403201	*	*	25	8.0	0.0	0.0	22.0	*	55.0	RAP_Step2_all_TGW_quality.FarmCPUpeak_info	RAP_Step2_all_TGW_quality	LOC_Os02g40310			retrotransposon protein, putative, unclassified, expressed	Y	Y	Y	60	pipeline_score=55; farm_logP=8.41; max_variant=25; recommendation_score=60
QTL4	Chr2-24276084	8.41	*	LOC_Os02g40320	2:24403529-24408504	25	25	25	8.0	0.0	0.0	20.0	*	53.0	RAP_Step2_all_TGW_quality.FarmCPUpeak_info	RAP_Step2_all_TGW_quality	LOC_Os02g40320			PINHEAD, putative, expressed	N	Y	Y	58	pipeline_score=53; farm_logP=8.41; max_variant=25; recommendation_score=58
QTL4	Chr2-24276084	8.41	*	LOC_Os02g40330	2:24409309-24414084	20	10	20	8.0	0.0	0.0	22.0	*	50.0	RAP_Step2_all_TGW_quality.FarmCPUpeak_info	RAP_Step2_all_TGW_quality	LOC_Os02g40330			retrotransposon protein, putative, Ty3-gypsy subclass, expressed	Y	Y	Y	55	pipeline_score=50; farm_logP=8.41; max_variant=20; recommendation_score=55
QTL4	Chr2-24276084	8.41	*	LOC_Os02g40340	2:24432051-24435197	25	10	20	8.0	0.0	0.0	15.0	*	48.0	RAP_Step2_all_TGW_quality.FarmCPUpeak_info	RAP_Step2_all_TGW_quality	LOC_Os02g40340			expressed protein	N	Y	Y	53	pipeline_score=48; farm_logP=8.41; max_variant=25; recommendation_score=53
QTL4	Chr2-24276084	8.41	*	LOC_Os02g40350	2:24435939-24438119	25	25	25	8.0	0.0	0.0	5.0	*	38.0	RAP_Step2_all_TGW_quality.FarmCPUpeak_info	RAP_Step2_all_TGW_quality	LOC_Os02g40350			transposon protein, putative, unclassified, expressed	Y	Y	Y	43	pipeline_score=38; farm_logP=8.41; max_variant=25; recommendation_score=43
QTL4	Chr2-24276084	8.41	*	LOC_Os02g40360	2:24440684-24446952	25	25	25	8.0	0.0	0.0	0.0	*	33.0	RAP_Step2_all_TGW_quality.FarmCPUpeak_info	RAP_Step2_all_TGW_quality	LOC_Os02g40360			retrotransposon protein, putative, unclassified, expressed	Y	Y	Y	38	pipeline_score=33; farm_logP=8.41; max_variant=25; recommendation_score=38
QTL4	Chr2-24276084	8.41	*	LOC_Os02g40370	2:24450180-24450419	5	5	25	8.0	0.0	0.0	0.0	*	33.0	RAP_Step2_all_TGW_quality.FarmCPUpeak_info	RAP_Step2_all_TGW_quality	LOC_Os02g40370			retrotransposon protein, putative, unclassified	Y	N	Y	38	pipeline_score=33; farm_logP=8.41; max_variant=25; recommendation_score=38
QTL4	Chr2-24276084	8.41	*	LOC_Os02g40380	2:24450783-24451115	*	5	25	8.0	0.0	0.0	0.0	*	33.0	RAP_Step2_all_TGW_quality.FarmCPUpeak_info	RAP_Step2_all_TGW_quality	LOC_Os02g40380			retrotransposon protein, putative, unclassified	Y	N	Y	38	pipeline_score=33; farm_logP=8.41; max_variant=25; recommendation_score=38
QTL4	Chr2-24276084	8.41	*	LOC_Os02g40390	2:24451753-24457908	5	5	25	8.0	0.0	10.0	5.0	*	48.0	RAP_Step2_all_TGW_quality.FarmCPUpeak_info	RAP_Step2_all_TGW_quality	LOC_Os02g40390			retrotransposon protein, putative, unclassified, expressed	Y	Y	Y	53	pipeline_score=48; farm_logP=8.41; max_variant=25; recommendation_score=53
QTL4	Chr2-24276084	8.41	*	LOC_Os02g40400	2:24462248-24467715	25	25	25	8.0	5.0	0.0	20.0	*	58.0	RAP_Step2_all_TGW_quality.FarmCPUpeak_info	RAP_Step2_all_TGW_quality	LOC_Os02g40400			expressed protein	N	Y	Y	63	pipeline_score=58; farm_logP=8.41; max_variant=25; recommendation_score=63
QTL4	Chr2-24276084	8.41	*	LOC_Os02g40410	2:24471544-24477323	20	10	20	8.0	0.0	0.0	20.0	*	48.0	RAP_Step2_all_TGW_quality.FarmCPUpeak_info	RAP_Step2_all_TGW_quality	LOC_Os02g40410			expressed protein	N	Y	Y	53	pipeline_score=48; farm_logP=8.41; max_variant=20; recommendation_score=53
QTL5	Chr2-28027697	5.24	*	LOC_Os02g45740	2:27831421-27832446	15	25	25	2.0	0.0	0.0	0.0	*	27.0	RAP_Step2_all_TGW_quality.FarmCPUpeak_info	RAP_Step2_all_TGW_quality	LOC_Os02g45740			expressed protein	N	Y	Y	32	pipeline_score=27; farm_logP=5.24; max_variant=25; recommendation_score=32
QTL5	Chr2-28027697	5.24	*	LOC_Os02g45750	2:27837634-27841235	5	10	10	2.0	0.0	0.0	10.0	*	22.0	RAP_Step2_all_TGW_quality.FarmCPUpeak_info	RAP_Step2_all_TGW_quality	LOC_Os02g45750			protein kinase domain containing protein, expressed	N	Y	Y	25	pipeline_score=22; farm_logP=5.24; max_variant=10; recommendation_score=25
QTL5	Chr2-28027697	5.24	*	LOC_Os02g45760	2:27853853-27856163	20	5	*	2.0	0.0	0.0	18.0	*	40.0	RAP_Step2_all_TGW_quality.FarmCPUpeak_info	RAP_Step2_all_TGW_quality	LOC_Os02g45760			chitin-inducible gibberellin-responsive protein 2, putative, expressed	N	Y	Y	45	pipeline_score=40; farm_logP=5.24; max_variant=20; recommendation_score=45
QTL5	Chr2-28027697	5.24	*	LOC_Os02g45770	2:27875979-27884079	15	10	*	2.0	5.0	0.0	22.0	*	44.0	RAP_Step2_all_TGW_quality.FarmCPUpeak_info	RAP_Step2_all_TGW_quality	LOC_Os02g45770	AFG1|MFO1|OsMADS6	auxin; endosperm; fertility; floral; floral meristem; flower; grain; grain quality; grain size; grain yield; lemma; meristem; palea; quality; spikelet; spikelet meristem; stamen; starch; sugar; transcription factor; transcriptional activator; vegetative; yield	OsMADS6 - MADS-box family gene with MIKCc type-box, expressed	N	Y	Y	54	pipeline_score=44; farm_logP=5.24; max_variant=15; symbol=AFG1|MFO1|OsMADS6; keyword=auxin; endosperm; fertility; floral; floral meristem; flower; grain; grain quality; grain size; grain yield; lemma; meristem; palea; quality; spikelet; spikelet meristem; stamen; starch; sugar; transcription factor; transcriptional activator; vegetative; yield; recommendation_score=54
QTL5	Chr2-28027697	5.24	*	LOC_Os02g45780	2:27886977-27888250	5	5	*	2.0	5.0	0.0	5.0	*	17.0	RAP_Step2_all_TGW_quality.FarmCPUpeak_info	RAP_Step2_all_TGW_quality	LOC_Os02g45780	DHS	Ubiquitin; drought; drought stress; stress	zinc finger, C3HC4 type domain containing protein, expressed	N	Y	Y	24	pipeline_score=17; farm_logP=5.24; max_variant=5; symbol=DHS; keyword=Ubiquitin; drought; drought stress; stress; recommendation_score=24
QTL5	Chr2-28027697	5.24	*	LOC_Os02g45790	2:27892087-27898204	25	25	25	2.0	0.0	10.0	0.0	*	37.0	RAP_Step2_all_TGW_quality.FarmCPUpeak_info	RAP_Step2_all_TGW_quality	LOC_Os02g45790			retrotransposon protein, putative, Ty3-gypsy subclass, expressed	Y	Y	Y	42	pipeline_score=37; farm_logP=5.24; max_variant=25; recommendation_score=42
QTL5	Chr2-28027697	5.24	*	LOC_Os02g45800	2:27898534-27901454	25	25	*	2.0	0.0	0.0	0.0	*	27.0	RAP_Step2_all_TGW_quality.FarmCPUpeak_info	RAP_Step2_all_TGW_quality	LOC_Os02g45800			retrotransposon protein, putative, unclassified, expressed	Y	Y	Y	32	pipeline_score=27; farm_logP=5.24; max_variant=25; recommendation_score=32
QTL5	Chr2-28027697	5.24	*	LOC_Os02g45810	2:27906289-27909389	5	5	*	2.0	0.0	17.0	15.0	*	39.0	RAP_Step2_all_TGW_quality.FarmCPUpeak_info	RAP_Step2_all_TGW_quality	LOC_Os02g45810	OsTTG1	pericarp; transcription factor	WD domain, G-beta repeat domain containing protein, expressed	N	Y	Y	46	pipeline_score=39; farm_logP=5.24; max_variant=5; symbol=OsTTG1; keyword=pericarp; transcription factor; recommendation_score=46
QTL5	Chr2-28027697	5.24	*	LOC_Os02g45820	2:27909552-27912067	20	5	*	2.0	0.0	0.0	15.0	*	37.0	RAP_Step2_all_TGW_quality.FarmCPUpeak_info	RAP_Step2_all_TGW_quality	LOC_Os02g45820			mitochondrial import inner membrane translocase subunit Tim, putative, expressed	N	Y	Y	42	pipeline_score=37; farm_logP=5.24; max_variant=20; recommendation_score=42
QTL5	Chr2-28027697	5.24	*	LOC_Os02g45830	2:27912870-27916096	20	25	0	2.0	0.0	0.0	5.0	*	32.0	RAP_Step2_all_TGW_quality.FarmCPUpeak_info	RAP_Step2_all_TGW_quality	LOC_Os02g45830			expressed protein	N	Y	Y	37	pipeline_score=32; farm_logP=5.24; max_variant=25; recommendation_score=37
QTL5	Chr2-28027697	5.24	*	LOC_Os02g45840	2:27922514-27923671	25	10	25	2.0	5.0	0.0	0.0	*	32.0	RAP_Step2_all_TGW_quality.FarmCPUpeak_info	RAP_Step2_all_TGW_quality	LOC_Os02g45840			retrotransposon protein, putative, unclassified, expressed	Y	Y	Y	37	pipeline_score=32; farm_logP=5.24; max_variant=25; recommendation_score=37
QTL5	Chr2-28027697	5.24	*	Os02g0683100	2:27932828-27934315	20	10	0	2.0	0.0	0.0	18.0	*	40.0	RAP_Step2_all_TGW_quality.FarmCPUpeak_info	RAP_Step2_all_TGW_quality	Os02g0683100							45	pipeline_score=40; farm_logP=5.24; max_variant=20; recommendation_score=45
QTL5	Chr2-28027697	5.24	*	LOC_Os02g45850	2:27932831-27934689	20	10	15	2.0	5.0	0.0	18.0	*	45.0	RAP_Step2_all_TGW_quality.FarmCPUpeak_info	RAP_Step2_all_TGW_quality	LOC_Os02g45850	RAV6	BR; homeostasis; leaf; seed; seed size	B3 DNA binding domain containing protein, expressed	N	Y	Y	57	pipeline_score=45; farm_logP=5.24; max_variant=20; symbol=RAV6; keyword=BR; homeostasis; leaf; seed; seed size; recommendation_score=57
QTL5	Chr2-28027697	5.24	*	LOC_Os02g45860	2:27959797-27960558	5	10	5	2.0	0.0	0.0	22.0	*	34.0	RAP_Step2_all_TGW_quality.FarmCPUpeak_info	RAP_Step2_all_TGW_quality	LOC_Os02g45860			expressed protein	N	Y	Y	37	pipeline_score=34; farm_logP=5.24; max_variant=10; recommendation_score=37
QTL5	Chr2-28027697	5.24	*	LOC_Os02g45870	2:27962106-27965273	5	5	*	2.0	0.0	0.0	10.0	*	17.0	RAP_Step2_all_TGW_quality.FarmCPUpeak_info	RAP_Step2_all_TGW_quality	LOC_Os02g45870			tobamovirus multiplication protein, putative, expressed	N	Y	Y	17	pipeline_score=17; farm_logP=5.24; max_variant=5; recommendation_score=17
QTL5	Chr2-28027697	5.24	*	LOC_Os02g45880	2:27965593-27966300	20	5	*	2.0	0.0	0.0	10.0	*	32.0	RAP_Step2_all_TGW_quality.FarmCPUpeak_info	RAP_Step2_all_TGW_quality	LOC_Os02g45880			expressed protein	N	Y	Y	37	pipeline_score=32; farm_logP=5.24; max_variant=20; recommendation_score=37
QTL5	Chr2-28027697	5.24	*	LOC_Os02g45890	2:27967467-27968844	20	10	10	2.0	0.0	0.0	5.0	*	27.0	RAP_Step2_all_TGW_quality.FarmCPUpeak_info	RAP_Step2_all_TGW_quality	LOC_Os02g45890			sulfotransferase domain containing protein, expressed	N	Y	Y	32	pipeline_score=27; farm_logP=5.24; max_variant=20; recommendation_score=32
QTL5	Chr2-28027697	5.24	*	LOC_Os02g45900	2:27970104-27972033	20	5	0	2.0	0.0	0.0	0.0	*	22.0	RAP_Step2_all_TGW_quality.FarmCPUpeak_info	RAP_Step2_all_TGW_quality	LOC_Os02g45900			tRNA-splicing endonuclease positive effector-related, putative, expressed	N	Y	Y	27	pipeline_score=22; farm_logP=5.24; max_variant=20; recommendation_score=27
QTL5	Chr2-28027697	5.24	*	LOC_Os02g45910	2:27977587-27979810	25	25	*	2.0	0.0	0.0	0.0	*	27.0	RAP_Step2_all_TGW_quality.FarmCPUpeak_info	RAP_Step2_all_TGW_quality	LOC_Os02g45910			tRNA-splicing endonuclease positive effector-related, putative, expressed	N	Y	Y	32	pipeline_score=27; farm_logP=5.24; max_variant=25; recommendation_score=32
QTL5	Chr2-28027697	5.24	*	LOC_Os02g45920	2:27984937-27989356	5	5	*	2.0	0.0	0.0	15.0	*	22.0	RAP_Step2_all_TGW_quality.FarmCPUpeak_info	RAP_Step2_all_TGW_quality	LOC_Os02g45920			expressed protein	N	Y	Y	22	pipeline_score=22; farm_logP=5.24; max_variant=5; recommendation_score=22
QTL5	Chr2-28027697	5.24	*	LOC_Os02g45930	2:27989366-27990587	5	10	*	2.0	0.0	0.0	5.0	*	17.0	RAP_Step2_all_TGW_quality.FarmCPUpeak_info	RAP_Step2_all_TGW_quality	LOC_Os02g45930			expressed protein	N	Y	Y	20	pipeline_score=17; farm_logP=5.24; max_variant=10; recommendation_score=20
QTL5	Chr2-28027697	5.24	*	LOC_Os02g45940	2:27993898-27994741	5	10	*	2.0	0.0	0.0	22.0	*	34.0	RAP_Step2_all_TGW_quality.FarmCPUpeak_info	RAP_Step2_all_TGW_quality	LOC_Os02g45940			Core histone H2A/H2B/H3/H4 domain containing protein, putative, expressed	N	Y	Y	37	pipeline_score=34; farm_logP=5.24; max_variant=10; recommendation_score=37
QTL5	Chr2-28027697	5.24	*	LOC_Os02g45950	2:27995118-27998650	10	10	*	2.0	0.0	0.0	15.0	*	27.0	RAP_Step2_all_TGW_quality.FarmCPUpeak_info	RAP_Step2_all_TGW_quality	LOC_Os02g45950			expressed protein	N	Y	Y	30	pipeline_score=27; farm_logP=5.24; max_variant=10; recommendation_score=30
QTL5	Chr2-28027697	5.24	*	LOC_Os02g45960	2:28000549-28006378	25	25	25	2.0	0.0	0.0	0.0	*	27.0	RAP_Step2_all_TGW_quality.FarmCPUpeak_info	RAP_Step2_all_TGW_quality	LOC_Os02g45960			transposon protein, putative, unclassified, expressed	Y	Y	Y	32	pipeline_score=27; farm_logP=5.24; max_variant=25; recommendation_score=32
QTL5	Chr2-28027697	5.24	*	LOC_Os02g45974	2:28012811-28015364	20	5	*	2.0	0.0	0.0	10.0	*	32.0	RAP_Step2_all_TGW_quality.FarmCPUpeak_info	RAP_Step2_all_TGW_quality	LOC_Os02g45974			expressed protein	N	Y	Y	37	pipeline_score=32; farm_logP=5.24; max_variant=20; recommendation_score=37
QTL5	Chr2-28027697	5.24	*	LOC_Os02g45980	2:28014822-28020814	18	5	5	2.0	0.0	0.0	20.0	*	40.0	RAP_Step2_all_TGW_quality.FarmCPUpeak_info	RAP_Step2_all_TGW_quality	LOC_Os02g45980			ZR1 protein, putative, expressed	N	Y	Y	43	pipeline_score=40; farm_logP=5.24; max_variant=18; recommendation_score=43
QTL5	Chr2-28027697	5.24	*	LOC_Os02g45990	2:28023152-28026080	25	25	25	2.0	0.0	0.0	0.0	*	27.0	RAP_Step2_all_TGW_quality.FarmCPUpeak_info	RAP_Step2_all_TGW_quality	LOC_Os02g45990			retrotransposon protein, putative, unclassified, expressed	Y	Y	Y	32	pipeline_score=27; farm_logP=5.24; max_variant=25; recommendation_score=32
QTL5	Chr2-28027697	5.24	*	LOC_Os02g46000	2:28027367-28029844	25	25	*	2.0	0.0	0.0	0.0	*	27.0	RAP_Step2_all_TGW_quality.FarmCPUpeak_info	RAP_Step2_all_TGW_quality	LOC_Os02g46000			retrotransposon protein, putative, unclassified	Y	N	Y	32	pipeline_score=27; farm_logP=5.24; max_variant=25; recommendation_score=32
QTL5	Chr2-28027697	5.24	*	LOC_Os02g46010	2:28030502-28032915	25	25	0	2.0	0.0	0.0	0.0	*	27.0	RAP_Step2_all_TGW_quality.FarmCPUpeak_info	RAP_Step2_all_TGW_quality	LOC_Os02g46010			retrotransposon protein, putative, unclassified	Y	N	Y	32	pipeline_score=27; farm_logP=5.24; max_variant=25; recommendation_score=32
QTL5	Chr2-28027697	5.24	*	LOC_Os02g46020	2:28035598-28036035	25	25	5	2.0	0.0	0.0	0.0	*	27.0	RAP_Step2_all_TGW_quality.FarmCPUpeak_info	RAP_Step2_all_TGW_quality	LOC_Os02g46020			transposon protein, putative, unclassified, expressed	Y	Y	Y	32	pipeline_score=27; farm_logP=5.24; max_variant=25; recommendation_score=32
QTL5	Chr2-28027697	5.24	*	LOC_Os02g46030	2:28041115-28044149	5	10	10	2.0	0.0	10.0	5.0	*	27.0	RAP_Step2_all_TGW_quality.FarmCPUpeak_info	RAP_Step2_all_TGW_quality	LOC_Os02g46030	CMYB1|LHY-like_chr.2|OsMyb1R	stem; transcription activator	MYB family transcription factor, putative, expressed	N	Y	Y	37	pipeline_score=27; farm_logP=5.24; max_variant=10; symbol=CMYB1|LHY-like_chr.2|OsMyb1R; keyword=stem; transcription activator; recommendation_score=37
QTL5	Chr2-28027697	5.24	*	Os02g0685350	2:28042739-28043474	5	10	*	2.0	0.0	0.0	15.0	*	27.0	RAP_Step2_all_TGW_quality.FarmCPUpeak_info	RAP_Step2_all_TGW_quality	Os02g0685350							30	pipeline_score=27; farm_logP=5.24; max_variant=10; recommendation_score=30
QTL5	Chr2-28027697	5.24	*	LOC_Os02g46040	2:28053920-28060076	25	25	25	2.0	0.0	10.0	0.0	*	37.0	RAP_Step2_all_TGW_quality.FarmCPUpeak_info	RAP_Step2_all_TGW_quality	LOC_Os02g46040			retrotransposon protein, putative, unclassified, expressed	Y	Y	Y	42	pipeline_score=37; farm_logP=5.24; max_variant=25; recommendation_score=42
QTL5	Chr2-28027697	5.24	*	LOC_Os02g46050	2:28060704-28063994	25	25	25	2.0	0.0	0.0	5.0	*	32.0	RAP_Step2_all_TGW_quality.FarmCPUpeak_info	RAP_Step2_all_TGW_quality	LOC_Os02g46050			retrotransposon protein, putative, unclassified, expressed	Y	Y	Y	37	pipeline_score=32; farm_logP=5.24; max_variant=25; recommendation_score=37
QTL5	Chr2-28027697	5.24	*	LOC_Os02g46060	2:28064879-28069615	25	25	25	2.0	0.0	0.0	0.0	*	27.0	RAP_Step2_all_TGW_quality.FarmCPUpeak_info	RAP_Step2_all_TGW_quality	LOC_Os02g46060			retrotransposon protein, putative, Ty1-copia subclass	Y	N	Y	32	pipeline_score=27; farm_logP=5.24; max_variant=25; recommendation_score=32
QTL5	Chr2-28027697	5.24	*	LOC_Os02g46070	2:28072957-28075302	25	25	20	2.0	0.0	0.0	0.0	*	27.0	RAP_Step2_all_TGW_quality.FarmCPUpeak_info	RAP_Step2_all_TGW_quality	LOC_Os02g46070			transposon protein, putative, unclassified, expressed	Y	Y	Y	32	pipeline_score=27; farm_logP=5.24; max_variant=25; recommendation_score=32
QTL5	Chr2-28027697	5.24	*	LOC_Os02g46080	2:28078822-28081773	5	10	5	2.0	0.0	0.0	15.0	*	27.0	RAP_Step2_all_TGW_quality.FarmCPUpeak_info	RAP_Step2_all_TGW_quality	LOC_Os02g46080			protein phosphatase 2C, putative, expressed	N	Y	Y	30	pipeline_score=27; farm_logP=5.24; max_variant=10; recommendation_score=30
QTL5	Chr2-28027697	5.24	*	Os02g0685750	2:28086317-28092008	20	5	*	2.0	0.0	0.0	18.0	*	40.0	RAP_Step2_all_TGW_quality.FarmCPUpeak_info	RAP_Step2_all_TGW_quality	Os02g0685750							45	pipeline_score=40; farm_logP=5.24; max_variant=20; recommendation_score=45
QTL5	Chr2-28027697	5.24	*	LOC_Os02g46090	2:28086381-28092152	20	10	*	2.0	0.0	10.0	18.0	*	50.0	RAP_Step2_all_TGW_quality.FarmCPUpeak_info	RAP_Step2_all_TGW_quality	LOC_Os02g46090			CAMK_CAMK_like.15 - CAMK includes calcium/calmodulin depedent protein kinases, expressed	N	Y	Y	55	pipeline_score=50; farm_logP=5.24; max_variant=20; recommendation_score=55
QTL5	Chr2-28027697	5.24	*	LOC_Os02g46100	2:28096979-28098033	15	5	*	2.0	5.0	0.0	20.0	*	42.0	RAP_Step2_all_TGW_quality.FarmCPUpeak_info	RAP_Step2_all_TGW_quality	LOC_Os02g46100			RING-H2 finger protein, putative, expressed	N	Y	Y	45	pipeline_score=42; farm_logP=5.24; max_variant=15; recommendation_score=45
QTL5	Chr2-28027697	5.24	*	LOC_Os02g46110	2:28105371-28106913	20	5	*	2.0	0.0	0.0	0.0	*	22.0	RAP_Step2_all_TGW_quality.FarmCPUpeak_info	RAP_Step2_all_TGW_quality	LOC_Os02g46110			expressed protein	N	Y	Y	27	pipeline_score=22; farm_logP=5.24; max_variant=20; recommendation_score=27
QTL5	Chr2-28027697	5.24	*	LOC_Os02g46120	2:28108632-28113427	5	5	*	2.0	0.0	0.0	15.0	*	22.0	RAP_Step2_all_TGW_quality.FarmCPUpeak_info	RAP_Step2_all_TGW_quality	LOC_Os02g46120			regulatory protein, putative, expressed	N	Y	Y	22	pipeline_score=22; farm_logP=5.24; max_variant=5; recommendation_score=22
QTL5	Chr2-28027697	5.24	*	LOC_Os02g46130	2:28113604-28118991	5	5	*	2.0	0.0	10.0	15.0	*	32.0	RAP_Step2_all_TGW_quality.FarmCPUpeak_info	RAP_Step2_all_TGW_quality	LOC_Os02g46130	YLC3	chloroplast; chloroplast development; cytosol; development; homeostasis; map-based cloning; mitochondria	tRNA synthetases class II domain containing protein, expressed	N	Y	Y	39	pipeline_score=32; farm_logP=5.24; max_variant=5; symbol=YLC3; keyword=chloroplast; chloroplast development; cytosol; development; homeostasis; map-based cloning; mitochondria; recommendation_score=39
QTL5	Chr2-28027697	5.24	*	Os02g0686450	2:28114005-28118374	1	*	*	2.0	0.0	0.0	18.0	*	21.0	RAP_Step2_all_TGW_quality.FarmCPUpeak_info	RAP_Step2_all_TGW_quality	Os02g0686450							21	pipeline_score=21; farm_logP=5.24; max_variant=1; recommendation_score=21
QTL5	Chr2-28027697	5.24	*	LOC_Os02g46140	2:28122304-28124165	25	5	*	2.0	0.0	0.0	18.0	*	45.0	RAP_Step2_all_TGW_quality.FarmCPUpeak_info	RAP_Step2_all_TGW_quality	LOC_Os02g46140			OsFBX59 - F-box domain containing protein, expressed	N	Y	Y	50	pipeline_score=45; farm_logP=5.24; max_variant=25; recommendation_score=50
QTL5	Chr2-28027697	5.24	*	LOC_Os02g46150	2:28123211-28128165	25	5	*	2.0	0.0	0.0	18.0	*	45.0	RAP_Step2_all_TGW_quality.FarmCPUpeak_info	RAP_Step2_all_TGW_quality	LOC_Os02g46150			GAMM1 protein-like, putative, expressed	N	Y	Y	50	pipeline_score=45; farm_logP=5.24; max_variant=25; recommendation_score=50
QTL5	Chr2-28027697	5.24	*	Os02g0686700	2:28132758-28133637	5	5	*	2.0	0.0	10.0	15.0	*	32.0	RAP_Step2_all_TGW_quality.FarmCPUpeak_info	RAP_Step2_all_TGW_quality	Os02g0686700							32	pipeline_score=32; farm_logP=5.24; max_variant=5; recommendation_score=32
QTL5	Chr2-28027697	5.24	*	LOC_Os02g46170	2:28133223-28134283	20	5	*	2.0	5.0	0.0	15.0	*	42.0	RAP_Step2_all_TGW_quality.FarmCPUpeak_info	RAP_Step2_all_TGW_quality	LOC_Os02g46170			expressed protein	N	Y	Y	47	pipeline_score=42; farm_logP=5.24; max_variant=20; recommendation_score=47
QTL5	Chr2-28027697	5.24	*	LOC_Os02g46180	2:28136329-28137459	5	10	*	2.0	5.0	10.0	10.0	*	37.0	RAP_Step2_all_TGW_quality.FarmCPUpeak_info	RAP_Step2_all_TGW_quality	LOC_Os02g46180			DUF581 domain containing protein, expressed	N	Y	Y	40	pipeline_score=37; farm_logP=5.24; max_variant=10; recommendation_score=40
QTL5	Chr2-28027697	5.24	*	LOC_Os02g46190	2:28144188-28144661	5	10	*	2.0	5.0	0.0	22.0	*	39.0	RAP_Step2_all_TGW_quality.FarmCPUpeak_info	RAP_Step2_all_TGW_quality	LOC_Os02g46190			DUF581 domain containing protein, expressed	N	Y	Y	42	pipeline_score=39; farm_logP=5.24; max_variant=10; recommendation_score=42
QTL5	Chr2-28027697	5.24	*	LOC_Os02g46200	2:28146954-28151191	25	25	25	2.0	0.0	0.0	0.0	*	27.0	RAP_Step2_all_TGW_quality.FarmCPUpeak_info	RAP_Step2_all_TGW_quality	LOC_Os02g46200			transposon protein, putative, unclassified, expressed	Y	Y	Y	32	pipeline_score=27; farm_logP=5.24; max_variant=25; recommendation_score=32
QTL5	Chr2-28027697	5.24	*	LOC_Os02g46210	2:28153272-28154641	5	10	*	2.0	0.0	10.0	15.0	*	37.0	RAP_Step2_all_TGW_quality.FarmCPUpeak_info	RAP_Step2_all_TGW_quality	LOC_Os02g46210			DUF581 domain containing protein, expressed	N	Y	Y	40	pipeline_score=37; farm_logP=5.24; max_variant=10; recommendation_score=40
QTL5	Chr2-28027697	5.24	*	LOC_Os02g46220	2:28160250-28162177	5	25	*	2.0	0.0	0.0	15.0	*	42.0	RAP_Step2_all_TGW_quality.FarmCPUpeak_info	RAP_Step2_all_TGW_quality	LOC_Os02g46220			expressed protein	N	Y	Y	47	pipeline_score=42; farm_logP=5.24; max_variant=25; recommendation_score=47
QTL5	Chr2-28027697	5.24	*	Os02g0687550	2:28174101-28175352	20	5	*	2.0	0.0	0.0	15.0	*	37.0	RAP_Step2_all_TGW_quality.FarmCPUpeak_info	RAP_Step2_all_TGW_quality	Os02g0687550							42	pipeline_score=37; farm_logP=5.24; max_variant=20; recommendation_score=42
QTL5	Chr2-28027697	5.24	*	Os02g0687600	2:28175466-28180071	5	10	*	2.0	0.0	0.0	15.0	*	27.0	RAP_Step2_all_TGW_quality.FarmCPUpeak_info	RAP_Step2_all_TGW_quality	Os02g0687600							30	pipeline_score=27; farm_logP=5.24; max_variant=10; recommendation_score=30
QTL5	Chr2-28027697	5.24	*	LOC_Os02g46230	2:28185586-28190140	25	25	25	2.0	0.0	0.0	0.0	*	27.0	RAP_Step2_all_TGW_quality.FarmCPUpeak_info	RAP_Step2_all_TGW_quality	LOC_Os02g46230			transposon protein, putative, unclassified, expressed	Y	Y	Y	32	pipeline_score=27; farm_logP=5.24; max_variant=25; recommendation_score=32
QTL5	Chr2-28027697	5.24	*	LOC_Os02g46240	2:28198125-28202402	25	25	25	2.0	0.0	0.0	5.0	*	32.0	RAP_Step2_all_TGW_quality.FarmCPUpeak_info	RAP_Step2_all_TGW_quality	LOC_Os02g46240			retrotransposon protein, putative, Ty3-gypsy subclass, expressed	Y	Y	Y	37	pipeline_score=32; farm_logP=5.24; max_variant=25; recommendation_score=37
QTL5	Chr2-28027697	5.24	*	LOC_Os02g46250	2:28203502-28204036	20	25	25	2.0	0.0	0.0	0.0	*	27.0	RAP_Step2_all_TGW_quality.FarmCPUpeak_info	RAP_Step2_all_TGW_quality	LOC_Os02g46250			retrotransposon protein, putative, Ty3-gypsy subclass	Y	N	Y	32	pipeline_score=27; farm_logP=5.24; max_variant=25; recommendation_score=32
QTL5	Chr2-28027697	5.24	*	LOC_Os02g46260	2:28212066-28217277	20	10	20	2.0	0.0	10.0	18.0	*	50.0	RAP_Step2_all_TGW_quality.FarmCPUpeak_info	RAP_Step2_all_TGW_quality	LOC_Os02g46260			OsSCP9 - Putative Serine Carboxypeptidase homologue, expressed	N	Y	Y	55	pipeline_score=50; farm_logP=5.24; max_variant=20; recommendation_score=55
QTL5	Chr2-28027697	5.24	*	Os02g0688000	2:28212261-28216552	20	5	10	2.0	0.0	0.0	22.0	*	44.0	RAP_Step2_all_TGW_quality.FarmCPUpeak_info	RAP_Step2_all_TGW_quality	Os02g0688000							49	pipeline_score=44; farm_logP=5.24; max_variant=20; recommendation_score=49
QTL5	Chr2-28027697	5.24	*	LOC_Os02g46270	2:28220577-28221553	25	10	*	2.0	5.0	0.0	20.0	*	52.0	RAP_Step2_all_TGW_quality.FarmCPUpeak_info	RAP_Step2_all_TGW_quality	LOC_Os02g46270			expressed protein	N	Y	Y	57	pipeline_score=52; farm_logP=5.24; max_variant=25; recommendation_score=57
QTL5	Chr2-28027697	5.24	*	LOC_Os02g46275	2:28222258-28222814	20	5	0	2.0	5.0	0.0	0.0	*	27.0	RAP_Step2_all_TGW_quality.FarmCPUpeak_info	RAP_Step2_all_TGW_quality	LOC_Os02g46275			expressed protein	N	Y	Y	32	pipeline_score=27; farm_logP=5.24; max_variant=20; recommendation_score=32
QTL5	Chr2-28027697	5.24	*	LOC_Os02g46290	2:28224916-28225634	*	25	5	2.0	0.0	10.0	22.0	*	59.0	RAP_Step2_all_TGW_quality.FarmCPUpeak_info	RAP_Step2_all_TGW_quality	LOC_Os02g46290			invertase/pectin methylesterase inhibitor family protein, putative, expressed	N	Y	Y	64	pipeline_score=59; farm_logP=5.24; max_variant=25; recommendation_score=64
QTL5	Chr2-28027697	5.24	*	LOC_Os02g46300	2:28226929-28227351	25	25	*	2.0	0.0	0.0	0.0	*	27.0	RAP_Step2_all_TGW_quality.FarmCPUpeak_info	RAP_Step2_all_TGW_quality	LOC_Os02g46300			expressed protein	N	Y	Y	32	pipeline_score=27; farm_logP=5.24; max_variant=25; recommendation_score=32
QTL6	Chr2-33933529	6.22	*	LOC_Os02g55070	2:33729767-33733823	20	25	5	6.0	0.0	0.0	10.0	*	41.0	RAP_Step2_all_TGW_quality.FarmCPUpeak_info	RAP_Step2_all_TGW_quality	LOC_Os02g55070			expressed protein	N	Y	Y	46	pipeline_score=41; farm_logP=6.22; max_variant=25; recommendation_score=46
QTL6	Chr2-33933529	6.22	*	LOC_Os02g55080	2:33734390-33737329	5	10	*	6.0	0.0	0.0	18.0	*	34.0	RAP_Step2_all_TGW_quality.FarmCPUpeak_info	RAP_Step2_all_TGW_quality	LOC_Os02g55080	HDR1	Kinase; R protein; floral; floral organ; flowering time; growth	snf1-related kinase interactor 2, putative, expressed	N	Y	Y	44	pipeline_score=34; farm_logP=6.22; max_variant=10; symbol=HDR1; keyword=Kinase; R protein; floral; floral organ; flowering time; growth; recommendation_score=44
QTL6	Chr2-33933529	6.22	*	LOC_Os02g55090	2:33738591-33742250	20	10	*	6.0	0.0	0.0	18.0	*	44.0	RAP_Step2_all_TGW_quality.FarmCPUpeak_info	RAP_Step2_all_TGW_quality	LOC_Os02g55090			expressed protein	N	Y	Y	49	pipeline_score=44; farm_logP=6.22; max_variant=20; recommendation_score=49
QTL6	Chr2-33933529	6.22	*	LOC_Os02g55100	2:33744992-33746893	20	10	*	6.0	0.0	0.0	10.0	*	36.0	RAP_Step2_all_TGW_quality.FarmCPUpeak_info	RAP_Step2_all_TGW_quality	LOC_Os02g55100			expressed protein	N	Y	Y	41	pipeline_score=36; farm_logP=6.22; max_variant=20; recommendation_score=41
QTL6	Chr2-33933529	6.22	*	LOC_Os02g55110	2:33751862-33758406	20	10	*	6.0	0.0	0.0	18.0	*	44.0	RAP_Step2_all_TGW_quality.FarmCPUpeak_info	RAP_Step2_all_TGW_quality	LOC_Os02g55110			expressed protein	N	Y	Y	49	pipeline_score=44; farm_logP=6.22; max_variant=20; recommendation_score=49
QTL6	Chr2-33933529	6.22	*	LOC_Os02g55120	2:33758966-33762633	5	10	*	6.0	0.0	0.0	10.0	*	26.0	RAP_Step2_all_TGW_quality.FarmCPUpeak_info	RAP_Step2_all_TGW_quality	LOC_Os02g55120			translation initiation factor IF-3, putative, expressed	N	Y	Y	29	pipeline_score=26; farm_logP=6.22; max_variant=10; recommendation_score=29
QTL6	Chr2-33933529	6.22	*	LOC_Os02g55130	2:33769298-33776524	20	10	*	6.0	0.0	10.0	20.0	*	56.0	RAP_Step2_all_TGW_quality.FarmCPUpeak_info	RAP_Step2_all_TGW_quality	LOC_Os02g55130			OsSCP10 - Putative Serine Carboxypeptidase homologue, expressed	N	Y	Y	61	pipeline_score=56; farm_logP=6.22; max_variant=20; recommendation_score=61
QTL6	Chr2-33933529	6.22	*	LOC_Os02g55134	2:33775977-33777629	5	10	10	6.0	0.0	0.0	10.0	*	26.0	RAP_Step2_all_TGW_quality.FarmCPUpeak_info	RAP_Step2_all_TGW_quality	LOC_Os02g55134			cytochrome c oxidase copper chaperone, putative, expressed	N	Y	Y	29	pipeline_score=26; farm_logP=6.22; max_variant=10; recommendation_score=29
QTL6	Chr2-33933529	6.22	*	LOC_Os02g55140	2:33779258-33782696	20	10	10	6.0	0.0	10.0	15.0	*	51.0	RAP_Step2_all_TGW_quality.FarmCPUpeak_info	RAP_Step2_all_TGW_quality	LOC_Os02g55140			leucine aminopeptidase, chloroplast precursor, putative, expressed	N	Y	Y	56	pipeline_score=51; farm_logP=6.22; max_variant=20; recommendation_score=56
QTL6	Chr2-33933529	6.22	*	LOC_Os02g55150	2:33786224-33790986	20	*	*	6.0	0.0	0.0	10.0	*	36.0	RAP_Step2_all_TGW_quality.FarmCPUpeak_info	RAP_Step2_all_TGW_quality	LOC_Os02g55150			formin, putative, expressed	N	Y	Y	41	pipeline_score=36; farm_logP=6.22; max_variant=20; recommendation_score=41
QTL6	Chr2-33933529	6.22	*	LOC_Os02g55160	2:33791186-33792629	20	5	*	6.0	0.0	0.0	15.0	*	41.0	RAP_Step2_all_TGW_quality.FarmCPUpeak_info	RAP_Step2_all_TGW_quality	LOC_Os02g55160			expressed protein	N	Y	Y	46	pipeline_score=41; farm_logP=6.22; max_variant=20; recommendation_score=46
QTL6	Chr2-33933529	6.22	*	LOC_Os02g55170	2:33793134-33794805	5	10	*	6.0	0.0	10.0	15.0	*	41.0	RAP_Step2_all_TGW_quality.FarmCPUpeak_info	RAP_Step2_all_TGW_quality	LOC_Os02g55170			formin-like protein 13, putative, expressed	N	Y	Y	44	pipeline_score=41; farm_logP=6.22; max_variant=10; recommendation_score=44
QTL6	Chr2-33933529	6.22	*	LOC_Os02g55180	2:33797366-33803864	20	10	10	6.0	0.0	0.0	18.0	*	44.0	RAP_Step2_all_TGW_quality.FarmCPUpeak_info	RAP_Step2_all_TGW_quality	LOC_Os02g55180			ubiquitin carboxyl-terminal hydrolase domain containing protein, expressed	N	Y	Y	49	pipeline_score=44; farm_logP=6.22; max_variant=20; recommendation_score=49
QTL6	Chr2-33933529	6.22	*	LOC_Os02g55190	2:33804920-33806643	25	25	20	6.0	0.0	10.0	22.0	*	63.0	RAP_Step2_all_TGW_quality.FarmCPUpeak_info	RAP_Step2_all_TGW_quality	LOC_Os02g55190			expressed protein	N	Y	Y	68	pipeline_score=63; farm_logP=6.22; max_variant=25; recommendation_score=68
QTL6	Chr2-33933529	6.22	*	Os02g0795100	2:33804921-33806513	25	10	10	6.0	0.0	0.0	22.0	*	53.0	RAP_Step2_all_TGW_quality.FarmCPUpeak_info	RAP_Step2_all_TGW_quality	Os02g0795100							58	pipeline_score=53; farm_logP=6.22; max_variant=25; recommendation_score=58
QTL6	Chr2-33933529	6.22	*	LOC_Os02g55200	2:33807005-33815415	5	10	0	6.0	0.0	0.0	10.0	*	26.0	RAP_Step2_all_TGW_quality.FarmCPUpeak_info	RAP_Step2_all_TGW_quality	LOC_Os02g55200			expressed protein	N	Y	Y	29	pipeline_score=26; farm_logP=6.22; max_variant=10; recommendation_score=29
QTL6	Chr2-33933529	6.22	*	LOC_Os02g55210	2:33815812-33818376	25	5	5	6.0	0.0	0.0	0.0	*	31.0	RAP_Step2_all_TGW_quality.FarmCPUpeak_info	RAP_Step2_all_TGW_quality	LOC_Os02g55210			carboxyl-terminal proteinase, putative, expressed	N	Y	Y	36	pipeline_score=31; farm_logP=6.22; max_variant=25; recommendation_score=36
QTL6	Chr2-33933529	6.22	*	LOC_Os02g55220	2:33821622-33823756	18	*	*	6.0	0.0	0.0	0.0	*	24.0	RAP_Step2_all_TGW_quality.FarmCPUpeak_info	RAP_Step2_all_TGW_quality	LOC_Os02g55220			carboxyl-terminal proteinase, putative	N	N	Y	27	pipeline_score=24; farm_logP=6.22; max_variant=18; recommendation_score=27
QTL6	Chr2-33933529	6.22	*	LOC_Os02g55230	2:33824477-33828248	25	25	25	6.0	0.0	0.0	0.0	*	31.0	RAP_Step2_all_TGW_quality.FarmCPUpeak_info	RAP_Step2_all_TGW_quality	LOC_Os02g55230			carboxyl-terminal proteinase, putative, expressed	N	Y	Y	36	pipeline_score=31; farm_logP=6.22; max_variant=25; recommendation_score=36
QTL6	Chr2-33933529	6.22	*	LOC_Os02g55240	2:33828871-33829722	20	25	25	6.0	0.0	0.0	0.0	*	31.0	RAP_Step2_all_TGW_quality.FarmCPUpeak_info	RAP_Step2_all_TGW_quality	LOC_Os02g55240			hypothetical protein	N	N	Y	36	pipeline_score=31; farm_logP=6.22; max_variant=25; recommendation_score=36
QTL6	Chr2-33933529	6.22	*	LOC_Os02g55250	2:33833909-33838048	20	10	10	6.0	0.0	0.0	18.0	*	44.0	RAP_Step2_all_TGW_quality.FarmCPUpeak_info	RAP_Step2_all_TGW_quality	LOC_Os02g55250			BHLH transcription factor, putative, expressed	N	Y	Y	49	pipeline_score=44; farm_logP=6.22; max_variant=20; recommendation_score=49
QTL6	Chr2-33933529	6.22	*	Os02g0795850	2:33836943-33837607	20	5	*	6.0	0.0	0.0	20.0	*	46.0	RAP_Step2_all_TGW_quality.FarmCPUpeak_info	RAP_Step2_all_TGW_quality	Os02g0795850							51	pipeline_score=46; farm_logP=6.22; max_variant=20; recommendation_score=51
QTL6	Chr2-33933529	6.22	*	LOC_Os02g55260	2:33838658-33843647	20	*	0	6.0	0.0	0.0	10.0	*	36.0	RAP_Step2_all_TGW_quality.FarmCPUpeak_info	RAP_Step2_all_TGW_quality	LOC_Os02g55260			DEAD-box ATP-dependent RNA helicase, putative, expressed	Y	Y	Y	41	pipeline_score=36; farm_logP=6.22; max_variant=20; recommendation_score=41
QTL6	Chr2-33933529	6.22	*	LOC_Os02g55270	2:33843885-33845147	25	5	10	6.0	0.0	0.0	22.0	*	53.0	RAP_Step2_all_TGW_quality.FarmCPUpeak_info	RAP_Step2_all_TGW_quality	LOC_Os02g55270			NLI interacting factor-like phosphatase, putative, expressed	N	Y	Y	58	pipeline_score=53; farm_logP=6.22; max_variant=25; recommendation_score=58
QTL6	Chr2-33933529	6.22	*	LOC_Os02g55280	2:33846613-33847781	20	10	*	6.0	0.0	0.0	22.0	*	48.0	RAP_Step2_all_TGW_quality.FarmCPUpeak_info	RAP_Step2_all_TGW_quality	LOC_Os02g55280			NLI interacting factor-like phosphatase, putative, expressed	N	Y	Y	53	pipeline_score=48; farm_logP=6.22; max_variant=20; recommendation_score=53
QTL6	Chr2-33933529	6.22	*	LOC_Os02g55290	2:33851297-33853794	20	25	*	6.0	0.0	0.0	0.0	*	31.0	RAP_Step2_all_TGW_quality.FarmCPUpeak_info	RAP_Step2_all_TGW_quality	LOC_Os02g55290			expressed protein	N	Y	Y	36	pipeline_score=31; farm_logP=6.22; max_variant=25; recommendation_score=36
QTL6	Chr2-33933529	6.22	*	LOC_Os02g55300	2:33854163-33857048	5	10	*	6.0	0.0	0.0	15.0	*	31.0	RAP_Step2_all_TGW_quality.FarmCPUpeak_info	RAP_Step2_all_TGW_quality	LOC_Os02g55300			CAF1 family ribonuclease containing protein, putative, expressed	N	Y	Y	34	pipeline_score=31; farm_logP=6.22; max_variant=10; recommendation_score=34
QTL6	Chr2-33933529	6.22	*	LOC_Os02g55310	2:33857140-33859405	20	5	*	6.0	0.0	0.0	15.0	*	41.0	RAP_Step2_all_TGW_quality.FarmCPUpeak_info	RAP_Step2_all_TGW_quality	LOC_Os02g55310			pentatricopeptide, putative, expressed	N	Y	Y	46	pipeline_score=41; farm_logP=6.22; max_variant=20; recommendation_score=46
QTL6	Chr2-33933529	6.22	*	LOC_Os02g55320	2:33859825-33864842	5	10	5	6.0	0.0	0.0	15.0	*	31.0	RAP_Step2_all_TGW_quality.FarmCPUpeak_info	RAP_Step2_all_TGW_quality	LOC_Os02g55320			two-component response regulator, putative, expressed	N	Y	Y	34	pipeline_score=31; farm_logP=6.22; max_variant=10; recommendation_score=34
QTL6	Chr2-33933529	6.22	*	LOC_Os02g55330	2:33876651-33880508	20	10	5	6.0	0.0	10.0	18.0	*	54.0	RAP_Step2_all_TGW_quality.FarmCPUpeak_info	RAP_Step2_all_TGW_quality	LOC_Os02g55330			OsPOP6 - Putative Prolyl Oligopeptidase homologue, expressed	N	Y	Y	59	pipeline_score=54; farm_logP=6.22; max_variant=20; recommendation_score=59
QTL6	Chr2-33933529	6.22	*	LOC_Os02g55340	2:33885845-33893775	20	10	15	6.0	0.0	0.0	10.0	*	36.0	RAP_Step2_all_TGW_quality.FarmCPUpeak_info	RAP_Step2_all_TGW_quality	LOC_Os02g55340			WD domain and HEAT domain containing protein, putative, expressed	N	Y	Y	41	pipeline_score=36; farm_logP=6.22; max_variant=20; recommendation_score=41
QTL6	Chr2-33933529	6.22	*	Os02g0796750	2:33889645-33889855	*	*	*	6.0	0.0	0.0	15.0	*	21.0	RAP_Step2_all_TGW_quality.FarmCPUpeak_info	RAP_Step2_all_TGW_quality	Os02g0796750							21	pipeline_score=21; farm_logP=6.22; recommendation_score=21
QTL6	Chr2-33933529	6.22	*	LOC_Os02g55350	2:33900789-33908054	25	25	25	6.0	0.0	0.0	0.0	*	31.0	RAP_Step2_all_TGW_quality.FarmCPUpeak_info	RAP_Step2_all_TGW_quality	LOC_Os02g55350			retrotransposon protein, putative, unclassified, expressed	Y	Y	Y	36	pipeline_score=31; farm_logP=6.22; max_variant=25; recommendation_score=36
QTL6	Chr2-33933529	6.22	*	LOC_Os02g55360	2:33909015-33909311	5	5	25	6.0	5.0	0.0	22.0	*	58.0	RAP_Step2_all_TGW_quality.FarmCPUpeak_info	RAP_Step2_all_TGW_quality	LOC_Os02g55360			hypothetical protein	N	N	Y	63	pipeline_score=58; farm_logP=6.22; max_variant=25; recommendation_score=63
QTL6	Chr2-33933529	6.22	*	LOC_Os02g55370	2:33914001-33914642	5	5	25	6.0	0.0	0.0	18.0	*	49.0	RAP_Step2_all_TGW_quality.FarmCPUpeak_info	RAP_Step2_all_TGW_quality	LOC_Os02g55370			60S ribosomal protein L39, putative, expressed	N	Y	Y	54	pipeline_score=49; farm_logP=6.22; max_variant=25; recommendation_score=54
QTL6	Chr2-33933529	6.22	*	LOC_Os02g55380	2:33920240-33921018	5	10	*	6.0	0.0	10.0	5.0	*	31.0	RAP_Step2_all_TGW_quality.FarmCPUpeak_info	RAP_Step2_all_TGW_quality	LOC_Os02g55380			AP2 domain containing protein, expressed	N	Y	Y	34	pipeline_score=31; farm_logP=6.22; max_variant=10; recommendation_score=34
QTL6	Chr2-33933529	6.22	*	Os02g0797200	2:33928348-33928995	5	5	10	6.0	0.0	0.0	15.0	*	31.0	RAP_Step2_all_TGW_quality.FarmCPUpeak_info	RAP_Step2_all_TGW_quality	Os02g0797200							34	pipeline_score=31; farm_logP=6.22; max_variant=10; recommendation_score=34
QTL6	Chr2-33933529	6.22	*	LOC_Os02g55400	2:33931818-33936180	5	10	*	6.0	0.0	0.0	18.0	*	34.0	RAP_Step2_all_TGW_quality.FarmCPUpeak_info	RAP_Step2_all_TGW_quality	LOC_Os02g55400			ATPase 8, plasma membrane-type, putative, expressed	N	Y	Y	37	pipeline_score=34; farm_logP=6.22; max_variant=10; recommendation_score=37
QTL6	Chr2-33933529	6.22	*	LOC_Os02g55410	2:33936188-33940538	20	5	*	6.0	0.0	0.0	20.0	*	46.0	RAP_Step2_all_TGW_quality.FarmCPUpeak_info	RAP_Step2_all_TGW_quality	LOC_Os02g55410			MCM5 - Putative minichromosome maintenance MCM complex subunit 5, expressed	N	Y	Y	51	pipeline_score=46; farm_logP=6.22; max_variant=20; recommendation_score=51
QTL6	Chr2-33933529	6.22	*	Os02g0797425	2:33938977-33940417	20	10	*	6.0	0.0	0.0	22.0	*	48.0	RAP_Step2_all_TGW_quality.FarmCPUpeak_info	RAP_Step2_all_TGW_quality	Os02g0797425							53	pipeline_score=48; farm_logP=6.22; max_variant=20; recommendation_score=53
QTL6	Chr2-33933529	6.22	*	LOC_Os02g55420	2:33942024-33946395	*	5	*	6.0	0.0	0.0	15.0	*	26.0	RAP_Step2_all_TGW_quality.FarmCPUpeak_info	RAP_Step2_all_TGW_quality	LOC_Os02g55420			aminotransferase, classes I and II, domain containing protein, expressed	N	Y	Y	26	pipeline_score=26; farm_logP=6.22; max_variant=5; recommendation_score=26
QTL6	Chr2-33933529	6.22	*	LOC_Os02g55430	2:33953280-33955051	20	10	20	6.0	0.0	0.0	10.0	*	36.0	RAP_Step2_all_TGW_quality.FarmCPUpeak_info	RAP_Step2_all_TGW_quality	LOC_Os02g55430			alginate regulatory protein AlgP, putative, expressed	N	Y	Y	41	pipeline_score=36; farm_logP=6.22; max_variant=20; recommendation_score=41
QTL6	Chr2-33933529	6.22	*	LOC_Os02g55440	2:33956291-33959749	20	10	10	6.0	0.0	0.0	18.0	*	44.0	RAP_Step2_all_TGW_quality.FarmCPUpeak_info	RAP_Step2_all_TGW_quality	LOC_Os02g55440	OsTMN11	development; grain; grain weight; growth; homeostasis; plant height; seed; seed development; seed length; spikelet; stress	transmembrane 9 superfamily member, putative, expressed	N	Y	Y	56	pipeline_score=44; farm_logP=6.22; max_variant=20; symbol=OsTMN11; keyword=development; grain; grain weight; growth; homeostasis; plant height; seed; seed development; seed length; spikelet; stress; recommendation_score=56
QTL6	Chr2-33933529	6.22	*	LOC_Os02g55450	2:33963784-33964038	20	10	0	6.0	0.0	0.0	22.0	*	48.0	RAP_Step2_all_TGW_quality.FarmCPUpeak_info	RAP_Step2_all_TGW_quality	LOC_Os02g55450			retrotransposon protein, putative, unclassified	Y	N	Y	53	pipeline_score=48; farm_logP=6.22; max_variant=20; recommendation_score=53
QTL6	Chr2-33933529	6.22	*	Os02g0798000	2:33966119-33969274	20	25	0	6.0	0.0	0.0	15.0	*	46.0	RAP_Step2_all_TGW_quality.FarmCPUpeak_info	RAP_Step2_all_TGW_quality	Os02g0798000							51	pipeline_score=46; farm_logP=6.22; max_variant=25; recommendation_score=51
QTL6	Chr2-33933529	6.22	*	LOC_Os02g55470	2:33971370-33972686	15	10	*	6.0	0.0	0.0	15.0	*	36.0	RAP_Step2_all_TGW_quality.FarmCPUpeak_info	RAP_Step2_all_TGW_quality	LOC_Os02g55470			alpha-1,6-mannosyl-glycoprotein 2-beta-N-acetylglucosaminyltransferase, putative, expressed	N	Y	Y	39	pipeline_score=36; farm_logP=6.22; max_variant=15; recommendation_score=39
QTL6	Chr2-33933529	6.22	*	LOC_Os02g55480	2:33975822-33978376	5	10	15	6.0	0.0	0.0	15.0	*	36.0	RAP_Step2_all_TGW_quality.FarmCPUpeak_info	RAP_Step2_all_TGW_quality	LOC_Os02g55480			zinc finger, C3HC4 type domain containing protein, expressed	N	Y	Y	39	pipeline_score=36; farm_logP=6.22; max_variant=15; recommendation_score=39
QTL6	Chr2-33933529	6.22	*	LOC_Os02g55500	2:33982929-33983631	20	25	25	6.0	0.0	0.0	5.0	*	36.0	RAP_Step2_all_TGW_quality.FarmCPUpeak_info	RAP_Step2_all_TGW_quality	LOC_Os02g55500			expressed protein	N	Y	Y	41	pipeline_score=36; farm_logP=6.22; max_variant=25; recommendation_score=41
QTL6	Chr2-33933529	6.22	*	LOC_Os02g55510	2:33987024-33987714	20	10	0	6.0	0.0	0.0	5.0	*	31.0	RAP_Step2_all_TGW_quality.FarmCPUpeak_info	RAP_Step2_all_TGW_quality	LOC_Os02g55510			CXXXC2 - Cysteine-rich protein with paired CXXXC motifs precursor, putative, expressed	N	Y	Y	36	pipeline_score=31; farm_logP=6.22; max_variant=20; recommendation_score=36
QTL6	Chr2-33933529	6.22	*	LOC_Os02g55520	2:33990620-33996854	5	10	0	6.0	0.0	0.0	10.0	*	26.0	RAP_Step2_all_TGW_quality.FarmCPUpeak_info	RAP_Step2_all_TGW_quality	LOC_Os02g55520			zinc finger, C3HC4 type domain containing protein, expressed	N	Y	Y	29	pipeline_score=26; farm_logP=6.22; max_variant=10; recommendation_score=29
QTL6	Chr2-33933529	6.22	*	LOC_Os02g55530	2:34000669-34006651	20	10	10	6.0	0.0	0.0	10.0	*	36.0	RAP_Step2_all_TGW_quality.FarmCPUpeak_info	RAP_Step2_all_TGW_quality	LOC_Os02g55530			neurochondrin family protein, putative, expressed	N	Y	Y	41	pipeline_score=36; farm_logP=6.22; max_variant=20; recommendation_score=41
QTL6	Chr2-33933529	6.22	*	LOC_Os02g55540	2:34007567-34010089	15	5	20	6.0	0.0	0.0	10.0	*	36.0	RAP_Step2_all_TGW_quality.FarmCPUpeak_info	RAP_Step2_all_TGW_quality	LOC_Os02g55540			F-box/LRR-repeat protein 14, putative, expressed	N	Y	Y	41	pipeline_score=36; farm_logP=6.22; max_variant=20; recommendation_score=41
QTL6	Chr2-33933529	6.22	*	LOC_Os02g55550	2:34015499-34017304	20	10	25	6.0	0.0	0.0	10.0	*	41.0	RAP_Step2_all_TGW_quality.FarmCPUpeak_info	RAP_Step2_all_TGW_quality	LOC_Os02g55550			F-box/LRR-repeat protein 14, putative, expressed	N	Y	Y	46	pipeline_score=41; farm_logP=6.22; max_variant=25; recommendation_score=46
QTL6	Chr2-33933529	6.22	*	LOC_Os02g55560	2:34026273-34030302	20	10	*	6.0	0.0	10.0	22.0	*	58.0	RAP_Step2_all_TGW_quality.FarmCPUpeak_info	RAP_Step2_all_TGW_quality	LOC_Os02g55560	OsPP2C27	chilling; cold; cold stress; cold tolerance; growth; phosphatase; stress; tolerance	protein phosphatase 2C, putative, expressed	N	Y	Y	70	pipeline_score=58; farm_logP=6.22; max_variant=20; symbol=OsPP2C27; keyword=chilling; cold; cold stress; cold tolerance; growth; phosphatase; stress; tolerance; recommendation_score=70
QTL6	Chr2-33933529	6.22	*	LOC_Os02g55570	2:34030829-34034442	5	10	0	6.0	0.0	0.0	18.0	*	34.0	RAP_Step2_all_TGW_quality.FarmCPUpeak_info	RAP_Step2_all_TGW_quality	LOC_Os02g55570	OsSGO1	meiosis; meiotic; mitosis	shugoshin-1, putative, expressed	N	Y	Y	44	pipeline_score=34; farm_logP=6.22; max_variant=10; symbol=OsSGO1; keyword=meiosis; meiotic; mitosis; recommendation_score=44
QTL6	Chr2-33933529	6.22	*	LOC_Os02g55580	2:34036615-34037006	*	10	5	6.0	0.0	0.0	0.0	*	16.0	RAP_Step2_all_TGW_quality.FarmCPUpeak_info	RAP_Step2_all_TGW_quality	LOC_Os02g55580			hypothetical protein	N	N	Y	19	pipeline_score=16; farm_logP=6.22; max_variant=10; recommendation_score=19
QTL6	Chr2-33933529	6.22	*	LOC_Os02g55590	2:34041480-34046264	5	25	*	6.0	0.0	10.0	18.0	*	59.0	RAP_Step2_all_TGW_quality.FarmCPUpeak_info	RAP_Step2_all_TGW_quality	LOC_Os02g55590			expressed protein	N	Y	Y	64	pipeline_score=59; farm_logP=6.22; max_variant=25; recommendation_score=64
QTL6	Chr2-33933529	6.22	*	Os02g0799400	2:34052155-34053030	20	25	20	6.0	0.0	0.0	18.0	*	49.0	RAP_Step2_all_TGW_quality.FarmCPUpeak_info	RAP_Step2_all_TGW_quality	Os02g0799400							54	pipeline_score=49; farm_logP=6.22; max_variant=25; recommendation_score=54
QTL6	Chr2-33933529	6.22	*	LOC_Os02g55600	2:34053097-34053857	5	25	20	6.0	0.0	0.0	10.0	*	41.0	RAP_Step2_all_TGW_quality.FarmCPUpeak_info	RAP_Step2_all_TGW_quality	LOC_Os02g55600			expressed protein	N	Y	Y	46	pipeline_score=41; farm_logP=6.22; max_variant=25; recommendation_score=46
QTL6	Chr2-33933529	6.22	*	LOC_Os02g55610	2:34058139-34059033	5	25	20	6.0	0.0	0.0	5.0	*	36.0	RAP_Step2_all_TGW_quality.FarmCPUpeak_info	RAP_Step2_all_TGW_quality	LOC_Os02g55610			serine-rich protein, putative, expressed	N	Y	Y	41	pipeline_score=36; farm_logP=6.22; max_variant=25; recommendation_score=41
QTL6	Chr2-33933529	6.22	*	LOC_Os02g55630	2:34071028-34075507	5	10	20	6.0	0.0	0.0	10.0	*	36.0	RAP_Step2_all_TGW_quality.FarmCPUpeak_info	RAP_Step2_all_TGW_quality	LOC_Os02g55630			COBW domain containing protein, putative, expressed	N	Y	Y	41	pipeline_score=36; farm_logP=6.22; max_variant=20; recommendation_score=41
QTL6	Chr2-33933529	6.22	*	LOC_Os02g55640	2:34075807-34078160	5	25	20	6.0	0.0	0.0	15.0	*	46.0	RAP_Step2_all_TGW_quality.FarmCPUpeak_info	RAP_Step2_all_TGW_quality	LOC_Os02g55640			proteasome maturation factor UMP1 family protein, expressed	N	Y	Y	51	pipeline_score=46; farm_logP=6.22; max_variant=25; recommendation_score=51
QTL6	Chr2-33933529	6.22	*	LOC_Os02g55649	2:34081775-34082484	20	10	20	6.0	0.0	0.0	5.0	*	31.0	RAP_Step2_all_TGW_quality.FarmCPUpeak_info	RAP_Step2_all_TGW_quality	LOC_Os02g55649			CXXXC8 - Cysteine-rich protein with paired CXXXC motifs precursor, putative, expressed	N	Y	Y	36	pipeline_score=31; farm_logP=6.22; max_variant=20; recommendation_score=36
QTL6	Chr2-33933529	6.22	*	LOC_Os02g55658	2:34081817-34082200	20	25	25	6.0	0.0	0.0	5.0	*	36.0	RAP_Step2_all_TGW_quality.FarmCPUpeak_info	RAP_Step2_all_TGW_quality	LOC_Os02g55658			expressed protein	N	Y	Y	41	pipeline_score=36; farm_logP=6.22; max_variant=25; recommendation_score=41
QTL6	Chr2-33933529	6.22	*	Os02g0800400	2:34084356-34085028	20	25	20	6.0	0.0	0.0	0.0	*	31.0	RAP_Step2_all_TGW_quality.FarmCPUpeak_info	RAP_Step2_all_TGW_quality	Os02g0800400							36	pipeline_score=31; farm_logP=6.22; max_variant=25; recommendation_score=36
QTL6	Chr2-33933529	6.22	*	Os02g0800433	2:34087936-34089381	*	1	0	6.0	0.0	0.0	18.0	*	25.0	RAP_Step2_all_TGW_quality.FarmCPUpeak_info	RAP_Step2_all_TGW_quality	Os02g0800433							25	pipeline_score=25; farm_logP=6.22; max_variant=1; recommendation_score=25
QTL6	Chr2-33933529	6.22	*	LOC_Os02g55670	2:34089729-34146822	25	10	0	6.0	0.0	0.0	15.0	*	46.0	RAP_Step2_all_TGW_quality.FarmCPUpeak_info	RAP_Step2_all_TGW_quality	LOC_Os02g55670			expressed protein	N	Y	Y	51	pipeline_score=46; farm_logP=6.22; max_variant=25; recommendation_score=51
QTL6	Chr2-33933529	6.22	*	LOC_Os02g55689	2:34101927-34104618	25	10	25	6.0	0.0	0.0	15.0	*	46.0	RAP_Step2_all_TGW_quality.FarmCPUpeak_info	RAP_Step2_all_TGW_quality	LOC_Os02g55689			expressed protein	N	Y	Y	51	pipeline_score=46; farm_logP=6.22; max_variant=25; recommendation_score=51
QTL6	Chr2-33933529	6.22	*	LOC_Os02g55729	2:34104062-34107227	25	10	25	6.0	0.0	0.0	15.0	*	46.0	RAP_Step2_all_TGW_quality.FarmCPUpeak_info	RAP_Step2_all_TGW_quality	LOC_Os02g55729			expressed protein	N	Y	Y	51	pipeline_score=46; farm_logP=6.22; max_variant=25; recommendation_score=51
QTL6	Chr2-33933529	6.22	*	LOC_Os02g55698	2:34108931-34109314	20	5	25	6.0	0.0	0.0	0.0	*	31.0	RAP_Step2_all_TGW_quality.FarmCPUpeak_info	RAP_Step2_all_TGW_quality	LOC_Os02g55698			expressed protein	N	Y	Y	36	pipeline_score=31; farm_logP=6.22; max_variant=25; recommendation_score=36
QTL6	Chr2-33933529	6.22	*	Os02g0800750	2:34112476-34113921	*	1	0	6.0	0.0	0.0	18.0	*	25.0	RAP_Step2_all_TGW_quality.FarmCPUpeak_info	RAP_Step2_all_TGW_quality	Os02g0800750							25	pipeline_score=25; farm_logP=6.22; max_variant=1; recommendation_score=25
QTL6	Chr2-33933529	6.22	*	LOC_Os02g55710	2:34114450-34114929	20	10	25	6.0	0.0	0.0	18.0	*	49.0	RAP_Step2_all_TGW_quality.FarmCPUpeak_info	RAP_Step2_all_TGW_quality	LOC_Os02g55710			expressed protein	N	Y	Y	54	pipeline_score=49; farm_logP=6.22; max_variant=25; recommendation_score=54
QTL6	Chr2-33933529	6.22	*	LOC_Os02g55720	2:34118462-34125830	25	10	25	6.0	0.0	0.0	18.0	*	49.0	RAP_Step2_all_TGW_quality.FarmCPUpeak_info	RAP_Step2_all_TGW_quality	LOC_Os02g55720			cyclin, N-terminal domain containing protein, expressed	N	Y	Y	54	pipeline_score=49; farm_logP=6.22; max_variant=25; recommendation_score=54
QTL6	Chr2-33933529	6.22	*	Os02g0800800	2:34126480-34129167	25	25	20	6.0	0.0	0.0	15.0	*	46.0	RAP_Step2_all_TGW_quality.FarmCPUpeak_info	RAP_Step2_all_TGW_quality	Os02g0800800							51	pipeline_score=46; farm_logP=6.22; max_variant=25; recommendation_score=51
QTL6	Chr2-33933529	6.22	*	Os02g0800900	2:34133450-34134122	20	25	20	6.0	0.0	0.0	0.0	*	31.0	RAP_Step2_all_TGW_quality.FarmCPUpeak_info	RAP_Step2_all_TGW_quality	Os02g0800900							36	pipeline_score=31; farm_logP=6.22; max_variant=25; recommendation_score=36
QTL7	Chr3-3944512	6.13	*	LOC_Os03g07370	3:3744427-3746086	5	10	0	4.0	0.0	0.0	10.0	*	24.0	RAP_Step2_all_TGW_quality.FarmCPUpeak_info	RAP_Step2_all_TGW_quality	LOC_Os03g07370	WSL9	chloroplast; chloroplast development; development; temperature	HNH endonuclease domain-containing protein, putative, expressed	N	Y	Y	34	pipeline_score=24; farm_logP=6.13; max_variant=10; symbol=WSL9; keyword=chloroplast; chloroplast development; development; temperature; recommendation_score=34
QTL7	Chr3-3944512	6.13	*	LOC_Os03g07380	3:3747933-3750573	5	10	0	4.0	0.0	0.0	15.0	*	29.0	RAP_Step2_all_TGW_quality.FarmCPUpeak_info	RAP_Step2_all_TGW_quality	LOC_Os03g07380			expressed protein	N	Y	Y	32	pipeline_score=29; farm_logP=6.13; max_variant=10; recommendation_score=32
QTL7	Chr3-3944512	6.13	*	LOC_Os03g07390	3:3753336-3754736	20	25	0	4.0	0.0	0.0	0.0	*	29.0	RAP_Step2_all_TGW_quality.FarmCPUpeak_info	RAP_Step2_all_TGW_quality	LOC_Os03g07390			hypothetical protein	N	N	Y	34	pipeline_score=29; farm_logP=6.13; max_variant=25; recommendation_score=34
QTL7	Chr3-3944512	6.13	*	LOC_Os03g07400	3:3757520-3758135	5	5	5	4.0	0.0	0.0	15.0	*	24.0	RAP_Step2_all_TGW_quality.FarmCPUpeak_info	RAP_Step2_all_TGW_quality	LOC_Os03g07400			expressed protein	N	Y	Y	24	pipeline_score=24; farm_logP=6.13; max_variant=5; recommendation_score=24
QTL7	Chr3-3944512	6.13	*	LOC_Os03g07410	3:3760443-3762380	25	10	0	4.0	0.0	0.0	15.0	*	44.0	RAP_Step2_all_TGW_quality.FarmCPUpeak_info	RAP_Step2_all_TGW_quality	LOC_Os03g07410			expressed protein	N	Y	Y	49	pipeline_score=44; farm_logP=6.13; max_variant=25; recommendation_score=49
QTL7	Chr3-3944512	6.13	*	LOC_Os03g07420	3:3763798-3767232	20	10	*	4.0	0.0	0.0	15.0	*	39.0	RAP_Step2_all_TGW_quality.FarmCPUpeak_info	RAP_Step2_all_TGW_quality	LOC_Os03g07420			3-dehydroquinate synthase, putative, expressed	N	Y	Y	44	pipeline_score=39; farm_logP=6.13; max_variant=20; recommendation_score=44
QTL7	Chr3-3944512	6.13	*	LOC_Os03g07430	3:3767426-3771557	15	10	20	4.0	0.0	0.0	10.0	*	34.0	RAP_Step2_all_TGW_quality.FarmCPUpeak_info	RAP_Step2_all_TGW_quality	LOC_Os03g07430	OsRLCK102	BR; BR signaling; Kinase; angle of the lamina joint; architecture; development; immunity; lamina; lamina joint; plant development; plant height; receptor kinase; resistance; seed	protein kinase domain containing protein, expressed	N	Y	Y	46	pipeline_score=34; farm_logP=6.13; max_variant=20; symbol=OsRLCK102; keyword=BR; BR signaling; Kinase; angle of the lamina joint; architecture; development; immunity; lamina; lamina joint; plant development; plant height; receptor kinase; resistance; seed; recommendation_score=46
QTL7	Chr3-3944512	6.13	*	Os03g0170450	3:3768083-3769769	5	5	10	4.0	0.0	0.0	18.0	*	32.0	RAP_Step2_all_TGW_quality.FarmCPUpeak_info	RAP_Step2_all_TGW_quality	Os03g0170450							35	pipeline_score=32; farm_logP=6.13; max_variant=10; recommendation_score=35
QTL7	Chr3-3944512	6.13	*	LOC_Os03g07440	3:3776781-3777621	5	10	*	4.0	0.0	0.0	10.0	*	24.0	RAP_Step2_all_TGW_quality.FarmCPUpeak_info	RAP_Step2_all_TGW_quality	LOC_Os03g07440			putativ eribonuclease P, putative, expressed	N	Y	Y	27	pipeline_score=24; farm_logP=6.13; max_variant=10; recommendation_score=27
QTL7	Chr3-3944512	6.13	*	LOC_Os03g07450	3:3784283-3786933	20	25	*	4.0	0.0	17.0	22.0	*	68.0	RAP_Step2_all_TGW_quality.FarmCPUpeak_info	RAP_Step2_all_TGW_quality	LOC_Os03g07450			homeobox associated leucine zipper, putative, expressed	N	Y	Y	73	pipeline_score=68; farm_logP=6.13; max_variant=25; recommendation_score=73
QTL7	Chr3-3944512	6.13	*	Os03g0170701	3:3786235-3787068	25	5	*	4.0	0.0	0.0	22.0	5	56.0	RAP_Step2_all_TGW_quality.FarmCPUpeak_info	RAP_Step2_all_TGW_quality	Os03g0170701							64	pipeline_score=56; farm_logP=6.13; max_variant=25; match=5; recommendation_score=64
QTL7	Chr3-3944512	6.13	*	LOC_Os03g07460	3:3787686-3788390	20	10	10	4.0	0.0	0.0	22.0	*	46.0	RAP_Step2_all_TGW_quality.FarmCPUpeak_info	RAP_Step2_all_TGW_quality	LOC_Os03g07460			retrotransposon protein, putative, unclassified, expressed	Y	Y	Y	51	pipeline_score=46; farm_logP=6.13; max_variant=20; recommendation_score=51
QTL7	Chr3-3944512	6.13	*	LOC_Os03g07470	3:3794582-3795550	5	5	*	4.0	0.0	0.0	22.0	*	31.0	RAP_Step2_all_TGW_quality.FarmCPUpeak_info	RAP_Step2_all_TGW_quality	LOC_Os03g07470			glutaredoxin, putative, expressed	N	Y	Y	31	pipeline_score=31; farm_logP=6.13; max_variant=5; recommendation_score=31
QTL7	Chr3-3944512	6.13	*	LOC_Os03g07480	3:3797691-3804132	5	25	0	4.0	0.0	10.0	15.0	*	54.0	RAP_Step2_all_TGW_quality.FarmCPUpeak_info	RAP_Step2_all_TGW_quality	LOC_Os03g07480	OsSUT1	development; endosperm; epidermis; grain; grain filling; grain yield; growth; leaf; phloem; photosynthesis; plasma membrane; pollen; primary root; reproductive; root; salt; seed; seedling; sheath; shoot; starch; starch biosynthesis; stem; temperature; transporter; vascular bundle; vegetative; xylem	sucrose transporter, putativ, expressed	N	Y	Y	66	pipeline_score=54; farm_logP=6.13; max_variant=25; symbol=OsSUT1; keyword=development; endosperm; epidermis; grain; grain filling; grain yield; growth; leaf; phloem; photosynthesis; plasma membrane; pollen; primary root; reproductive; root; salt; seed; seedling; sheath; shoot; starch; starch biosynthesis; stem; temperature; transporter; vascular bundle; vegetative; xylem; recommendation_score=66
QTL7	Chr3-3944512	6.13	*	LOC_Os03g07490	3:3807593-3807799	5	10	10	4.0	5.0	0.0	0.0	*	19.0	RAP_Step2_all_TGW_quality.FarmCPUpeak_info	RAP_Step2_all_TGW_quality	LOC_Os03g07490			expressed protein	N	Y	Y	22	pipeline_score=19; farm_logP=6.13; max_variant=10; recommendation_score=22
QTL7	Chr3-3944512	6.13	*	LOC_Os03g07500	3:3810383-3810778	25	10	0	4.0	0.0	0.0	0.0	*	29.0	RAP_Step2_all_TGW_quality.FarmCPUpeak_info	RAP_Step2_all_TGW_quality	LOC_Os03g07500			hypothetical protein	N	N	Y	34	pipeline_score=29; farm_logP=6.13; max_variant=25; recommendation_score=34
QTL7	Chr3-3944512	6.13	*	LOC_Os03g07510	3:3814371-3823216	5	5	10	4.0	0.0	0.0	18.0	abnormal	32.0	RAP_Step2_all_TGW_quality.FarmCPUpeak_info	RAP_Step2_all_TGW_quality	LOC_Os03g07510	PGL1	grain; grain length; lemma; palea	expressed protein	N	Y	Y	45	pipeline_score=32; farm_logP=6.13; max_variant=10; symbol=PGL1; keyword=grain; grain length; lemma; palea; match=abnormal; recommendation_score=45
QTL7	Chr3-3944512	6.13	*	LOC_Os03g07530	3:3833954-3836748	18	10	5	4.0	0.0	0.0	15.0	*	37.0	RAP_Step2_all_TGW_quality.FarmCPUpeak_info	RAP_Step2_all_TGW_quality	LOC_Os03g07530	OsFBK12	ethylene; grain; grain number; grain size; leaf; seed; seed size; senescence	OsFBK12 - F-box domain and kelch repeat containing protein, expressed	N	Y	Y	47	pipeline_score=37; farm_logP=6.13; max_variant=18; symbol=OsFBK12; keyword=ethylene; grain; grain number; grain size; leaf; seed; seed size; senescence; recommendation_score=47
QTL7	Chr3-3944512	6.13	*	LOC_Os03g07540	3:3845713-3846277	20	10	5	4.0	0.0	0.0	22.0	*	46.0	RAP_Step2_all_TGW_quality.FarmCPUpeak_info	RAP_Step2_all_TGW_quality	LOC_Os03g07540			bHLH family protein, putative, expressed	N	Y	Y	51	pipeline_score=46; farm_logP=6.13; max_variant=20; recommendation_score=51
QTL7	Chr3-3944512	6.13	*	LOC_Os03g07560	3:3850465-3850794	20	25	25	4.0	0.0	0.0	22.0	*	51.0	RAP_Step2_all_TGW_quality.FarmCPUpeak_info	RAP_Step2_all_TGW_quality	LOC_Os03g07560			hypothetical protein	N	N	Y	56	pipeline_score=51; farm_logP=6.13; max_variant=25; recommendation_score=56
QTL7	Chr3-3944512	6.13	*	LOC_Os03g07570	3:3854304-3858411	15	10	5	4.0	0.0	10.0	15.0	*	44.0	RAP_Step2_all_TGW_quality.FarmCPUpeak_info	RAP_Step2_all_TGW_quality	LOC_Os03g07570			aminotransferase, putative, expressed	N	Y	Y	47	pipeline_score=44; farm_logP=6.13; max_variant=15; recommendation_score=47
QTL7	Chr3-3944512	6.13	*	Os03g0171950	3:3855141-3857362	15	*	*	4.0	0.0	0.0	20.0	*	39.0	RAP_Step2_all_TGW_quality.FarmCPUpeak_info	RAP_Step2_all_TGW_quality	Os03g0171950							42	pipeline_score=39; farm_logP=6.13; max_variant=15; recommendation_score=42
QTL7	Chr3-3944512	6.13	*	LOC_Os03g07580	3:3859385-3864725	20	10	10	4.0	0.0	10.0	15.0	*	49.0	RAP_Step2_all_TGW_quality.FarmCPUpeak_info	RAP_Step2_all_TGW_quality	LOC_Os03g07580			OsNucAP1 - Putative Nucleoporin Autopeptidase homologue, expressed	N	Y	Y	54	pipeline_score=49; farm_logP=6.13; max_variant=20; recommendation_score=54
QTL7	Chr3-3944512	6.13	*	LOC_Os03g07600	3:3866510-3871355	20	10	20	4.0	0.0	0.0	18.0	*	42.0	RAP_Step2_all_TGW_quality.FarmCPUpeak_info	RAP_Step2_all_TGW_quality	LOC_Os03g07600			calcium-binding protein, putative, expressed	N	Y	Y	47	pipeline_score=42; farm_logP=6.13; max_variant=20; recommendation_score=47
QTL7	Chr3-3944512	6.13	*	LOC_Os03g07590	3:3866687-3866935	5	10	*	4.0	0.0	0.0	22.0	*	36.0	RAP_Step2_all_TGW_quality.FarmCPUpeak_info	RAP_Step2_all_TGW_quality	LOC_Os03g07590			expressed protein	N	Y	Y	39	pipeline_score=36; farm_logP=6.13; max_variant=10; recommendation_score=39
QTL7	Chr3-3944512	6.13	*	LOC_Os03g07610	3:3872169-3872576	20	5	25	4.0	5.0	0.0	0.0	*	34.0	RAP_Step2_all_TGW_quality.FarmCPUpeak_info	RAP_Step2_all_TGW_quality	LOC_Os03g07610			expressed protein	N	Y	Y	39	pipeline_score=34; farm_logP=6.13; max_variant=25; recommendation_score=39
QTL7	Chr3-3944512	6.13	*	LOC_Os03g07620	3:3874153-3874548	18	5	10	4.0	5.0	10.0	0.0	*	37.0	RAP_Step2_all_TGW_quality.FarmCPUpeak_info	RAP_Step2_all_TGW_quality	LOC_Os03g07620			expressed protein	N	Y	Y	40	pipeline_score=37; farm_logP=6.13; max_variant=18; recommendation_score=40
QTL7	Chr3-3944512	6.13	*	LOC_Os03g07630	3:3877127-3879451	1	5	25	4.0	0.0	0.0	0.0	*	29.0	RAP_Step2_all_TGW_quality.FarmCPUpeak_info	RAP_Step2_all_TGW_quality	LOC_Os03g07630			retrotransposon protein, putative, unclassified	Y	N	Y	34	pipeline_score=29; farm_logP=6.13; max_variant=25; recommendation_score=34
QTL7	Chr3-3944512	6.13	*	LOC_Os03g07640	3:3883009-3883638	20	25	25	4.0	5.0	10.0	22.0	*	66.0	RAP_Step2_all_TGW_quality.FarmCPUpeak_info	RAP_Step2_all_TGW_quality	LOC_Os03g07640			transposon protein, putative, CACTA, En/Spm sub-class, expressed	Y	Y	Y	71	pipeline_score=66; farm_logP=6.13; max_variant=25; recommendation_score=71
QTL7	Chr3-3944512	6.13	*	LOC_Os03g07650	3:3889565-3890307	5	25	15	4.0	5.0	10.0	0.0	*	44.0	RAP_Step2_all_TGW_quality.FarmCPUpeak_info	RAP_Step2_all_TGW_quality	LOC_Os03g07650			expressed protein	N	Y	Y	49	pipeline_score=44; farm_logP=6.13; max_variant=25; recommendation_score=49
QTL7	Chr3-3944512	6.13	*	LOC_Os03g07660	3:3893047-3893409	5	10	25	4.0	5.0	10.0	5.0	*	49.0	RAP_Step2_all_TGW_quality.FarmCPUpeak_info	RAP_Step2_all_TGW_quality	LOC_Os03g07660			expressed protein	N	Y	Y	54	pipeline_score=49; farm_logP=6.13; max_variant=25; recommendation_score=54
QTL7	Chr3-3944512	6.13	*	LOC_Os03g07670	3:3894832-3898161	20	25	25	4.0	0.0	0.0	0.0	*	29.0	RAP_Step2_all_TGW_quality.FarmCPUpeak_info	RAP_Step2_all_TGW_quality	LOC_Os03g07670			transposon protein, putative, CACTA, En/Spm sub-class, expressed	Y	Y	Y	34	pipeline_score=29; farm_logP=6.13; max_variant=25; recommendation_score=34
QTL7	Chr3-3944512	6.13	*	LOC_Os03g07680	3:3900462-3904115	25	25	25	4.0	0.0	0.0	0.0	*	29.0	RAP_Step2_all_TGW_quality.FarmCPUpeak_info	RAP_Step2_all_TGW_quality	LOC_Os03g07680			transposon protein, putative, CACTA, En/Spm sub-class, expressed	Y	Y	Y	34	pipeline_score=29; farm_logP=6.13; max_variant=25; recommendation_score=34
QTL7	Chr3-3944512	6.13	*	LOC_Os03g07690	3:3910473-3910907	5	5	25	4.0	0.0	0.0	22.0	*	51.0	RAP_Step2_all_TGW_quality.FarmCPUpeak_info	RAP_Step2_all_TGW_quality	LOC_Os03g07690			expressed protein	N	Y	Y	56	pipeline_score=51; farm_logP=6.13; max_variant=25; recommendation_score=56
QTL7	Chr3-3944512	6.13	*	LOC_Os03g07700	3:3911612-3912030	20	25	25	4.0	5.0	0.0	0.0	*	34.0	RAP_Step2_all_TGW_quality.FarmCPUpeak_info	RAP_Step2_all_TGW_quality	LOC_Os03g07700			expressed protein	N	Y	Y	39	pipeline_score=34; farm_logP=6.13; max_variant=25; recommendation_score=39
QTL7	Chr3-3944512	6.13	*	LOC_Os03g07710	3:3916051-3916559	*	*	25	4.0	0.0	0.0	0.0	*	29.0	RAP_Step2_all_TGW_quality.FarmCPUpeak_info	RAP_Step2_all_TGW_quality	LOC_Os03g07710			hypothetical protein	N	N	Y	34	pipeline_score=29; farm_logP=6.13; max_variant=25; recommendation_score=34
QTL7	Chr3-3944512	6.13	*	LOC_Os03g07720	3:3918600-3924540	*	*	25	4.0	0.0	0.0	20.0	*	49.0	RAP_Step2_all_TGW_quality.FarmCPUpeak_info	RAP_Step2_all_TGW_quality	LOC_Os03g07720			expressed protein	N	Y	Y	54	pipeline_score=49; farm_logP=6.13; max_variant=25; recommendation_score=54
QTL7	Chr3-3944512	6.13	*	LOC_Os03g07730	3:3925240-3926587	5	5	25	4.0	0.0	0.0	22.0	*	51.0	RAP_Step2_all_TGW_quality.FarmCPUpeak_info	RAP_Step2_all_TGW_quality	LOC_Os03g07730			expressed protein	N	Y	Y	56	pipeline_score=51; farm_logP=6.13; max_variant=25; recommendation_score=56
QTL7	Chr3-3944512	6.13	*	LOC_Os03g07739	3:3931236-3935727	*	5	0	4.0	0.0	0.0	15.0	*	24.0	RAP_Step2_all_TGW_quality.FarmCPUpeak_info	RAP_Step2_all_TGW_quality	LOC_Os03g07739			expressed protein	N	Y	Y	24	pipeline_score=24; farm_logP=6.13; max_variant=5; recommendation_score=24
QTL7	Chr3-3944512	6.13	*	LOC_Os03g07750	3:3936680-3940818	20	10	20	4.0	0.0	0.0	18.0	*	42.0	RAP_Step2_all_TGW_quality.FarmCPUpeak_info	RAP_Step2_all_TGW_quality	LOC_Os03g07750			expressed protein	N	Y	Y	47	pipeline_score=42; farm_logP=6.13; max_variant=20; recommendation_score=47
QTL7	Chr3-3944512	6.13	*	LOC_Os03g07760	3:3942109-3942964	25	25	25	4.0	0.0	0.0	0.0	*	29.0	RAP_Step2_all_TGW_quality.FarmCPUpeak_info	RAP_Step2_all_TGW_quality	LOC_Os03g07760			expressed protein	N	Y	Y	34	pipeline_score=29; farm_logP=6.13; max_variant=25; recommendation_score=34
QTL7	Chr3-3944512	6.13	*	LOC_Os03g07770	3:3944798-3950952	25	25	25	4.0	0.0	10.0	5.0	*	44.0	RAP_Step2_all_TGW_quality.FarmCPUpeak_info	RAP_Step2_all_TGW_quality	LOC_Os03g07770			transposon protein, putative, unclassified, expressed	Y	Y	Y	49	pipeline_score=44; farm_logP=6.13; max_variant=25; recommendation_score=49
QTL7	Chr3-3944512	6.13	*	LOC_Os03g07780	3:3951595-3954818	25	25	25	4.0	0.0	0.0	0.0	*	29.0	RAP_Step2_all_TGW_quality.FarmCPUpeak_info	RAP_Step2_all_TGW_quality	LOC_Os03g07780			transposon protein, putative, unclassified, expressed	Y	Y	Y	34	pipeline_score=29; farm_logP=6.13; max_variant=25; recommendation_score=34
QTL7	Chr3-3944512	6.13	*	LOC_Os03g07790	3:3960943-3966307	5	10	*	4.0	0.0	0.0	18.0	*	32.0	RAP_Step2_all_TGW_quality.FarmCPUpeak_info	RAP_Step2_all_TGW_quality	LOC_Os03g07790			zinc finger, C3HC4 type domain containing protein, expressed	N	Y	Y	35	pipeline_score=32; farm_logP=6.13; max_variant=10; recommendation_score=35
QTL7	Chr3-3944512	6.13	*	LOC_Os03g07800	3:3970216-3974532	5	10	20	4.0	0.0	0.0	15.0	*	39.0	RAP_Step2_all_TGW_quality.FarmCPUpeak_info	RAP_Step2_all_TGW_quality	LOC_Os03g07800			RNA recognition motif containing protein, putative, expressed	N	Y	Y	44	pipeline_score=39; farm_logP=6.13; max_variant=20; recommendation_score=44
QTL7	Chr3-3944512	6.13	*	LOC_Os03g07810	3:3974957-3977415	5	10	*	4.0	0.0	0.0	22.0	*	36.0	RAP_Step2_all_TGW_quality.FarmCPUpeak_info	RAP_Step2_all_TGW_quality	LOC_Os03g07810			expressed protein	N	Y	Y	39	pipeline_score=36; farm_logP=6.13; max_variant=10; recommendation_score=39
QTL7	Chr3-3944512	6.13	*	LOC_Os03g07820	3:3978668-3983549	5	10	10	4.0	0.0	0.0	15.0	*	29.0	RAP_Step2_all_TGW_quality.FarmCPUpeak_info	RAP_Step2_all_TGW_quality	LOC_Os03g07820			exostosin family protein, putative, expressed	N	Y	Y	32	pipeline_score=29; farm_logP=6.13; max_variant=10; recommendation_score=32
QTL7	Chr3-3944512	6.13	*	LOC_Os03g07830	3:3984900-3985856	5	5	*	4.0	5.0	10.0	22.0	*	46.0	RAP_Step2_all_TGW_quality.FarmCPUpeak_info	RAP_Step2_all_TGW_quality	LOC_Os03g07830			AP2 domain containing protein, expressed	N	Y	Y	46	pipeline_score=46; farm_logP=6.13; max_variant=5; recommendation_score=46
QTL7	Chr3-3944512	6.13	*	LOC_Os03g07840	3:3986729-3989999	5	10	*	4.0	0.0	0.0	15.0	*	29.0	RAP_Step2_all_TGW_quality.FarmCPUpeak_info	RAP_Step2_all_TGW_quality	LOC_Os03g07840			adenylosuccinate synthetase, chloroplast precursor, putative, expressed	N	Y	Y	32	pipeline_score=29; farm_logP=6.13; max_variant=10; recommendation_score=32
QTL7	Chr3-3944512	6.13	*	LOC_Os03g07850	3:3990105-3997815	20	10	*	4.0	0.0	0.0	10.0	*	34.0	RAP_Step2_all_TGW_quality.FarmCPUpeak_info	RAP_Step2_all_TGW_quality	LOC_Os03g07850			tRNA methyltransferase, putative, expressed	N	Y	Y	39	pipeline_score=34; farm_logP=6.13; max_variant=20; recommendation_score=39
QTL7	Chr3-3944512	6.13	*	LOC_Os03g07870	3:3999088-4000032	5	10	*	4.0	0.0	0.0	10.0	*	24.0	RAP_Step2_all_TGW_quality.FarmCPUpeak_info	RAP_Step2_all_TGW_quality	LOC_Os03g07870			expressed protein	N	Y	Y	27	pipeline_score=24; farm_logP=6.13; max_variant=10; recommendation_score=27
QTL7	Chr3-3944512	6.13	*	LOC_Os03g07880	3:4001995-4005428	5	10	*	4.0	0.0	0.0	15.0	*	29.0	RAP_Step2_all_TGW_quality.FarmCPUpeak_info	RAP_Step2_all_TGW_quality	LOC_Os03g07880			nuclear transcription factor Y subunit, putative, expressed	N	Y	Y	32	pipeline_score=29; farm_logP=6.13; max_variant=10; recommendation_score=32
QTL7	Chr3-3944512	6.13	*	LOC_Os03g07890	3:4014426-4016478	20	25	5	4.0	0.0	0.0	15.0	*	44.0	RAP_Step2_all_TGW_quality.FarmCPUpeak_info	RAP_Step2_all_TGW_quality	LOC_Os03g07890			mitochondrial carrier protein, putative, expressed	N	Y	Y	49	pipeline_score=44; farm_logP=6.13; max_variant=25; recommendation_score=49
QTL7	Chr3-3944512	6.13	*	LOC_Os03g07910	3:4024336-4028528	5	10	10	4.0	0.0	0.0	15.0	*	29.0	RAP_Step2_all_TGW_quality.FarmCPUpeak_info	RAP_Step2_all_TGW_quality	LOC_Os03g07910			nitrilase, putative, expressed	N	Y	Y	32	pipeline_score=29; farm_logP=6.13; max_variant=10; recommendation_score=32
QTL7	Chr3-3944512	6.13	*	LOC_Os03g07920	3:4037983-4039509	20	5	*	4.0	0.0	0.0	18.0	*	42.0	RAP_Step2_all_TGW_quality.FarmCPUpeak_info	RAP_Step2_all_TGW_quality	LOC_Os03g07920	BG1	auxin; auxin transport; biomass; grain; grain size; seed; seed weight; yield	expressed protein	N	Y	Y	54	pipeline_score=42; farm_logP=6.13; max_variant=20; symbol=BG1; keyword=auxin; auxin transport; biomass; grain; grain size; seed; seed weight; yield; recommendation_score=54
QTL7	Chr3-3944512	6.13	*	LOC_Os03g07930	3:4048003-4051564	25	25	25	4.0	0.0	0.0	15.0	*	44.0	RAP_Step2_all_TGW_quality.FarmCPUpeak_info	RAP_Step2_all_TGW_quality	LOC_Os03g07930			retrotransposon protein, putative, Ty3-gypsy subclass, expressed	Y	Y	Y	49	pipeline_score=44; farm_logP=6.13; max_variant=25; recommendation_score=49
QTL7	Chr3-3944512	6.13	*	LOC_Os03g07940	3:4056779-4061467	5	10	5	4.0	5.0	10.0	20.0	*	49.0	RAP_Step2_all_TGW_quality.FarmCPUpeak_info	RAP_Step2_all_TGW_quality	LOC_Os03g07940			AP2 domain containing protein, expressed	N	Y	Y	52	pipeline_score=49; farm_logP=6.13; max_variant=10; recommendation_score=52
QTL7	Chr3-3944512	6.13	*	Os03g0176200	3:4057213-4057661	5	10	15	4.0	0.0	0.0	20.0	*	39.0	RAP_Step2_all_TGW_quality.FarmCPUpeak_info	RAP_Step2_all_TGW_quality	Os03g0176200							42	pipeline_score=39; farm_logP=6.13; max_variant=15; recommendation_score=42
QTL7	Chr3-3944512	6.13	*	LOC_Os03g07950	3:4066159-4067080	5	10	*	4.0	0.0	0.0	0.0	*	14.0	RAP_Step2_all_TGW_quality.FarmCPUpeak_info	RAP_Step2_all_TGW_quality	LOC_Os03g07950			expressed protein	N	Y	Y	17	pipeline_score=14; farm_logP=6.13; max_variant=10; recommendation_score=17
QTL7	Chr3-3944512	6.13	*	LOC_Os03g07960	3:4069589-4072442	15	*	*	4.0	0.0	0.0	10.0	*	29.0	RAP_Step2_all_TGW_quality.FarmCPUpeak_info	RAP_Step2_all_TGW_quality	LOC_Os03g07960			expressed protein	N	Y	Y	32	pipeline_score=29; farm_logP=6.13; max_variant=15; recommendation_score=32
QTL7	Chr3-3944512	6.13	*	LOC_Os03g07970	3:4073575-4077729	5	10	*	4.0	0.0	0.0	10.0	*	24.0	RAP_Step2_all_TGW_quality.FarmCPUpeak_info	RAP_Step2_all_TGW_quality	LOC_Os03g07970			expressed protein	N	Y	Y	27	pipeline_score=24; farm_logP=6.13; max_variant=10; recommendation_score=27
QTL7	Chr3-3944512	6.13	*	LOC_Os03g07980	3:4079337-4080084	5	10	0	4.0	0.0	0.0	15.0	*	29.0	RAP_Step2_all_TGW_quality.FarmCPUpeak_info	RAP_Step2_all_TGW_quality	LOC_Os03g07980			expressed protein	N	Y	Y	32	pipeline_score=29; farm_logP=6.13; max_variant=10; recommendation_score=32
QTL7	Chr3-3944512	6.13	*	LOC_Os03g07990	3:4081584-4085042	5	10	5	4.0	0.0	0.0	15.0	*	29.0	RAP_Step2_all_TGW_quality.FarmCPUpeak_info	RAP_Step2_all_TGW_quality	LOC_Os03g07990			acetyltransferase, GNAT family, putative, expressed	N	Y	Y	32	pipeline_score=29; farm_logP=6.13; max_variant=10; recommendation_score=32
QTL7	Chr3-3944512	6.13	*	LOC_Os03g07994	3:4086997-4089784	5	10	*	4.0	0.0	0.0	15.0	*	29.0	RAP_Step2_all_TGW_quality.FarmCPUpeak_info	RAP_Step2_all_TGW_quality	LOC_Os03g07994			expressed protein	N	Y	Y	32	pipeline_score=29; farm_logP=6.13; max_variant=10; recommendation_score=32
QTL7	Chr3-3944512	6.13	*	LOC_Os03g08000	3:4090003-4094134	20	5	*	4.0	0.0	0.0	15.0	*	39.0	RAP_Step2_all_TGW_quality.FarmCPUpeak_info	RAP_Step2_all_TGW_quality	LOC_Os03g08000			expressed protein	N	Y	Y	44	pipeline_score=39; farm_logP=6.13; max_variant=20; recommendation_score=44
QTL7	Chr3-3944512	6.13	*	LOC_Os03g08010	3:4095194-4097239	5	25	10	4.0	0.0	17.0	18.0	*	64.0	RAP_Step2_all_TGW_quality.FarmCPUpeak_info	RAP_Step2_all_TGW_quality	LOC_Os03g08010			elongation factor Tu, putative, expressed	N	Y	Y	69	pipeline_score=64; farm_logP=6.13; max_variant=25; recommendation_score=69
QTL7	Chr3-3944512	6.13	*	LOC_Os03g08020	3:4100741-4102679	5	25	*	4.0	0.0	17.0	18.0	*	64.0	RAP_Step2_all_TGW_quality.FarmCPUpeak_info	RAP_Step2_all_TGW_quality	LOC_Os03g08020			elongation factor Tu, putative, expressed	N	Y	Y	69	pipeline_score=64; farm_logP=6.13; max_variant=25; recommendation_score=69
QTL7	Chr3-3944512	6.13	*	LOC_Os03g08030	3:4104905-4105804	20	10	10	4.0	0.0	0.0	18.0	*	42.0	RAP_Step2_all_TGW_quality.FarmCPUpeak_info	RAP_Step2_all_TGW_quality	LOC_Os03g08030			expressed protein	N	Y	Y	47	pipeline_score=42; farm_logP=6.13; max_variant=20; recommendation_score=47
QTL7	Chr3-3944512	6.13	*	LOC_Os03g08040	3:4107715-4109897	20	25	*	4.0	0.0	0.0	0.0	*	29.0	RAP_Step2_all_TGW_quality.FarmCPUpeak_info	RAP_Step2_all_TGW_quality	LOC_Os03g08040			expressed protein	N	Y	Y	34	pipeline_score=29; farm_logP=6.13; max_variant=25; recommendation_score=34
QTL7	Chr3-3944512	6.13	*	LOC_Os03g08050	3:4111409-4113361	*	5	*	4.0	0.0	17.0	18.0	*	44.0	RAP_Step2_all_TGW_quality.FarmCPUpeak_info	RAP_Step2_all_TGW_quality	LOC_Os03g08050			elongation factor Tu, putative, expressed	N	Y	Y	44	pipeline_score=44; farm_logP=6.13; max_variant=5; recommendation_score=44
QTL7	Chr3-3944512	6.13	*	Os03g0177966	3:4116058-4118887	20	10	*	4.0	0.0	0.0	18.0	*	42.0	RAP_Step2_all_TGW_quality.FarmCPUpeak_info	RAP_Step2_all_TGW_quality	Os03g0177966							47	pipeline_score=42; farm_logP=6.13; max_variant=20; recommendation_score=47
QTL7	Chr3-3944512	6.13	*	Os03g0178000	3:4116932-4119755	20	10	*	4.0	0.0	17.0	18.0	*	59.0	RAP_Step2_all_TGW_quality.FarmCPUpeak_info	RAP_Step2_all_TGW_quality	Os03g0178000							64	pipeline_score=59; farm_logP=6.13; max_variant=20; recommendation_score=64
QTL7	Chr3-3944512	6.13	*	LOC_Os03g08070	3:4119945-4127084	5	10	0	4.0	0.0	10.0	10.0	*	34.0	RAP_Step2_all_TGW_quality.FarmCPUpeak_info	RAP_Step2_all_TGW_quality	LOC_Os03g08070			copper-transporting ATPase PAA1, putative, expressed	N	Y	Y	37	pipeline_score=34; farm_logP=6.13; max_variant=10; recommendation_score=37
QTL7	Chr3-3944512	6.13	*	Os03g0178066	3:4119985-4122323	1	5	*	4.0	0.0	0.0	15.0	*	24.0	RAP_Step2_all_TGW_quality.FarmCPUpeak_info	RAP_Step2_all_TGW_quality	Os03g0178066							24	pipeline_score=24; farm_logP=6.13; max_variant=5; recommendation_score=24
QTL7	Chr3-3944512	6.13	*	Os03g0178150	3:4126045-4126445	5	5	*	4.0	0.0	0.0	20.0	*	29.0	RAP_Step2_all_TGW_quality.FarmCPUpeak_info	RAP_Step2_all_TGW_quality	Os03g0178150							29	pipeline_score=29; farm_logP=6.13; max_variant=5; recommendation_score=29
QTL7	Chr3-3944512	6.13	*	LOC_Os03g08080	3:4129653-4131193	1	10	0	4.0	0.0	0.0	18.0	*	32.0	RAP_Step2_all_TGW_quality.FarmCPUpeak_info	RAP_Step2_all_TGW_quality	LOC_Os03g08080			YGGT family protein, putative, expressed	N	Y	Y	35	pipeline_score=32; farm_logP=6.13; max_variant=10; recommendation_score=35
QTL7	Chr3-3944512	6.13	*	LOC_Os03g08090	3:4130576-4132544	1	5	*	4.0	0.0	0.0	15.0	*	24.0	RAP_Step2_all_TGW_quality.FarmCPUpeak_info	RAP_Step2_all_TGW_quality	LOC_Os03g08090			hydrolase, alpha/beta fold family protein, putative, expressed	N	Y	Y	24	pipeline_score=24; farm_logP=6.13; max_variant=5; recommendation_score=24
QTL7	Chr3-3944512	6.13	*	LOC_Os03g08100	3:4133458-4136490	20	10	*	4.0	0.0	0.0	18.0	*	42.0	RAP_Step2_all_TGW_quality.FarmCPUpeak_info	RAP_Step2_all_TGW_quality	LOC_Os03g08100			hydrolase, alpha/beta fold family protein, putative, expressed	N	Y	Y	47	pipeline_score=42; farm_logP=6.13; max_variant=20; recommendation_score=47
QTL7	Chr3-3944512	6.13	*	LOC_Os03g08110	3:4136960-4142715	5	10	10	4.0	0.0	0.0	10.0	*	24.0	RAP_Step2_all_TGW_quality.FarmCPUpeak_info	RAP_Step2_all_TGW_quality	LOC_Os03g08110			hydrolase protein, putative, expressed	N	Y	Y	27	pipeline_score=24; farm_logP=6.13; max_variant=10; recommendation_score=27
QTL7	Chr3-3944512	6.13	*	Os03g0178550	3:4141936-4143332	5	10	10	4.0	0.0	0.0	10.0	*	24.0	RAP_Step2_all_TGW_quality.FarmCPUpeak_info	RAP_Step2_all_TGW_quality	Os03g0178550							27	pipeline_score=24; farm_logP=6.13; max_variant=10; recommendation_score=27
QTL7	Chr3-3944512	6.13	*	LOC_Os03g08114	3:4144020-4146639	20	5	*	4.0	0.0	0.0	18.0	*	42.0	RAP_Step2_all_TGW_quality.FarmCPUpeak_info	RAP_Step2_all_TGW_quality	LOC_Os03g08114			expressed protein	N	Y	Y	47	pipeline_score=42; farm_logP=6.13; max_variant=20; recommendation_score=47
QTL8	Chr3-27699858	7.55	*	LOC_Os03g48300	3:27487158-27503964	5	10	20	6.0	0.0	10.0	10.0	*	46.0	RAP_Step2_all_TGW_quality.FarmCPUpeak_info	RAP_Step2_all_TGW_quality	LOC_Os03g48300			histidine acid phosphatase, putative, expressed	N	Y	Y	51	pipeline_score=46; farm_logP=7.55; max_variant=20; recommendation_score=51
QTL8	Chr3-27699858	7.55	*	LOC_Os03g48310	3:27510164-27517321	5	5	*	6.0	0.0	10.0	20.0	*	41.0	RAP_Step2_all_TGW_quality.FarmCPUpeak_info	RAP_Step2_all_TGW_quality	LOC_Os03g48310			plasma membrane ATPase, putative, expressed	N	Y	Y	41	pipeline_score=41; farm_logP=7.55; max_variant=5; recommendation_score=41
QTL8	Chr3-27699858	7.55	*	Os03g0689350	3:27510439-27517145	1	*	*	6.0	0.0	0.0	22.0	*	29.0	RAP_Step2_all_TGW_quality.FarmCPUpeak_info	RAP_Step2_all_TGW_quality	Os03g0689350							29	pipeline_score=29; farm_logP=7.55; max_variant=1; recommendation_score=29
QTL8	Chr3-27699858	7.55	*	LOC_Os03g48320	3:27517616-27521492	25	25	25	6.0	0.0	0.0	18.0	*	49.0	RAP_Step2_all_TGW_quality.FarmCPUpeak_info	RAP_Step2_all_TGW_quality	LOC_Os03g48320			disease resistance RPP13-like protein 1, putative, expressed	N	Y	Y	54	pipeline_score=49; farm_logP=7.55; max_variant=25; recommendation_score=54
QTL8	Chr3-27699858	7.55	*	Os03g0689544	3:27520367-27521474	20	5	0	6.0	0.0	0.0	20.0	*	46.0	RAP_Step2_all_TGW_quality.FarmCPUpeak_info	RAP_Step2_all_TGW_quality	Os03g0689544							51	pipeline_score=46; farm_logP=7.55; max_variant=20; recommendation_score=51
QTL8	Chr3-27699858	7.55	*	LOC_Os03g48330	3:27524623-27527705	25	25	25	6.0	0.0	0.0	0.0	*	31.0	RAP_Step2_all_TGW_quality.FarmCPUpeak_info	RAP_Step2_all_TGW_quality	LOC_Os03g48330			retrotransposon protein, putative, unclassified, expressed	Y	Y	Y	36	pipeline_score=31; farm_logP=7.55; max_variant=25; recommendation_score=36
QTL8	Chr3-27699858	7.55	*	LOC_Os03g48340	3:27527958-27528368	25	*	0	6.0	0.0	0.0	0.0	*	31.0	RAP_Step2_all_TGW_quality.FarmCPUpeak_info	RAP_Step2_all_TGW_quality	LOC_Os03g48340			retrotransposon protein, putative, unclassified, expressed	Y	Y	Y	36	pipeline_score=31; farm_logP=7.55; max_variant=25; recommendation_score=36
QTL8	Chr3-27699858	7.55	*	LOC_Os03g48350	3:27528892-27530820	25	25	25	6.0	0.0	10.0	0.0	*	41.0	RAP_Step2_all_TGW_quality.FarmCPUpeak_info	RAP_Step2_all_TGW_quality	LOC_Os03g48350			retrotransposon protein, putative, unclassified, expressed	Y	Y	Y	46	pipeline_score=41; farm_logP=7.55; max_variant=25; recommendation_score=46
QTL8	Chr3-27699858	7.55	*	LOC_Os03g48360	3:27531657-27534421	25	25	25	6.0	0.0	0.0	0.0	*	31.0	RAP_Step2_all_TGW_quality.FarmCPUpeak_info	RAP_Step2_all_TGW_quality	LOC_Os03g48360			retrotransposon protein, putative, unclassified, expressed	Y	Y	Y	36	pipeline_score=31; farm_logP=7.55; max_variant=25; recommendation_score=36
QTL8	Chr3-27699858	7.55	*	LOC_Os03g48364	3:27534870-27535265	25	25	*	6.0	0.0	0.0	0.0	*	31.0	RAP_Step2_all_TGW_quality.FarmCPUpeak_info	RAP_Step2_all_TGW_quality	LOC_Os03g48364			retrotransposon protein, putative, unclassified	Y	N	Y	36	pipeline_score=31; farm_logP=7.55; max_variant=25; recommendation_score=36
QTL8	Chr3-27699858	7.55	*	Os03g0689688	3:27536731-27537829	5	10	10	6.0	0.0	0.0	18.0	*	34.0	RAP_Step2_all_TGW_quality.FarmCPUpeak_info	RAP_Step2_all_TGW_quality	Os03g0689688							37	pipeline_score=34; farm_logP=7.55; max_variant=10; recommendation_score=37
QTL8	Chr3-27699858	7.55	*	LOC_Os03g48370	3:27536734-27543081	25	25	0	6.0	0.0	0.0	15.0	*	46.0	RAP_Step2_all_TGW_quality.FarmCPUpeak_info	RAP_Step2_all_TGW_quality	LOC_Os03g48370			disease resistance RPP13-like protein 1, putative, expressed	N	Y	Y	51	pipeline_score=46; farm_logP=7.55; max_variant=25; recommendation_score=51
QTL8	Chr3-27699858	7.55	*	LOC_Os03g48380	3:27546111-27550077	20	10	0	6.0	0.0	0.0	10.0	*	36.0	RAP_Step2_all_TGW_quality.FarmCPUpeak_info	RAP_Step2_all_TGW_quality	LOC_Os03g48380			expressed protein	N	Y	Y	41	pipeline_score=36; farm_logP=7.55; max_variant=20; recommendation_score=41
QTL8	Chr3-27699858	7.55	*	LOC_Os03g48390	3:27552157-27554236	*	10	5	6.0	0.0	0.0	18.0	*	34.0	RAP_Step2_all_TGW_quality.FarmCPUpeak_info	RAP_Step2_all_TGW_quality	LOC_Os03g48390			expressed protein	N	Y	Y	37	pipeline_score=34; farm_logP=7.55; max_variant=10; recommendation_score=37
QTL8	Chr3-27699858	7.55	*	LOC_Os03g48400	3:27554521-27557065	5	25	5	6.0	0.0	0.0	22.0	*	53.0	RAP_Step2_all_TGW_quality.FarmCPUpeak_info	RAP_Step2_all_TGW_quality	LOC_Os03g48400			hypothetical protein	N	N	Y	58	pipeline_score=53; farm_logP=7.55; max_variant=25; recommendation_score=58
QTL8	Chr3-27699858	7.55	*	LOC_Os03g48410	3:27567705-27568615	20	25	15	6.0	0.0	0.0	20.0	*	51.0	RAP_Step2_all_TGW_quality.FarmCPUpeak_info	RAP_Step2_all_TGW_quality	LOC_Os03g48410			hypothetical protein	N	N	Y	56	pipeline_score=51; farm_logP=7.55; max_variant=25; recommendation_score=56
QTL8	Chr3-27699858	7.55	*	LOC_Os03g48430	3:27580909-27582212	5	10	*	6.0	0.0	0.0	15.0	*	31.0	RAP_Step2_all_TGW_quality.FarmCPUpeak_info	RAP_Step2_all_TGW_quality	LOC_Os03g48430			1-aminocyclopropane-1-carboxylate oxidase homolog 4, putative, expressed	N	Y	Y	34	pipeline_score=31; farm_logP=7.55; max_variant=10; recommendation_score=34
QTL8	Chr3-27699858	7.55	*	LOC_Os03g48440	3:27583885-27587124	25	5	*	6.0	0.0	0.0	10.0	*	41.0	RAP_Step2_all_TGW_quality.FarmCPUpeak_info	RAP_Step2_all_TGW_quality	LOC_Os03g48440			expressed protein	N	Y	Y	46	pipeline_score=41; farm_logP=7.55; max_variant=25; recommendation_score=46
QTL8	Chr3-27699858	7.55	*	LOC_Os03g48450	3:27587719-27592832	5	5	*	6.0	0.0	0.0	15.0	*	26.0	RAP_Step2_all_TGW_quality.FarmCPUpeak_info	RAP_Step2_all_TGW_quality	LOC_Os03g48450			SCARECROW, putative, expressed	N	Y	Y	26	pipeline_score=26; farm_logP=7.55; max_variant=5; recommendation_score=26
QTL8	Chr3-27699858	7.55	*	LOC_Os03g48457	3:27597487-27600818	25	25	25	6.0	0.0	0.0	0.0	*	31.0	RAP_Step2_all_TGW_quality.FarmCPUpeak_info	RAP_Step2_all_TGW_quality	LOC_Os03g48457			transposon protein, putative, CACTA, En/Spm sub-class, expressed	Y	Y	Y	36	pipeline_score=31; farm_logP=7.55; max_variant=25; recommendation_score=36
QTL8	Chr3-27699858	7.55	*	LOC_Os03g48464	3:27603502-27607199	25	25	25	6.0	0.0	0.0	0.0	*	31.0	RAP_Step2_all_TGW_quality.FarmCPUpeak_info	RAP_Step2_all_TGW_quality	LOC_Os03g48464			transposon protein, putative, CACTA, En/Spm sub-class, expressed	Y	Y	Y	36	pipeline_score=31; farm_logP=7.55; max_variant=25; recommendation_score=36
QTL8	Chr3-27699858	7.55	*	LOC_Os03g48471	3:27612176-27613959	25	25	*	6.0	0.0	10.0	10.0	*	51.0	RAP_Step2_all_TGW_quality.FarmCPUpeak_info	RAP_Step2_all_TGW_quality	LOC_Os03g48471			ATP synthase subunit alpha, putative, expressed	N	Y	Y	56	pipeline_score=51; farm_logP=7.55; max_variant=25; recommendation_score=56
QTL8	Chr3-27699858	7.55	*	Os03g0691050	3:27641720-27644999	20	5	*	6.0	0.0	0.0	10.0	*	36.0	RAP_Step2_all_TGW_quality.FarmCPUpeak_info	RAP_Step2_all_TGW_quality	Os03g0691050							41	pipeline_score=36; farm_logP=7.55; max_variant=20; recommendation_score=41
QTL8	Chr3-27699858	7.55	*	LOC_Os03g48480	3:27644551-27647533	5	10	0	6.0	0.0	0.0	10.0	*	26.0	RAP_Step2_all_TGW_quality.FarmCPUpeak_info	RAP_Step2_all_TGW_quality	LOC_Os03g48480			thioesterase family protein, putative, expressed	N	Y	Y	29	pipeline_score=26; farm_logP=7.55; max_variant=10; recommendation_score=29
QTL8	Chr3-27699858	7.55	*	LOC_Os03g48490	3:27652240-27659735	20	25	25	6.0	0.0	0.0	20.0	*	51.0	RAP_Step2_all_TGW_quality.FarmCPUpeak_info	RAP_Step2_all_TGW_quality	LOC_Os03g48490			centromere protein, putative, expressed	N	Y	Y	56	pipeline_score=51; farm_logP=7.55; max_variant=25; recommendation_score=56
QTL8	Chr3-27699858	7.55	*	LOC_Os03g48520	3:27662425-27663177	20	10	*	6.0	5.0	10.0	22.0	*	63.0	RAP_Step2_all_TGW_quality.FarmCPUpeak_info	RAP_Step2_all_TGW_quality	LOC_Os03g48520			PB1 domain containing protein, expressed	N	Y	Y	68	pipeline_score=63; farm_logP=7.55; max_variant=20; recommendation_score=68
QTL8	Chr3-27699858	7.55	*	LOC_Os03g48540	3:27668897-27674658	5	10	10	6.0	0.0	0.0	10.0	*	26.0	RAP_Step2_all_TGW_quality.FarmCPUpeak_info	RAP_Step2_all_TGW_quality	LOC_Os03g48540	OsHIPL1	ABA ; ABA; ABA biosynthesis; ABA catabolism; abscisic acid; nucleus; plasma membrane; seed; seed germination; seed vigour	expressed protein	N	Y	Y	36	pipeline_score=26; farm_logP=7.55; max_variant=10; symbol=OsHIPL1; keyword=ABA ; ABA; ABA biosynthesis; ABA catabolism; abscisic acid; nucleus; plasma membrane; seed; seed germination; seed vigour; recommendation_score=36
QTL8	Chr3-27699858	7.55	*	Os03g0691900	3:27672581-27673987	1	*	*	6.0	0.0	0.0	18.0	*	25.0	RAP_Step2_all_TGW_quality.FarmCPUpeak_info	RAP_Step2_all_TGW_quality	Os03g0691900							25	pipeline_score=25; farm_logP=7.55; max_variant=1; recommendation_score=25
QTL8	Chr3-27699858	7.55	*	LOC_Os03g48550	3:27674652-27675534	20	25	25	6.0	0.0	0.0	0.0	*	31.0	RAP_Step2_all_TGW_quality.FarmCPUpeak_info	RAP_Step2_all_TGW_quality	LOC_Os03g48550			retrotransposon protein, putative, Ty1-copia subclass, expressed	Y	Y	Y	36	pipeline_score=31; farm_logP=7.55; max_variant=25; recommendation_score=36
QTL8	Chr3-27699858	7.55	*	LOC_Os03g48560	3:27678462-27681754	1	10	5	6.0	5.0	10.0	10.0	*	41.0	RAP_Step2_all_TGW_quality.FarmCPUpeak_info	RAP_Step2_all_TGW_quality	LOC_Os03g48560			N-acetylglucosaminyltransferase, putative, expressed	N	Y	Y	44	pipeline_score=41; farm_logP=7.55; max_variant=10; recommendation_score=44
QTL8	Chr3-27699858	7.55	*	LOC_Os03g48570	3:27691450-27693150	5	10	*	6.0	5.0	0.0	20.0	*	41.0	RAP_Step2_all_TGW_quality.FarmCPUpeak_info	RAP_Step2_all_TGW_quality	LOC_Os03g48570			expressed protein	N	Y	Y	44	pipeline_score=41; farm_logP=7.55; max_variant=10; recommendation_score=44
QTL8	Chr3-27699858	7.55	*	LOC_Os03g48580	3:27701367-27702502	20	5	5	6.0	0.0	0.0	0.0	*	26.0	RAP_Step2_all_TGW_quality.FarmCPUpeak_info	RAP_Step2_all_TGW_quality	LOC_Os03g48580			expressed protein	N	Y	Y	31	pipeline_score=26; farm_logP=7.55; max_variant=20; recommendation_score=31
QTL8	Chr3-27699858	7.55	*	Os03g0692350	3:27703093-27704604	20	10	5	6.0	0.0	0.0	22.0	*	48.0	RAP_Step2_all_TGW_quality.FarmCPUpeak_info	RAP_Step2_all_TGW_quality	Os03g0692350							53	pipeline_score=48; farm_logP=7.55; max_variant=20; recommendation_score=53
QTL8	Chr3-27699858	7.55	*	LOC_Os03g48590	3:27703123-27704635	20	5	*	6.0	0.0	0.0	22.0	*	48.0	RAP_Step2_all_TGW_quality.FarmCPUpeak_info	RAP_Step2_all_TGW_quality	LOC_Os03g48590			protein transport protein Sec61 subunit alpha, putative, expressed	N	Y	Y	53	pipeline_score=48; farm_logP=7.55; max_variant=20; recommendation_score=53
QTL8	Chr3-27699858	7.55	*	LOC_Os03g48600	3:27705346-27710498	5	10	*	6.0	0.0	0.0	20.0	*	36.0	RAP_Step2_all_TGW_quality.FarmCPUpeak_info	RAP_Step2_all_TGW_quality	LOC_Os03g48600			domain of unknown function DUF966 domain containing protein, expressed	N	Y	Y	39	pipeline_score=36; farm_logP=7.55; max_variant=10; recommendation_score=39
QTL8	Chr3-27699858	7.55	*	LOC_Os03g48610	3:27715478-27720176	20	10	*	6.0	0.0	0.0	20.0	*	46.0	RAP_Step2_all_TGW_quality.FarmCPUpeak_info	RAP_Step2_all_TGW_quality	LOC_Os03g48610			galactosyltransferase family protein, putative, expressed	N	Y	Y	51	pipeline_score=46; farm_logP=7.55; max_variant=20; recommendation_score=51
QTL8	Chr3-27699858	7.55	*	LOC_Os03g48626	3:27723754-27729054	5	5	0	6.0	0.0	0.0	15.0	*	26.0	RAP_Step2_all_TGW_quality.FarmCPUpeak_info	RAP_Step2_all_TGW_quality	LOC_Os03g48626			expressed protein	N	Y	Y	26	pipeline_score=26; farm_logP=7.55; max_variant=5; recommendation_score=26
QTL8	Chr3-27699858	7.55	*	LOC_Os03g48642	3:27730573-27731871	25	25	*	6.0	0.0	0.0	0.0	*	31.0	RAP_Step2_all_TGW_quality.FarmCPUpeak_info	RAP_Step2_all_TGW_quality	LOC_Os03g48642			hypothetical protein	N	N	Y	36	pipeline_score=31; farm_logP=7.55; max_variant=25; recommendation_score=36
QTL8	Chr3-27699858	7.55	*	LOC_Os03g48660	3:27736291-27741513	25	10	*	6.0	0.0	0.0	18.0	*	49.0	RAP_Step2_all_TGW_quality.FarmCPUpeak_info	RAP_Step2_all_TGW_quality	LOC_Os03g48660			DUF1336 domain containing protein, expressed	N	Y	Y	54	pipeline_score=49; farm_logP=7.55; max_variant=25; recommendation_score=54
QTL8	Chr3-27699858	7.55	*	LOC_Os03g48674	3:27745426-27751142	25	25	10	6.0	0.0	10.0	0.0	*	41.0	RAP_Step2_all_TGW_quality.FarmCPUpeak_info	RAP_Step2_all_TGW_quality	LOC_Os03g48674			retrotransposon protein, putative, unclassified, expressed	Y	Y	Y	46	pipeline_score=41; farm_logP=7.55; max_variant=25; recommendation_score=46
QTL8	Chr3-27699858	7.55	*	LOC_Os03g48690	3:27752287-27755346	25	25	10	6.0	0.0	0.0	0.0	*	31.0	RAP_Step2_all_TGW_quality.FarmCPUpeak_info	RAP_Step2_all_TGW_quality	LOC_Os03g48690			retrotransposon protein, putative, unclassified, expressed	Y	Y	Y	36	pipeline_score=31; farm_logP=7.55; max_variant=25; recommendation_score=36
QTL8	Chr3-27699858	7.55	*	LOC_Os03g48710	3:27762912-27767124	20	10	*	6.0	0.0	0.0	10.0	*	36.0	RAP_Step2_all_TGW_quality.FarmCPUpeak_info	RAP_Step2_all_TGW_quality	LOC_Os03g48710			expressed protein	N	Y	Y	41	pipeline_score=36; farm_logP=7.55; max_variant=20; recommendation_score=41
QTL8	Chr3-27699858	7.55	*	LOC_Os03g48720	3:27768379-27769451	25	10	25	6.0	0.0	0.0	15.0	*	46.0	RAP_Step2_all_TGW_quality.FarmCPUpeak_info	RAP_Step2_all_TGW_quality	LOC_Os03g48720			expressed protein	N	Y	Y	51	pipeline_score=46; farm_logP=7.55; max_variant=25; recommendation_score=51
QTL8	Chr3-27699858	7.55	*	LOC_Os03g48730	3:27772359-27772628	25	10	25	6.0	0.0	0.0	0.0	*	31.0	RAP_Step2_all_TGW_quality.FarmCPUpeak_info	RAP_Step2_all_TGW_quality	LOC_Os03g48730			expressed protein	N	Y	Y	36	pipeline_score=31; farm_logP=7.55; max_variant=25; recommendation_score=36
QTL8	Chr3-27699858	7.55	*	LOC_Os03g48740	3:27775340-27778427	25	10	5	6.0	5.0	0.0	22.0	*	58.0	RAP_Step2_all_TGW_quality.FarmCPUpeak_info	RAP_Step2_all_TGW_quality	LOC_Os03g48740	OsIAAGLU|OsIAGT1	ABA; IAA; abscisic acid; architecture; auxin; breeding; development; flower; gravitropic response; growth; height; homeostasis; iaa; leaf; panicle; plant architecture; plant height; plant stature; root; root length; seed; shoot; shoot architecture; tiller	indole-3-acetate beta-glucosyltransferase, putative, expressed	N	Y	Y	70	pipeline_score=58; farm_logP=7.55; max_variant=25; symbol=OsIAAGLU|OsIAGT1; keyword=ABA; IAA; abscisic acid; architecture; auxin; breeding; development; flower; gravitropic response; growth; height; homeostasis; iaa; leaf; panicle; plant architecture; plant height; plant stature; root; root length; seed; shoot; shoot architecture; tiller; recommendation_score=70
QTL8	Chr3-27699858	7.55	*	Os03g0693650	3:27775346-27778126	25	5	*	6.0	0.0	0.0	22.0	*	53.0	RAP_Step2_all_TGW_quality.FarmCPUpeak_info	RAP_Step2_all_TGW_quality	Os03g0693650							58	pipeline_score=53; farm_logP=7.55; max_variant=25; recommendation_score=58
QTL8	Chr3-27699858	7.55	*	LOC_Os03g48750	3:27779086-27780096	20	*	5	6.0	5.0	10.0	5.0	*	46.0	RAP_Step2_all_TGW_quality.FarmCPUpeak_info	RAP_Step2_all_TGW_quality	LOC_Os03g48750			Cupin domain containing protein, expressed	N	Y	Y	51	pipeline_score=46; farm_logP=7.55; max_variant=20; recommendation_score=51
QTL8	Chr3-27699858	7.55	*	LOC_Os03g48760	3:27783892-27784581	20	25	10	6.0	5.0	10.0	5.0	*	51.0	RAP_Step2_all_TGW_quality.FarmCPUpeak_info	RAP_Step2_all_TGW_quality	LOC_Os03g48760	OsOXO2	blast resistance	Cupin domain containing protein, expressed	N	Y	Y	63	pipeline_score=51; farm_logP=7.55; max_variant=25; symbol=OsOXO2; keyword=blast resistance; recommendation_score=63
QTL8	Chr3-27699858	7.55	*	LOC_Os03g48770	3:27788051-27788913	15	5	*	6.0	5.0	10.0	5.0	*	41.0	RAP_Step2_all_TGW_quality.FarmCPUpeak_info	RAP_Step2_all_TGW_quality	LOC_Os03g48770	OsOXO3	blast; blast resistance; panicle; resistance	Cupin domain containing protein, expressed	N	Y	Y	51	pipeline_score=41; farm_logP=7.55; max_variant=15; symbol=OsOXO3; keyword=blast; blast resistance; panicle; resistance; recommendation_score=51
QTL8	Chr3-27699858	7.55	*	LOC_Os03g48780	3:27790977-27792047	5	5	20	6.0	5.0	10.0	5.0	*	46.0	RAP_Step2_all_TGW_quality.FarmCPUpeak_info	RAP_Step2_all_TGW_quality	LOC_Os03g48780	OsOXO4	blast; blast resistance; panicle; resistance	Cupin domain containing protein, expressed	N	Y	Y	58	pipeline_score=46; farm_logP=7.55; max_variant=20; symbol=OsOXO4; keyword=blast; blast resistance; panicle; resistance; recommendation_score=58
QTL8	Chr3-27699858	7.55	*	LOC_Os03g48810	3:27812161-27815752	20	5	*	6.0	0.0	0.0	22.0	*	48.0	RAP_Step2_all_TGW_quality.FarmCPUpeak_info	RAP_Step2_all_TGW_quality	LOC_Os03g48810			nucleobase-ascorbate transporter, putative, expressed	N	Y	Y	53	pipeline_score=48; farm_logP=7.55; max_variant=20; recommendation_score=53
QTL8	Chr3-27699858	7.55	*	Os03g0694600	3:27814133-27815913	20	25	*	6.0	0.0	0.0	22.0	*	53.0	RAP_Step2_all_TGW_quality.FarmCPUpeak_info	RAP_Step2_all_TGW_quality	Os03g0694600							58	pipeline_score=53; farm_logP=7.55; max_variant=25; recommendation_score=58
QTL8	Chr3-27699858	7.55	*	LOC_Os03g48820	3:27815935-27817170	15	10	*	6.0	0.0	0.0	15.0	*	36.0	RAP_Step2_all_TGW_quality.FarmCPUpeak_info	RAP_Step2_all_TGW_quality	LOC_Os03g48820			expressed protein	N	Y	Y	39	pipeline_score=36; farm_logP=7.55; max_variant=15; recommendation_score=39
QTL8	Chr3-27699858	7.55	*	LOC_Os03g48830	3:27820011-27822921	5	10	*	6.0	0.0	0.0	15.0	*	31.0	RAP_Step2_all_TGW_quality.FarmCPUpeak_info	RAP_Step2_all_TGW_quality	LOC_Os03g48830			ribosomal protein-related, putative, expressed	N	Y	Y	34	pipeline_score=31; farm_logP=7.55; max_variant=10; recommendation_score=34
QTL8	Chr3-27699858	7.55	*	LOC_Os03g48840	3:27823028-27825718	5	10	*	6.0	0.0	0.0	15.0	*	31.0	RAP_Step2_all_TGW_quality.FarmCPUpeak_info	RAP_Step2_all_TGW_quality	LOC_Os03g48840			ribosomal L18p/L5e family protein, putative, expressed	N	Y	Y	34	pipeline_score=31; farm_logP=7.55; max_variant=10; recommendation_score=34
QTL8	Chr3-27699858	7.55	*	LOC_Os03g48850	3:27826866-27835172	20	10	*	6.0	0.0	0.0	15.0	*	41.0	RAP_Step2_all_TGW_quality.FarmCPUpeak_info	RAP_Step2_all_TGW_quality	LOC_Os03g48850			valyl-tRNA synthetase, putative, expressed	N	Y	Y	46	pipeline_score=41; farm_logP=7.55; max_variant=20; recommendation_score=46
QTL8	Chr3-27699858	7.55	*	LOC_Os03g48870	3:27836378-27837330	20	5	*	6.0	5.0	0.0	22.0	*	53.0	RAP_Step2_all_TGW_quality.FarmCPUpeak_info	RAP_Step2_all_TGW_quality	LOC_Os03g48870			expressed protein	N	Y	Y	58	pipeline_score=53; farm_logP=7.55; max_variant=20; recommendation_score=58
QTL8	Chr3-27699858	7.55	*	LOC_Os03g48880	3:27838416-27839942	20	5	5	6.0	5.0	10.0	22.0	*	63.0	RAP_Step2_all_TGW_quality.FarmCPUpeak_info	RAP_Step2_all_TGW_quality	LOC_Os03g48880			receptor protein kinase TMK1 precursor, putative, expressed	N	Y	Y	68	pipeline_score=63; farm_logP=7.55; max_variant=20; recommendation_score=68
QTL8	Chr3-27699858	7.55	*	LOC_Os03g48890	3:27843629-27845904	25	25	*	6.0	0.0	10.0	0.0	*	41.0	RAP_Step2_all_TGW_quality.FarmCPUpeak_info	RAP_Step2_all_TGW_quality	LOC_Os03g48890			LRR receptor kinase, putative, expressed	N	Y	Y	46	pipeline_score=41; farm_logP=7.55; max_variant=25; recommendation_score=46
QTL8	Chr3-27699858	7.55	*	LOC_Os03g48904	3:27846972-27853473	20	25	7	6.0	0.0	0.0	22.0	*	53.0	RAP_Step2_all_TGW_quality.FarmCPUpeak_info	RAP_Step2_all_TGW_quality	LOC_Os03g48904			expressed protein	N	Y	Y	58	pipeline_score=53; farm_logP=7.55; max_variant=25; recommendation_score=58
QTL8	Chr3-27699858	7.55	*	Os03g0695425	3:27851068-27852859	20	25	15	6.0	0.0	0.0	22.0	*	53.0	RAP_Step2_all_TGW_quality.FarmCPUpeak_info	RAP_Step2_all_TGW_quality	Os03g0695425							58	pipeline_score=53; farm_logP=7.55; max_variant=25; recommendation_score=58
QTL8	Chr3-27699858	7.55	*	LOC_Os03g48920	3:27854761-27858506	18	10	*	6.0	0.0	0.0	10.0	*	34.0	RAP_Step2_all_TGW_quality.FarmCPUpeak_info	RAP_Step2_all_TGW_quality	LOC_Os03g48920			DUF1517 domain containing protein, putative, expressed	N	Y	Y	37	pipeline_score=34; farm_logP=7.55; max_variant=18; recommendation_score=37
QTL8	Chr3-27699858	7.55	*	LOC_Os03g48930	3:27858609-27861077	5	10	*	6.0	0.0	10.0	15.0	*	41.0	RAP_Step2_all_TGW_quality.FarmCPUpeak_info	RAP_Step2_all_TGW_quality	LOC_Os03g48930			peptidase, T1 family, putative, expressed	N	Y	Y	44	pipeline_score=41; farm_logP=7.55; max_variant=10; recommendation_score=44
QTL8	Chr3-27699858	7.55	*	LOC_Os03g48940	3:27861747-27871939	15	10	5	6.0	0.0	0.0	10.0	*	31.0	RAP_Step2_all_TGW_quality.FarmCPUpeak_info	RAP_Step2_all_TGW_quality	LOC_Os03g48940			chloride channel protein CLC-d, putative, expressed	N	Y	Y	34	pipeline_score=31; farm_logP=7.55; max_variant=15; recommendation_score=34
QTL8	Chr3-27699858	7.55	*	LOC_Os03g48950	3:27877943-27882361	5	25	15	6.0	0.0	0.0	15.0	*	46.0	RAP_Step2_all_TGW_quality.FarmCPUpeak_info	RAP_Step2_all_TGW_quality	LOC_Os03g48950			expressed protein	N	Y	Y	51	pipeline_score=46; farm_logP=7.55; max_variant=25; recommendation_score=51
QTL8	Chr3-27699858	7.55	*	LOC_Os03g48960	3:27883416-27883778	5	10	5	6.0	0.0	0.0	22.0	*	38.0	RAP_Step2_all_TGW_quality.FarmCPUpeak_info	RAP_Step2_all_TGW_quality	LOC_Os03g48960			expressed protein	N	Y	Y	41	pipeline_score=38; farm_logP=7.55; max_variant=10; recommendation_score=41
QTL8	Chr3-27699858	7.55	*	LOC_Os03g48970	3:27890360-27894503	5	10	20	6.0	0.0	17.0	10.0	*	53.0	RAP_Step2_all_TGW_quality.FarmCPUpeak_info	RAP_Step2_all_TGW_quality	LOC_Os03g48970	OsNF-YA4	abscisic acid; drought; drought stress; drought tolerance; stress; tolerance	nuclear transcription factor Y subunit, putative, expressed	N	Y	Y	65	pipeline_score=53; farm_logP=7.55; max_variant=20; symbol=OsNF-YA4; keyword=abscisic acid; drought; drought stress; drought tolerance; stress; tolerance; recommendation_score=65
QTL8	Chr3-27699858	7.55	*	LOC_Os03g48980	3:27896383-27897909	20	25	25	6.0	0.0	0.0	0.0	*	31.0	RAP_Step2_all_TGW_quality.FarmCPUpeak_info	RAP_Step2_all_TGW_quality	LOC_Os03g48980			transposon protein, putative, CACTA, En/Spm sub-class, expressed	Y	Y	Y	36	pipeline_score=31; farm_logP=7.55; max_variant=25; recommendation_score=36
QTL8	Chr3-27699858	7.55	*	LOC_Os03g48990	3:27899198-27907445	25	25	25	6.0	0.0	0.0	0.0	*	31.0	RAP_Step2_all_TGW_quality.FarmCPUpeak_info	RAP_Step2_all_TGW_quality	LOC_Os03g48990			retrotransposon protein, putative, Ty3-gypsy subclass, expressed	Y	Y	Y	36	pipeline_score=31; farm_logP=7.55; max_variant=25; recommendation_score=36
QTL9	Chr5-18395587	5.81	*	LOC_Os05g31300	5:18198090-18199416	25	25	25	4.0	0.0	0.0	0.0	*	29.0	RAP_Step2_all_TGW_quality.FarmCPUpeak_info	RAP_Step2_all_TGW_quality	LOC_Os05g31300			transposon protein, putative, Mariner sub-class	Y	N	Y	34	pipeline_score=29; farm_logP=5.81; max_variant=25; recommendation_score=34
QTL9	Chr5-18395587	5.81	*	LOC_Os05g31310	5:18200747-18201228	20	5	0	4.0	0.0	0.0	0.0	*	24.0	RAP_Step2_all_TGW_quality.FarmCPUpeak_info	RAP_Step2_all_TGW_quality	LOC_Os05g31310			expressed protein	N	Y	Y	29	pipeline_score=24; farm_logP=5.81; max_variant=20; recommendation_score=29
QTL9	Chr5-18395587	5.81	*	LOC_Os05g31320	5:18203074-18205659	25	25	5	4.0	0.0	0.0	0.0	*	29.0	RAP_Step2_all_TGW_quality.FarmCPUpeak_info	RAP_Step2_all_TGW_quality	LOC_Os05g31320			expressed protein	N	Y	Y	34	pipeline_score=29; farm_logP=5.81; max_variant=25; recommendation_score=34
QTL9	Chr5-18395587	5.81	*	LOC_Os05g31330	5:18209847-18211697	20	25	25	4.0	0.0	0.0	5.0	*	34.0	RAP_Step2_all_TGW_quality.FarmCPUpeak_info	RAP_Step2_all_TGW_quality	LOC_Os05g31330			retrotransposon protein, putative, unclassified, expressed	Y	Y	Y	39	pipeline_score=34; farm_logP=5.81; max_variant=25; recommendation_score=39
QTL9	Chr5-18395587	5.81	*	LOC_Os05g31340	5:18215189-18220855	15	25	25	4.0	0.0	0.0	0.0	*	29.0	RAP_Step2_all_TGW_quality.FarmCPUpeak_info	RAP_Step2_all_TGW_quality	LOC_Os05g31340			retrotransposon protein, putative, unclassified, expressed	Y	Y	Y	34	pipeline_score=29; farm_logP=5.81; max_variant=25; recommendation_score=34
QTL9	Chr5-18395587	5.81	*	Os05g0377600	5:18216483-18216544	*	*	0	4.0	0.0	0.0	0.0	*	4.0	RAP_Step2_all_TGW_quality.FarmCPUpeak_info	RAP_Step2_all_TGW_quality	Os05g0377600							4	pipeline_score=4; farm_logP=5.81; recommendation_score=4
QTL9	Chr5-18395587	5.81	*	LOC_Os05g31350	5:18223304-18224715	5	25	25	4.0	0.0	0.0	0.0	*	29.0	RAP_Step2_all_TGW_quality.FarmCPUpeak_info	RAP_Step2_all_TGW_quality	LOC_Os05g31350			conserved hypothetical protein	Y	N	Y	34	pipeline_score=29; farm_logP=5.81; max_variant=25; recommendation_score=34
QTL9	Chr5-18395587	5.81	*	Os05g0377750	5:18223361-18223422	*	*	0	4.0	0.0	0.0	0.0	*	4.0	RAP_Step2_all_TGW_quality.FarmCPUpeak_info	RAP_Step2_all_TGW_quality	Os05g0377750							4	pipeline_score=4; farm_logP=5.81; recommendation_score=4
QTL9	Chr5-18395587	5.81	*	LOC_Os05g31360	5:18228743-18229168	20	5	25	4.0	5.0	0.0	0.0	*	34.0	RAP_Step2_all_TGW_quality.FarmCPUpeak_info	RAP_Step2_all_TGW_quality	LOC_Os05g31360			expressed protein	N	Y	Y	39	pipeline_score=34; farm_logP=5.81; max_variant=25; recommendation_score=39
QTL9	Chr5-18395587	5.81	*	LOC_Os05g31370	5:18229958-18231138	20	5	25	4.0	5.0	0.0	0.0	*	34.0	RAP_Step2_all_TGW_quality.FarmCPUpeak_info	RAP_Step2_all_TGW_quality	LOC_Os05g31370			expressed protein	N	Y	Y	39	pipeline_score=34; farm_logP=5.81; max_variant=25; recommendation_score=39
QTL9	Chr5-18395587	5.81	*	LOC_Os05g31380	5:18234846-18236501	20	5	*	4.0	5.0	10.0	22.0	*	61.0	RAP_Step2_all_TGW_quality.FarmCPUpeak_info	RAP_Step2_all_TGW_quality	LOC_Os05g31380			GRAS family transcription factor containing protein, expressed	N	Y	Y	66	pipeline_score=61; farm_logP=5.81; max_variant=20; recommendation_score=66
QTL9	Chr5-18395587	5.81	*	LOC_Os05g31390	5:18248217-18250545	20	25	*	4.0	5.0	0.0	0.0	*	34.0	RAP_Step2_all_TGW_quality.FarmCPUpeak_info	RAP_Step2_all_TGW_quality	LOC_Os05g31390			expressed protein	N	Y	Y	39	pipeline_score=34; farm_logP=5.81; max_variant=25; recommendation_score=39
QTL9	Chr5-18395587	5.81	*	LOC_Os05g31400	5:18258197-18261854	25	25	25	4.0	5.0	0.0	0.0	*	34.0	RAP_Step2_all_TGW_quality.FarmCPUpeak_info	RAP_Step2_all_TGW_quality	LOC_Os05g31400			retrotransposon protein, putative, unclassified, expressed	Y	Y	Y	39	pipeline_score=34; farm_logP=5.81; max_variant=25; recommendation_score=39
QTL9	Chr5-18395587	5.81	*	LOC_Os05g31410	5:18264107-18265637	25	25	*	4.0	5.0	0.0	0.0	*	34.0	RAP_Step2_all_TGW_quality.FarmCPUpeak_info	RAP_Step2_all_TGW_quality	LOC_Os05g31410			retrotransposon protein, putative, unclassified, expressed	Y	Y	Y	39	pipeline_score=34; farm_logP=5.81; max_variant=25; recommendation_score=39
QTL9	Chr5-18395587	5.81	*	LOC_Os05g31420	5:18275763-18277445	20	5	*	4.0	5.0	10.0	0.0	*	39.0	RAP_Step2_all_TGW_quality.FarmCPUpeak_info	RAP_Step2_all_TGW_quality	LOC_Os05g31420			GRAS family transcription factor containing protein, expressed	N	Y	Y	44	pipeline_score=39; farm_logP=5.81; max_variant=20; recommendation_score=44
QTL9	Chr5-18395587	5.81	*	LOC_Os05g31430	5:18280442-18283368	25	25	25	4.0	5.0	0.0	0.0	*	34.0	RAP_Step2_all_TGW_quality.FarmCPUpeak_info	RAP_Step2_all_TGW_quality	LOC_Os05g31430			retrotransposon protein, putative, Ty3-gypsy subclass, expressed	Y	Y	Y	39	pipeline_score=34; farm_logP=5.81; max_variant=25; recommendation_score=39
QTL9	Chr5-18395587	5.81	*	LOC_Os05g31440	5:18283684-18289767	20	25	25	4.0	5.0	10.0	0.0	*	44.0	RAP_Step2_all_TGW_quality.FarmCPUpeak_info	RAP_Step2_all_TGW_quality	LOC_Os05g31440			retrotransposon protein, putative, Ty3-gypsy subclass, expressed	Y	Y	Y	49	pipeline_score=44; farm_logP=5.81; max_variant=25; recommendation_score=49
QTL9	Chr5-18395587	5.81	*	LOC_Os05g31450	5:18291424-18292438	25	*	5	4.0	5.0	0.0	20.0	*	54.0	RAP_Step2_all_TGW_quality.FarmCPUpeak_info	RAP_Step2_all_TGW_quality	LOC_Os05g31450			retrotransposon protein, putative, unclassified	Y	N	Y	59	pipeline_score=54; farm_logP=5.81; max_variant=25; recommendation_score=59
QTL9	Chr5-18395587	5.81	*	LOC_Os05g31460	5:18300803-18301510	20	25	25	4.0	0.0	0.0	0.0	*	29.0	RAP_Step2_all_TGW_quality.FarmCPUpeak_info	RAP_Step2_all_TGW_quality	LOC_Os05g31460			transposon protein, putative, unclassified, expressed	Y	Y	Y	34	pipeline_score=29; farm_logP=5.81; max_variant=25; recommendation_score=34
QTL9	Chr5-18395587	5.81	*	LOC_Os05g31470	5:18306860-18307985	5	15	5	4.0	5.0	0.0	22.0	*	46.0	RAP_Step2_all_TGW_quality.FarmCPUpeak_info	RAP_Step2_all_TGW_quality	LOC_Os05g31470			expressed protein	N	Y	Y	49	pipeline_score=46; farm_logP=5.81; max_variant=15; recommendation_score=49
QTL9	Chr5-18395587	5.81	*	LOC_Os05g31480	5:18313409-18318440	20	10	20	4.0	0.0	0.0	15.0	*	39.0	RAP_Step2_all_TGW_quality.FarmCPUpeak_info	RAP_Step2_all_TGW_quality	LOC_Os05g31480			methyltransferase, putative, expressed	N	Y	Y	44	pipeline_score=39; farm_logP=5.81; max_variant=20; recommendation_score=44
QTL9	Chr5-18395587	5.81	*	LOC_Os05g31490	5:18319190-18323976	5	10	20	4.0	0.0	0.0	18.0	*	42.0	RAP_Step2_all_TGW_quality.FarmCPUpeak_info	RAP_Step2_all_TGW_quality	LOC_Os05g31490			golgi transport complex protein-related, putative, expressed	N	Y	Y	47	pipeline_score=42; farm_logP=5.81; max_variant=20; recommendation_score=47
QTL9	Chr5-18395587	5.81	*	LOC_Os05g31500	5:18325954-18326274	20	10	25	4.0	0.0	0.0	0.0	*	29.0	RAP_Step2_all_TGW_quality.FarmCPUpeak_info	RAP_Step2_all_TGW_quality	LOC_Os05g31500			expressed protein	N	Y	Y	34	pipeline_score=29; farm_logP=5.81; max_variant=25; recommendation_score=34
QTL9	Chr5-18395587	5.81	*	LOC_Os05g31510	5:18328769-18331678	25	25	25	4.0	0.0	0.0	5.0	*	34.0	RAP_Step2_all_TGW_quality.FarmCPUpeak_info	RAP_Step2_all_TGW_quality	LOC_Os05g31510			transposon protein, putative, unclassified, expressed	Y	Y	Y	39	pipeline_score=34; farm_logP=5.81; max_variant=25; recommendation_score=39
QTL9	Chr5-18395587	5.81	*	LOC_Os05g31520	5:18334338-18337704	20	10	25	4.0	0.0	0.0	20.0	*	49.0	RAP_Step2_all_TGW_quality.FarmCPUpeak_info	RAP_Step2_all_TGW_quality	LOC_Os05g31520			expressed protein	N	Y	Y	54	pipeline_score=49; farm_logP=5.81; max_variant=25; recommendation_score=54
QTL9	Chr5-18395587	5.81	*	Os05g0379300	5:18340025-18341151	25	25	20	4.0	0.0	0.0	20.0	*	49.0	RAP_Step2_all_TGW_quality.FarmCPUpeak_info	RAP_Step2_all_TGW_quality	Os05g0379300							54	pipeline_score=49; farm_logP=5.81; max_variant=25; recommendation_score=54
QTL9	Chr5-18395587	5.81	*	LOC_Os05g31525	5:18340311-18340856	20	10	25	4.0	0.0	0.0	22.0	*	51.0	RAP_Step2_all_TGW_quality.FarmCPUpeak_info	RAP_Step2_all_TGW_quality	LOC_Os05g31525			expressed protein	N	Y	Y	56	pipeline_score=51; farm_logP=5.81; max_variant=25; recommendation_score=56
QTL9	Chr5-18395587	5.81	*	LOC_Os05g31530	5:18341349-18347097	20	25	25	4.0	0.0	0.0	15.0	*	44.0	RAP_Step2_all_TGW_quality.FarmCPUpeak_info	RAP_Step2_all_TGW_quality	LOC_Os05g31530			disease resistance protein RGA4, putative, expressed	N	Y	Y	49	pipeline_score=44; farm_logP=5.81; max_variant=25; recommendation_score=49
QTL9	Chr5-18395587	5.81	*	LOC_Os05g31540	5:18351209-18351541	5	5	25	4.0	0.0	0.0	0.0	*	29.0	RAP_Step2_all_TGW_quality.FarmCPUpeak_info	RAP_Step2_all_TGW_quality	LOC_Os05g31540			retrotransposon protein, putative, unclassified, expressed	Y	Y	Y	34	pipeline_score=29; farm_logP=5.81; max_variant=25; recommendation_score=34
QTL9	Chr5-18395587	5.81	*	LOC_Os05g31550	5:18354322-18357990	15	5	25	4.0	0.0	0.0	0.0	*	29.0	RAP_Step2_all_TGW_quality.FarmCPUpeak_info	RAP_Step2_all_TGW_quality	LOC_Os05g31550			disease resistance protein RGA4, putative, expressed	N	Y	Y	34	pipeline_score=29; farm_logP=5.81; max_variant=25; recommendation_score=34
QTL9	Chr5-18395587	5.81	*	LOC_Os05g31560	5:18362505-18362964	25	25	25	4.0	0.0	0.0	0.0	*	29.0	RAP_Step2_all_TGW_quality.FarmCPUpeak_info	RAP_Step2_all_TGW_quality	LOC_Os05g31560			retrotransposon protein, putative, Ty3-gypsy subclass	Y	N	Y	34	pipeline_score=29; farm_logP=5.81; max_variant=25; recommendation_score=34
QTL9	Chr5-18395587	5.81	*	Os05g0380200	5:18370291-18371184	5	10	20	4.0	0.0	0.0	5.0	*	29.0	RAP_Step2_all_TGW_quality.FarmCPUpeak_info	RAP_Step2_all_TGW_quality	Os05g0380200							34	pipeline_score=29; farm_logP=5.81; max_variant=20; recommendation_score=34
QTL9	Chr5-18395587	5.81	*	Os05g0380250	5:18370501-18370866	5	10	20	4.0	0.0	0.0	5.0	*	29.0	RAP_Step2_all_TGW_quality.FarmCPUpeak_info	RAP_Step2_all_TGW_quality	Os05g0380250							34	pipeline_score=29; farm_logP=5.81; max_variant=20; recommendation_score=34
QTL9	Chr5-18395587	5.81	*	LOC_Os05g31570	5:18377097-18382814	25	25	25	4.0	0.0	0.0	15.0	*	44.0	RAP_Step2_all_TGW_quality.FarmCPUpeak_info	RAP_Step2_all_TGW_quality	LOC_Os05g31570			disease resistance protein RGA4, putative, expressed	N	Y	Y	49	pipeline_score=44; farm_logP=5.81; max_variant=25; recommendation_score=49
QTL9	Chr5-18395587	5.81	*	Os05g0380400	5:18383597-18384948	20	25	20	4.0	0.0	0.0	10.0	*	39.0	RAP_Step2_all_TGW_quality.FarmCPUpeak_info	RAP_Step2_all_TGW_quality	Os05g0380400							44	pipeline_score=39; farm_logP=5.81; max_variant=25; recommendation_score=44
QTL9	Chr5-18395587	5.81	*	LOC_Os05g31580	5:18385795-18386382	20	25	25	4.0	0.0	0.0	18.0	*	47.0	RAP_Step2_all_TGW_quality.FarmCPUpeak_info	RAP_Step2_all_TGW_quality	LOC_Os05g31580			retrotransposon protein, putative, Ty1-copia subclass, expressed	Y	Y	Y	52	pipeline_score=47; farm_logP=5.81; max_variant=25; recommendation_score=52
QTL9	Chr5-18395587	5.81	*	LOC_Os05g31590	5:18390282-18391490	20	5	25	4.0	0.0	0.0	20.0	*	49.0	RAP_Step2_all_TGW_quality.FarmCPUpeak_info	RAP_Step2_all_TGW_quality	LOC_Os05g31590			retrotransposon protein, putative, Ty1-copia subclass, expressed	Y	Y	Y	54	pipeline_score=49; farm_logP=5.81; max_variant=25; recommendation_score=54
QTL9	Chr5-18395587	5.81	*	LOC_Os05g31600	5:18391880-18396061	25	10	25	4.0	0.0	0.0	18.0	*	47.0	RAP_Step2_all_TGW_quality.FarmCPUpeak_info	RAP_Step2_all_TGW_quality	LOC_Os05g31600			retrotransposon protein, putative, Ty1-copia subclass, expressed	Y	Y	Y	52	pipeline_score=47; farm_logP=5.81; max_variant=25; recommendation_score=52
QTL9	Chr5-18395587	5.81	*	LOC_Os05g31610	5:18396847-18401175	25	25	25	4.0	0.0	10.0	22.0	*	61.0	RAP_Step2_all_TGW_quality.FarmCPUpeak_info	RAP_Step2_all_TGW_quality	LOC_Os05g31610			Leucine Rich Repeat family protein, expressed	N	Y	Y	66	pipeline_score=61; farm_logP=5.81; max_variant=25; recommendation_score=66
QTL9	Chr5-18395587	5.81	*	Os05g0380850	5:18398669-18401033	25	10	20	4.0	0.0	0.0	22.0	*	51.0	RAP_Step2_all_TGW_quality.FarmCPUpeak_info	RAP_Step2_all_TGW_quality	Os05g0380850							56	pipeline_score=51; farm_logP=5.81; max_variant=25; recommendation_score=56
QTL9	Chr5-18395587	5.81	*	LOC_Os05g31620	5:18406480-18407458	5	10	10	4.0	0.0	0.0	5.0	*	19.0	RAP_Step2_all_TGW_quality.FarmCPUpeak_info	RAP_Step2_all_TGW_quality	LOC_Os05g31620			OsCML15 - Calmodulin-related calcium sensor protein, expressed	N	Y	Y	22	pipeline_score=19; farm_logP=5.81; max_variant=10; recommendation_score=22
QTL9	Chr5-18395587	5.81	*	LOC_Os05g31630	5:18417897-18423241	25	25	5	4.0	0.0	0.0	0.0	*	29.0	RAP_Step2_all_TGW_quality.FarmCPUpeak_info	RAP_Step2_all_TGW_quality	LOC_Os05g31630			transposon protein, putative, unclassified, expressed	Y	Y	Y	34	pipeline_score=29; farm_logP=5.81; max_variant=25; recommendation_score=34
QTL9	Chr5-18395587	5.81	*	LOC_Os05g31650	5:18425996-18426419	5	5	0	4.0	5.0	0.0	22.0	*	36.0	RAP_Step2_all_TGW_quality.FarmCPUpeak_info	RAP_Step2_all_TGW_quality	LOC_Os05g31650			expressed protein	N	Y	Y	36	pipeline_score=36; farm_logP=5.81; max_variant=5; recommendation_score=36
QTL9	Chr5-18395587	5.81	*	LOC_Os05g31660	5:18428006-18428833	25	25	*	4.0	0.0	0.0	22.0	*	51.0	RAP_Step2_all_TGW_quality.FarmCPUpeak_info	RAP_Step2_all_TGW_quality	LOC_Os05g31660			expressed protein	N	Y	Y	56	pipeline_score=51; farm_logP=5.81; max_variant=25; recommendation_score=56
QTL9	Chr5-18395587	5.81	*	LOC_Os05g31670	5:18429324-18430293	5	10	0	4.0	5.0	0.0	20.0	*	39.0	RAP_Step2_all_TGW_quality.FarmCPUpeak_info	RAP_Step2_all_TGW_quality	LOC_Os05g31670	OsPM1|OsPM19L1	ABA; abscisic acid; cold stress; development; drought; drought tolerance; leaf; panicle; plasma membrane; salt; seed; seed germination; sheath; stress; stress tolerance; tolerance; transcription factor	AWPM-19-like membrane family protein, putative, expressed	N	Y	Y	49	pipeline_score=39; farm_logP=5.81; max_variant=10; symbol=OsPM1|OsPM19L1; keyword=ABA; abscisic acid; cold stress; development; drought; drought tolerance; leaf; panicle; plasma membrane; salt; seed; seed germination; sheath; stress; stress tolerance; tolerance; transcription factor; recommendation_score=49
QTL9	Chr5-18395587	5.81	*	LOC_Os05g31680	5:18433311-18437696	20	25	10	4.0	0.0	0.0	10.0	*	39.0	RAP_Step2_all_TGW_quality.FarmCPUpeak_info	RAP_Step2_all_TGW_quality	LOC_Os05g31680			expressed protein	N	Y	Y	44	pipeline_score=39; farm_logP=5.81; max_variant=25; recommendation_score=44
QTL9	Chr5-18395587	5.81	*	LOC_Os05g31690	5:18448000-18452206	20	5	*	4.0	0.0	0.0	18.0	*	42.0	RAP_Step2_all_TGW_quality.FarmCPUpeak_info	RAP_Step2_all_TGW_quality	LOC_Os05g31690			expressed protein	N	Y	Y	47	pipeline_score=42; farm_logP=5.81; max_variant=20; recommendation_score=47
QTL9	Chr5-18395587	5.81	*	LOC_Os05g31700	5:18456922-18457134	20	5	5	4.0	0.0	0.0	0.0	*	24.0	RAP_Step2_all_TGW_quality.FarmCPUpeak_info	RAP_Step2_all_TGW_quality	LOC_Os05g31700			transposon protein, putative, CACTA, En/Spm sub-class, expressed	Y	Y	Y	29	pipeline_score=24; farm_logP=5.81; max_variant=20; recommendation_score=29
QTL9	Chr5-18395587	5.81	*	LOC_Os05g31710	5:18463381-18464778	20	5	*	4.0	5.0	0.0	22.0	*	51.0	RAP_Step2_all_TGW_quality.FarmCPUpeak_info	RAP_Step2_all_TGW_quality	LOC_Os05g31710			expressed protein	N	Y	Y	56	pipeline_score=51; farm_logP=5.81; max_variant=20; recommendation_score=56
QTL9	Chr5-18395587	5.81	*	LOC_Os05g31720	5:18466963-18470649	20	5	0	4.0	5.0	0.0	18.0	*	47.0	RAP_Step2_all_TGW_quality.FarmCPUpeak_info	RAP_Step2_all_TGW_quality	LOC_Os05g31720			stromal membrane-associated protein, putative, expressed	N	Y	Y	52	pipeline_score=47; farm_logP=5.81; max_variant=20; recommendation_score=52
QTL9	Chr5-18395587	5.81	*	LOC_Os05g31730	5:18475523-18479480	20	5	5	4.0	5.0	0.0	22.0	*	51.0	RAP_Step2_all_TGW_quality.FarmCPUpeak_info	RAP_Step2_all_TGW_quality	LOC_Os05g31730			transporter, monovalent cation:proton antiporter-2 family, putative, expressed	N	Y	Y	56	pipeline_score=51; farm_logP=5.81; max_variant=20; recommendation_score=56
QTL9	Chr5-18395587	5.81	*	LOC_Os05g31740	5:18487281-18489223	20	10	*	4.0	0.0	0.0	15.0	*	39.0	RAP_Step2_all_TGW_quality.FarmCPUpeak_info	RAP_Step2_all_TGW_quality	LOC_Os05g31740			cytochrome P450 86A2, putative, expressed	N	Y	Y	44	pipeline_score=39; farm_logP=5.81; max_variant=20; recommendation_score=44
QTL9	Chr5-18395587	5.81	*	Os05g0382400	5:18487284-18488994	20	10	*	4.0	0.0	0.0	18.0	*	42.0	RAP_Step2_all_TGW_quality.FarmCPUpeak_info	RAP_Step2_all_TGW_quality	Os05g0382400							47	pipeline_score=42; farm_logP=5.81; max_variant=20; recommendation_score=47
QTL9	Chr5-18395587	5.81	*	LOC_Os05g31744	5:18489775-18490672	25	25	5	4.0	0.0	0.0	18.0	*	47.0	RAP_Step2_all_TGW_quality.FarmCPUpeak_info	RAP_Step2_all_TGW_quality	LOC_Os05g31744			expressed protein	N	Y	Y	52	pipeline_score=47; farm_logP=5.81; max_variant=25; recommendation_score=52
QTL9	Chr5-18395587	5.81	*	LOC_Os05g31750	5:18494331-18496597	5	5	*	4.0	0.0	0.0	15.0	*	24.0	RAP_Step2_all_TGW_quality.FarmCPUpeak_info	RAP_Step2_all_TGW_quality	LOC_Os05g31750	OsANN4	ABA; root; root length; shoot	annexin, putative, expressed	N	Y	Y	31	pipeline_score=24; farm_logP=5.81; max_variant=5; symbol=OsANN4; keyword=ABA; root; root length; shoot; recommendation_score=31
QTL9	Chr5-18395587	5.81	*	LOC_Os05g31760	5:18500678-18503121	5	5	*	4.0	0.0	0.0	15.0	*	24.0	RAP_Step2_all_TGW_quality.FarmCPUpeak_info	RAP_Step2_all_TGW_quality	LOC_Os05g31760			annexin, putative, expressed	N	Y	Y	24	pipeline_score=24; farm_logP=5.81; max_variant=5; recommendation_score=24
QTL9	Chr5-18395587	5.81	*	LOC_Os05g31770	5:18502646-18505884	5	10	*	4.0	0.0	0.0	15.0	*	29.0	RAP_Step2_all_TGW_quality.FarmCPUpeak_info	RAP_Step2_all_TGW_quality	LOC_Os05g31770			tetratricopeptide repeat containing protein, putative, expressed	N	Y	Y	32	pipeline_score=29; farm_logP=5.81; max_variant=10; recommendation_score=32
QTL9	Chr5-18395587	5.81	*	LOC_Os05g31780	5:18508427-18512695	20	5	10	4.0	0.0	0.0	15.0	*	39.0	RAP_Step2_all_TGW_quality.FarmCPUpeak_info	RAP_Step2_all_TGW_quality	LOC_Os05g31780			adaptor complexes medium subunit family domain containing protein, expressed	N	Y	Y	44	pipeline_score=39; farm_logP=5.81; max_variant=20; recommendation_score=44
QTL9	Chr5-18395587	5.81	*	Os05g0383150	5:18508834-18512433	20	1	*	4.0	0.0	0.0	20.0	*	44.0	RAP_Step2_all_TGW_quality.FarmCPUpeak_info	RAP_Step2_all_TGW_quality	Os05g0383150							49	pipeline_score=44; farm_logP=5.81; max_variant=20; recommendation_score=49
QTL9	Chr5-18395587	5.81	*	LOC_Os05g31785	5:18516997-18517584	20	10	25	4.0	0.0	0.0	15.0	*	44.0	RAP_Step2_all_TGW_quality.FarmCPUpeak_info	RAP_Step2_all_TGW_quality	LOC_Os05g31785			expressed protein	N	Y	Y	49	pipeline_score=44; farm_logP=5.81; max_variant=25; recommendation_score=49
QTL9	Chr5-18395587	5.81	*	LOC_Os05g31800	5:18526491-18527245	25	25	25	4.0	0.0	0.0	0.0	*	29.0	RAP_Step2_all_TGW_quality.FarmCPUpeak_info	RAP_Step2_all_TGW_quality	LOC_Os05g31800			hypothetical protein	N	N	Y	34	pipeline_score=29; farm_logP=5.81; max_variant=25; recommendation_score=34
QTL9	Chr5-18395587	5.81	*	LOC_Os05g31810	5:18527650-18527961	25	25	25	4.0	0.0	0.0	0.0	*	29.0	RAP_Step2_all_TGW_quality.FarmCPUpeak_info	RAP_Step2_all_TGW_quality	LOC_Os05g31810			retrotransposon protein, putative, unclassified	Y	N	Y	34	pipeline_score=29; farm_logP=5.81; max_variant=25; recommendation_score=34
QTL9	Chr5-18395587	5.81	*	LOC_Os05g31820	5:18534123-18534677	15	5	25	4.0	0.0	0.0	0.0	*	29.0	RAP_Step2_all_TGW_quality.FarmCPUpeak_info	RAP_Step2_all_TGW_quality	LOC_Os05g31820			expressed protein	N	Y	Y	34	pipeline_score=29; farm_logP=5.81; max_variant=25; recommendation_score=34
QTL9	Chr5-18395587	5.81	*	LOC_Os05g31830	5:18535358-18536883	15	25	25	4.0	0.0	0.0	0.0	*	29.0	RAP_Step2_all_TGW_quality.FarmCPUpeak_info	RAP_Step2_all_TGW_quality	LOC_Os05g31830			aspartyl protease family protein, putative, expressed	N	Y	Y	34	pipeline_score=29; farm_logP=5.81; max_variant=25; recommendation_score=34
QTL9	Chr5-18395587	5.81	*	LOC_Os05g31840	5:18537728-18538273	25	5	25	4.0	0.0	0.0	0.0	*	29.0	RAP_Step2_all_TGW_quality.FarmCPUpeak_info	RAP_Step2_all_TGW_quality	LOC_Os05g31840			expressed protein	N	Y	Y	34	pipeline_score=29; farm_logP=5.81; max_variant=25; recommendation_score=34
QTL9	Chr5-18395587	5.81	*	LOC_Os05g31850	5:18542137-18545194	25	5	25	4.0	0.0	0.0	0.0	*	29.0	RAP_Step2_all_TGW_quality.FarmCPUpeak_info	RAP_Step2_all_TGW_quality	LOC_Os05g31850			retrotransposon protein, putative, unclassified, expressed	Y	Y	Y	34	pipeline_score=29; farm_logP=5.81; max_variant=25; recommendation_score=34
QTL9	Chr5-18395587	5.81	*	LOC_Os05g31860	5:18546049-18551258	25	10	25	4.0	0.0	10.0	0.0	*	39.0	RAP_Step2_all_TGW_quality.FarmCPUpeak_info	RAP_Step2_all_TGW_quality	LOC_Os05g31860			retrotransposon protein, putative, unclassified, expressed	Y	Y	Y	44	pipeline_score=39; farm_logP=5.81; max_variant=25; recommendation_score=44
QTL9	Chr5-18395587	5.81	*	LOC_Os05g31890	5:18564025-18565651	25	25	25	4.0	0.0	0.0	10.0	*	39.0	RAP_Step2_all_TGW_quality.FarmCPUpeak_info	RAP_Step2_all_TGW_quality	LOC_Os05g31890			aspartyl protease family protein, putative, expressed	N	Y	Y	44	pipeline_score=39; farm_logP=5.81; max_variant=25; recommendation_score=44
QTL9	Chr5-18395587	5.81	*	LOC_Os05g31900	5:18569089-18569958	25	25	25	4.0	0.0	0.0	0.0	*	29.0	RAP_Step2_all_TGW_quality.FarmCPUpeak_info	RAP_Step2_all_TGW_quality	LOC_Os05g31900			expressed protein	N	Y	Y	34	pipeline_score=29; farm_logP=5.81; max_variant=25; recommendation_score=34
QTL9	Chr5-18395587	5.81	*	LOC_Os05g31910	5:18575666-18578864	15	10	25	4.0	5.0	0.0	22.0	*	56.0	RAP_Step2_all_TGW_quality.FarmCPUpeak_info	RAP_Step2_all_TGW_quality	LOC_Os05g31910			white-brown complex homolog protein 16, putative, expressed	N	Y	Y	61	pipeline_score=56; farm_logP=5.81; max_variant=25; recommendation_score=61
QTL9	Chr5-18395587	5.81	*	LOC_Os05g31920	5:18586998-18595443	5	10	10	4.0	0.0	0.0	18.0	abnormal	32.0	RAP_Step2_all_TGW_quality.FarmCPUpeak_info	RAP_Step2_all_TGW_quality	LOC_Os05g31920			FYVE zinc finger domain containing protein, expressed	N	Y	Y	38	pipeline_score=32; farm_logP=5.81; max_variant=10; match=abnormal; recommendation_score=38
QTL10	Chr5-27013917	11.99	*	LOC_Os05g46240	5:26815564-26818736	5	10	*	12.0	0.0	10.0	10.0	*	42.0	RAP_Step2_all_TGW_quality.FarmCPUpeak_info	RAP_Step2_all_TGW_quality	LOC_Os05g46240	OsRTH2	ethylene	green ripe-like, putative, expressed	N	Y	Y	52	pipeline_score=42; farm_logP=11.99; max_variant=10; symbol=OsRTH2; keyword=ethylene; recommendation_score=52
QTL10	Chr5-27013917	11.99	*	LOC_Os05g46250	5:26820731-26824040	5	10	*	12.0	0.0	0.0	10.0	*	32.0	RAP_Step2_all_TGW_quality.FarmCPUpeak_info	RAP_Step2_all_TGW_quality	LOC_Os05g46250			DUF1230 domain containing protein, expressed	N	Y	Y	35	pipeline_score=32; farm_logP=11.99; max_variant=10; recommendation_score=35
QTL10	Chr5-27013917	11.99	*	LOC_Os05g46260	5:26824472-26829181	20	5	*	12.0	0.0	10.0	18.0	*	60.0	RAP_Step2_all_TGW_quality.FarmCPUpeak_info	RAP_Step2_all_TGW_quality	LOC_Os05g46260	OsGINT1	seedling growth	exostosin, putative, expressed	N	Y	Y	72	pipeline_score=60; farm_logP=11.99; max_variant=20; symbol=OsGINT1; keyword=seedling growth; recommendation_score=72
QTL10	Chr5-27013917	11.99	*	LOC_Os05g46270	5:26830170-26834200	5	10	5	12.0	0.0	0.0	18.0	*	40.0	RAP_Step2_all_TGW_quality.FarmCPUpeak_info	RAP_Step2_all_TGW_quality	LOC_Os05g46270	OsFEN-1	growth; leaf; meristem; root; root apical meristem; shoot; shoot apical meristem; tiller	FEN1A - Putative flap endonuclease protein, expressed	N	Y	Y	50	pipeline_score=40; farm_logP=11.99; max_variant=10; symbol=OsFEN-1; keyword=growth; leaf; meristem; root; root apical meristem; shoot; shoot apical meristem; tiller; recommendation_score=50
QTL10	Chr5-27013917	11.99	*	LOC_Os05g46280	5:26834414-26835511	5	10	*	12.0	0.0	0.0	10.0	*	32.0	RAP_Step2_all_TGW_quality.FarmCPUpeak_info	RAP_Step2_all_TGW_quality	LOC_Os05g46280			expressed protein	N	Y	Y	35	pipeline_score=32; farm_logP=11.99; max_variant=10; recommendation_score=35
QTL10	Chr5-27013917	11.99	*	LOC_Os05g46290	5:26835671-26840314	5	10	*	12.0	0.0	0.0	18.0	*	40.0	RAP_Step2_all_TGW_quality.FarmCPUpeak_info	RAP_Step2_all_TGW_quality	LOC_Os05g46290			T-complex protein, putative, expressed	N	Y	Y	43	pipeline_score=40; farm_logP=11.99; max_variant=10; recommendation_score=43
QTL10	Chr5-27013917	11.99	*	Os05g0540350	5:26839007-26839798	*	*	*	12.0	0.0	0.0	20.0	*	32.0	RAP_Step2_all_TGW_quality.FarmCPUpeak_info	RAP_Step2_all_TGW_quality	Os05g0540350							32	pipeline_score=32; farm_logP=11.99; recommendation_score=32
QTL10	Chr5-27013917	11.99	*	LOC_Os05g46300	5:26841422-26843053	25	5	*	12.0	0.0	0.0	20.0	*	57.0	RAP_Step2_all_TGW_quality.FarmCPUpeak_info	RAP_Step2_all_TGW_quality	LOC_Os05g46300			OsFBX172 - F-box domain containing protein, expressed	N	Y	Y	62	pipeline_score=57; farm_logP=11.99; max_variant=25; recommendation_score=62
QTL10	Chr5-27013917	11.99	*	LOC_Os05g46310	5:26845191-26845571	*	5	*	12.0	0.0	0.0	18.0	*	35.0	RAP_Step2_all_TGW_quality.FarmCPUpeak_info	RAP_Step2_all_TGW_quality	LOC_Os05g46310			expressed protein	N	Y	Y	35	pipeline_score=35; farm_logP=11.99; max_variant=5; recommendation_score=35
QTL10	Chr5-27013917	11.99	*	LOC_Os05g46320	5:26846082-26847985	20	25	0	12.0	0.0	0.0	15.0	*	52.0	RAP_Step2_all_TGW_quality.FarmCPUpeak_info	RAP_Step2_all_TGW_quality	LOC_Os05g46320			OsFBX173 - F-box domain containing protein, expressed	N	Y	Y	57	pipeline_score=52; farm_logP=11.99; max_variant=25; recommendation_score=57
QTL10	Chr5-27013917	11.99	*	LOC_Os05g46330	5:26849807-26857045	5	10	10	12.0	0.0	0.0	15.0	*	37.0	RAP_Step2_all_TGW_quality.FarmCPUpeak_info	RAP_Step2_all_TGW_quality	LOC_Os05g46330	OsSWC4	ga ; GA; GA biosynthesis; Gibberellin; cell elongation; ga; gibberellin; height; internode elongation; pollen	MYB family transcription factor, putative, expressed	N	Y	Y	47	pipeline_score=37; farm_logP=11.99; max_variant=10; symbol=OsSWC4; keyword=ga ; GA; GA biosynthesis; Gibberellin; cell elongation; ga; gibberellin; height; internode elongation; pollen; recommendation_score=47
QTL10	Chr5-27013917	11.99	*	LOC_Os05g46340	5:26858364-26860249	20	5	10	12.0	0.0	0.0	10.0	*	42.0	RAP_Step2_all_TGW_quality.FarmCPUpeak_info	RAP_Step2_all_TGW_quality	LOC_Os05g46340			expressed protein	N	Y	Y	47	pipeline_score=42; farm_logP=11.99; max_variant=20; recommendation_score=47
QTL10	Chr5-27013917	11.99	*	Os05g0541000	5:26858474-26860247	20	10	0	12.0	0.0	0.0	10.0	*	42.0	RAP_Step2_all_TGW_quality.FarmCPUpeak_info	RAP_Step2_all_TGW_quality	Os05g0541000							47	pipeline_score=42; farm_logP=11.99; max_variant=20; recommendation_score=47
QTL10	Chr5-27013917	11.99	*	LOC_Os05g46350	5:26863363-26866194	15	10	*	12.0	0.0	0.0	10.0	*	37.0	RAP_Step2_all_TGW_quality.FarmCPUpeak_info	RAP_Step2_all_TGW_quality	LOC_Os05g46350			IQ calmodulin-binding motif domain containing protein, expressed	N	Y	Y	40	pipeline_score=37; farm_logP=11.99; max_variant=15; recommendation_score=40
QTL10	Chr5-27013917	11.99	*	LOC_Os05g46360	5:26868332-26871153	20	10	*	12.0	0.0	0.0	10.0	*	42.0	RAP_Step2_all_TGW_quality.FarmCPUpeak_info	RAP_Step2_all_TGW_quality	LOC_Os05g46360			possible lysine decarboxylase domain containing protein, expressed	N	Y	Y	47	pipeline_score=42; farm_logP=11.99; max_variant=20; recommendation_score=47
QTL10	Chr5-27013917	11.99	*	Os05g0541250	5:26868480-26868848	*	1	*	12.0	0.0	0.0	18.0	*	31.0	RAP_Step2_all_TGW_quality.FarmCPUpeak_info	RAP_Step2_all_TGW_quality	Os05g0541250							31	pipeline_score=31; farm_logP=11.99; max_variant=1; recommendation_score=31
QTL10	Chr5-27013917	11.99	*	Os05g0541301	5:26870451-26870992	20	5	0	12.0	0.0	0.0	15.0	*	47.0	RAP_Step2_all_TGW_quality.FarmCPUpeak_info	RAP_Step2_all_TGW_quality	Os05g0541301							52	pipeline_score=47; farm_logP=11.99; max_variant=20; recommendation_score=52
QTL10	Chr5-27013917	11.99	*	LOC_Os05g46370	5:26879444-26881353	5	25	*	12.0	5.0	10.0	10.0	*	62.0	RAP_Step2_all_TGW_quality.FarmCPUpeak_info	RAP_Step2_all_TGW_quality	LOC_Os05g46370	OsLF	floral; flower; flowering time	bHelix-loop-helix transcription factor, putative, expressed	N	Y	Y	74	pipeline_score=62; farm_logP=11.99; max_variant=25; symbol=OsLF; keyword=floral; flower; flowering time; recommendation_score=74
QTL10	Chr5-27013917	11.99	*	LOC_Os05g46380	5:26884955-26887331	20	5	0	12.0	0.0	0.0	15.0	*	47.0	RAP_Step2_all_TGW_quality.FarmCPUpeak_info	RAP_Step2_all_TGW_quality	LOC_Os05g46380			OsFBX174 - F-box domain containing protein, expressed	N	Y	Y	52	pipeline_score=47; farm_logP=11.99; max_variant=20; recommendation_score=52
QTL10	Chr5-27013917	11.99	*	LOC_Os05g46390	5:26888997-26890601	20	10	10	12.0	0.0	10.0	22.0	*	64.0	RAP_Step2_all_TGW_quality.FarmCPUpeak_info	RAP_Step2_all_TGW_quality	LOC_Os05g46390			OsFBX175 - F-box domain containing protein, expressed	N	Y	Y	69	pipeline_score=64; farm_logP=11.99; max_variant=20; recommendation_score=69
QTL10	Chr5-27013917	11.99	*	LOC_Os05g46395	5:26894623-26896314	*	10	0	12.0	0.0	10.0	10.0	*	42.0	RAP_Step2_all_TGW_quality.FarmCPUpeak_info	RAP_Step2_all_TGW_quality	LOC_Os05g46395			expressed protein	N	Y	Y	45	pipeline_score=42; farm_logP=11.99; max_variant=10; recommendation_score=45
QTL10	Chr5-27013917	11.99	*	Os05g0541750	5:26897934-26898364	20	10	*	12.0	0.0	0.0	20.0	*	52.0	RAP_Step2_all_TGW_quality.FarmCPUpeak_info	RAP_Step2_all_TGW_quality	Os05g0541750							57	pipeline_score=52; farm_logP=11.99; max_variant=20; recommendation_score=57
QTL10	Chr5-27013917	11.99	*	LOC_Os05g46420	5:26900127-26901537	25	25	10	12.0	0.0	0.0	15.0	*	52.0	RAP_Step2_all_TGW_quality.FarmCPUpeak_info	RAP_Step2_all_TGW_quality	LOC_Os05g46420			expressed protein	N	Y	Y	57	pipeline_score=52; farm_logP=11.99; max_variant=25; recommendation_score=57
QTL10	Chr5-27013917	11.99	*	LOC_Os05g46430	5:26901983-26905011	5	5	0	12.0	0.0	0.0	18.0	*	35.0	RAP_Step2_all_TGW_quality.FarmCPUpeak_info	RAP_Step2_all_TGW_quality	LOC_Os05g46430			60S ribosomal protein L28-1, putative, expressed	N	Y	Y	35	pipeline_score=35; farm_logP=11.99; max_variant=5; recommendation_score=35
QTL10	Chr5-27013917	11.99	*	LOC_Os05g46440	5:26907205-26907602	20	*	*	12.0	0.0	0.0	10.0	*	42.0	RAP_Step2_all_TGW_quality.FarmCPUpeak_info	RAP_Step2_all_TGW_quality	LOC_Os05g46440			expressed protein	N	Y	Y	47	pipeline_score=42; farm_logP=11.99; max_variant=20; recommendation_score=47
QTL10	Chr5-27013917	11.99	*	LOC_Os05g46450	5:26907723-26910953	5	10	*	12.0	0.0	0.0	15.0	*	37.0	RAP_Step2_all_TGW_quality.FarmCPUpeak_info	RAP_Step2_all_TGW_quality	LOC_Os05g46450			fiber protein Fb11, putative, expressed	N	Y	Y	40	pipeline_score=37; farm_logP=11.99; max_variant=10; recommendation_score=40
QTL10	Chr5-27013917	11.99	*	Os05g0542150	5:26911303-26914371	5	10	*	12.0	0.0	0.0	10.0	*	32.0	RAP_Step2_all_TGW_quality.FarmCPUpeak_info	RAP_Step2_all_TGW_quality	Os05g0542150							35	pipeline_score=32; farm_logP=11.99; max_variant=10; recommendation_score=35
QTL10	Chr5-27013917	11.99	*	LOC_Os05g46460	5:26913355-26917459	5	10	10	12.0	0.0	0.0	10.0	*	32.0	RAP_Step2_all_TGW_quality.FarmCPUpeak_info	RAP_Step2_all_TGW_quality	LOC_Os05g46460			hydrolase, alpha/beta fold family domain containing protein, expressed	N	Y	Y	35	pipeline_score=32; farm_logP=11.99; max_variant=10; recommendation_score=35
QTL10	Chr5-27013917	11.99	*	LOC_Os05g46470	5:26922146-26923380	5	5	0	12.0	0.0	0.0	18.0	*	35.0	RAP_Step2_all_TGW_quality.FarmCPUpeak_info	RAP_Step2_all_TGW_quality	LOC_Os05g46470			expressed protein	N	Y	Y	35	pipeline_score=35; farm_logP=11.99; max_variant=5; recommendation_score=35
QTL10	Chr5-27013917	11.99	*	LOC_Os05g46480	5:26927607-26928902	20	5	*	12.0	0.0	10.0	18.0	*	60.0	RAP_Step2_all_TGW_quality.FarmCPUpeak_info	RAP_Step2_all_TGW_quality	LOC_Os05g46480	OsLEA3|OsLEA3-1	ABA; abiotic stress; cold stress; drought; drought resistance; ethylene; grain; grain yield; growth; jasmonic; jasmonic acid; oxidative; root; salt; salt stress; seedling; yield	late embryogenesis abundant protein, group 3, putative, expressed	N	Y	Y	72	pipeline_score=60; farm_logP=11.99; max_variant=20; symbol=OsLEA3|OsLEA3-1; keyword=ABA; abiotic stress; cold stress; drought; drought resistance; ethylene; grain; grain yield; growth; jasmonic; jasmonic acid; oxidative; root; salt; salt stress; seedling; yield; recommendation_score=72
QTL10	Chr5-27013917	11.99	*	LOC_Os05g46490	5:26930480-26935873	5	10	*	12.0	0.0	0.0	10.0	*	32.0	RAP_Step2_all_TGW_quality.FarmCPUpeak_info	RAP_Step2_all_TGW_quality	LOC_Os05g46490			mov34 family protein, putative, expressed	N	Y	Y	35	pipeline_score=32; farm_logP=11.99; max_variant=10; recommendation_score=35
QTL10	Chr5-27013917	11.99	*	Os05g0542666	5:26930578-26935513	5	5	*	12.0	0.0	0.0	18.0	*	35.0	RAP_Step2_all_TGW_quality.FarmCPUpeak_info	RAP_Step2_all_TGW_quality	Os05g0542666							35	pipeline_score=35; farm_logP=11.99; max_variant=5; recommendation_score=35
QTL10	Chr5-27013917	11.99	*	LOC_Os05g46500	5:26937344-26938030	5	5	*	12.0	0.0	0.0	10.0	*	27.0	RAP_Step2_all_TGW_quality.FarmCPUpeak_info	RAP_Step2_all_TGW_quality	LOC_Os05g46500			expressed protein	N	Y	Y	27	pipeline_score=27; farm_logP=11.99; max_variant=5; recommendation_score=27
QTL10	Chr5-27013917	11.99	*	LOC_Os05g46510	5:26940098-26943353	15	10	5	12.0	0.0	10.0	18.0	*	55.0	RAP_Step2_all_TGW_quality.FarmCPUpeak_info	RAP_Step2_all_TGW_quality	LOC_Os05g46510			polygalacturonase, putative, expressed	N	Y	Y	58	pipeline_score=55; farm_logP=11.99; max_variant=15; recommendation_score=58
QTL10	Chr5-27013917	11.99	*	LOC_Os05g46520	5:26943380-26945869	5	10	*	12.0	0.0	10.0	15.0	*	47.0	RAP_Step2_all_TGW_quality.FarmCPUpeak_info	RAP_Step2_all_TGW_quality	LOC_Os05g46520			polygalacturonase, putative, expressed	N	Y	Y	50	pipeline_score=47; farm_logP=11.99; max_variant=10; recommendation_score=50
QTL10	Chr5-27013917	11.99	*	LOC_Os05g46530	5:26948390-26949834	20	5	5	12.0	0.0	0.0	5.0	*	37.0	RAP_Step2_all_TGW_quality.FarmCPUpeak_info	RAP_Step2_all_TGW_quality	LOC_Os05g46530	OSIPP3	anther; inflorescence; pollen; root; spikelet	invertase/pectin methylesterase inhibitor family protein, putative, expressed	N	Y	Y	49	pipeline_score=37; farm_logP=11.99; max_variant=20; symbol=OSIPP3; keyword=anther; inflorescence; pollen; root; spikelet; recommendation_score=49
QTL10	Chr5-27013917	11.99	*	LOC_Os05g46540	5:26950270-26951557	5	5	*	12.0	0.0	0.0	0.0	*	17.0	RAP_Step2_all_TGW_quality.FarmCPUpeak_info	RAP_Step2_all_TGW_quality	LOC_Os05g46540			hypothetical protein	N	N	Y	17	pipeline_score=17; farm_logP=11.99; max_variant=5; recommendation_score=17
QTL10	Chr5-27013917	11.99	*	LOC_Os05g46550	5:26952574-26955950	20	10	*	12.0	0.0	0.0	18.0	*	50.0	RAP_Step2_all_TGW_quality.FarmCPUpeak_info	RAP_Step2_all_TGW_quality	LOC_Os05g46550			adaptor complexes medium subunit family domain containing protein, expressed	N	Y	Y	55	pipeline_score=50; farm_logP=11.99; max_variant=20; recommendation_score=55
QTL10	Chr5-27013917	11.99	*	Os05g0543150	5:26952967-26955727	20	10	*	12.0	0.0	0.0	22.0	*	54.0	RAP_Step2_all_TGW_quality.FarmCPUpeak_info	RAP_Step2_all_TGW_quality	Os05g0543150							59	pipeline_score=54; farm_logP=11.99; max_variant=20; recommendation_score=59
QTL10	Chr5-27013917	11.99	*	LOC_Os05g46560	5:26958508-26961504	10	10	*	12.0	0.0	10.0	15.0	*	47.0	RAP_Step2_all_TGW_quality.FarmCPUpeak_info	RAP_Step2_all_TGW_quality	LOC_Os05g46560			RAN GTPase-activating protein 1, putative, expressed	N	Y	Y	50	pipeline_score=47; farm_logP=11.99; max_variant=10; recommendation_score=50
QTL10	Chr5-27013917	11.99	*	LOC_Os05g46570	5:26962970-26965906	5	10	*	12.0	0.0	10.0	15.0	*	47.0	RAP_Step2_all_TGW_quality.FarmCPUpeak_info	RAP_Step2_all_TGW_quality	LOC_Os05g46570			WD domain, G-beta repeat domain containing protein, expressed	N	Y	Y	50	pipeline_score=47; farm_logP=11.99; max_variant=10; recommendation_score=50
QTL10	Chr5-27013917	11.99	*	LOC_Os05g46580	5:26966433-26969905	5	10	0	12.0	0.0	10.0	20.0	*	52.0	RAP_Step2_all_TGW_quality.FarmCPUpeak_info	RAP_Step2_all_TGW_quality	LOC_Os05g46580			polyprenyl synthetase, putative, expressed	N	Y	Y	55	pipeline_score=52; farm_logP=11.99; max_variant=10; recommendation_score=55
QTL10	Chr5-27013917	11.99	*	LOC_Os05g46590	5:26972365-26972970	25	10	10	12.0	0.0	0.0	0.0	*	37.0	RAP_Step2_all_TGW_quality.FarmCPUpeak_info	RAP_Step2_all_TGW_quality	LOC_Os05g46590			hypothetical protein	N	N	Y	42	pipeline_score=37; farm_logP=11.99; max_variant=25; recommendation_score=42
QTL10	Chr5-27013917	11.99	*	LOC_Os05g46600	5:26973676-26974499	25	10	25	12.0	0.0	0.0	0.0	*	37.0	RAP_Step2_all_TGW_quality.FarmCPUpeak_info	RAP_Step2_all_TGW_quality	LOC_Os05g46600			hypothetical protein	N	N	Y	42	pipeline_score=37; farm_logP=11.99; max_variant=25; recommendation_score=42
QTL10	Chr5-27013917	11.99	*	LOC_Os05g46610	5:26987334-26989077	5	10	*	12.0	0.0	0.0	18.0	*	40.0	RAP_Step2_all_TGW_quality.FarmCPUpeak_info	RAP_Step2_all_TGW_quality	LOC_Os05g46610	RLM1	cell wall; lignin; lignin biosynthesis; secondary cell wall; stems; transcription factor; yield	myb-like DNA-binding domain containing protein, putative, expressed	N	Y	Y	50	pipeline_score=40; farm_logP=11.99; max_variant=10; symbol=RLM1; keyword=cell wall; lignin; lignin biosynthesis; secondary cell wall; stems; transcription factor; yield; recommendation_score=50
QTL10	Chr5-27013917	11.99	*	LOC_Os05g46620	5:26991242-26995161	5	5	*	12.0	0.0	10.0	10.0	*	37.0	RAP_Step2_all_TGW_quality.FarmCPUpeak_info	RAP_Step2_all_TGW_quality	LOC_Os05g46620			chaperone protein dnaJ 10, putative, expressed	N	Y	Y	37	pipeline_score=37; farm_logP=11.99; max_variant=5; recommendation_score=37
QTL10	Chr5-27013917	11.99	*	LOC_Os05g46630	5:26995734-26999172	20	25	0	12.0	0.0	0.0	18.0	*	55.0	RAP_Step2_all_TGW_quality.FarmCPUpeak_info	RAP_Step2_all_TGW_quality	LOC_Os05g46630			expressed protein	N	Y	Y	60	pipeline_score=55; farm_logP=11.99; max_variant=25; recommendation_score=60
QTL10	Chr5-27013917	11.99	*	LOC_Os05g46640	5:26999637-27000622	25	10	25	12.0	0.0	0.0	0.0	*	37.0	RAP_Step2_all_TGW_quality.FarmCPUpeak_info	RAP_Step2_all_TGW_quality	LOC_Os05g46640			expressed protein	N	Y	Y	42	pipeline_score=37; farm_logP=11.99; max_variant=25; recommendation_score=42
QTL10	Chr5-27013917	11.99	*	LOC_Os05g46650	5:27001650-27002090	25	25	25	12.0	0.0	0.0	0.0	*	37.0	RAP_Step2_all_TGW_quality.FarmCPUpeak_info	RAP_Step2_all_TGW_quality	LOC_Os05g46650			expressed protein	N	Y	Y	42	pipeline_score=37; farm_logP=11.99; max_variant=25; recommendation_score=42
QTL10	Chr5-27013917	11.99	*	LOC_Os05g46660	5:27005760-27007682	25	5	20	12.0	0.0	0.0	0.0	*	37.0	RAP_Step2_all_TGW_quality.FarmCPUpeak_info	RAP_Step2_all_TGW_quality	LOC_Os05g46660			transposon protein, putative, Mutator sub-class	Y	N	Y	42	pipeline_score=37; farm_logP=11.99; max_variant=25; recommendation_score=42
QTL10	Chr5-27013917	11.99	*	LOC_Os05g46670	5:27010560-27010997	25	25	25	12.0	0.0	0.0	0.0	*	37.0	RAP_Step2_all_TGW_quality.FarmCPUpeak_info	RAP_Step2_all_TGW_quality	LOC_Os05g46670			transposon protein, putative, unclassified, expressed	Y	Y	Y	42	pipeline_score=37; farm_logP=11.99; max_variant=25; recommendation_score=42
QTL10	Chr5-27013917	11.99	*	LOC_Os05g46680	5:27018553-27019166	25	25	20	12.0	0.0	0.0	0.0	*	37.0	RAP_Step2_all_TGW_quality.FarmCPUpeak_info	RAP_Step2_all_TGW_quality	LOC_Os05g46680			retrotransposon protein, putative, unclassified	Y	N	Y	42	pipeline_score=37; farm_logP=11.99; max_variant=25; recommendation_score=42
QTL10	Chr5-27013917	11.99	*	LOC_Os05g46690	5:27024974-27027115	20	25	5	12.0	0.0	0.0	20.0	*	57.0	RAP_Step2_all_TGW_quality.FarmCPUpeak_info	RAP_Step2_all_TGW_quality	LOC_Os05g46690			expressed protein	N	Y	Y	62	pipeline_score=57; farm_logP=11.99; max_variant=25; recommendation_score=62
QTL10	Chr5-27013917	11.99	*	Os05g0544750	5:27025088-27027085	20	5	*	12.0	0.0	0.0	20.0	*	52.0	RAP_Step2_all_TGW_quality.FarmCPUpeak_info	RAP_Step2_all_TGW_quality	Os05g0544750							57	pipeline_score=52; farm_logP=11.99; max_variant=20; recommendation_score=57
QTL10	Chr5-27013917	11.99	*	LOC_Os05g46700	5:27032931-27034358	25	25	5	12.0	0.0	0.0	20.0	*	57.0	RAP_Step2_all_TGW_quality.FarmCPUpeak_info	RAP_Step2_all_TGW_quality	LOC_Os05g46700			retrotransposon protein, putative, unclassified, expressed	Y	Y	Y	62	pipeline_score=57; farm_logP=11.99; max_variant=25; recommendation_score=62
QTL10	Chr5-27013917	11.99	*	LOC_Os05g46710	5:27036918-27039220	25	25	10	12.0	0.0	0.0	10.0	*	47.0	RAP_Step2_all_TGW_quality.FarmCPUpeak_info	RAP_Step2_all_TGW_quality	LOC_Os05g46710			expressed protein	N	Y	Y	52	pipeline_score=47; farm_logP=11.99; max_variant=25; recommendation_score=52
QTL10	Chr5-27013917	11.99	*	LOC_Os05g46720	5:27043318-27048568	15	25	*	12.0	0.0	0.0	5.0	*	42.0	RAP_Step2_all_TGW_quality.FarmCPUpeak_info	RAP_Step2_all_TGW_quality	LOC_Os05g46720			phosphatidylinositol transfer, putative, expressed	N	Y	Y	47	pipeline_score=42; farm_logP=11.99; max_variant=25; recommendation_score=47
QTL10	Chr5-27013917	11.99	*	LOC_Os05g46740	5:27057383-27063217	5	5	*	12.0	0.0	0.0	0.0	*	17.0	RAP_Step2_all_TGW_quality.FarmCPUpeak_info	RAP_Step2_all_TGW_quality	LOC_Os05g46740			regulator of chromosome condensation, putative, expressed	N	Y	Y	17	pipeline_score=17; farm_logP=11.99; max_variant=5; recommendation_score=17
QTL10	Chr5-27013917	11.99	*	LOC_Os05g46750	5:27067365-27070015	20	10	*	12.0	0.0	0.0	10.0	*	42.0	RAP_Step2_all_TGW_quality.FarmCPUpeak_info	RAP_Step2_all_TGW_quality	LOC_Os05g46750			STE_MEKK_ste11_MAP3K.18 - STE kinases include homologs to sterile 7, sterile 11 and sterile 20 from yeast, expressed	N	Y	Y	47	pipeline_score=42; farm_logP=11.99; max_variant=20; recommendation_score=47
QTL10	Chr5-27013917	11.99	*	LOC_Os05g46760	5:27075947-27077365	20	10	5	12.0	0.0	0.0	10.0	*	42.0	RAP_Step2_all_TGW_quality.FarmCPUpeak_info	RAP_Step2_all_TGW_quality	LOC_Os05g46760			STE_MEKK_ste11_MAP3K.19 - STE kinases include homologs to sterile 7, sterile 11 and sterile 20 from yeast, expressed	N	Y	Y	47	pipeline_score=42; farm_logP=11.99; max_variant=20; recommendation_score=47
QTL10	Chr5-27013917	11.99	*	LOC_Os05g46770	5:27085232-27089314	25	25	*	12.0	0.0	0.0	15.0	*	52.0	RAP_Step2_all_TGW_quality.FarmCPUpeak_info	RAP_Step2_all_TGW_quality	LOC_Os05g46770			expressed protein	N	Y	Y	57	pipeline_score=52; farm_logP=11.99; max_variant=25; recommendation_score=57
QTL10	Chr5-27013917	11.99	*	LOC_Os05g46780	5:27093554-27099030	20	10	10	12.0	0.0	0.0	15.0	*	47.0	RAP_Step2_all_TGW_quality.FarmCPUpeak_info	RAP_Step2_all_TGW_quality	LOC_Os05g46780			transposon protein, putative, CACTA, En/Spm sub-class, expressed	Y	Y	Y	52	pipeline_score=47; farm_logP=11.99; max_variant=20; recommendation_score=52
QTL10	Chr5-27013917	11.99	*	LOC_Os05g46790	5:27101594-27102232	5	10	10	12.0	5.0	0.0	5.0	*	32.0	RAP_Step2_all_TGW_quality.FarmCPUpeak_info	RAP_Step2_all_TGW_quality	LOC_Os05g46790			expressed protein	N	Y	Y	35	pipeline_score=32; farm_logP=11.99; max_variant=10; recommendation_score=35
QTL10	Chr5-27013917	11.99	*	LOC_Os05g46800	5:27103789-27105687	15	5	*	12.0	0.0	0.0	18.0	*	45.0	RAP_Step2_all_TGW_quality.FarmCPUpeak_info	RAP_Step2_all_TGW_quality	LOC_Os05g46800			expressed protein	N	Y	Y	48	pipeline_score=45; farm_logP=11.99; max_variant=15; recommendation_score=48
QTL10	Chr5-27013917	11.99	*	LOC_Os05g46810	5:27110895-27114794	25	25	25	12.0	0.0	0.0	0.0	*	37.0	RAP_Step2_all_TGW_quality.FarmCPUpeak_info	RAP_Step2_all_TGW_quality	LOC_Os05g46810			retrotransposon protein, putative, Ty3-gypsy subclass, expressed	Y	Y	Y	42	pipeline_score=37; farm_logP=11.99; max_variant=25; recommendation_score=42
QTL10	Chr5-27013917	11.99	*	LOC_Os05g46820	5:27117326-27118321	25	10	25	12.0	5.0	0.0	0.0	*	42.0	RAP_Step2_all_TGW_quality.FarmCPUpeak_info	RAP_Step2_all_TGW_quality	LOC_Os05g46820			expressed protein	N	Y	Y	47	pipeline_score=42; farm_logP=11.99; max_variant=25; recommendation_score=47
QTL10	Chr5-27013917	11.99	*	LOC_Os05g46830	5:27119121-27120324	20	25	25	12.0	5.0	0.0	5.0	*	47.0	RAP_Step2_all_TGW_quality.FarmCPUpeak_info	RAP_Step2_all_TGW_quality	LOC_Os05g46830			proline-rich protein, putative, expressed	N	Y	Y	52	pipeline_score=47; farm_logP=11.99; max_variant=25; recommendation_score=52
QTL10	Chr5-27013917	11.99	*	LOC_Os05g46840	5:27121981-27122912	20	25	20	12.0	5.0	0.0	5.0	*	47.0	RAP_Step2_all_TGW_quality.FarmCPUpeak_info	RAP_Step2_all_TGW_quality	LOC_Os05g46840			proline-rich protein, putative, expressed	N	Y	Y	52	pipeline_score=47; farm_logP=11.99; max_variant=25; recommendation_score=52
QTL10	Chr5-27013917	11.99	*	LOC_Os05g46845	5:27124219-27125316	20	5	25	12.0	5.0	0.0	18.0	*	60.0	RAP_Step2_all_TGW_quality.FarmCPUpeak_info	RAP_Step2_all_TGW_quality	LOC_Os05g46845			expressed protein	N	Y	Y	65	pipeline_score=60; farm_logP=11.99; max_variant=25; recommendation_score=65
QTL10	Chr5-27013917	11.99	*	LOC_Os05g46860	5:27125680-27127261	5	10	25	12.0	0.0	0.0	18.0	*	55.0	RAP_Step2_all_TGW_quality.FarmCPUpeak_info	RAP_Step2_all_TGW_quality	LOC_Os05g46860			FHA domain containing protein, putative, expressed	N	Y	Y	60	pipeline_score=55; farm_logP=11.99; max_variant=25; recommendation_score=60
QTL10	Chr5-27013917	11.99	*	LOC_Os05g46874	5:27129759-27134825	25	25	25	12.0	0.0	0.0	22.0	*	59.0	RAP_Step2_all_TGW_quality.FarmCPUpeak_info	RAP_Step2_all_TGW_quality	LOC_Os05g46874			expressed protein	N	Y	Y	64	pipeline_score=59; farm_logP=11.99; max_variant=25; recommendation_score=64
QTL10	Chr5-27013917	11.99	*	LOC_Os05g46890	5:27139101-27142126	5	25	25	12.0	0.0	0.0	18.0	*	55.0	RAP_Step2_all_TGW_quality.FarmCPUpeak_info	RAP_Step2_all_TGW_quality	LOC_Os05g46890			expressed protein	N	Y	Y	60	pipeline_score=55; farm_logP=11.99; max_variant=25; recommendation_score=60
QTL10	Chr5-27013917	11.99	*	LOC_Os05g46900	5:27144165-27144365	5	5	25	12.0	0.0	0.0	0.0	*	37.0	RAP_Step2_all_TGW_quality.FarmCPUpeak_info	RAP_Step2_all_TGW_quality	LOC_Os05g46900			expressed protein	N	Y	Y	42	pipeline_score=37; farm_logP=11.99; max_variant=25; recommendation_score=42
QTL10	Chr5-27013917	11.99	*	LOC_Os05g46910	5:27147122-27149297	25	25	25	12.0	0.0	0.0	5.0	*	42.0	RAP_Step2_all_TGW_quality.FarmCPUpeak_info	RAP_Step2_all_TGW_quality	LOC_Os05g46910			transposon protein, putative, unclassified	Y	N	Y	47	pipeline_score=42; farm_logP=11.99; max_variant=25; recommendation_score=47
QTL10	Chr5-27013917	11.99	*	LOC_Os05g46920	5:27150614-27153839	5	25	25	12.0	0.0	0.0	18.0	*	55.0	RAP_Step2_all_TGW_quality.FarmCPUpeak_info	RAP_Step2_all_TGW_quality	LOC_Os05g46920			expressed protein	N	Y	Y	60	pipeline_score=55; farm_logP=11.99; max_variant=25; recommendation_score=60
QTL10	Chr5-27013917	11.99	*	Os05g0547200	5:27156356-27160936	5	10	20	12.0	0.0	0.0	0.0	*	32.0	RAP_Step2_all_TGW_quality.FarmCPUpeak_info	RAP_Step2_all_TGW_quality	Os05g0547200							37	pipeline_score=32; farm_logP=11.99; max_variant=20; recommendation_score=37
QTL10	Chr5-27013917	11.99	*	LOC_Os05g46930	5:27161014-27161415	*	25	25	12.0	5.0	0.0	0.0	*	42.0	RAP_Step2_all_TGW_quality.FarmCPUpeak_info	RAP_Step2_all_TGW_quality	LOC_Os05g46930			expressed protein	N	Y	Y	47	pipeline_score=42; farm_logP=11.99; max_variant=25; recommendation_score=47
QTL10	Chr5-27013917	11.99	*	LOC_Os05g46940	5:27161862-27163065	*	25	25	12.0	0.0	0.0	0.0	*	37.0	RAP_Step2_all_TGW_quality.FarmCPUpeak_info	RAP_Step2_all_TGW_quality	LOC_Os05g46940			expressed protein	N	Y	Y	42	pipeline_score=37; farm_logP=11.99; max_variant=25; recommendation_score=42
QTL10	Chr5-27013917	11.99	*	LOC_Os05g46950	5:27163273-27166835	20	25	25	12.0	0.0	0.0	20.0	*	57.0	RAP_Step2_all_TGW_quality.FarmCPUpeak_info	RAP_Step2_all_TGW_quality	LOC_Os05g46950			expressed protein	N	Y	Y	62	pipeline_score=57; farm_logP=11.99; max_variant=25; recommendation_score=62
QTL10	Chr5-27013917	11.99	*	LOC_Os05g46954	5:27168570-27171401	5	5	25	12.0	0.0	0.0	15.0	*	52.0	RAP_Step2_all_TGW_quality.FarmCPUpeak_info	RAP_Step2_all_TGW_quality	LOC_Os05g46954			expressed protein	N	Y	Y	57	pipeline_score=52; farm_logP=11.99; max_variant=25; recommendation_score=57
QTL10	Chr5-27013917	11.99	*	LOC_Os05g47442	5:27177894-27178615	5	5	25	12.0	0.0	0.0	18.0	*	55.0	RAP_Step2_all_TGW_quality.FarmCPUpeak_info	RAP_Step2_all_TGW_quality	LOC_Os05g47442			expressed protein	N	Y	Y	60	pipeline_score=55; farm_logP=11.99; max_variant=25; recommendation_score=60
QTL10	Chr5-27013917	11.99	*	LOC_Os05g47446	5:27179219-27183778	20	5	20	12.0	0.0	0.0	15.0	*	47.0	RAP_Step2_all_TGW_quality.FarmCPUpeak_info	RAP_Step2_all_TGW_quality	LOC_Os05g47446	OsPDCD5	Gibberellin; architecture; auxin; auxin biosynthesis; breeding; cell death; cytokinin; fertility; flower; gibberellin; grain; grain shape; grain yield; height; panicle; plant architecture; plant height; pollen; quality; sterility; temperature; yield	expressed protein	N	Y	Y	59	pipeline_score=47; farm_logP=11.99; max_variant=20; symbol=OsPDCD5; keyword=Gibberellin; architecture; auxin; auxin biosynthesis; breeding; cell death; cytokinin; fertility; flower; gibberellin; grain; grain shape; grain yield; height; panicle; plant architecture; plant height; pollen; quality; sterility; temperature; yield; recommendation_score=59
QTL10	Chr5-27013917	11.99	*	LOC_Os05g47450	5:27186359-27192414	20	25	25	12.0	0.0	0.0	0.0	*	37.0	RAP_Step2_all_TGW_quality.FarmCPUpeak_info	RAP_Step2_all_TGW_quality	LOC_Os05g47450			retrotransposon protein, putative, unclassified, expressed	Y	Y	Y	42	pipeline_score=37; farm_logP=11.99; max_variant=25; recommendation_score=42
QTL10	Chr5-27013917	11.99	*	LOC_Os05g47460	5:27193778-27196450	10	25	25	12.0	0.0	0.0	0.0	*	37.0	RAP_Step2_all_TGW_quality.FarmCPUpeak_info	RAP_Step2_all_TGW_quality	LOC_Os05g47460			retrotransposon protein, putative, unclassified, expressed	Y	Y	Y	42	pipeline_score=37; farm_logP=11.99; max_variant=25; recommendation_score=42
QTL10	Chr5-27013917	11.99	*	LOC_Os05g47470	5:27198351-27199581	20	5	20	12.0	0.0	0.0	15.0	*	47.0	RAP_Step2_all_TGW_quality.FarmCPUpeak_info	RAP_Step2_all_TGW_quality	LOC_Os05g47470			VIP1 protein, putative, expressed	N	Y	Y	52	pipeline_score=47; farm_logP=11.99; max_variant=20; recommendation_score=52
QTL10	Chr5-27013917	11.99	*	LOC_Os05g47480	5:27201101-27202593	15	10	20	12.0	0.0	0.0	22.0	*	54.0	RAP_Step2_all_TGW_quality.FarmCPUpeak_info	RAP_Step2_all_TGW_quality	LOC_Os05g47480			transcription initiation factor IIB, putative, expressed	N	Y	Y	59	pipeline_score=54; farm_logP=11.99; max_variant=20; recommendation_score=59
QTL10	Chr5-27013917	11.99	*	LOC_Os05g47490	5:27203619-27210015	20	10	20	12.0	0.0	0.0	15.0	*	47.0	RAP_Step2_all_TGW_quality.FarmCPUpeak_info	RAP_Step2_all_TGW_quality	LOC_Os05g47490			MDR-like ABC transporter, putative, expressed	N	Y	Y	52	pipeline_score=47; farm_logP=11.99; max_variant=20; recommendation_score=52
QTL10	Chr5-27013917	11.99	*	Os05g0548400	5:27210566-27218345	20	*	*	12.0	0.0	0.0	15.0	*	47.0	RAP_Step2_all_TGW_quality.FarmCPUpeak_info	RAP_Step2_all_TGW_quality	Os05g0548400							52	pipeline_score=47; farm_logP=11.99; max_variant=20; recommendation_score=52
QTL10	Chr5-27013917	11.99	*	LOC_Os05g47500	5:27211913-27217567	20	5	5	12.0	0.0	0.0	18.0	*	50.0	RAP_Step2_all_TGW_quality.FarmCPUpeak_info	RAP_Step2_all_TGW_quality	LOC_Os05g47500			MDR-like ABC transporter, putative, expressed	N	Y	Y	55	pipeline_score=50; farm_logP=11.99; max_variant=20; recommendation_score=55
QTL11	Chr6-12202	5.30	*	LOC_Os06g01010	6:1479-7041	25	25	*	2.0	0.0	0.0	0.0	*	27.0	RAP_Step2_all_TGW_quality.FarmCPUpeak_info	RAP_Step2_all_TGW_quality	LOC_Os06g01010			retrotransposon protein, putative, Ty3-gypsy subclass	Y	N	Y	32	pipeline_score=27; farm_logP=5.3; max_variant=25; recommendation_score=32
QTL11	Chr6-12202	5.30	*	LOC_Os06g01020	6:9542-9892	20	25	*	2.0	0.0	0.0	0.0	*	27.0	RAP_Step2_all_TGW_quality.FarmCPUpeak_info	RAP_Step2_all_TGW_quality	LOC_Os06g01020			retrotransposon protein, putative, Ty3-gypsy subclass	Y	N	Y	32	pipeline_score=27; farm_logP=5.3; max_variant=25; recommendation_score=32
QTL11	Chr6-12202	5.30	*	LOC_Os06g01030	6:11524-18197	25	25	5	2.0	0.0	0.0	0.0	*	27.0	RAP_Step2_all_TGW_quality.FarmCPUpeak_info	RAP_Step2_all_TGW_quality	LOC_Os06g01030			retrotransposon protein, putative, Ty3-gypsy subclass, expressed	Y	Y	Y	32	pipeline_score=27; farm_logP=5.3; max_variant=25; recommendation_score=32
QTL11	Chr6-12202	5.30	*	LOC_Os06g01040	6:18804-26538	25	25	10	2.0	0.0	0.0	0.0	*	27.0	RAP_Step2_all_TGW_quality.FarmCPUpeak_info	RAP_Step2_all_TGW_quality	LOC_Os06g01040			retrotransposon protein, putative, unclassified, expressed	Y	Y	Y	32	pipeline_score=27; farm_logP=5.3; max_variant=25; recommendation_score=32
QTL11	Chr6-12202	5.30	*	LOC_Os06g01050	6:33589-37124	20	25	*	2.0	0.0	0.0	18.0	*	45.0	RAP_Step2_all_TGW_quality.FarmCPUpeak_info	RAP_Step2_all_TGW_quality	LOC_Os06g01050			expressed protein	N	Y	Y	50	pipeline_score=45; farm_logP=5.3; max_variant=25; recommendation_score=50
QTL11	Chr6-12202	5.30	*	Os06g0100550	6:38340-38628	5	5	*	2.0	0.0	0.0	10.0	*	17.0	RAP_Step2_all_TGW_quality.FarmCPUpeak_info	RAP_Step2_all_TGW_quality	Os06g0100550							17	pipeline_score=17; farm_logP=5.3; max_variant=5; recommendation_score=17
QTL11	Chr6-12202	5.30	*	LOC_Os06g01060	6:40328-48391	25	25	25	2.0	0.0	0.0	18.0	*	45.0	RAP_Step2_all_TGW_quality.FarmCPUpeak_info	RAP_Step2_all_TGW_quality	LOC_Os06g01060			retrotransposon protein, putative, Ty3-gypsy subclass, expressed	Y	Y	Y	50	pipeline_score=45; farm_logP=5.3; max_variant=25; recommendation_score=50
QTL11	Chr6-12202	5.30	*	Os06g0100700	6:42260-42548	5	5	*	2.0	0.0	0.0	10.0	*	17.0	RAP_Step2_all_TGW_quality.FarmCPUpeak_info	RAP_Step2_all_TGW_quality	Os06g0100700							17	pipeline_score=17; farm_logP=5.3; max_variant=5; recommendation_score=17
QTL11	Chr6-12202	5.30	*	LOC_Os06g01070	6:50099-50641	25	25	*	2.0	0.0	0.0	10.0	*	37.0	RAP_Step2_all_TGW_quality.FarmCPUpeak_info	RAP_Step2_all_TGW_quality	LOC_Os06g01070			expressed protein	Y	Y	Y	42	pipeline_score=37; farm_logP=5.3; max_variant=25; recommendation_score=42
QTL11	Chr6-12202	5.30	*	LOC_Os06g01090	6:97225-101496	5	5	*	2.0	0.0	10.0	0.0	*	17.0	RAP_Step2_all_TGW_quality.FarmCPUpeak_info	RAP_Step2_all_TGW_quality	LOC_Os06g01090			retrotransposon protein, putative, Ty3-gypsy subclass, expressed	Y	Y	Y	17	pipeline_score=17; farm_logP=5.3; max_variant=5; recommendation_score=17
QTL11	Chr6-12202	5.30	*	LOC_Os06g01100	6:106083-106418	*	*	*	2.0	0.0	0.0	0.0	*	2.0	RAP_Step2_all_TGW_quality.FarmCPUpeak_info	RAP_Step2_all_TGW_quality	LOC_Os06g01100			retrotransposon protein, putative, Ty3-gypsy subclass	Y	N	Y	2	pipeline_score=2; farm_logP=5.3; recommendation_score=2
QTL11	Chr6-12202	5.30	*	LOC_Os06g01110	6:108281-109048	*	*	*	2.0	0.0	0.0	0.0	*	2.0	RAP_Step2_all_TGW_quality.FarmCPUpeak_info	RAP_Step2_all_TGW_quality	LOC_Os06g01110			retrotransposon protein, putative, Ty3-gypsy subclass, expressed	Y	Y	Y	2	pipeline_score=2; farm_logP=5.3; recommendation_score=2
QTL11	Chr6-12202	5.30	*	LOC_Os06g01120	6:109866-110153	5	5	*	2.0	0.0	0.0	0.0	*	7.0	RAP_Step2_all_TGW_quality.FarmCPUpeak_info	RAP_Step2_all_TGW_quality	LOC_Os06g01120			retrotransposon protein, putative, unclassified, expressed	Y	Y	Y	7	pipeline_score=7; farm_logP=5.3; max_variant=5; recommendation_score=7
QTL11	Chr6-12202	5.30	*	LOC_Os06g01130	6:112046-113893	25	25	*	2.0	0.0	0.0	0.0	*	27.0	RAP_Step2_all_TGW_quality.FarmCPUpeak_info	RAP_Step2_all_TGW_quality	LOC_Os06g01130			retrotransposon protein, putative, unclassified	Y	N	Y	32	pipeline_score=27; farm_logP=5.3; max_variant=25; recommendation_score=32
QTL11	Chr6-12202	5.30	*	LOC_Os06g01140	6:121758-124012	25	25	5	2.0	0.0	0.0	0.0	*	27.0	RAP_Step2_all_TGW_quality.FarmCPUpeak_info	RAP_Step2_all_TGW_quality	LOC_Os06g01140			expressed protein	N	Y	Y	32	pipeline_score=27; farm_logP=5.3; max_variant=25; recommendation_score=32
QTL11	Chr6-12202	5.30	*	LOC_Os06g01150	6:126232-127339	20	5	0	2.0	0.0	0.0	0.0	*	22.0	RAP_Step2_all_TGW_quality.FarmCPUpeak_info	RAP_Step2_all_TGW_quality	LOC_Os06g01150			retrotransposon protein, putative, unclassified	Y	N	Y	27	pipeline_score=22; farm_logP=5.3; max_variant=20; recommendation_score=27
QTL11	Chr6-12202	5.30	*	LOC_Os06g01160	6:130355-130738	25	25	*	2.0	0.0	0.0	0.0	*	27.0	RAP_Step2_all_TGW_quality.FarmCPUpeak_info	RAP_Step2_all_TGW_quality	LOC_Os06g01160			expressed protein	N	Y	Y	32	pipeline_score=27; farm_logP=5.3; max_variant=25; recommendation_score=32
QTL11	Chr6-12202	5.30	*	LOC_Os06g01170	6:131089-138360	20	10	*	2.0	0.0	0.0	15.0	*	37.0	RAP_Step2_all_TGW_quality.FarmCPUpeak_info	RAP_Step2_all_TGW_quality	LOC_Os06g01170			PHD-finger domain containing protein, expressed	N	Y	Y	42	pipeline_score=37; farm_logP=5.3; max_variant=20; recommendation_score=42
QTL11	Chr6-12202	5.30	*	LOC_Os06g01180	6:138492-139803	5	15	*	2.0	0.0	0.0	18.0	*	35.0	RAP_Step2_all_TGW_quality.FarmCPUpeak_info	RAP_Step2_all_TGW_quality	LOC_Os06g01180			expressed protein	N	Y	Y	38	pipeline_score=35; farm_logP=5.3; max_variant=15; recommendation_score=38
QTL11	Chr6-12202	5.30	*	LOC_Os06g01190	6:140965-141255	20	*	*	2.0	0.0	0.0	15.0	*	37.0	RAP_Step2_all_TGW_quality.FarmCPUpeak_info	RAP_Step2_all_TGW_quality	LOC_Os06g01190			expressed protein	N	Y	Y	42	pipeline_score=37; farm_logP=5.3; max_variant=20; recommendation_score=42
QTL11	Chr6-12202	5.30	*	LOC_Os06g01195	6:141368-141820	5	10	*	2.0	0.0	0.0	10.0	*	22.0	RAP_Step2_all_TGW_quality.FarmCPUpeak_info	RAP_Step2_all_TGW_quality	LOC_Os06g01195			expressed protein	N	Y	Y	25	pipeline_score=22; farm_logP=5.3; max_variant=10; recommendation_score=25
QTL11	Chr6-12202	5.30	*	LOC_Os06g01200	6:142308-146648	5	25	*	2.0	0.0	0.0	15.0	*	42.0	RAP_Step2_all_TGW_quality.FarmCPUpeak_info	RAP_Step2_all_TGW_quality	LOC_Os06g01200			zinc finger, C3HC4 type domain containing protein, expressed	N	Y	Y	47	pipeline_score=42; farm_logP=5.3; max_variant=25; recommendation_score=47
QTL11	Chr6-12202	5.30	*	LOC_Os06g01210	6:149384-150246	5	10	*	2.0	0.0	0.0	10.0	*	22.0	RAP_Step2_all_TGW_quality.FarmCPUpeak_info	RAP_Step2_all_TGW_quality	LOC_Os06g01210			plastocyanin, chloroplast precursor, putative, expressed	N	Y	Y	25	pipeline_score=22; farm_logP=5.3; max_variant=10; recommendation_score=25
QTL11	Chr6-12202	5.30	*	LOC_Os06g01220	6:150985-152936	25	25	*	2.0	0.0	0.0	10.0	*	37.0	RAP_Step2_all_TGW_quality.FarmCPUpeak_info	RAP_Step2_all_TGW_quality	LOC_Os06g01220			expressed protein	N	Y	Y	42	pipeline_score=37; farm_logP=5.3; max_variant=25; recommendation_score=42
QTL11	Chr6-12202	5.30	*	LOC_Os06g01230	6:153391-156618	20	5	15	2.0	0.0	0.0	15.0	*	37.0	RAP_Step2_all_TGW_quality.FarmCPUpeak_info	RAP_Step2_all_TGW_quality	LOC_Os06g01230			no apical meristem protein, putative, expressed	N	Y	Y	42	pipeline_score=37; farm_logP=5.3; max_variant=20; recommendation_score=42
QTL11	Chr6-12202	5.30	*	LOC_Os06g01240	6:161576-161995	25	10	*	2.0	0.0	0.0	0.0	*	27.0	RAP_Step2_all_TGW_quality.FarmCPUpeak_info	RAP_Step2_all_TGW_quality	LOC_Os06g01240			expressed protein	N	Y	Y	32	pipeline_score=27; farm_logP=5.3; max_variant=25; recommendation_score=32
QTL11	Chr6-12202	5.30	*	LOC_Os06g01250	6:163205-165539	5	10	*	2.0	0.0	0.0	10.0	*	22.0	RAP_Step2_all_TGW_quality.FarmCPUpeak_info	RAP_Step2_all_TGW_quality	LOC_Os06g01250	CYP93G2|qST-6.1	flavonoid; seed; yield	cytochrome P450, putative, expressed	N	Y	Y	32	pipeline_score=22; farm_logP=5.3; max_variant=10; symbol=CYP93G2|qST-6.1; keyword=flavonoid; seed; yield; recommendation_score=32
QTL11	Chr6-12202	5.30	*	Os06g0102200	6:164238-165038	5	5	*	2.0	0.0	0.0	10.0	*	17.0	RAP_Step2_all_TGW_quality.FarmCPUpeak_info	RAP_Step2_all_TGW_quality	Os06g0102200							17	pipeline_score=17; farm_logP=5.3; max_variant=5; recommendation_score=17
QTL11	Chr6-12202	5.30	*	LOC_Os06g01260	6:167364-174331	15	5	0	2.0	0.0	10.0	15.0	*	42.0	RAP_Step2_all_TGW_quality.FarmCPUpeak_info	RAP_Step2_all_TGW_quality	LOC_Os06g01260	OsPCS2	arsenite; cadmium; stress; stress tolerance; tolerance	glutathione gamma-glutamylcysteinyltransferase 1, putative, expressed	N	Y	Y	52	pipeline_score=42; farm_logP=5.3; max_variant=15; symbol=OsPCS2; keyword=arsenite; cadmium; stress; stress tolerance; tolerance; recommendation_score=52
QTL11	Chr6-12202	5.30	*	LOC_Os06g01270	6:178343-178580	20	*	0	2.0	0.0	0.0	0.0	*	22.0	RAP_Step2_all_TGW_quality.FarmCPUpeak_info	RAP_Step2_all_TGW_quality	LOC_Os06g01270			expressed protein	N	Y	Y	27	pipeline_score=22; farm_logP=5.3; max_variant=20; recommendation_score=27
QTL11	Chr6-12202	5.30	*	LOC_Os06g01280	6:180215-181423	25	*	0	2.0	0.0	0.0	0.0	*	27.0	RAP_Step2_all_TGW_quality.FarmCPUpeak_info	RAP_Step2_all_TGW_quality	LOC_Os06g01280			retrotransposon protein, putative, unclassified	Y	N	Y	32	pipeline_score=27; farm_logP=5.3; max_variant=25; recommendation_score=32
QTL11	Chr6-12202	5.30	*	LOC_Os06g01290	6:182104-184623	5	*	5	2.0	0.0	0.0	15.0	*	22.0	RAP_Step2_all_TGW_quality.FarmCPUpeak_info	RAP_Step2_all_TGW_quality	LOC_Os06g01290			expressed protein	N	Y	Y	22	pipeline_score=22; farm_logP=5.3; max_variant=5; recommendation_score=22
QTL11	Chr6-12202	5.30	*	LOC_Os06g01304	6:185692-191452	20	5	*	2.0	0.0	0.0	10.0	*	32.0	RAP_Step2_all_TGW_quality.FarmCPUpeak_info	RAP_Step2_all_TGW_quality	LOC_Os06g01304			spotted leaf 11, putative, expressed	N	Y	Y	37	pipeline_score=32; farm_logP=5.3; max_variant=20; recommendation_score=37
QTL11	Chr6-12202	5.30	*	Os06g0102725	6:185819-188131	20	5	*	2.0	0.0	0.0	15.0	*	37.0	RAP_Step2_all_TGW_quality.FarmCPUpeak_info	RAP_Step2_all_TGW_quality	Os06g0102725							42	pipeline_score=37; farm_logP=5.3; max_variant=20; recommendation_score=42
QTL11	Chr6-12202	5.30	*	LOC_Os06g01320	6:195018-208583	20	5	*	2.0	0.0	0.0	15.0	*	37.0	RAP_Step2_all_TGW_quality.FarmCPUpeak_info	RAP_Step2_all_TGW_quality	LOC_Os06g01320			chromo domain containing protein, expressed	N	Y	Y	42	pipeline_score=37; farm_logP=5.3; max_variant=20; recommendation_score=42
QTL11	Chr6-12202	5.30	*	LOC_Os06g01340	6:209204-210107	5	10	*	2.0	0.0	0.0	15.0	*	27.0	RAP_Step2_all_TGW_quality.FarmCPUpeak_info	RAP_Step2_all_TGW_quality	LOC_Os06g01340			CCT/B-box zinc finger protein, putative, expressed	N	Y	Y	30	pipeline_score=27; farm_logP=5.3; max_variant=10; recommendation_score=30
QTL12	Chr6-16051537	10.64	*	LOC_Os06g27930	6:15849721-15852681	25	25	25	12.0	0.0	0.0	0.0	*	37.0	RAP_Step2_all_TGW_quality.FarmCPUpeak_info	RAP_Step2_all_TGW_quality	LOC_Os06g27930			retrotransposon protein, putative, Ty3-gypsy subclass, expressed	Y	Y	Y	42	pipeline_score=37; farm_logP=10.64; max_variant=25; recommendation_score=42
QTL12	Chr6-16051537	10.64	*	LOC_Os06g27940	6:15853048-15855498	25	25	25	12.0	0.0	10.0	0.0	*	47.0	RAP_Step2_all_TGW_quality.FarmCPUpeak_info	RAP_Step2_all_TGW_quality	LOC_Os06g27940			retrotransposon protein, putative, Ty3-gypsy subclass	Y	N	Y	52	pipeline_score=47; farm_logP=10.64; max_variant=25; recommendation_score=52
QTL12	Chr6-16051537	10.64	*	LOC_Os06g27950	6:15855841-15858762	25	25	0	12.0	0.0	0.0	0.0	*	37.0	RAP_Step2_all_TGW_quality.FarmCPUpeak_info	RAP_Step2_all_TGW_quality	LOC_Os06g27950			retrotransposon protein, putative, unclassified, expressed	Y	Y	Y	42	pipeline_score=37; farm_logP=10.64; max_variant=25; recommendation_score=42
QTL12	Chr6-16051537	10.64	*	LOC_Os06g27960	6:15860644-15860907	20	25	10	12.0	0.0	0.0	0.0	*	37.0	RAP_Step2_all_TGW_quality.FarmCPUpeak_info	RAP_Step2_all_TGW_quality	LOC_Os06g27960			hypothetical protein	N	N	Y	42	pipeline_score=37; farm_logP=10.64; max_variant=25; recommendation_score=42
QTL12	Chr6-16051537	10.64	*	LOC_Os06g27970	6:15863214-15872704	20	5	0	12.0	0.0	0.0	15.0	*	47.0	RAP_Step2_all_TGW_quality.FarmCPUpeak_info	RAP_Step2_all_TGW_quality	LOC_Os06g27970	OsFIP	meiosis; methyltransferase; panicle; pollen	FKBP12-interacting protein of 37 kDa, putative, expressed	N	Y	Y	59	pipeline_score=47; farm_logP=10.64; max_variant=20; symbol=OsFIP; keyword=meiosis; methyltransferase; panicle; pollen; recommendation_score=59
QTL12	Chr6-16051537	10.64	*	LOC_Os06g27980	6:15877891-15879564	5	5	*	12.0	0.0	0.0	5.0	*	22.0	RAP_Step2_all_TGW_quality.FarmCPUpeak_info	RAP_Step2_all_TGW_quality	LOC_Os06g27980			methyltransferase domain containing protein, expressed	N	Y	Y	22	pipeline_score=22; farm_logP=10.64; max_variant=5; recommendation_score=22
QTL12	Chr6-16051537	10.64	*	LOC_Os06g27990	6:15882628-15887245	25	25	25	12.0	0.0	0.0	0.0	*	37.0	RAP_Step2_all_TGW_quality.FarmCPUpeak_info	RAP_Step2_all_TGW_quality	LOC_Os06g27990			retrotransposon protein, putative, unclassified, expressed	Y	Y	Y	42	pipeline_score=37; farm_logP=10.64; max_variant=25; recommendation_score=42
QTL12	Chr6-16051537	10.64	*	LOC_Os06g28000	6:15891333-15895670	20	10	20	12.0	0.0	0.0	22.0	*	54.0	RAP_Step2_all_TGW_quality.FarmCPUpeak_info	RAP_Step2_all_TGW_quality	LOC_Os06g28000			carboxyl-terminal peptidase, putative, expressed	N	Y	Y	59	pipeline_score=54; farm_logP=10.64; max_variant=20; recommendation_score=59
QTL12	Chr6-16051537	10.64	*	LOC_Os06g28010	6:15901363-15902075	25	25	25	12.0	0.0	0.0	5.0	*	42.0	RAP_Step2_all_TGW_quality.FarmCPUpeak_info	RAP_Step2_all_TGW_quality	LOC_Os06g28010			retrotransposon protein, putative, unclassified	Y	N	Y	47	pipeline_score=42; farm_logP=10.64; max_variant=25; recommendation_score=47
QTL12	Chr6-16051537	10.64	*	LOC_Os06g28020	6:15903545-15905688	25	25	25	12.0	0.0	0.0	0.0	*	37.0	RAP_Step2_all_TGW_quality.FarmCPUpeak_info	RAP_Step2_all_TGW_quality	LOC_Os06g28020			retrotransposon protein, putative, unclassified	Y	N	Y	42	pipeline_score=37; farm_logP=10.64; max_variant=25; recommendation_score=42
QTL12	Chr6-16051537	10.64	*	LOC_Os06g28030	6:15906022-15907171	25	5	25	12.0	0.0	0.0	22.0	*	59.0	RAP_Step2_all_TGW_quality.FarmCPUpeak_info	RAP_Step2_all_TGW_quality	LOC_Os06g28030			expressed protein	N	Y	Y	64	pipeline_score=59; farm_logP=10.64; max_variant=25; recommendation_score=64
QTL12	Chr6-16051537	10.64	*	LOC_Os06g28040	6:15910856-15912271	25	5	25	12.0	0.0	0.0	0.0	*	37.0	RAP_Step2_all_TGW_quality.FarmCPUpeak_info	RAP_Step2_all_TGW_quality	LOC_Os06g28040			retrotransposon, putative, centromere-specific	Y	N	Y	42	pipeline_score=37; farm_logP=10.64; max_variant=25; recommendation_score=42
QTL12	Chr6-16051537	10.64	*	LOC_Os06g28050	6:15915518-15918850	20	10	20	12.0	0.0	0.0	5.0	*	37.0	RAP_Step2_all_TGW_quality.FarmCPUpeak_info	RAP_Step2_all_TGW_quality	LOC_Os06g28050			expressed protein	N	Y	Y	42	pipeline_score=37; farm_logP=10.64; max_variant=20; recommendation_score=42
QTL12	Chr6-16051537	10.64	*	Os06g0474833	6:15915710-15917638	5	10	20	12.0	0.0	0.0	5.0	*	37.0	RAP_Step2_all_TGW_quality.FarmCPUpeak_info	RAP_Step2_all_TGW_quality	Os06g0474833							42	pipeline_score=37; farm_logP=10.64; max_variant=20; recommendation_score=42
QTL12	Chr6-16051537	10.64	*	Os06g0474866	6:15919207-15920404	20	10	20	12.0	0.0	17.0	18.0	*	67.0	RAP_Step2_all_TGW_quality.FarmCPUpeak_info	RAP_Step2_all_TGW_quality	Os06g0474866							72	pipeline_score=67; farm_logP=10.64; max_variant=20; recommendation_score=72
QTL12	Chr6-16051537	10.64	*	LOC_Os06g28060	6:15922985-15933058	20	25	10	12.0	0.0	0.0	15.0	*	52.0	RAP_Step2_all_TGW_quality.FarmCPUpeak_info	RAP_Step2_all_TGW_quality	LOC_Os06g28060			ATP-binding region, ATPase-like domain containing protein, expressed	N	Y	Y	57	pipeline_score=52; farm_logP=10.64; max_variant=25; recommendation_score=57
QTL12	Chr6-16051537	10.64	*	LOC_Os06g28070	6:15938009-15942285	25	25	0	12.0	0.0	0.0	0.0	*	37.0	RAP_Step2_all_TGW_quality.FarmCPUpeak_info	RAP_Step2_all_TGW_quality	LOC_Os06g28070			retrotransposon protein, putative, unclassified, expressed	Y	Y	Y	42	pipeline_score=37; farm_logP=10.64; max_variant=25; recommendation_score=42
QTL12	Chr6-16051537	10.64	*	LOC_Os06g28080	6:15945714-15948915	25	25	25	12.0	0.0	0.0	0.0	*	37.0	RAP_Step2_all_TGW_quality.FarmCPUpeak_info	RAP_Step2_all_TGW_quality	LOC_Os06g28080			retrotransposon protein, putative, unclassified	Y	N	Y	42	pipeline_score=37; farm_logP=10.64; max_variant=25; recommendation_score=42
QTL12	Chr6-16051537	10.64	*	LOC_Os06g28090	6:15953729-15956988	25	25	25	12.0	0.0	0.0	0.0	*	37.0	RAP_Step2_all_TGW_quality.FarmCPUpeak_info	RAP_Step2_all_TGW_quality	LOC_Os06g28090			retrotransposon protein, putative, unclassified, expressed	Y	Y	Y	42	pipeline_score=37; farm_logP=10.64; max_variant=25; recommendation_score=42
QTL12	Chr6-16051537	10.64	*	LOC_Os06g28100	6:15957622-15963779	25	25	25	12.0	0.0	10.0	0.0	*	47.0	RAP_Step2_all_TGW_quality.FarmCPUpeak_info	RAP_Step2_all_TGW_quality	LOC_Os06g28100			retrotransposon protein, putative, unclassified, expressed	Y	Y	Y	52	pipeline_score=47; farm_logP=10.64; max_variant=25; recommendation_score=52
QTL12	Chr6-16051537	10.64	*	LOC_Os06g28110	6:15965216-15965425	5	5	25	12.0	0.0	0.0	15.0	*	52.0	RAP_Step2_all_TGW_quality.FarmCPUpeak_info	RAP_Step2_all_TGW_quality	LOC_Os06g28110			hypothetical protein	N	N	Y	57	pipeline_score=52; farm_logP=10.64; max_variant=25; recommendation_score=57
QTL12	Chr6-16051537	10.64	*	LOC_Os06g28124	6:15968621-15974049	5	5	25	12.0	0.0	0.0	5.0	*	42.0	RAP_Step2_all_TGW_quality.FarmCPUpeak_info	RAP_Step2_all_TGW_quality	LOC_Os06g28124			glycosyltransferase, putative, expressed	N	Y	Y	47	pipeline_score=42; farm_logP=10.64; max_variant=25; recommendation_score=47
QTL12	Chr6-16051537	10.64	*	LOC_Os06g28140	6:15977243-15981221	25	25	10	12.0	0.0	0.0	0.0	*	37.0	RAP_Step2_all_TGW_quality.FarmCPUpeak_info	RAP_Step2_all_TGW_quality	LOC_Os06g28140			retrotransposon protein, putative, Ty1-copia subclass, expressed	Y	Y	Y	42	pipeline_score=37; farm_logP=10.64; max_variant=25; recommendation_score=42
QTL12	Chr6-16051537	10.64	*	LOC_Os06g28144	6:15983099-15985316	20	10	10	12.0	0.0	0.0	18.0	*	50.0	RAP_Step2_all_TGW_quality.FarmCPUpeak_info	RAP_Step2_all_TGW_quality	LOC_Os06g28144			expressed protein	N	Y	Y	55	pipeline_score=50; farm_logP=10.64; max_variant=20; recommendation_score=55
QTL12	Chr6-16051537	10.64	*	LOC_Os06g28150	6:15991589-15996006	25	25	25	12.0	0.0	0.0	5.0	*	42.0	RAP_Step2_all_TGW_quality.FarmCPUpeak_info	RAP_Step2_all_TGW_quality	LOC_Os06g28150			transposon protein, putative, unclassified, expressed	Y	Y	Y	47	pipeline_score=42; farm_logP=10.64; max_variant=25; recommendation_score=47
QTL12	Chr6-16051537	10.64	*	LOC_Os06g28160	6:15996591-16000299	25	25	25	12.0	0.0	0.0	0.0	*	37.0	RAP_Step2_all_TGW_quality.FarmCPUpeak_info	RAP_Step2_all_TGW_quality	LOC_Os06g28160			expressed protein	N	Y	Y	42	pipeline_score=37; farm_logP=10.64; max_variant=25; recommendation_score=42
QTL12	Chr6-16051537	10.64	*	LOC_Os06g28170	6:16002988-16006097	20	5	0	12.0	0.0	0.0	0.0	*	32.0	RAP_Step2_all_TGW_quality.FarmCPUpeak_info	RAP_Step2_all_TGW_quality	LOC_Os06g28170			expressed protein	N	Y	Y	37	pipeline_score=32; farm_logP=10.64; max_variant=20; recommendation_score=37
QTL12	Chr6-16051537	10.64	*	Os06g0476100	6:16009608-16010394	20	10	10	12.0	0.0	0.0	10.0	*	42.0	RAP_Step2_all_TGW_quality.FarmCPUpeak_info	RAP_Step2_all_TGW_quality	Os06g0476100							47	pipeline_score=42; farm_logP=10.64; max_variant=20; recommendation_score=47
QTL12	Chr6-16051537	10.64	*	Os06g0476150	6:16009846-16010226	20	10	0	12.0	0.0	0.0	15.0	*	47.0	RAP_Step2_all_TGW_quality.FarmCPUpeak_info	RAP_Step2_all_TGW_quality	Os06g0476150							52	pipeline_score=47; farm_logP=10.64; max_variant=20; recommendation_score=52
QTL12	Chr6-16051537	10.64	*	LOC_Os06g28194	6:16011323-16032869	20	10	10	12.0	0.0	0.0	5.0	*	37.0	RAP_Step2_all_TGW_quality.FarmCPUpeak_info	RAP_Step2_all_TGW_quality	LOC_Os06g28194			expressed protein	N	Y	Y	42	pipeline_score=37; farm_logP=10.64; max_variant=20; recommendation_score=42
QTL12	Chr6-16051537	10.64	*	LOC_Os06g28230	6:16039440-16039715	25	25	25	12.0	0.0	0.0	22.0	*	59.0	RAP_Step2_all_TGW_quality.FarmCPUpeak_info	RAP_Step2_all_TGW_quality	LOC_Os06g28230			hypothetical protein	N	N	Y	64	pipeline_score=59; farm_logP=10.64; max_variant=25; recommendation_score=64
QTL12	Chr6-16051537	10.64	*	Os06g0476400	6:16041392-16041772	5	10	20	12.0	0.0	0.0	10.0	*	42.0	RAP_Step2_all_TGW_quality.FarmCPUpeak_info	RAP_Step2_all_TGW_quality	Os06g0476400							47	pipeline_score=42; farm_logP=10.64; max_variant=20; recommendation_score=47
QTL12	Chr6-16051537	10.64	*	LOC_Os06g28240	6:16042147-16043211	5	25	25	12.0	0.0	0.0	15.0	*	52.0	RAP_Step2_all_TGW_quality.FarmCPUpeak_info	RAP_Step2_all_TGW_quality	LOC_Os06g28240			expressed protein	N	Y	Y	57	pipeline_score=52; farm_logP=10.64; max_variant=25; recommendation_score=57
QTL12	Chr6-16051537	10.64	*	Os06g0476500	6:16048709-16049494	20	5	20	12.0	0.0	0.0	0.0	*	32.0	RAP_Step2_all_TGW_quality.FarmCPUpeak_info	RAP_Step2_all_TGW_quality	Os06g0476500							37	pipeline_score=32; farm_logP=10.64; max_variant=20; recommendation_score=37
QTL12	Chr6-16051537	10.64	*	LOC_Os06g28250	6:16052471-16056775	25	25	*	12.0	0.0	0.0	0.0	*	37.0	RAP_Step2_all_TGW_quality.FarmCPUpeak_info	RAP_Step2_all_TGW_quality	LOC_Os06g28250			expressed protein	N	Y	Y	42	pipeline_score=37; farm_logP=10.64; max_variant=25; recommendation_score=42
QTL12	Chr6-16051537	10.64	*	LOC_Os06g28260	6:16058398-16060555	25	5	*	12.0	0.0	0.0	5.0	*	42.0	RAP_Step2_all_TGW_quality.FarmCPUpeak_info	RAP_Step2_all_TGW_quality	LOC_Os06g28260			expressed protein	N	Y	Y	47	pipeline_score=42; farm_logP=10.64; max_variant=25; recommendation_score=47
QTL12	Chr6-16051537	10.64	*	Os06g0476900	6:16060230-16062325	25	5	*	12.0	0.0	0.0	10.0	*	47.0	RAP_Step2_all_TGW_quality.FarmCPUpeak_info	RAP_Step2_all_TGW_quality	Os06g0476900							52	pipeline_score=47; farm_logP=10.64; max_variant=25; recommendation_score=52
QTL12	Chr6-16051537	10.64	*	LOC_Os06g28270	6:16062893-16064705	25	25	5	12.0	0.0	0.0	20.0	*	57.0	RAP_Step2_all_TGW_quality.FarmCPUpeak_info	RAP_Step2_all_TGW_quality	LOC_Os06g28270			glycerol 3-phosphate permease, putative	Y	N	Y	62	pipeline_score=57; farm_logP=10.64; max_variant=25; recommendation_score=62
QTL12	Chr6-16051537	10.64	*	LOC_Os06g28280	6:16065959-16067060	20	5	*	12.0	0.0	0.0	22.0	*	54.0	RAP_Step2_all_TGW_quality.FarmCPUpeak_info	RAP_Step2_all_TGW_quality	LOC_Os06g28280			retrotransposon protein, putative, unclassified, expressed	Y	Y	Y	59	pipeline_score=54; farm_logP=10.64; max_variant=20; recommendation_score=59
QTL12	Chr6-16051537	10.64	*	LOC_Os06g28290	6:16069090-16069773	25	25	25	12.0	0.0	0.0	0.0	*	37.0	RAP_Step2_all_TGW_quality.FarmCPUpeak_info	RAP_Step2_all_TGW_quality	LOC_Os06g28290			expressed protein	Y	Y	Y	42	pipeline_score=37; farm_logP=10.64; max_variant=25; recommendation_score=42
QTL12	Chr6-16051537	10.64	*	LOC_Os06g28300	6:16070798-16072705	25	25	10	12.0	0.0	0.0	22.0	*	59.0	RAP_Step2_all_TGW_quality.FarmCPUpeak_info	RAP_Step2_all_TGW_quality	LOC_Os06g28300			zinc knuckle family protein, expressed	N	Y	Y	64	pipeline_score=59; farm_logP=10.64; max_variant=25; recommendation_score=64
QTL12	Chr6-16051537	10.64	*	LOC_Os06g28310	6:16076345-16085869	25	25	20	12.0	0.0	0.0	0.0	*	37.0	RAP_Step2_all_TGW_quality.FarmCPUpeak_info	RAP_Step2_all_TGW_quality	LOC_Os06g28310			retrotransposon protein, putative, unclassified, expressed	Y	Y	Y	42	pipeline_score=37; farm_logP=10.64; max_variant=25; recommendation_score=42
QTL12	Chr6-16051537	10.64	*	LOC_Os06g28320	6:16091330-16092042	25	10	25	12.0	0.0	0.0	0.0	*	37.0	RAP_Step2_all_TGW_quality.FarmCPUpeak_info	RAP_Step2_all_TGW_quality	LOC_Os06g28320			retrotransposon, putative, centromere-specific	Y	N	Y	42	pipeline_score=37; farm_logP=10.64; max_variant=25; recommendation_score=42
QTL12	Chr6-16051537	10.64	*	Os06g0477400	6:16093519-16094237	5	25	20	12.0	0.0	0.0	15.0	*	52.0	RAP_Step2_all_TGW_quality.FarmCPUpeak_info	RAP_Step2_all_TGW_quality	Os06g0477400							57	pipeline_score=52; farm_logP=10.64; max_variant=25; recommendation_score=57
QTL12	Chr6-16051537	10.64	*	LOC_Os06g28330	6:16094761-16099125	25	25	25	12.0	0.0	0.0	0.0	*	37.0	RAP_Step2_all_TGW_quality.FarmCPUpeak_info	RAP_Step2_all_TGW_quality	LOC_Os06g28330			retrotransposon protein, putative, unclassified, expressed	Y	Y	Y	42	pipeline_score=37; farm_logP=10.64; max_variant=25; recommendation_score=42
QTL12	Chr6-16051537	10.64	*	Os06g0477600	6:16100089-16101983	*	25	0	12.0	0.0	0.0	15.0	*	52.0	RAP_Step2_all_TGW_quality.FarmCPUpeak_info	RAP_Step2_all_TGW_quality	Os06g0477600							57	pipeline_score=52; farm_logP=10.64; max_variant=25; recommendation_score=57
QTL12	Chr6-16051537	10.64	*	LOC_Os06g28340	6:16107636-16117334	25	25	25	12.0	0.0	0.0	18.0	*	55.0	RAP_Step2_all_TGW_quality.FarmCPUpeak_info	RAP_Step2_all_TGW_quality	LOC_Os06g28340			transposon protein, putative, CACTA, En/Spm sub-class, expressed	Y	Y	Y	60	pipeline_score=55; farm_logP=10.64; max_variant=25; recommendation_score=60
QTL12	Chr6-16051537	10.64	*	LOC_Os06g28350	6:16126096-16129260	25	25	25	12.0	0.0	0.0	0.0	*	37.0	RAP_Step2_all_TGW_quality.FarmCPUpeak_info	RAP_Step2_all_TGW_quality	LOC_Os06g28350			transposon protein, putative, CACTA, En/Spm sub-class	Y	N	Y	42	pipeline_score=37; farm_logP=10.64; max_variant=25; recommendation_score=42
QTL12	Chr6-16051537	10.64	*	LOC_Os06g28360	6:16131038-16133283	25	25	*	12.0	0.0	0.0	0.0	*	37.0	RAP_Step2_all_TGW_quality.FarmCPUpeak_info	RAP_Step2_all_TGW_quality	LOC_Os06g28360			transposon protein, putative, CACTA, En/Spm sub-class, expressed	Y	Y	Y	42	pipeline_score=37; farm_logP=10.64; max_variant=25; recommendation_score=42
QTL12	Chr6-16051537	10.64	*	LOC_Os06g28370	6:16133656-16134663	20	25	*	12.0	0.0	0.0	0.0	*	37.0	RAP_Step2_all_TGW_quality.FarmCPUpeak_info	RAP_Step2_all_TGW_quality	LOC_Os06g28370			transposon protein, putative, CACTA, En/Spm sub-class	Y	N	Y	42	pipeline_score=37; farm_logP=10.64; max_variant=25; recommendation_score=42
QTL12	Chr6-16051537	10.64	*	LOC_Os06g28380	6:16139292-16144761	25	25	5	12.0	0.0	0.0	0.0	*	37.0	RAP_Step2_all_TGW_quality.FarmCPUpeak_info	RAP_Step2_all_TGW_quality	LOC_Os06g28380			retrotransposon protein, putative, Ty3-gypsy subclass, expressed	Y	Y	Y	42	pipeline_score=37; farm_logP=10.64; max_variant=25; recommendation_score=42
QTL12	Chr6-16051537	10.64	*	LOC_Os06g28390	6:16150732-16157325	25	25	0	12.0	0.0	0.0	0.0	*	37.0	RAP_Step2_all_TGW_quality.FarmCPUpeak_info	RAP_Step2_all_TGW_quality	LOC_Os06g28390			retrotransposon protein, putative, unclassified, expressed	Y	Y	Y	42	pipeline_score=37; farm_logP=10.64; max_variant=25; recommendation_score=42
QTL12	Chr6-16051537	10.64	*	LOC_Os06g28400	6:16160251-16160964	25	5	25	12.0	0.0	0.0	0.0	*	37.0	RAP_Step2_all_TGW_quality.FarmCPUpeak_info	RAP_Step2_all_TGW_quality	LOC_Os06g28400			retrotransposon protein, putative, unclassified	Y	N	Y	42	pipeline_score=37; farm_logP=10.64; max_variant=25; recommendation_score=42
QTL12	Chr6-16051537	10.64	*	LOC_Os06g28410	6:16162415-16164520	25	25	25	12.0	0.0	0.0	0.0	*	37.0	RAP_Step2_all_TGW_quality.FarmCPUpeak_info	RAP_Step2_all_TGW_quality	LOC_Os06g28410			retrotransposon protein, putative, unclassified, expressed	Y	Y	Y	42	pipeline_score=37; farm_logP=10.64; max_variant=25; recommendation_score=42
QTL12	Chr6-16051537	10.64	*	LOC_Os06g28420	6:16168793-16169592	20	25	10	12.0	0.0	0.0	0.0	*	37.0	RAP_Step2_all_TGW_quality.FarmCPUpeak_info	RAP_Step2_all_TGW_quality	LOC_Os06g28420			expressed protein	N	Y	Y	42	pipeline_score=37; farm_logP=10.64; max_variant=25; recommendation_score=42
QTL12	Chr6-16051537	10.64	*	LOC_Os06g28430	6:16177379-16178459	20	*	0	12.0	0.0	0.0	0.0	*	32.0	RAP_Step2_all_TGW_quality.FarmCPUpeak_info	RAP_Step2_all_TGW_quality	LOC_Os06g28430			retrotransposon, putative, centromere-specific, expressed	Y	Y	Y	37	pipeline_score=32; farm_logP=10.64; max_variant=20; recommendation_score=37
QTL12	Chr6-16051537	10.64	*	LOC_Os06g28440	6:16178849-16179331	25	25	*	12.0	0.0	0.0	0.0	*	37.0	RAP_Step2_all_TGW_quality.FarmCPUpeak_info	RAP_Step2_all_TGW_quality	LOC_Os06g28440			retrotransposon, putative, centromere-specific	Y	N	Y	42	pipeline_score=37; farm_logP=10.64; max_variant=25; recommendation_score=42
QTL12	Chr6-16051537	10.64	*	LOC_Os06g28450	6:16179851-16183850	25	25	*	12.0	0.0	0.0	0.0	*	37.0	RAP_Step2_all_TGW_quality.FarmCPUpeak_info	RAP_Step2_all_TGW_quality	LOC_Os06g28450			retrotransposon protein, putative, unclassified	Y	N	Y	42	pipeline_score=37; farm_logP=10.64; max_variant=25; recommendation_score=42
QTL12	Chr6-16051537	10.64	*	LOC_Os06g28460	6:16187332-16194210	25	25	*	12.0	0.0	0.0	0.0	*	37.0	RAP_Step2_all_TGW_quality.FarmCPUpeak_info	RAP_Step2_all_TGW_quality	LOC_Os06g28460			retrotransposon, putative, centromere-specific, expressed	Y	Y	Y	42	pipeline_score=37; farm_logP=10.64; max_variant=25; recommendation_score=42
QTL12	Chr6-16051537	10.64	*	LOC_Os06g28470	6:16195179-16195513	25	5	*	12.0	0.0	0.0	22.0	*	59.0	RAP_Step2_all_TGW_quality.FarmCPUpeak_info	RAP_Step2_all_TGW_quality	LOC_Os06g28470			expressed protein	N	Y	Y	64	pipeline_score=59; farm_logP=10.64; max_variant=25; recommendation_score=64
QTL12	Chr6-16051537	10.64	*	LOC_Os06g28480	6:16198162-16200384	5	5	*	12.0	0.0	0.0	22.0	*	39.0	RAP_Step2_all_TGW_quality.FarmCPUpeak_info	RAP_Step2_all_TGW_quality	LOC_Os06g28480			polygalacturonase inhibitor 1 precursor, putative, expressed	N	Y	Y	39	pipeline_score=39; farm_logP=10.64; max_variant=5; recommendation_score=39
QTL12	Chr6-16051537	10.64	*	LOC_Os06g28490	6:16203638-16204684	20	5	*	12.0	0.0	0.0	0.0	*	32.0	RAP_Step2_all_TGW_quality.FarmCPUpeak_info	RAP_Step2_all_TGW_quality	LOC_Os06g28490			retrotransposon protein, putative, unclassified, expressed	Y	Y	Y	37	pipeline_score=32; farm_logP=10.64; max_variant=20; recommendation_score=37
QTL12	Chr6-16051537	10.64	*	LOC_Os06g28500	6:16205104-16206625	20	25	*	12.0	0.0	0.0	0.0	*	37.0	RAP_Step2_all_TGW_quality.FarmCPUpeak_info	RAP_Step2_all_TGW_quality	LOC_Os06g28500			retrotransposon protein, putative, unclassified	Y	N	Y	42	pipeline_score=37; farm_logP=10.64; max_variant=25; recommendation_score=42
QTL12	Chr6-16051537	10.64	*	LOC_Os06g28510	6:16208403-16211076	20	5	0	12.0	0.0	0.0	0.0	*	32.0	RAP_Step2_all_TGW_quality.FarmCPUpeak_info	RAP_Step2_all_TGW_quality	LOC_Os06g28510			retrotransposon protein, putative, unclassified, expressed	Y	Y	Y	37	pipeline_score=32; farm_logP=10.64; max_variant=20; recommendation_score=37
QTL12	Chr6-16051537	10.64	*	LOC_Os06g28520	6:16217263-16219073	25	25	*	12.0	0.0	0.0	0.0	*	37.0	RAP_Step2_all_TGW_quality.FarmCPUpeak_info	RAP_Step2_all_TGW_quality	LOC_Os06g28520			expressed protein	N	Y	Y	42	pipeline_score=37; farm_logP=10.64; max_variant=25; recommendation_score=42
QTL12	Chr6-16051537	10.64	*	LOC_Os06g28524	6:16224024-16225310	20	25	20	12.0	0.0	0.0	15.0	*	52.0	RAP_Step2_all_TGW_quality.FarmCPUpeak_info	RAP_Step2_all_TGW_quality	LOC_Os06g28524			expressed protein	N	Y	Y	57	pipeline_score=52; farm_logP=10.64; max_variant=25; recommendation_score=57
QTL12	Chr6-16051537	10.64	*	LOC_Os06g28530	6:16235161-16237116	25	25	5	12.0	0.0	0.0	15.0	*	52.0	RAP_Step2_all_TGW_quality.FarmCPUpeak_info	RAP_Step2_all_TGW_quality	LOC_Os06g28530			retrotransposon protein, putative, unclassified, expressed	Y	Y	Y	57	pipeline_score=52; farm_logP=10.64; max_variant=25; recommendation_score=57
QTL12	Chr6-16051537	10.64	*	LOC_Os06g28540	6:16241810-16243445	25	25	*	12.0	0.0	0.0	0.0	*	37.0	RAP_Step2_all_TGW_quality.FarmCPUpeak_info	RAP_Step2_all_TGW_quality	LOC_Os06g28540			retrotransposon protein, putative, unclassified, expressed	Y	Y	Y	42	pipeline_score=37; farm_logP=10.64; max_variant=25; recommendation_score=42
QTL12	Chr6-16051537	10.64	*	LOC_Os06g28550	6:16244348-16247171	20	25	10	12.0	0.0	10.0	10.0	*	57.0	RAP_Step2_all_TGW_quality.FarmCPUpeak_info	RAP_Step2_all_TGW_quality	LOC_Os06g28550			nmrA-like family domain containing protein, expressed	N	Y	Y	62	pipeline_score=57; farm_logP=10.64; max_variant=25; recommendation_score=62
QTL12	Chr6-16051537	10.64	*	LOC_Os06g28560	6:16251104-16252882	25	25	*	12.0	0.0	0.0	0.0	*	37.0	RAP_Step2_all_TGW_quality.FarmCPUpeak_info	RAP_Step2_all_TGW_quality	LOC_Os06g28560			expressed protein	N	Y	Y	42	pipeline_score=37; farm_logP=10.64; max_variant=25; recommendation_score=42
QTL13	Chr6-25288443	5.67	*	LOC_Os06g41840	6:25086975-25090185	5	10	*	4.0	0.0	10.0	5.0	*	29.0	RAP_Step2_all_TGW_quality.FarmCPUpeak_info	RAP_Step2_all_TGW_quality	LOC_Os06g41840			reductase, putative, expressed	N	Y	Y	32	pipeline_score=29; farm_logP=5.67; max_variant=10; recommendation_score=32
QTL13	Chr6-25288443	5.67	*	LOC_Os06g41850	6:25093242-25094294	20	25	*	4.0	5.0	0.0	22.0	*	56.0	RAP_Step2_all_TGW_quality.FarmCPUpeak_info	RAP_Step2_all_TGW_quality	LOC_Os06g41850	OsTGW6|TGW6	IAA; auxin; breeding; development; grain; grain length; grain size; grain weight; iaa; pollen; pollen development; yield	SMP-30/Gluconolaconase/LRE-like region containing protein, expressed	N	Y	Y	68	pipeline_score=56; farm_logP=5.67; max_variant=25; symbol=OsTGW6|TGW6; keyword=IAA; auxin; breeding; development; grain; grain length; grain size; grain weight; iaa; pollen; pollen development; yield; recommendation_score=68
QTL13	Chr6-25288443	5.67	*	LOC_Os06g41860	6:25098250-25099153	5	10	*	4.0	5.0	0.0	20.0	*	39.0	RAP_Step2_all_TGW_quality.FarmCPUpeak_info	RAP_Step2_all_TGW_quality	LOC_Os06g41860			DNA binding protein, putative, expressed	N	Y	Y	42	pipeline_score=39; farm_logP=5.67; max_variant=10; recommendation_score=42
QTL13	Chr6-25288443	5.67	*	LOC_Os06g41870	6:25108484-25108867	5	25	5	4.0	5.0	0.0	0.0	*	34.0	RAP_Step2_all_TGW_quality.FarmCPUpeak_info	RAP_Step2_all_TGW_quality	LOC_Os06g41870			expressed protein	N	Y	Y	39	pipeline_score=34; farm_logP=5.67; max_variant=25; recommendation_score=39
QTL13	Chr6-25288443	5.67	*	LOC_Os06g41880	6:25118149-25126142	25	10	25	4.0	0.0	10.0	18.0	*	57.0	RAP_Step2_all_TGW_quality.FarmCPUpeak_info	RAP_Step2_all_TGW_quality	LOC_Os06g41880			OsSub51 - Putative Subtilisin homologue, expressed	N	Y	Y	62	pipeline_score=57; farm_logP=5.67; max_variant=25; recommendation_score=62
QTL13	Chr6-25288443	5.67	*	Os06g0624200	6:25122311-25127217	25	25	*	4.0	0.0	0.0	15.0	*	44.0	RAP_Step2_all_TGW_quality.FarmCPUpeak_info	RAP_Step2_all_TGW_quality	Os06g0624200							49	pipeline_score=44; farm_logP=5.67; max_variant=25; recommendation_score=49
QTL13	Chr6-25288443	5.67	*	LOC_Os06g41890	6:25131758-25132532	25	25	25	4.0	0.0	0.0	0.0	*	29.0	RAP_Step2_all_TGW_quality.FarmCPUpeak_info	RAP_Step2_all_TGW_quality	LOC_Os06g41890			expressed protein	N	Y	Y	34	pipeline_score=29; farm_logP=5.67; max_variant=25; recommendation_score=34
QTL13	Chr6-25288443	5.67	*	LOC_Os06g41900	6:25133833-25141386	25	25	25	4.0	0.0	0.0	0.0	*	29.0	RAP_Step2_all_TGW_quality.FarmCPUpeak_info	RAP_Step2_all_TGW_quality	LOC_Os06g41900			transposon protein, putative, unclassified, expressed	Y	Y	Y	34	pipeline_score=29; farm_logP=5.67; max_variant=25; recommendation_score=34
QTL13	Chr6-25288443	5.67	*	LOC_Os06g41910	6:25145626-25148023	20	10	20	4.0	0.0	0.0	22.0	*	46.0	RAP_Step2_all_TGW_quality.FarmCPUpeak_info	RAP_Step2_all_TGW_quality	LOC_Os06g41910			expressed protein	N	Y	Y	51	pipeline_score=46; farm_logP=5.67; max_variant=20; recommendation_score=51
QTL13	Chr6-25288443	5.67	*	Os06g0624750	6:25145631-25147655	20	5	*	4.0	0.0	0.0	22.0	*	46.0	RAP_Step2_all_TGW_quality.FarmCPUpeak_info	RAP_Step2_all_TGW_quality	Os06g0624750							51	pipeline_score=46; farm_logP=5.67; max_variant=20; recommendation_score=51
QTL13	Chr6-25288443	5.67	*	LOC_Os06g41920	6:25150781-25151236	25	25	25	4.0	0.0	0.0	0.0	*	29.0	RAP_Step2_all_TGW_quality.FarmCPUpeak_info	RAP_Step2_all_TGW_quality	LOC_Os06g41920			EBNA-1, putative, expressed	N	Y	Y	34	pipeline_score=29; farm_logP=5.67; max_variant=25; recommendation_score=34
QTL13	Chr6-25288443	5.67	*	Os06g0624850	6:25154307-25155583	*	*	*	4.0	0.0	0.0	5.0	*	9.0	RAP_Step2_all_TGW_quality.FarmCPUpeak_info	RAP_Step2_all_TGW_quality	Os06g0624850							9	pipeline_score=9; farm_logP=5.67; recommendation_score=9
QTL13	Chr6-25288443	5.67	*	LOC_Os06g41930	6:25158295-25164627	10	10	0	4.0	0.0	0.0	5.0	*	19.0	RAP_Step2_all_TGW_quality.FarmCPUpeak_info	RAP_Step2_all_TGW_quality	LOC_Os06g41930			zinc-binding protein, putative, expressed	N	Y	Y	22	pipeline_score=19; farm_logP=5.67; max_variant=10; recommendation_score=22
QTL13	Chr6-25288443	5.67	*	Os06g0624950	6:25158967-25163735	*	*	0	4.0	0.0	0.0	15.0	*	19.0	RAP_Step2_all_TGW_quality.FarmCPUpeak_info	RAP_Step2_all_TGW_quality	Os06g0624950							19	pipeline_score=19; farm_logP=5.67; recommendation_score=19
QTL13	Chr6-25288443	5.67	*	LOC_Os06g41940	6:25172041-25172893	20	10	25	4.0	0.0	0.0	10.0	*	39.0	RAP_Step2_all_TGW_quality.FarmCPUpeak_info	RAP_Step2_all_TGW_quality	LOC_Os06g41940			expressed protein	N	Y	Y	44	pipeline_score=39; farm_logP=5.67; max_variant=25; recommendation_score=44
QTL13	Chr6-25288443	5.67	*	LOC_Os06g41950	6:25173495-25177361	20	10	0	4.0	0.0	0.0	0.0	*	24.0	RAP_Step2_all_TGW_quality.FarmCPUpeak_info	RAP_Step2_all_TGW_quality	LOC_Os06g41950			hypothetical protein	N	N	Y	29	pipeline_score=24; farm_logP=5.67; max_variant=20; recommendation_score=29
QTL13	Chr6-25288443	5.67	*	LOC_Os06g41960	6:25183035-25184927	20	5	10	4.0	0.0	0.0	5.0	*	29.0	RAP_Step2_all_TGW_quality.FarmCPUpeak_info	RAP_Step2_all_TGW_quality	LOC_Os06g41960			lysM-domain containing receptor-like kinase, putative, expressed	N	Y	Y	34	pipeline_score=29; farm_logP=5.67; max_variant=20; recommendation_score=34
QTL13	Chr6-25288443	5.67	*	LOC_Os06g41970	6:25187714-25190953	25	25	25	4.0	0.0	0.0	0.0	*	29.0	RAP_Step2_all_TGW_quality.FarmCPUpeak_info	RAP_Step2_all_TGW_quality	LOC_Os06g41970			retrotransposon protein, putative, unclassified, expressed	Y	Y	Y	34	pipeline_score=29; farm_logP=5.67; max_variant=25; recommendation_score=34
QTL13	Chr6-25288443	5.67	*	LOC_Os06g41980	6:25198242-25200245	20	5	0	4.0	0.0	0.0	15.0	*	39.0	RAP_Step2_all_TGW_quality.FarmCPUpeak_info	RAP_Step2_all_TGW_quality	LOC_Os06g41980			LYK8, putative, expressed	N	Y	Y	44	pipeline_score=39; farm_logP=5.67; max_variant=20; recommendation_score=44
QTL13	Chr6-25288443	5.67	*	LOC_Os06g41990	6:25200276-25210534	18	10	0	4.0	0.0	0.0	18.0	*	40.0	RAP_Step2_all_TGW_quality.FarmCPUpeak_info	RAP_Step2_all_TGW_quality	LOC_Os06g41990	SPP	chloroplast; growth; root; root development; seedling	M16 domain containing zinc peptidase, putative, expressed	N	Y	Y	50	pipeline_score=40; farm_logP=5.67; max_variant=18; symbol=SPP; keyword=chloroplast; growth; root; root development; seedling; recommendation_score=50
QTL13	Chr6-25288443	5.67	*	LOC_Os06g42000	6:25214051-25215325	5	10	*	4.0	0.0	10.0	15.0	*	39.0	RAP_Step2_all_TGW_quality.FarmCPUpeak_info	RAP_Step2_all_TGW_quality	LOC_Os06g42000			peroxiredoxin, putative, expressed	N	Y	Y	42	pipeline_score=39; farm_logP=5.67; max_variant=10; recommendation_score=42
QTL13	Chr6-25288443	5.67	*	LOC_Os06g42010	6:25221585-25225478	25	25	25	4.0	0.0	0.0	0.0	*	29.0	RAP_Step2_all_TGW_quality.FarmCPUpeak_info	RAP_Step2_all_TGW_quality	LOC_Os06g42010			transposon protein, putative, unclassified, expressed	Y	Y	Y	34	pipeline_score=29; farm_logP=5.67; max_variant=25; recommendation_score=34
QTL13	Chr6-25288443	5.67	*	LOC_Os06g42020	6:25231214-25235898	20	10	*	4.0	0.0	0.0	18.0	*	42.0	RAP_Step2_all_TGW_quality.FarmCPUpeak_info	RAP_Step2_all_TGW_quality	LOC_Os06g42020			CSLA9 - cellulose synthase-like family A, expressed	N	Y	Y	47	pipeline_score=42; farm_logP=5.67; max_variant=20; recommendation_score=47
QTL13	Chr6-25288443	5.67	*	Os06g0625733	6:25231351-25232789	20	5	0	4.0	0.0	0.0	22.0	*	46.0	RAP_Step2_all_TGW_quality.FarmCPUpeak_info	RAP_Step2_all_TGW_quality	Os06g0625733							51	pipeline_score=46; farm_logP=5.67; max_variant=20; recommendation_score=51
QTL13	Chr6-25288443	5.67	*	Os06g0625766	6:25234471-25235158	*	*	*	4.0	0.0	0.0	18.0	*	22.0	RAP_Step2_all_TGW_quality.FarmCPUpeak_info	RAP_Step2_all_TGW_quality	Os06g0625766							22	pipeline_score=22; farm_logP=5.67; recommendation_score=22
QTL13	Chr6-25288443	5.67	*	LOC_Os06g42030	6:25235281-25242965	20	10	*	4.0	0.0	0.0	10.0	*	34.0	RAP_Step2_all_TGW_quality.FarmCPUpeak_info	RAP_Step2_all_TGW_quality	LOC_Os06g42030	OsHAK10	salt; salt stress; transporter	potassium transporter, putative, expressed	N	Y	Y	46	pipeline_score=34; farm_logP=5.67; max_variant=20; symbol=OsHAK10; keyword=salt; salt stress; transporter; recommendation_score=46
QTL13	Chr6-25288443	5.67	*	LOC_Os06g42040	6:25245897-25246346	25	25	2	4.0	0.0	0.0	18.0	*	47.0	RAP_Step2_all_TGW_quality.FarmCPUpeak_info	RAP_Step2_all_TGW_quality	LOC_Os06g42040			expressed protein	N	Y	Y	52	pipeline_score=47; farm_logP=5.67; max_variant=25; recommendation_score=52
QTL13	Chr6-25288443	5.67	*	LOC_Os06g42050	6:25259473-25261159	25	25	*	4.0	0.0	0.0	22.0	*	51.0	RAP_Step2_all_TGW_quality.FarmCPUpeak_info	RAP_Step2_all_TGW_quality	LOC_Os06g42050			hypothetical protein	N	N	Y	56	pipeline_score=51; farm_logP=5.67; max_variant=25; recommendation_score=56
QTL13	Chr6-25288443	5.67	*	LOC_Os06g42060	6:25268632-25270617	25	25	0	4.0	0.0	0.0	15.0	*	44.0	RAP_Step2_all_TGW_quality.FarmCPUpeak_info	RAP_Step2_all_TGW_quality	LOC_Os06g42060			expressed protein	N	Y	Y	49	pipeline_score=44; farm_logP=5.67; max_variant=25; recommendation_score=49
QTL13	Chr6-25288443	5.67	*	LOC_Os06g42070	6:25271744-25273844	20	10	10	4.0	0.0	0.0	20.0	*	44.0	RAP_Step2_all_TGW_quality.FarmCPUpeak_info	RAP_Step2_all_TGW_quality	LOC_Os06g42070			expressed protein	N	Y	Y	49	pipeline_score=44; farm_logP=5.67; max_variant=20; recommendation_score=49
QTL13	Chr6-25288443	5.67	*	LOC_Os06g42080	6:25278367-25280200	25	25	25	4.0	0.0	0.0	0.0	*	29.0	RAP_Step2_all_TGW_quality.FarmCPUpeak_info	RAP_Step2_all_TGW_quality	LOC_Os06g42080			retrotransposon protein, putative, unclassified, expressed	Y	Y	Y	34	pipeline_score=29; farm_logP=5.67; max_variant=25; recommendation_score=34
QTL13	Chr6-25288443	5.67	*	LOC_Os06g42090	6:25280475-25283982	25	25	10	4.0	0.0	0.0	0.0	*	29.0	RAP_Step2_all_TGW_quality.FarmCPUpeak_info	RAP_Step2_all_TGW_quality	LOC_Os06g42090			transposon protein, putative, CACTA, En/Spm sub-class, expressed	Y	Y	Y	34	pipeline_score=29; farm_logP=5.67; max_variant=25; recommendation_score=34
QTL13	Chr6-25288443	5.67	*	LOC_Os06g42100	6:25289293-25290483	20	*	0	4.0	0.0	0.0	20.0	*	44.0	RAP_Step2_all_TGW_quality.FarmCPUpeak_info	RAP_Step2_all_TGW_quality	LOC_Os06g42100			expressed protein	N	Y	Y	49	pipeline_score=44; farm_logP=5.67; max_variant=20; recommendation_score=49
QTL13	Chr6-25288443	5.67	*	LOC_Os06g42110	6:25291548-25292056	20	*	5	4.0	0.0	0.0	20.0	*	44.0	RAP_Step2_all_TGW_quality.FarmCPUpeak_info	RAP_Step2_all_TGW_quality	LOC_Os06g42110			expressed protein	N	Y	Y	49	pipeline_score=44; farm_logP=5.67; max_variant=20; recommendation_score=49
QTL13	Chr6-25288443	5.67	*	LOC_Os06g42120	6:25292060-25293333	25	5	*	4.0	5.0	10.0	15.0	*	59.0	RAP_Step2_all_TGW_quality.FarmCPUpeak_info	RAP_Step2_all_TGW_quality	LOC_Os06g42120			sulfotransferase domain containing protein, expressed	N	Y	Y	64	pipeline_score=59; farm_logP=5.67; max_variant=25; recommendation_score=64
QTL13	Chr6-25288443	5.67	*	LOC_Os06g42130	6:25295991-25297316	20	10	25	4.0	0.0	10.0	10.0	*	49.0	RAP_Step2_all_TGW_quality.FarmCPUpeak_info	RAP_Step2_all_TGW_quality	LOC_Os06g42130			leucoanthocyanidin dioxygenase, putative, expressed	N	Y	Y	54	pipeline_score=49; farm_logP=5.67; max_variant=25; recommendation_score=54
QTL13	Chr6-25288443	5.67	*	Os06g0626733	6:25296245-25296924	20	*	20	4.0	0.0	0.0	5.0	*	29.0	RAP_Step2_all_TGW_quality.FarmCPUpeak_info	RAP_Step2_all_TGW_quality	Os06g0626733							34	pipeline_score=29; farm_logP=5.67; max_variant=20; recommendation_score=34
QTL13	Chr6-25288443	5.67	*	Os06g0626766	6:25298782-25299517	20	1	*	4.0	0.0	0.0	22.0	*	46.0	RAP_Step2_all_TGW_quality.FarmCPUpeak_info	RAP_Step2_all_TGW_quality	Os06g0626766							51	pipeline_score=46; farm_logP=5.67; max_variant=20; recommendation_score=51
QTL13	Chr6-25288443	5.67	*	LOC_Os06g42140	6:25304126-25304341	20	25	15	4.0	0.0	0.0	22.0	*	51.0	RAP_Step2_all_TGW_quality.FarmCPUpeak_info	RAP_Step2_all_TGW_quality	LOC_Os06g42140			bZIP transcription factor, putative, expressed	N	Y	Y	56	pipeline_score=51; farm_logP=5.67; max_variant=25; recommendation_score=56
QTL13	Chr6-25288443	5.67	*	LOC_Os06g42150	6:25305345-25305638	25	25	25	4.0	0.0	0.0	22.0	*	51.0	RAP_Step2_all_TGW_quality.FarmCPUpeak_info	RAP_Step2_all_TGW_quality	LOC_Os06g42150			expressed protein	N	Y	Y	56	pipeline_score=51; farm_logP=5.67; max_variant=25; recommendation_score=56
QTL13	Chr6-25288443	5.67	*	LOC_Os06g42160	6:25311352-25312311	25	10	*	4.0	0.0	0.0	0.0	*	29.0	RAP_Step2_all_TGW_quality.FarmCPUpeak_info	RAP_Step2_all_TGW_quality	LOC_Os06g42160			retrotransposon protein, putative, Ty3-gypsy subclass	Y	N	Y	34	pipeline_score=29; farm_logP=5.67; max_variant=25; recommendation_score=34
QTL13	Chr6-25288443	5.67	*	Os06g0627001	6:25315268-25316313	25	10	*	4.0	0.0	0.0	10.0	*	39.0	RAP_Step2_all_TGW_quality.FarmCPUpeak_info	RAP_Step2_all_TGW_quality	Os06g0627001							44	pipeline_score=39; farm_logP=5.67; max_variant=25; recommendation_score=44
QTL13	Chr6-25288443	5.67	*	LOC_Os06g42164	6:25315703-25316474	25	10	*	4.0	0.0	0.0	10.0	*	39.0	RAP_Step2_all_TGW_quality.FarmCPUpeak_info	RAP_Step2_all_TGW_quality	LOC_Os06g42164			expressed protein	N	Y	Y	44	pipeline_score=39; farm_logP=5.67; max_variant=25; recommendation_score=44
QTL13	Chr6-25288443	5.67	*	LOC_Os06g42170	6:25317609-25318075	20	10	*	4.0	0.0	0.0	15.0	*	39.0	RAP_Step2_all_TGW_quality.FarmCPUpeak_info	RAP_Step2_all_TGW_quality	LOC_Os06g42170			retrotransposon protein, putative, unclassified	Y	N	Y	44	pipeline_score=39; farm_logP=5.67; max_variant=20; recommendation_score=44
QTL13	Chr6-25288443	5.67	*	LOC_Os06g42180	6:25322420-25324328	25	5	20	4.0	0.0	0.0	5.0	*	34.0	RAP_Step2_all_TGW_quality.FarmCPUpeak_info	RAP_Step2_all_TGW_quality	LOC_Os06g42180			expressed protein	N	Y	Y	39	pipeline_score=34; farm_logP=5.67; max_variant=25; recommendation_score=39
QTL13	Chr6-25288443	5.67	*	LOC_Os06g42190	6:25328162-25334316	20	25	25	4.0	0.0	0.0	0.0	*	29.0	RAP_Step2_all_TGW_quality.FarmCPUpeak_info	RAP_Step2_all_TGW_quality	LOC_Os06g42190			retrotransposon protein, putative, unclassified, expressed	Y	Y	Y	34	pipeline_score=29; farm_logP=5.67; max_variant=25; recommendation_score=34
QTL13	Chr6-25288443	5.67	*	LOC_Os06g42200	6:25334944-25338199	20	25	25	4.0	0.0	0.0	5.0	*	34.0	RAP_Step2_all_TGW_quality.FarmCPUpeak_info	RAP_Step2_all_TGW_quality	LOC_Os06g42200			retrotransposon protein, putative, unclassified, expressed	Y	Y	Y	39	pipeline_score=34; farm_logP=5.67; max_variant=25; recommendation_score=39
QTL13	Chr6-25288443	5.67	*	LOC_Os06g42205	6:25343337-25343969	20	25	10	4.0	0.0	0.0	18.0	*	47.0	RAP_Step2_all_TGW_quality.FarmCPUpeak_info	RAP_Step2_all_TGW_quality	LOC_Os06g42205			expressed protein	N	Y	Y	52	pipeline_score=47; farm_logP=5.67; max_variant=25; recommendation_score=52
QTL13	Chr6-25288443	5.67	*	LOC_Os06g42210	6:25345433-25346334	25	25	5	4.0	0.0	0.0	18.0	*	47.0	RAP_Step2_all_TGW_quality.FarmCPUpeak_info	RAP_Step2_all_TGW_quality	LOC_Os06g42210			expressed protein	N	Y	Y	52	pipeline_score=47; farm_logP=5.67; max_variant=25; recommendation_score=52
QTL13	Chr6-25288443	5.67	*	LOC_Os06g42220	6:25347173-25348647	18	10	*	4.0	0.0	0.0	22.0	*	44.0	RAP_Step2_all_TGW_quality.FarmCPUpeak_info	RAP_Step2_all_TGW_quality	LOC_Os06g42220			TOO MANY MOUTHS precursor, putative, expressed	N	Y	Y	47	pipeline_score=44; farm_logP=5.67; max_variant=18; recommendation_score=47
QTL13	Chr6-25288443	5.67	*	LOC_Os06g42230	6:25357468-25359927	25	5	*	4.0	0.0	0.0	0.0	*	29.0	RAP_Step2_all_TGW_quality.FarmCPUpeak_info	RAP_Step2_all_TGW_quality	LOC_Os06g42230			transposon protein, putative, unclassified, expressed	Y	Y	Y	34	pipeline_score=29; farm_logP=5.67; max_variant=25; recommendation_score=34
QTL13	Chr6-25288443	5.67	*	LOC_Os06g42240	6:25360856-25363115	25	25	25	4.0	0.0	0.0	0.0	*	29.0	RAP_Step2_all_TGW_quality.FarmCPUpeak_info	RAP_Step2_all_TGW_quality	LOC_Os06g42240			transposon protein, putative, unclassified, expressed	Y	Y	Y	34	pipeline_score=29; farm_logP=5.67; max_variant=25; recommendation_score=34
QTL13	Chr6-25288443	5.67	*	LOC_Os06g42250	6:25371886-25377620	25	25	25	4.0	0.0	0.0	0.0	*	29.0	RAP_Step2_all_TGW_quality.FarmCPUpeak_info	RAP_Step2_all_TGW_quality	LOC_Os06g42250			retrotransposon protein, putative, Ty3-gypsy subclass, expressed	Y	Y	Y	34	pipeline_score=29; farm_logP=5.67; max_variant=25; recommendation_score=34
QTL13	Chr6-25288443	5.67	*	LOC_Os06g42260	6:25380057-25383434	25	25	25	4.0	0.0	0.0	0.0	*	29.0	RAP_Step2_all_TGW_quality.FarmCPUpeak_info	RAP_Step2_all_TGW_quality	LOC_Os06g42260			retrotransposon protein, putative, Ty3-gypsy subclass, expressed	Y	Y	Y	34	pipeline_score=29; farm_logP=5.67; max_variant=25; recommendation_score=34
QTL13	Chr6-25288443	5.67	*	LOC_Os06g42270	6:25386653-25389517	20	*	*	4.0	0.0	0.0	0.0	*	24.0	RAP_Step2_all_TGW_quality.FarmCPUpeak_info	RAP_Step2_all_TGW_quality	LOC_Os06g42270			expressed protein	N	Y	Y	29	pipeline_score=24; farm_logP=5.67; max_variant=20; recommendation_score=29
QTL13	Chr6-25288443	5.67	*	LOC_Os06g42280	6:25390032-25396157	25	25	25	4.0	0.0	0.0	22.0	*	51.0	RAP_Step2_all_TGW_quality.FarmCPUpeak_info	RAP_Step2_all_TGW_quality	LOC_Os06g42280			transposon protein, putative, CACTA, En/Spm sub-class, expressed	Y	Y	Y	56	pipeline_score=51; farm_logP=5.67; max_variant=25; recommendation_score=56
QTL13	Chr6-25288443	5.67	*	LOC_Os06g42290	6:25397659-25399866	20	25	25	4.0	0.0	0.0	0.0	*	29.0	RAP_Step2_all_TGW_quality.FarmCPUpeak_info	RAP_Step2_all_TGW_quality	LOC_Os06g42290			transposon protein, putative, CACTA, En/Spm sub-class, expressed	Y	Y	Y	34	pipeline_score=29; farm_logP=5.67; max_variant=25; recommendation_score=34
QTL13	Chr6-25288443	5.67	*	LOC_Os06g42300	6:25404760-25409022	25	25	25	4.0	0.0	0.0	0.0	*	29.0	RAP_Step2_all_TGW_quality.FarmCPUpeak_info	RAP_Step2_all_TGW_quality	LOC_Os06g42300			retrotransposon protein, putative, Ty1-copia subclass, expressed	Y	Y	Y	34	pipeline_score=29; farm_logP=5.67; max_variant=25; recommendation_score=34
QTL13	Chr6-25288443	5.67	*	LOC_Os06g42310	6:25410601-25418246	20	5	0	4.0	0.0	0.0	0.0	*	24.0	RAP_Step2_all_TGW_quality.FarmCPUpeak_info	RAP_Step2_all_TGW_quality	LOC_Os06g42310			beta-galactosidase precursor, putative, expressed	N	Y	Y	29	pipeline_score=24; farm_logP=5.67; max_variant=20; recommendation_score=29
QTL13	Chr6-25288443	5.67	*	LOC_Os06g42320	6:25419131-25419361	20	5	*	4.0	0.0	0.0	0.0	*	24.0	RAP_Step2_all_TGW_quality.FarmCPUpeak_info	RAP_Step2_all_TGW_quality	LOC_Os06g42320			expressed protein	N	Y	Y	29	pipeline_score=24; farm_logP=5.67; max_variant=20; recommendation_score=29
QTL13	Chr6-25288443	5.67	*	LOC_Os06g42330	6:25422737-25423186	20	5	0	4.0	0.0	0.0	0.0	*	24.0	RAP_Step2_all_TGW_quality.FarmCPUpeak_info	RAP_Step2_all_TGW_quality	LOC_Os06g42330			expressed protein	N	Y	Y	29	pipeline_score=24; farm_logP=5.67; max_variant=20; recommendation_score=29
QTL13	Chr6-25288443	5.67	*	LOC_Os06g42340	6:25438100-25438701	25	5	*	4.0	0.0	0.0	0.0	*	29.0	RAP_Step2_all_TGW_quality.FarmCPUpeak_info	RAP_Step2_all_TGW_quality	LOC_Os06g42340			hypothetical protein	N	N	Y	34	pipeline_score=29; farm_logP=5.67; max_variant=25; recommendation_score=34
QTL13	Chr6-25288443	5.67	*	Os06g0629362	6:25441098-25447046	25	25	15	4.0	0.0	0.0	0.0	*	29.0	RAP_Step2_all_TGW_quality.FarmCPUpeak_info	RAP_Step2_all_TGW_quality	Os06g0629362							34	pipeline_score=29; farm_logP=5.67; max_variant=25; recommendation_score=34
QTL13	Chr6-25288443	5.67	*	LOC_Os06g42350	6:25449907-25453884	25	25	25	4.0	0.0	0.0	0.0	*	29.0	RAP_Step2_all_TGW_quality.FarmCPUpeak_info	RAP_Step2_all_TGW_quality	LOC_Os06g42350			transposon protein, putative, CACTA, En/Spm sub-class, expressed	Y	Y	Y	34	pipeline_score=29; farm_logP=5.67; max_variant=25; recommendation_score=34
QTL13	Chr6-25288443	5.67	*	LOC_Os06g42360	6:25458240-25458689	25	5	5	4.0	0.0	0.0	0.0	*	29.0	RAP_Step2_all_TGW_quality.FarmCPUpeak_info	RAP_Step2_all_TGW_quality	LOC_Os06g42360			retrotransposon protein, putative, unclassified, expressed	Y	Y	Y	34	pipeline_score=29; farm_logP=5.67; max_variant=25; recommendation_score=34
QTL13	Chr6-25288443	5.67	*	LOC_Os06g42370	6:25458983-25468466	25	25	1	4.0	0.0	0.0	0.0	*	29.0	RAP_Step2_all_TGW_quality.FarmCPUpeak_info	RAP_Step2_all_TGW_quality	LOC_Os06g42370			retrotransposon protein, putative, unclassified, expressed	Y	Y	Y	34	pipeline_score=29; farm_logP=5.67; max_variant=25; recommendation_score=34
QTL13	Chr6-25288443	5.67	*	LOC_Os06g42380	6:25471430-25476080	25	25	*	4.0	0.0	0.0	0.0	*	29.0	RAP_Step2_all_TGW_quality.FarmCPUpeak_info	RAP_Step2_all_TGW_quality	LOC_Os06g42380			retrotransposon protein, putative, unclassified, expressed	Y	Y	Y	34	pipeline_score=29; farm_logP=5.67; max_variant=25; recommendation_score=34
QTL13	Chr6-25288443	5.67	*	LOC_Os06g42390	6:25478609-25479510	25	5	25	4.0	0.0	0.0	0.0	*	29.0	RAP_Step2_all_TGW_quality.FarmCPUpeak_info	RAP_Step2_all_TGW_quality	LOC_Os06g42390			expressed protein	N	Y	Y	34	pipeline_score=29; farm_logP=5.67; max_variant=25; recommendation_score=34
QTL13	Chr6-25288443	5.67	*	LOC_Os06g42400	6:25481283-25487264	25	25	25	4.0	0.0	0.0	5.0	*	34.0	RAP_Step2_all_TGW_quality.FarmCPUpeak_info	RAP_Step2_all_TGW_quality	LOC_Os06g42400			transposon protein, putative, unclassified, expressed	Y	Y	Y	39	pipeline_score=34; farm_logP=5.67; max_variant=25; recommendation_score=39
QTL14	Chr7-2786938	8.38	*	LOC_Os07g05540	7:2583099-2591217	25	25	25	8.0	0.0	0.0	0.0	*	33.0	RAP_Step2_all_TGW_quality.FarmCPUpeak_info	RAP_Step2_all_TGW_quality	LOC_Os07g05540			retrotransposon protein, putative, unclassified, expressed	Y	Y	Y	38	pipeline_score=33; farm_logP=8.38; max_variant=25; recommendation_score=38
QTL14	Chr7-2786938	8.38	*	LOC_Os07g05550	7:2595719-2599060	20	25	0	8.0	0.0	0.0	20.0	*	53.0	RAP_Step2_all_TGW_quality.FarmCPUpeak_info	RAP_Step2_all_TGW_quality	LOC_Os07g05550			expressed protein	N	Y	Y	58	pipeline_score=53; farm_logP=8.38; max_variant=25; recommendation_score=58
QTL14	Chr7-2786938	8.38	*	LOC_Os07g05560	7:2599062-2600840	20	5	*	8.0	0.0	0.0	15.0	*	43.0	RAP_Step2_all_TGW_quality.FarmCPUpeak_info	RAP_Step2_all_TGW_quality	LOC_Os07g05560			expressed protein	N	Y	Y	48	pipeline_score=43; farm_logP=8.38; max_variant=20; recommendation_score=48
QTL14	Chr7-2786938	8.38	*	LOC_Os07g05570	7:2601187-2606225	5	10	10	8.0	0.0	10.0	10.0	*	38.0	RAP_Step2_all_TGW_quality.FarmCPUpeak_info	RAP_Step2_all_TGW_quality	LOC_Os07g05570			ERD4 protein, putative, expressed	N	Y	Y	41	pipeline_score=38; farm_logP=8.38; max_variant=10; recommendation_score=41
QTL14	Chr7-2786938	8.38	*	LOC_Os07g05580	7:2614127-2616106	20	10	20	8.0	0.0	10.0	18.0	*	56.0	RAP_Step2_all_TGW_quality.FarmCPUpeak_info	RAP_Step2_all_TGW_quality	LOC_Os07g05580			ribosomal protein L7Ae, putative, expressed	N	Y	Y	61	pipeline_score=56; farm_logP=8.38; max_variant=20; recommendation_score=61
QTL14	Chr7-2786938	8.38	*	LOC_Os07g05590	7:2623290-2624989	25	5	0	8.0	0.0	0.0	0.0	*	33.0	RAP_Step2_all_TGW_quality.FarmCPUpeak_info	RAP_Step2_all_TGW_quality	LOC_Os07g05590			expressed protein	N	Y	Y	38	pipeline_score=33; farm_logP=8.38; max_variant=25; recommendation_score=38
QTL14	Chr7-2786938	8.38	*	LOC_Os07g05600	7:2628353-2633086	25	25	25	8.0	0.0	0.0	5.0	*	38.0	RAP_Step2_all_TGW_quality.FarmCPUpeak_info	RAP_Step2_all_TGW_quality	LOC_Os07g05600			retrotransposon protein, putative, unclassified, expressed	Y	Y	Y	43	pipeline_score=38; farm_logP=8.38; max_variant=25; recommendation_score=43
QTL14	Chr7-2786938	8.38	*	LOC_Os07g05610	7:2634331-2640490	20	10	*	8.0	0.0	0.0	15.0	*	43.0	RAP_Step2_all_TGW_quality.FarmCPUpeak_info	RAP_Step2_all_TGW_quality	LOC_Os07g05610			zinc ion binding protein, putative, expressed	N	Y	Y	48	pipeline_score=43; farm_logP=8.38; max_variant=20; recommendation_score=48
QTL14	Chr7-2786938	8.38	*	Os07g0150600	7:2635874-2640419	5	*	*	8.0	0.0	0.0	18.0	*	31.0	RAP_Step2_all_TGW_quality.FarmCPUpeak_info	RAP_Step2_all_TGW_quality	Os07g0150600							31	pipeline_score=31; farm_logP=8.38; max_variant=5; recommendation_score=31
QTL14	Chr7-2786938	8.38	*	LOC_Os07g05620	7:2643540-2647873	5	25	0	8.0	0.0	0.0	5.0	*	38.0	RAP_Step2_all_TGW_quality.FarmCPUpeak_info	RAP_Step2_all_TGW_quality	LOC_Os07g05620	OsCIPK23	drought; drought tolerance; nitrogen; potassium; potassium uptake; protein kinase; root; seed; transcription factor; transporter	CAMK_KIN1/SNF1/Nim1_like.28 - CAMK includes calcium/calmodulin depedent protein kinases, expressed	N	Y	Y	50	pipeline_score=38; farm_logP=8.38; max_variant=25; symbol=OsCIPK23; keyword=drought; drought tolerance; nitrogen; potassium; potassium uptake; protein kinase; root; seed; transcription factor; transporter; recommendation_score=50
QTL14	Chr7-2786938	8.38	*	Os07g0150901	7:2663551-2664031	5	10	*	8.0	0.0	0.0	10.0	*	28.0	RAP_Step2_all_TGW_quality.FarmCPUpeak_info	RAP_Step2_all_TGW_quality	Os07g0150901							31	pipeline_score=28; farm_logP=8.38; max_variant=10; recommendation_score=31
QTL14	Chr7-2786938	8.38	*	LOC_Os07g05630	7:2678498-2679214	20	10	*	8.0	5.0	0.0	22.0	*	55.0	RAP_Step2_all_TGW_quality.FarmCPUpeak_info	RAP_Step2_all_TGW_quality	LOC_Os07g05630	MIL1|OsGRX19	anther; cell cycle; fertility; meiosis; meiotic; microspore; pollen; transcription factor	OsGrx_C10 - glutaredoxin subgroup III, expressed	N	Y	Y	67	pipeline_score=55; farm_logP=8.38; max_variant=20; symbol=MIL1|OsGRX19; keyword=anther; cell cycle; fertility; meiosis; meiotic; microspore; pollen; transcription factor; recommendation_score=67
QTL14	Chr7-2786938	8.38	*	LOC_Os07g05640	7:2686437-2689917	25	10	25	8.0	5.0	17.0	10.0	*	65.0	RAP_Step2_all_TGW_quality.FarmCPUpeak_info	RAP_Step2_all_TGW_quality	LOC_Os07g05640			transporter family protein, putative, expressed	N	Y	Y	70	pipeline_score=65; farm_logP=8.38; max_variant=25; recommendation_score=70
QTL14	Chr7-2786938	8.38	*	Os07g0151250	7:2688701-2689497	5	10	10	8.0	0.0	0.0	18.0	*	36.0	RAP_Step2_all_TGW_quality.FarmCPUpeak_info	RAP_Step2_all_TGW_quality	Os07g0151250							39	pipeline_score=36; farm_logP=8.38; max_variant=10; recommendation_score=39
QTL14	Chr7-2786938	8.38	*	LOC_Os07g05650	7:2690658-2693089	18	10	20	8.0	5.0	10.0	18.0	*	61.0	RAP_Step2_all_TGW_quality.FarmCPUpeak_info	RAP_Step2_all_TGW_quality	LOC_Os07g05650			MAGE-8 antigen-related, putative, expressed	N	Y	Y	66	pipeline_score=61; farm_logP=8.38; max_variant=20; recommendation_score=66
QTL14	Chr7-2786938	8.38	*	LOC_Os07g05660	7:2695010-2697711	20	5	5	8.0	5.0	0.0	0.0	*	33.0	RAP_Step2_all_TGW_quality.FarmCPUpeak_info	RAP_Step2_all_TGW_quality	LOC_Os07g05660			expressed protein	N	Y	Y	38	pipeline_score=33; farm_logP=8.38; max_variant=20; recommendation_score=38
QTL14	Chr7-2786938	8.38	*	LOC_Os07g05670	7:2707756-2709463	5	5	25	8.0	5.0	0.0	22.0	*	60.0	RAP_Step2_all_TGW_quality.FarmCPUpeak_info	RAP_Step2_all_TGW_quality	LOC_Os07g05670			expressed protein	N	Y	Y	65	pipeline_score=60; farm_logP=8.38; max_variant=25; recommendation_score=65
QTL14	Chr7-2786938	8.38	*	LOC_Os07g05680	7:2711260-2712984	5	25	10	8.0	5.0	0.0	20.0	*	58.0	RAP_Step2_all_TGW_quality.FarmCPUpeak_info	RAP_Step2_all_TGW_quality	LOC_Os07g05680			expressed protein	N	Y	Y	63	pipeline_score=58; farm_logP=8.38; max_variant=25; recommendation_score=63
QTL14	Chr7-2786938	8.38	*	Os07g0151650	7:2715649-2717667	25	25	10	8.0	0.0	0.0	22.0	*	55.0	RAP_Step2_all_TGW_quality.FarmCPUpeak_info	RAP_Step2_all_TGW_quality	Os07g0151650							60	pipeline_score=55; farm_logP=8.38; max_variant=25; recommendation_score=60
QTL14	Chr7-2786938	8.38	*	LOC_Os07g05690	7:2717201-2719868	5	10	20	8.0	5.0	0.0	22.0	*	55.0	RAP_Step2_all_TGW_quality.FarmCPUpeak_info	RAP_Step2_all_TGW_quality	LOC_Os07g05690			expressed protein	N	Y	Y	60	pipeline_score=55; farm_logP=8.38; max_variant=20; recommendation_score=60
QTL14	Chr7-2786938	8.38	*	LOC_Os07g05700	7:2722024-2723459	5	5	5	8.0	5.0	0.0	18.0	*	36.0	RAP_Step2_all_TGW_quality.FarmCPUpeak_info	RAP_Step2_all_TGW_quality	LOC_Os07g05700			expressed protein	N	Y	Y	36	pipeline_score=36; farm_logP=8.38; max_variant=5; recommendation_score=36
QTL14	Chr7-2786938	8.38	*	LOC_Os07g05710	7:2728247-2730061	5	10	*	8.0	5.0	0.0	20.0	*	43.0	RAP_Step2_all_TGW_quality.FarmCPUpeak_info	RAP_Step2_all_TGW_quality	LOC_Os07g05710			expressed protein	N	Y	Y	46	pipeline_score=43; farm_logP=8.38; max_variant=10; recommendation_score=46
QTL14	Chr7-2786938	8.38	*	LOC_Os07g05720	7:2751213-2756700	5	5	*	8.0	0.0	0.0	20.0	*	33.0	RAP_Step2_all_TGW_quality.FarmCPUpeak_info	RAP_Step2_all_TGW_quality	LOC_Os07g05720	OsTCP21	blast; blast disease; defense; defense response; development; disease; grain; grain yield; tiller; tiller number; tillering; transcription factor; yield	TCP family transcription factor, putative, expressed	N	Y	Y	40	pipeline_score=33; farm_logP=8.38; max_variant=5; symbol=OsTCP21; keyword=blast; blast disease; defense; defense response; development; disease; grain; grain yield; tiller; tiller number; tillering; transcription factor; yield; recommendation_score=40
QTL14	Chr7-2786938	8.38	*	Os07g0152101	7:2757219-2761900	20	*	*	8.0	0.0	0.0	20.0	*	48.0	RAP_Step2_all_TGW_quality.FarmCPUpeak_info	RAP_Step2_all_TGW_quality	Os07g0152101							53	pipeline_score=48; farm_logP=8.38; max_variant=20; recommendation_score=53
QTL14	Chr7-2786938	8.38	*	LOC_Os07g05740	7:2757219-2761925	20	5	5	8.0	0.0	0.0	18.0	*	46.0	RAP_Step2_all_TGW_quality.FarmCPUpeak_info	RAP_Step2_all_TGW_quality	LOC_Os07g05740			receptor-like protein kinase 2 precursor, putative, expressed	N	Y	Y	51	pipeline_score=46; farm_logP=8.38; max_variant=20; recommendation_score=51
QTL14	Chr7-2786938	8.38	*	LOC_Os07g05750	7:2765292-2770654	20	25	*	8.0	5.0	0.0	0.0	*	38.0	RAP_Step2_all_TGW_quality.FarmCPUpeak_info	RAP_Step2_all_TGW_quality	LOC_Os07g05750			retrotransposon protein, putative, Ty3-gypsy subclass, expressed	Y	Y	Y	43	pipeline_score=38; farm_logP=8.38; max_variant=25; recommendation_score=43
QTL14	Chr7-2786938	8.38	*	LOC_Os07g05760	7:2772085-2773059	5	*	*	8.0	0.0	0.0	0.0	*	13.0	RAP_Step2_all_TGW_quality.FarmCPUpeak_info	RAP_Step2_all_TGW_quality	LOC_Os07g05760			expressed protein	N	Y	Y	13	pipeline_score=13; farm_logP=8.38; max_variant=5; recommendation_score=13
QTL14	Chr7-2786938	8.38	*	LOC_Os07g05770	7:2773801-2781212	25	25	25	8.0	0.0	0.0	0.0	*	33.0	RAP_Step2_all_TGW_quality.FarmCPUpeak_info	RAP_Step2_all_TGW_quality	LOC_Os07g05770			transposon protein, putative, unclassified, expressed	Y	Y	Y	38	pipeline_score=33; farm_logP=8.38; max_variant=25; recommendation_score=38
QTL14	Chr7-2786938	8.38	*	LOC_Os07g05780	7:2783267-2785507	25	25	0	8.0	0.0	0.0	5.0	*	38.0	RAP_Step2_all_TGW_quality.FarmCPUpeak_info	RAP_Step2_all_TGW_quality	LOC_Os07g05780			conserved hypothetical protein	Y	N	Y	43	pipeline_score=38; farm_logP=8.38; max_variant=25; recommendation_score=43
QTL14	Chr7-2786938	8.38	*	LOC_Os07g05790	7:2786582-2788423	25	25	*	8.0	0.0	0.0	0.0	*	33.0	RAP_Step2_all_TGW_quality.FarmCPUpeak_info	RAP_Step2_all_TGW_quality	LOC_Os07g05790			retrotransposon protein, putative, unclassified, expressed	Y	Y	Y	38	pipeline_score=33; farm_logP=8.38; max_variant=25; recommendation_score=38
QTL14	Chr7-2786938	8.38	*	LOC_Os07g05800	7:2791450-2792557	20	5	0	8.0	0.0	10.0	5.0	*	43.0	RAP_Step2_all_TGW_quality.FarmCPUpeak_info	RAP_Step2_all_TGW_quality	LOC_Os07g05800			glutathione S-transferase, N-terminal domain containing protein, expressed	N	Y	Y	48	pipeline_score=43; farm_logP=8.38; max_variant=20; recommendation_score=48
QTL14	Chr7-2786938	8.38	*	LOC_Os07g05810	7:2794108-2797362	5	10	5	8.0	0.0	0.0	10.0	*	28.0	RAP_Step2_all_TGW_quality.FarmCPUpeak_info	RAP_Step2_all_TGW_quality	LOC_Os07g05810			glycine-rich protein, putative, expressed	N	Y	Y	31	pipeline_score=28; farm_logP=8.38; max_variant=10; recommendation_score=31
QTL14	Chr7-2786938	8.38	*	LOC_Os07g05820	7:2797691-2801364	*	*	*	8.0	0.0	0.0	5.0	*	13.0	RAP_Step2_all_TGW_quality.FarmCPUpeak_info	RAP_Step2_all_TGW_quality	LOC_Os07g05820	GLO3	root	hydroxyacid oxidase 1, putative, expressed	N	Y	Y	20	pipeline_score=13; farm_logP=8.38; symbol=GLO3; keyword=root; recommendation_score=20
QTL14	Chr7-2786938	8.38	*	Os07g0152950	7:2799025-2801038	*	5	*	8.0	0.0	0.0	10.0	*	23.0	RAP_Step2_all_TGW_quality.FarmCPUpeak_info	RAP_Step2_all_TGW_quality	Os07g0152950							23	pipeline_score=23; farm_logP=8.38; max_variant=5; recommendation_score=23
QTL14	Chr7-2786938	8.38	*	LOC_Os07g05830	7:2801928-2804209	5	5	*	8.0	5.0	0.0	5.0	*	23.0	RAP_Step2_all_TGW_quality.FarmCPUpeak_info	RAP_Step2_all_TGW_quality	LOC_Os07g05830			zinc-finger protein, putative, expressed	N	Y	Y	23	pipeline_score=23; farm_logP=8.38; max_variant=5; recommendation_score=23
QTL14	Chr7-2786938	8.38	*	LOC_Os07g05840	7:2806940-2809829	25	25	*	8.0	0.0	0.0	20.0	*	53.0	RAP_Step2_all_TGW_quality.FarmCPUpeak_info	RAP_Step2_all_TGW_quality	LOC_Os07g05840			expressed protein	N	Y	Y	58	pipeline_score=53; farm_logP=8.38; max_variant=25; recommendation_score=58
QTL14	Chr7-2786938	8.38	*	LOC_Os07g05850	7:2810205-2813892	10	25	*	8.0	0.0	0.0	22.0	*	55.0	RAP_Step2_all_TGW_quality.FarmCPUpeak_info	RAP_Step2_all_TGW_quality	LOC_Os07g05850			transposon protein, putative, CACTA, En/Spm sub-class, expressed	Y	Y	Y	60	pipeline_score=55; farm_logP=8.38; max_variant=25; recommendation_score=60
QTL14	Chr7-2786938	8.38	*	LOC_Os07g05870	7:2819026-2822945	5	10	10	8.0	0.0	0.0	15.0	*	33.0	RAP_Step2_all_TGW_quality.FarmCPUpeak_info	RAP_Step2_all_TGW_quality	LOC_Os07g05870			expressed protein	N	Y	Y	36	pipeline_score=33; farm_logP=8.38; max_variant=10; recommendation_score=36
QTL14	Chr7-2786938	8.38	*	LOC_Os07g05880	7:2824321-2826637	5	25	*	8.0	0.0	0.0	10.0	*	43.0	RAP_Step2_all_TGW_quality.FarmCPUpeak_info	RAP_Step2_all_TGW_quality	LOC_Os07g05880			OsFBK18 - F-box domain and kelch repeat containing protein, expressed	N	Y	Y	48	pipeline_score=43; farm_logP=8.38; max_variant=25; recommendation_score=48
QTL14	Chr7-2786938	8.38	*	LOC_Os07g05890	7:2829667-2830017	25	5	*	8.0	5.0	0.0	0.0	*	38.0	RAP_Step2_all_TGW_quality.FarmCPUpeak_info	RAP_Step2_all_TGW_quality	LOC_Os07g05890			expressed protein	N	Y	Y	43	pipeline_score=38; farm_logP=8.38; max_variant=25; recommendation_score=43
QTL14	Chr7-2786938	8.38	*	LOC_Os07g05900	7:2839476-2839979	5	5	*	8.0	5.0	10.0	0.0	*	28.0	RAP_Step2_all_TGW_quality.FarmCPUpeak_info	RAP_Step2_all_TGW_quality	LOC_Os07g05900	prog1	architecture; axillary meristem; domestication; erect; grain; grain number; grain yield; growth; meristem; plant architecture; prostrate; tiller; tiller angle; yield	ZOS7-02 - C2H2 zinc finger protein, expressed	N	Y	Y	35	pipeline_score=28; farm_logP=8.38; max_variant=5; symbol=prog1; keyword=architecture; axillary meristem; domestication; erect; grain; grain number; grain yield; growth; meristem; plant architecture; prostrate; tiller; tiller angle; yield; recommendation_score=35
QTL14	Chr7-2786938	8.38	*	LOC_Os07g05910	7:2848447-2848931	5	25	5	8.0	5.0	0.0	0.0	*	38.0	RAP_Step2_all_TGW_quality.FarmCPUpeak_info	RAP_Step2_all_TGW_quality	LOC_Os07g05910			expressed protein	N	Y	Y	43	pipeline_score=38; farm_logP=8.38; max_variant=25; recommendation_score=43
QTL14	Chr7-2786938	8.38	*	LOC_Os07g05920	7:2856179-2856722	5	5	*	8.0	0.0	0.0	0.0	*	13.0	RAP_Step2_all_TGW_quality.FarmCPUpeak_info	RAP_Step2_all_TGW_quality	LOC_Os07g05920			retrotransposon protein, putative, unclassified	Y	N	Y	13	pipeline_score=13; farm_logP=8.38; max_variant=5; recommendation_score=13
QTL14	Chr7-2786938	8.38	*	LOC_Os07g05930	7:2858835-2859154	5	*	*	8.0	5.0	0.0	0.0	*	18.0	RAP_Step2_all_TGW_quality.FarmCPUpeak_info	RAP_Step2_all_TGW_quality	LOC_Os07g05930			expressed protein	Y	Y	Y	18	pipeline_score=18; farm_logP=8.38; max_variant=5; recommendation_score=18
QTL14	Chr7-2786938	8.38	*	LOC_Os07g05940	7:2870686-2872832	20	5	*	8.0	5.0	17.0	5.0	*	55.0	RAP_Step2_all_TGW_quality.FarmCPUpeak_info	RAP_Step2_all_TGW_quality	LOC_Os07g05940	OsNCED4	ABA ; ABA; ABA biosynthesis; abscisic acid; drought; ethylene; leaf; leaf shape; salt; salt stress; seed; seed germination; stress; sugar; tolerance	9-cis-epoxycarotenoid dioxygenase 1, chloroplast precursor, putative, expressed	N	Y	Y	67	pipeline_score=55; farm_logP=8.38; max_variant=20; symbol=OsNCED4; keyword=ABA ; ABA; ABA biosynthesis; abscisic acid; drought; ethylene; leaf; leaf shape; salt; salt stress; seed; seed germination; stress; sugar; tolerance; recommendation_score=67
QTL14	Chr7-2786938	8.38	*	Os07g0154201	7:2871056-2872541	20	*	*	8.0	0.0	0.0	5.0	*	33.0	RAP_Step2_all_TGW_quality.FarmCPUpeak_info	RAP_Step2_all_TGW_quality	Os07g0154201							38	pipeline_score=33; farm_logP=8.38; max_variant=20; recommendation_score=38
QTL14	Chr7-2786938	8.38	*	LOC_Os07g05950	7:2882247-2882918	*	10	0	8.0	0.0	0.0	18.0	*	36.0	RAP_Step2_all_TGW_quality.FarmCPUpeak_info	RAP_Step2_all_TGW_quality	LOC_Os07g05950			expressed protein	N	Y	Y	39	pipeline_score=36; farm_logP=8.38; max_variant=10; recommendation_score=39
QTL14	Chr7-2786938	8.38	*	LOC_Os07g05960	7:2883039-2892647	20	5	*	8.0	0.0	0.0	18.0	*	46.0	RAP_Step2_all_TGW_quality.FarmCPUpeak_info	RAP_Step2_all_TGW_quality	LOC_Os07g05960			expressed protein	N	Y	Y	51	pipeline_score=46; farm_logP=8.38; max_variant=20; recommendation_score=51
QTL14	Chr7-2786938	8.38	*	LOC_Os07g05970	7:2895354-2896128	25	25	0	8.0	0.0	0.0	0.0	*	33.0	RAP_Step2_all_TGW_quality.FarmCPUpeak_info	RAP_Step2_all_TGW_quality	LOC_Os07g05970			ligA, putative, expressed	Y	Y	Y	38	pipeline_score=33; farm_logP=8.38; max_variant=25; recommendation_score=38
QTL14	Chr7-2786938	8.38	*	LOC_Os07g05984	7:2899179-2901199	25	25	25	8.0	0.0	0.0	22.0	*	55.0	RAP_Step2_all_TGW_quality.FarmCPUpeak_info	RAP_Step2_all_TGW_quality	LOC_Os07g05984			retrotransposon protein, putative, Ty3-gypsy subclass, expressed	Y	Y	Y	60	pipeline_score=55; farm_logP=8.38; max_variant=25; recommendation_score=60
QTL14	Chr7-2786938	8.38	*	LOC_Os07g06000	7:2901946-2904904	25	25	5	8.0	0.0	0.0	0.0	*	33.0	RAP_Step2_all_TGW_quality.FarmCPUpeak_info	RAP_Step2_all_TGW_quality	LOC_Os07g06000			retrotransposon protein, putative, Ty3-gypsy subclass, expressed	Y	Y	Y	38	pipeline_score=33; farm_logP=8.38; max_variant=25; recommendation_score=38
QTL14	Chr7-2786938	8.38	*	LOC_Os07g06010	7:2907348-2908689	20	25	5	8.0	0.0	0.0	0.0	*	33.0	RAP_Step2_all_TGW_quality.FarmCPUpeak_info	RAP_Step2_all_TGW_quality	LOC_Os07g06010			transposon protein, putative, unclassified	Y	N	Y	38	pipeline_score=33; farm_logP=8.38; max_variant=25; recommendation_score=38
QTL14	Chr7-2786938	8.38	*	LOC_Os07g06020	7:2910858-2917607	25	25	25	8.0	0.0	0.0	0.0	*	33.0	RAP_Step2_all_TGW_quality.FarmCPUpeak_info	RAP_Step2_all_TGW_quality	LOC_Os07g06020			retrotransposon protein, putative, Ty3-gypsy subclass, expressed	Y	Y	Y	38	pipeline_score=33; farm_logP=8.38; max_variant=25; recommendation_score=38
QTL14	Chr7-2786938	8.38	*	LOC_Os07g06030	7:2923357-2927102	25	25	5	8.0	0.0	0.0	0.0	*	33.0	RAP_Step2_all_TGW_quality.FarmCPUpeak_info	RAP_Step2_all_TGW_quality	LOC_Os07g06030			transposon protein, putative, CACTA, En/Spm sub-class, expressed	Y	Y	Y	38	pipeline_score=33; farm_logP=8.38; max_variant=25; recommendation_score=38
QTL14	Chr7-2786938	8.38	*	LOC_Os07g06040	7:2929529-2932621	25	25	*	8.0	0.0	0.0	0.0	*	33.0	RAP_Step2_all_TGW_quality.FarmCPUpeak_info	RAP_Step2_all_TGW_quality	LOC_Os07g06040			transposon protein, putative, CACTA, En/Spm sub-class, expressed	Y	Y	Y	38	pipeline_score=33; farm_logP=8.38; max_variant=25; recommendation_score=38
QTL14	Chr7-2786938	8.38	*	LOC_Os07g06050	7:2935671-2936809	*	5	*	8.0	0.0	0.0	0.0	*	13.0	RAP_Step2_all_TGW_quality.FarmCPUpeak_info	RAP_Step2_all_TGW_quality	LOC_Os07g06050			expressed protein	N	Y	Y	13	pipeline_score=13; farm_logP=8.38; max_variant=5; recommendation_score=13
QTL14	Chr7-2786938	8.38	*	LOC_Os07g06060	7:2940292-2942825	5	10	*	8.0	0.0	0.0	18.0	*	36.0	RAP_Step2_all_TGW_quality.FarmCPUpeak_info	RAP_Step2_all_TGW_quality	LOC_Os07g06060			expressed protein	N	Y	Y	39	pipeline_score=36; farm_logP=8.38; max_variant=10; recommendation_score=39
QTL14	Chr7-2786938	8.38	*	LOC_Os07g06070	7:2943339-2943868	5	10	*	8.0	0.0	0.0	15.0	*	33.0	RAP_Step2_all_TGW_quality.FarmCPUpeak_info	RAP_Step2_all_TGW_quality	LOC_Os07g06070			expressed protein	N	Y	Y	36	pipeline_score=33; farm_logP=8.38; max_variant=10; recommendation_score=36
QTL14	Chr7-2786938	8.38	*	LOC_Os07g06080	7:2945227-2947295	5	10	*	8.0	0.0	0.0	10.0	*	28.0	RAP_Step2_all_TGW_quality.FarmCPUpeak_info	RAP_Step2_all_TGW_quality	LOC_Os07g06080			FAD dependent oxidoreductase domain containing protein, expressed	N	Y	Y	31	pipeline_score=28; farm_logP=8.38; max_variant=10; recommendation_score=31
QTL14	Chr7-2786938	8.38	*	LOC_Os07g06090	7:2946126-2949178	*	*	0	8.0	0.0	0.0	15.0	*	23.0	RAP_Step2_all_TGW_quality.FarmCPUpeak_info	RAP_Step2_all_TGW_quality	LOC_Os07g06090			expressed protein	N	Y	Y	23	pipeline_score=23; farm_logP=8.38; recommendation_score=23
QTL14	Chr7-2786938	8.38	*	LOC_Os07g06100	7:2953361-2954369	25	5	*	8.0	5.0	0.0	0.0	*	38.0	RAP_Step2_all_TGW_quality.FarmCPUpeak_info	RAP_Step2_all_TGW_quality	LOC_Os07g06100			expressed protein	N	Y	Y	43	pipeline_score=38; farm_logP=8.38; max_variant=25; recommendation_score=43
QTL14	Chr7-2786938	8.38	*	LOC_Os07g06110	7:2960237-2967199	25	25	5	8.0	0.0	10.0	22.0	*	65.0	RAP_Step2_all_TGW_quality.FarmCPUpeak_info	RAP_Step2_all_TGW_quality	LOC_Os07g06110			retrotransposon protein, putative, Ty3-gypsy subclass, expressed	Y	Y	Y	70	pipeline_score=65; farm_logP=8.38; max_variant=25; recommendation_score=70
QTL14	Chr7-2786938	8.38	*	LOC_Os07g06120	7:2967718-2970722	20	25	10	8.0	0.0	0.0	0.0	*	33.0	RAP_Step2_all_TGW_quality.FarmCPUpeak_info	RAP_Step2_all_TGW_quality	LOC_Os07g06120			retrotransposon protein, putative, Ty3-gypsy subclass, expressed	Y	Y	Y	38	pipeline_score=33; farm_logP=8.38; max_variant=25; recommendation_score=38
QTL14	Chr7-2786938	8.38	*	LOC_Os07g06130	7:2984109-2991139	5	25	*	8.0	0.0	18.0	15.0	*	66.0	RAP_Step2_all_TGW_quality.FarmCPUpeak_info	RAP_Step2_all_TGW_quality	LOC_Os07g06130	OsEIN2	blast; blast resistance; ethylene; resistance	ethylene-insensitive protein, putative, expressed	N	Y	Y	78	pipeline_score=66; farm_logP=8.38; max_variant=25; symbol=OsEIN2; keyword=blast; blast resistance; ethylene; resistance; recommendation_score=78
QTL15	Chr8-13886939	5.37	*	LOC_Os08g22760	8:13680047-13687196	25	25	25	2.0	0.0	10.0	0.0	*	37.0	RAP_Step2_all_TGW_quality.FarmCPUpeak_info	RAP_Step2_all_TGW_quality	LOC_Os08g22760			retrotransposon protein, putative, Ty3-gypsy subclass, expressed	Y	Y	Y	42	pipeline_score=37; farm_logP=5.37; max_variant=25; recommendation_score=42
QTL15	Chr8-13886939	5.37	*	LOC_Os08g22770	8:13689154-13690378	25	5	*	2.0	0.0	0.0	0.0	*	27.0	RAP_Step2_all_TGW_quality.FarmCPUpeak_info	RAP_Step2_all_TGW_quality	LOC_Os08g22770			retrotransposon protein, putative, Ty3-gypsy subclass	Y	N	Y	32	pipeline_score=27; farm_logP=5.37; max_variant=25; recommendation_score=32
QTL15	Chr8-13886939	5.37	*	LOC_Os08g22780	8:13690574-13696631	25	25	25	2.0	0.0	0.0	0.0	*	27.0	RAP_Step2_all_TGW_quality.FarmCPUpeak_info	RAP_Step2_all_TGW_quality	LOC_Os08g22780			retrotransposon protein, putative, Ty3-gypsy subclass, expressed	Y	Y	Y	32	pipeline_score=27; farm_logP=5.37; max_variant=25; recommendation_score=32
QTL15	Chr8-13886939	5.37	*	LOC_Os08g22790	8:13701038-13708567	25	25	25	2.0	0.0	0.0	0.0	*	27.0	RAP_Step2_all_TGW_quality.FarmCPUpeak_info	RAP_Step2_all_TGW_quality	LOC_Os08g22790			retrotransposon protein, putative, unclassified, expressed	Y	Y	Y	32	pipeline_score=27; farm_logP=5.37; max_variant=25; recommendation_score=32
QTL15	Chr8-13886939	5.37	*	LOC_Os08g22810	8:13709870-13712729	25	5	25	2.0	0.0	0.0	0.0	*	27.0	RAP_Step2_all_TGW_quality.FarmCPUpeak_info	RAP_Step2_all_TGW_quality	LOC_Os08g22810			retrotransposon protein, putative, unclassified, expressed	Y	Y	Y	32	pipeline_score=27; farm_logP=5.37; max_variant=25; recommendation_score=32
QTL15	Chr8-13886939	5.37	*	LOC_Os08g22820	8:13718764-13725428	25	25	25	2.0	0.0	0.0	5.0	*	32.0	RAP_Step2_all_TGW_quality.FarmCPUpeak_info	RAP_Step2_all_TGW_quality	LOC_Os08g22820			retrotransposon protein, putative, Ty3-gypsy subclass, expressed	Y	Y	Y	37	pipeline_score=32; farm_logP=5.37; max_variant=25; recommendation_score=37
QTL15	Chr8-13886939	5.37	*	LOC_Os08g22830	8:13728672-13730719	20	25	25	2.0	0.0	0.0	0.0	*	27.0	RAP_Step2_all_TGW_quality.FarmCPUpeak_info	RAP_Step2_all_TGW_quality	LOC_Os08g22830			retrotransposon protein, putative, Ty3-gypsy subclass, expressed	Y	Y	Y	32	pipeline_score=27; farm_logP=5.37; max_variant=25; recommendation_score=32
QTL15	Chr8-13886939	5.37	*	LOC_Os08g22840	8:13735426-13738459	25	5	5	2.0	0.0	0.0	0.0	*	27.0	RAP_Step2_all_TGW_quality.FarmCPUpeak_info	RAP_Step2_all_TGW_quality	LOC_Os08g22840			expressed protein	N	Y	Y	32	pipeline_score=27; farm_logP=5.37; max_variant=25; recommendation_score=32
QTL15	Chr8-13886939	5.37	*	LOC_Os08g22852	8:13738801-13740419	5	25	5	2.0	0.0	0.0	18.0	*	45.0	RAP_Step2_all_TGW_quality.FarmCPUpeak_info	RAP_Step2_all_TGW_quality	LOC_Os08g22852			expressed protein	N	Y	Y	50	pipeline_score=45; farm_logP=5.37; max_variant=25; recommendation_score=50
QTL15	Chr8-13886939	5.37	*	LOC_Os08g22864	8:13740479-13765529	5	10	5	2.0	0.0	10.0	15.0	*	37.0	RAP_Step2_all_TGW_quality.FarmCPUpeak_info	RAP_Step2_all_TGW_quality	LOC_Os08g22864			sec8 exocyst complex component specific domain containing protein, expressed	N	Y	Y	40	pipeline_score=37; farm_logP=5.37; max_variant=10; recommendation_score=40
QTL15	Chr8-13886939	5.37	*	LOC_Os08g22890	8:13773054-13774365	25	25	0	2.0	0.0	0.0	0.0	*	27.0	RAP_Step2_all_TGW_quality.FarmCPUpeak_info	RAP_Step2_all_TGW_quality	LOC_Os08g22890			retrotransposon protein, putative, Ty3-gypsy subclass	Y	N	Y	32	pipeline_score=27; farm_logP=5.37; max_variant=25; recommendation_score=32
QTL15	Chr8-13886939	5.37	*	LOC_Os08g22900	8:13774700-13776393	25	25	*	2.0	0.0	0.0	0.0	*	27.0	RAP_Step2_all_TGW_quality.FarmCPUpeak_info	RAP_Step2_all_TGW_quality	LOC_Os08g22900			retrotransposon protein, putative, unclassified	Y	N	Y	32	pipeline_score=27; farm_logP=5.37; max_variant=25; recommendation_score=32
QTL15	Chr8-13886939	5.37	*	LOC_Os08g22910	8:13776729-13778728	25	5	25	2.0	0.0	0.0	0.0	*	27.0	RAP_Step2_all_TGW_quality.FarmCPUpeak_info	RAP_Step2_all_TGW_quality	LOC_Os08g22910			retrotransposon, putative, centromere-specific	Y	N	Y	32	pipeline_score=27; farm_logP=5.37; max_variant=25; recommendation_score=32
QTL15	Chr8-13886939	5.37	*	LOC_Os08g22920	8:13779636-13781102	25	*	5	2.0	0.0	0.0	0.0	*	27.0	RAP_Step2_all_TGW_quality.FarmCPUpeak_info	RAP_Step2_all_TGW_quality	LOC_Os08g22920			retrotransposon, putative, centromere-specific	Y	N	Y	32	pipeline_score=27; farm_logP=5.37; max_variant=25; recommendation_score=32
QTL15	Chr8-13886939	5.37	*	LOC_Os08g22930	8:13785023-13787295	25	*	25	2.0	0.0	0.0	0.0	*	27.0	RAP_Step2_all_TGW_quality.FarmCPUpeak_info	RAP_Step2_all_TGW_quality	LOC_Os08g22930			conserved hypothetical protein	N	N	Y	32	pipeline_score=27; farm_logP=5.37; max_variant=25; recommendation_score=32
QTL15	Chr8-13886939	5.37	*	LOC_Os08g22940	8:13789000-13791660	*	*	25	2.0	0.0	0.0	5.0	*	32.0	RAP_Step2_all_TGW_quality.FarmCPUpeak_info	RAP_Step2_all_TGW_quality	LOC_Os08g22940			retrotransposon protein, putative, unclassified	Y	N	Y	37	pipeline_score=32; farm_logP=5.37; max_variant=25; recommendation_score=37
QTL15	Chr8-13886939	5.37	*	LOC_Os08g22950	8:13792392-13794297	*	*	25	2.0	0.0	0.0	0.0	*	27.0	RAP_Step2_all_TGW_quality.FarmCPUpeak_info	RAP_Step2_all_TGW_quality	LOC_Os08g22950			retrotransposon protein, putative, unclassified	Y	N	Y	32	pipeline_score=27; farm_logP=5.37; max_variant=25; recommendation_score=32
QTL15	Chr8-13886939	5.37	*	LOC_Os08g22960	8:13799618-13811645	25	25	25	2.0	0.0	0.0	0.0	*	27.0	RAP_Step2_all_TGW_quality.FarmCPUpeak_info	RAP_Step2_all_TGW_quality	LOC_Os08g22960			retrotransposon protein, putative, Ty3-gypsy subclass, expressed	Y	Y	Y	32	pipeline_score=27; farm_logP=5.37; max_variant=25; recommendation_score=32
QTL15	Chr8-13886939	5.37	*	LOC_Os08g22970	8:13815761-13816642	20	25	*	2.0	0.0	0.0	0.0	*	27.0	RAP_Step2_all_TGW_quality.FarmCPUpeak_info	RAP_Step2_all_TGW_quality	LOC_Os08g22970			retrotransposon protein, putative, unclassified	Y	N	Y	32	pipeline_score=27; farm_logP=5.37; max_variant=25; recommendation_score=32
QTL15	Chr8-13886939	5.37	*	LOC_Os08g22980	8:13821750-13822723	25	25	25	2.0	0.0	0.0	0.0	*	27.0	RAP_Step2_all_TGW_quality.FarmCPUpeak_info	RAP_Step2_all_TGW_quality	LOC_Os08g22980			retrotransposon protein, putative, Ty3-gypsy subclass	Y	N	Y	32	pipeline_score=27; farm_logP=5.37; max_variant=25; recommendation_score=32
QTL15	Chr8-13886939	5.37	*	LOC_Os08g22990	8:13823384-13829408	25	25	25	2.0	0.0	0.0	0.0	*	27.0	RAP_Step2_all_TGW_quality.FarmCPUpeak_info	RAP_Step2_all_TGW_quality	LOC_Os08g22990			retrotransposon protein, putative, Ty3-gypsy subclass, expressed	Y	Y	Y	32	pipeline_score=27; farm_logP=5.37; max_variant=25; recommendation_score=32
QTL15	Chr8-13886939	5.37	*	LOC_Os08g23000	8:13856333-13858696	25	25	*	2.0	0.0	0.0	0.0	*	27.0	RAP_Step2_all_TGW_quality.FarmCPUpeak_info	RAP_Step2_all_TGW_quality	LOC_Os08g23000			retrotransposon protein, putative, Ty1-copia subclass	Y	N	Y	32	pipeline_score=27; farm_logP=5.37; max_variant=25; recommendation_score=32
QTL15	Chr8-13886939	5.37	*	LOC_Os08g23010	8:13861089-13861658	25	25	*	2.0	0.0	0.0	0.0	*	27.0	RAP_Step2_all_TGW_quality.FarmCPUpeak_info	RAP_Step2_all_TGW_quality	LOC_Os08g23010			retrotransposon protein, putative, unclassified	Y	N	Y	32	pipeline_score=27; farm_logP=5.37; max_variant=25; recommendation_score=32
QTL15	Chr8-13886939	5.37	*	LOC_Os08g23020	8:13862018-13867595	25	25	25	2.0	0.0	0.0	5.0	*	32.0	RAP_Step2_all_TGW_quality.FarmCPUpeak_info	RAP_Step2_all_TGW_quality	LOC_Os08g23020			retrotransposon protein, putative, unclassified, expressed	Y	Y	Y	37	pipeline_score=32; farm_logP=5.37; max_variant=25; recommendation_score=37
QTL15	Chr8-13886939	5.37	*	LOC_Os08g23030	8:13868915-13869157	20	25	25	2.0	0.0	0.0	0.0	*	27.0	RAP_Step2_all_TGW_quality.FarmCPUpeak_info	RAP_Step2_all_TGW_quality	LOC_Os08g23030			hypothetical protein	N	N	Y	32	pipeline_score=27; farm_logP=5.37; max_variant=25; recommendation_score=32
QTL15	Chr8-13886939	5.37	*	LOC_Os08g23040	8:13871787-13872554	20	25	25	2.0	0.0	0.0	0.0	*	27.0	RAP_Step2_all_TGW_quality.FarmCPUpeak_info	RAP_Step2_all_TGW_quality	LOC_Os08g23040			retrotransposon protein, putative, Ty3-gypsy subclass, expressed	Y	Y	Y	32	pipeline_score=27; farm_logP=5.37; max_variant=25; recommendation_score=32
QTL15	Chr8-13886939	5.37	*	LOC_Os08g23050	8:13872809-13877009	25	25	25	2.0	0.0	0.0	0.0	*	27.0	RAP_Step2_all_TGW_quality.FarmCPUpeak_info	RAP_Step2_all_TGW_quality	LOC_Os08g23050			retrotransposon protein, putative, Ty3-gypsy subclass, expressed	Y	Y	Y	32	pipeline_score=27; farm_logP=5.37; max_variant=25; recommendation_score=32
QTL15	Chr8-13886939	5.37	*	LOC_Os08g23060	8:13885475-13888267	25	25	25	2.0	0.0	0.0	0.0	*	27.0	RAP_Step2_all_TGW_quality.FarmCPUpeak_info	RAP_Step2_all_TGW_quality	LOC_Os08g23060			retrotransposon protein, putative, Ty3-gypsy subclass, expressed	Y	Y	Y	32	pipeline_score=27; farm_logP=5.37; max_variant=25; recommendation_score=32
QTL15	Chr8-13886939	5.37	*	LOC_Os08g23070	8:13890482-13897207	25	25	25	2.0	0.0	0.0	0.0	*	27.0	RAP_Step2_all_TGW_quality.FarmCPUpeak_info	RAP_Step2_all_TGW_quality	LOC_Os08g23070			retrotransposon protein, putative, Ty3-gypsy subclass, expressed	Y	Y	Y	32	pipeline_score=27; farm_logP=5.37; max_variant=25; recommendation_score=32
QTL15	Chr8-13886939	5.37	*	LOC_Os08g23080	8:13900283-13904270	25	25	25	2.0	0.0	0.0	5.0	*	32.0	RAP_Step2_all_TGW_quality.FarmCPUpeak_info	RAP_Step2_all_TGW_quality	LOC_Os08g23080			retrotransposon protein, putative, Ty3-gypsy subclass, expressed	Y	Y	Y	37	pipeline_score=32; farm_logP=5.37; max_variant=25; recommendation_score=37
QTL15	Chr8-13886939	5.37	*	LOC_Os08g23090	8:13908086-13909842	25	25	25	2.0	0.0	0.0	0.0	*	27.0	RAP_Step2_all_TGW_quality.FarmCPUpeak_info	RAP_Step2_all_TGW_quality	LOC_Os08g23090			retrotransposon protein, putative, unclassified, expressed	Y	Y	Y	32	pipeline_score=27; farm_logP=5.37; max_variant=25; recommendation_score=32
QTL15	Chr8-13886939	5.37	*	LOC_Os08g23100	8:13912643-13919786	5	10	15	2.0	0.0	0.0	15.0	*	32.0	RAP_Step2_all_TGW_quality.FarmCPUpeak_info	RAP_Step2_all_TGW_quality	LOC_Os08g23100			cyclase family protein, putative, expressed	N	Y	Y	35	pipeline_score=32; farm_logP=5.37; max_variant=15; recommendation_score=35
QTL15	Chr8-13886939	5.37	*	LOC_Os08g23110	8:13919925-13925717	5	10	*	2.0	0.0	0.0	15.0	*	27.0	RAP_Step2_all_TGW_quality.FarmCPUpeak_info	RAP_Step2_all_TGW_quality	LOC_Os08g23110			tRNA synthetase, putative, expressed	N	Y	Y	30	pipeline_score=27; farm_logP=5.37; max_variant=10; recommendation_score=30
QTL15	Chr8-13886939	5.37	*	LOC_Os08g23120	8:13930451-13934710	5	10	*	2.0	0.0	0.0	15.0	*	27.0	RAP_Step2_all_TGW_quality.FarmCPUpeak_info	RAP_Step2_all_TGW_quality	LOC_Os08g23120			RNA recognition motif containing protein, putative, expressed	N	Y	Y	30	pipeline_score=27; farm_logP=5.37; max_variant=10; recommendation_score=30
QTL15	Chr8-13886939	5.37	*	Os08g0320051	8:13930614-13934382	5	5	5	2.0	0.0	0.0	18.0	*	25.0	RAP_Step2_all_TGW_quality.FarmCPUpeak_info	RAP_Step2_all_TGW_quality	Os08g0320051							25	pipeline_score=25; farm_logP=5.37; max_variant=5; recommendation_score=25
QTL15	Chr8-13886939	5.37	*	LOC_Os08g23130	8:13937457-13942087	1	*	*	2.0	0.0	0.0	15.0	*	18.0	RAP_Step2_all_TGW_quality.FarmCPUpeak_info	RAP_Step2_all_TGW_quality	LOC_Os08g23130			oligopeptide transporter, putative, expressed	N	Y	Y	18	pipeline_score=18; farm_logP=5.37; max_variant=1; recommendation_score=18
QTL15	Chr8-13886939	5.37	*	LOC_Os08g23140	8:13943831-13950707	5	5	0	2.0	0.0	0.0	15.0	*	22.0	RAP_Step2_all_TGW_quality.FarmCPUpeak_info	RAP_Step2_all_TGW_quality	LOC_Os08g23140			expressed protein	N	Y	Y	22	pipeline_score=22; farm_logP=5.37; max_variant=5; recommendation_score=22
QTL15	Chr8-13886939	5.37	*	LOC_Os08g23150	8:13954452-13958415	20	10	20	2.0	0.0	10.0	10.0	*	42.0	RAP_Step2_all_TGW_quality.FarmCPUpeak_info	RAP_Step2_all_TGW_quality	LOC_Os08g23150			indole-3-glycerol phosphate synthase, chloroplast precursor, putative, expressed	N	Y	Y	47	pipeline_score=42; farm_logP=5.37; max_variant=20; recommendation_score=47
QTL15	Chr8-13886939	5.37	*	Os08g0320500	8:13959154-13960150	25	5	5	2.0	0.0	0.0	18.0	*	45.0	RAP_Step2_all_TGW_quality.FarmCPUpeak_info	RAP_Step2_all_TGW_quality	Os08g0320500							50	pipeline_score=45; farm_logP=5.37; max_variant=25; recommendation_score=50
QTL15	Chr8-13886939	5.37	*	LOC_Os08g23160	8:13965559-13972066	5	25	5	2.0	0.0	0.0	20.0	*	47.0	RAP_Step2_all_TGW_quality.FarmCPUpeak_info	RAP_Step2_all_TGW_quality	LOC_Os08g23160			expressed protein	N	Y	Y	52	pipeline_score=47; farm_logP=5.37; max_variant=25; recommendation_score=52
QTL15	Chr8-13886939	5.37	*	LOC_Os08g23170	8:13973115-13973802	5	10	*	2.0	5.0	0.0	15.0	*	32.0	RAP_Step2_all_TGW_quality.FarmCPUpeak_info	RAP_Step2_all_TGW_quality	LOC_Os08g23170			expressed protein	N	Y	Y	35	pipeline_score=32; farm_logP=5.37; max_variant=10; recommendation_score=35
QTL15	Chr8-13886939	5.37	*	LOC_Os08g23180	8:13985040-13988220	5	10	25	2.0	0.0	10.0	20.0	*	57.0	RAP_Step2_all_TGW_quality.FarmCPUpeak_info	RAP_Step2_all_TGW_quality	LOC_Os08g23180			fasciclin-like arabinogalactan protein 8 precursor, putative, expressed	N	Y	Y	62	pipeline_score=57; farm_logP=5.37; max_variant=25; recommendation_score=62
QTL15	Chr8-13886939	5.37	*	LOC_Os08g23189	8:13989903-13990121	20	5	25	2.0	0.0	0.0	0.0	*	27.0	RAP_Step2_all_TGW_quality.FarmCPUpeak_info	RAP_Step2_all_TGW_quality	LOC_Os08g23189			hypothetical protein	N	N	Y	32	pipeline_score=27; farm_logP=5.37; max_variant=25; recommendation_score=32
QTL15	Chr8-13886939	5.37	*	LOC_Os08g23200	8:13992134-13995709	25	25	25	2.0	0.0	0.0	0.0	*	27.0	RAP_Step2_all_TGW_quality.FarmCPUpeak_info	RAP_Step2_all_TGW_quality	LOC_Os08g23200			transposon protein, putative, Ac/Ds sub-class, expressed	Y	Y	Y	32	pipeline_score=27; farm_logP=5.37; max_variant=25; recommendation_score=32
QTL15	Chr8-13886939	5.37	*	LOC_Os08g23210	8:14016434-14017518	25	25	25	2.0	0.0	0.0	18.0	*	45.0	RAP_Step2_all_TGW_quality.FarmCPUpeak_info	RAP_Step2_all_TGW_quality	LOC_Os08g23210			retrotransposon protein, putative, unclassified, expressed	Y	Y	Y	50	pipeline_score=45; farm_logP=5.37; max_variant=25; recommendation_score=50
QTL15	Chr8-13886939	5.37	*	LOC_Os08g23220	8:14019794-14020425	20	5	25	2.0	0.0	0.0	5.0	*	32.0	RAP_Step2_all_TGW_quality.FarmCPUpeak_info	RAP_Step2_all_TGW_quality	LOC_Os08g23220			expressed protein	N	Y	Y	37	pipeline_score=32; farm_logP=5.37; max_variant=25; recommendation_score=37
QTL15	Chr8-13886939	5.37	*	LOC_Os08g23230	8:14026350-14026943	25	25	25	2.0	0.0	0.0	22.0	*	49.0	RAP_Step2_all_TGW_quality.FarmCPUpeak_info	RAP_Step2_all_TGW_quality	LOC_Os08g23230			expressed protein	Y	Y	Y	54	pipeline_score=49; farm_logP=5.37; max_variant=25; recommendation_score=54
QTL15	Chr8-13886939	5.37	*	LOC_Os08g23240	8:14030825-14033372	25	25	25	2.0	0.0	0.0	0.0	*	27.0	RAP_Step2_all_TGW_quality.FarmCPUpeak_info	RAP_Step2_all_TGW_quality	LOC_Os08g23240			retrotransposon protein, putative, unclassified, expressed	Y	Y	Y	32	pipeline_score=27; farm_logP=5.37; max_variant=25; recommendation_score=32
QTL15	Chr8-13886939	5.37	*	LOC_Os08g23250	8:14035990-14038001	25	25	25	2.0	0.0	10.0	0.0	*	37.0	RAP_Step2_all_TGW_quality.FarmCPUpeak_info	RAP_Step2_all_TGW_quality	LOC_Os08g23250			retrotransposon protein, putative, unclassified, expressed	Y	Y	Y	42	pipeline_score=37; farm_logP=5.37; max_variant=25; recommendation_score=42
QTL15	Chr8-13886939	5.37	*	LOC_Os08g23260	8:14039042-14040926	25	25	25	2.0	0.0	0.0	0.0	*	27.0	RAP_Step2_all_TGW_quality.FarmCPUpeak_info	RAP_Step2_all_TGW_quality	LOC_Os08g23260			retrotransposon protein, putative, unclassified, expressed	Y	Y	Y	32	pipeline_score=27; farm_logP=5.37; max_variant=25; recommendation_score=32
QTL15	Chr8-13886939	5.37	*	LOC_Os08g23270	8:14044092-14045678	20	25	25	2.0	0.0	0.0	0.0	*	27.0	RAP_Step2_all_TGW_quality.FarmCPUpeak_info	RAP_Step2_all_TGW_quality	LOC_Os08g23270			transposon protein, putative, unclassified	Y	N	Y	32	pipeline_score=27; farm_logP=5.37; max_variant=25; recommendation_score=32
QTL15	Chr8-13886939	5.37	*	LOC_Os08g23280	8:14048233-14051353	1	5	25	2.0	0.0	0.0	15.0	*	42.0	RAP_Step2_all_TGW_quality.FarmCPUpeak_info	RAP_Step2_all_TGW_quality	LOC_Os08g23280			expressed protein	N	Y	Y	47	pipeline_score=42; farm_logP=5.37; max_variant=25; recommendation_score=47
QTL15	Chr8-13886939	5.37	*	LOC_Os08g23290	8:14056070-14058411	20	5	*	2.0	0.0	0.0	15.0	*	37.0	RAP_Step2_all_TGW_quality.FarmCPUpeak_info	RAP_Step2_all_TGW_quality	LOC_Os08g23290			serine/threonine-protein kinase BRI1-like 2 precursor, putative, expressed	N	Y	Y	42	pipeline_score=37; farm_logP=5.37; max_variant=20; recommendation_score=42
QTL15	Chr8-13886939	5.37	*	Os08g0322550	8:14056223-14056988	20	*	*	2.0	0.0	0.0	18.0	*	40.0	RAP_Step2_all_TGW_quality.FarmCPUpeak_info	RAP_Step2_all_TGW_quality	Os08g0322550							45	pipeline_score=40; farm_logP=5.37; max_variant=20; recommendation_score=45
QTL15	Chr8-13886939	5.37	*	LOC_Os08g23300	8:14065487-14068723	25	25	25	2.0	0.0	0.0	0.0	*	27.0	RAP_Step2_all_TGW_quality.FarmCPUpeak_info	RAP_Step2_all_TGW_quality	LOC_Os08g23300			transposon protein, putative, unclassified, expressed	Y	Y	Y	32	pipeline_score=27; farm_logP=5.37; max_variant=25; recommendation_score=32
QTL15	Chr8-13886939	5.37	*	LOC_Os08g23310	8:14069340-14075492	25	25	25	2.0	0.0	10.0	0.0	*	37.0	RAP_Step2_all_TGW_quality.FarmCPUpeak_info	RAP_Step2_all_TGW_quality	LOC_Os08g23310			transposon protein, putative, unclassified, expressed	Y	Y	Y	42	pipeline_score=37; farm_logP=5.37; max_variant=25; recommendation_score=42
QTL15	Chr8-13886939	5.37	*	LOC_Os08g23320	8:14078934-14082484	18	10	5	2.0	0.0	0.0	15.0	*	35.0	RAP_Step2_all_TGW_quality.FarmCPUpeak_info	RAP_Step2_all_TGW_quality	LOC_Os08g23320	OsPPT1	growth; mitochondria	para-hydroxybenzoate--polyprenyltransferase, mitochondrial precursor, putative, expressed	N	Y	Y	45	pipeline_score=35; farm_logP=5.37; max_variant=18; symbol=OsPPT1; keyword=growth; mitochondria; recommendation_score=45
QTL15	Chr8-13886939	5.37	*	LOC_Os08g23330	8:14085618-14090507	25	25	25	2.0	0.0	0.0	0.0	*	27.0	RAP_Step2_all_TGW_quality.FarmCPUpeak_info	RAP_Step2_all_TGW_quality	LOC_Os08g23330			transposon protein, putative, CACTA, En/Spm sub-class, expressed	Y	Y	Y	32	pipeline_score=27; farm_logP=5.37; max_variant=25; recommendation_score=32
QTL16	Chr8-26968441	7.60	*	LOC_Os08g42400	8:26766816-26770345	20	10	15	8.0	0.0	0.0	10.0	*	38.0	RAP_Step2_all_TGW_quality.FarmCPUpeak_info	RAP_Step2_all_TGW_quality	LOC_Os08g42400			no apical meristem protein, putative, expressed	N	Y	Y	43	pipeline_score=38; farm_logP=7.6; max_variant=20; recommendation_score=43
QTL16	Chr8-26968441	7.60	*	Os08g0535900	8:26769337-26769904	20	25	*	8.0	0.0	0.0	15.0	*	48.0	RAP_Step2_all_TGW_quality.FarmCPUpeak_info	RAP_Step2_all_TGW_quality	Os08g0535900							53	pipeline_score=48; farm_logP=7.6; max_variant=25; recommendation_score=53
QTL16	Chr8-26968441	7.60	*	LOC_Os08g42410	8:26777982-26783299	10	10	10	8.0	0.0	10.0	10.0	*	38.0	RAP_Step2_all_TGW_quality.FarmCPUpeak_info	RAP_Step2_all_TGW_quality	LOC_Os08g42410			transketolase, putative, expressed	N	Y	Y	41	pipeline_score=38; farm_logP=7.6; max_variant=10; recommendation_score=41
QTL16	Chr8-26968441	7.60	*	LOC_Os08g42420	8:26785461-26791067	20	10	*	8.0	0.0	0.0	10.0	*	38.0	RAP_Step2_all_TGW_quality.FarmCPUpeak_info	RAP_Step2_all_TGW_quality	LOC_Os08g42420			expressed protein	N	Y	Y	43	pipeline_score=38; farm_logP=7.6; max_variant=20; recommendation_score=43
QTL16	Chr8-26968441	7.60	*	Os08g0536150	8:26786846-26790855	20	10	*	8.0	0.0	0.0	15.0	*	43.0	RAP_Step2_all_TGW_quality.FarmCPUpeak_info	RAP_Step2_all_TGW_quality	Os08g0536150							48	pipeline_score=43; farm_logP=7.6; max_variant=20; recommendation_score=48
QTL16	Chr8-26968441	7.60	*	LOC_Os08g42430	8:26791839-26792523	18	10	*	8.0	0.0	0.0	5.0	*	31.0	RAP_Step2_all_TGW_quality.FarmCPUpeak_info	RAP_Step2_all_TGW_quality	LOC_Os08g42430			membrane associated DUF588 domain containing protein, putative, expressed	N	Y	Y	34	pipeline_score=31; farm_logP=7.6; max_variant=18; recommendation_score=34
QTL16	Chr8-26968441	7.60	*	LOC_Os08g42440	8:26792824-26797181	15	5	10	8.0	0.0	0.0	10.0	*	33.0	RAP_Step2_all_TGW_quality.FarmCPUpeak_info	RAP_Step2_all_TGW_quality	LOC_Os08g42440	OsCOL15	floral; grain; grain number; heading date; height; nucleus; plant height	CCT/B-box zinc finger protein, putative, expressed	N	Y	Y	43	pipeline_score=33; farm_logP=7.6; max_variant=15; symbol=OsCOL15; keyword=floral; grain; grain number; heading date; height; nucleus; plant height; recommendation_score=43
QTL16	Chr8-26968441	7.60	*	Os08g0536333	8:26802303-26802717	*	1	*	8.0	0.0	0.0	0.0	*	9.0	RAP_Step2_all_TGW_quality.FarmCPUpeak_info	RAP_Step2_all_TGW_quality	Os08g0536333							9	pipeline_score=9; farm_logP=7.6; max_variant=1; recommendation_score=9
QTL16	Chr8-26968441	7.60	*	Os08g0536341	8:26803111-26803286	*	*	*	8.0	0.0	0.0	5.0	*	13.0	RAP_Step2_all_TGW_quality.FarmCPUpeak_info	RAP_Step2_all_TGW_quality	Os08g0536341							13	pipeline_score=13; farm_logP=7.6; recommendation_score=13
QTL16	Chr8-26968441	7.60	*	Os08g0536350	8:26807207-26808282	*	25	0	8.0	0.0	0.0	5.0	*	38.0	RAP_Step2_all_TGW_quality.FarmCPUpeak_info	RAP_Step2_all_TGW_quality	Os08g0536350							43	pipeline_score=38; farm_logP=7.6; max_variant=25; recommendation_score=43
QTL16	Chr8-26968441	7.60	*	Os08g0536358	8:26813837-26814065	*	1	*	8.0	0.0	0.0	0.0	*	9.0	RAP_Step2_all_TGW_quality.FarmCPUpeak_info	RAP_Step2_all_TGW_quality	Os08g0536358							9	pipeline_score=9; farm_logP=7.6; max_variant=1; recommendation_score=9
QTL16	Chr8-26968441	7.60	*	Os08g0536366	8:26817267-26817630	*	*	*	8.0	0.0	0.0	0.0	*	8.0	RAP_Step2_all_TGW_quality.FarmCPUpeak_info	RAP_Step2_all_TGW_quality	Os08g0536366							8	pipeline_score=8; farm_logP=7.6; recommendation_score=8
QTL16	Chr8-26968441	7.60	*	Os08g0536383	8:26817443-26817646	*	*	*	8.0	0.0	0.0	0.0	*	8.0	RAP_Step2_all_TGW_quality.FarmCPUpeak_info	RAP_Step2_all_TGW_quality	Os08g0536383							8	pipeline_score=8; farm_logP=7.6; recommendation_score=8
QTL16	Chr8-26968441	7.60	*	LOC_Os08g42450	8:26820013-26822167	5	10	*	8.0	0.0	0.0	10.0	*	28.0	RAP_Step2_all_TGW_quality.FarmCPUpeak_info	RAP_Step2_all_TGW_quality	LOC_Os08g42450			annexin A7, putative, expressed	N	Y	Y	31	pipeline_score=28; farm_logP=7.6; max_variant=10; recommendation_score=31
QTL16	Chr8-26968441	7.60	*	LOC_Os08g42460	8:26829760-26830525	25	25	25	8.0	5.0	0.0	0.0	*	38.0	RAP_Step2_all_TGW_quality.FarmCPUpeak_info	RAP_Step2_all_TGW_quality	LOC_Os08g42460			expressed protein	N	Y	Y	43	pipeline_score=38; farm_logP=7.6; max_variant=25; recommendation_score=43
QTL16	Chr8-26968441	7.60	*	LOC_Os08g42470	8:26841064-26843299	20	10	0	8.0	5.0	10.0	22.0	*	65.0	RAP_Step2_all_TGW_quality.FarmCPUpeak_info	RAP_Step2_all_TGW_quality	LOC_Os08g42470			BEE 1, putative, expressed	N	Y	Y	70	pipeline_score=65; farm_logP=7.6; max_variant=20; recommendation_score=70
QTL16	Chr8-26968441	7.60	*	Os08g0537002	8:26852059-26857339	25	25	15	8.0	0.0	0.0	15.0	*	48.0	RAP_Step2_all_TGW_quality.FarmCPUpeak_info	RAP_Step2_all_TGW_quality	Os08g0537002							53	pipeline_score=48; farm_logP=7.6; max_variant=25; recommendation_score=53
QTL16	Chr8-26968441	7.60	*	LOC_Os08g42480	8:26852212-26853043	5	10	25	8.0	5.0	0.0	10.0	*	48.0	RAP_Step2_all_TGW_quality.FarmCPUpeak_info	RAP_Step2_all_TGW_quality	LOC_Os08g42480			expressed protein	N	Y	Y	53	pipeline_score=48; farm_logP=7.6; max_variant=25; recommendation_score=53
QTL16	Chr8-26968441	7.60	*	LOC_Os08g42490	8:26861856-26862848	20	25	25	8.0	5.0	0.0	0.0	*	38.0	RAP_Step2_all_TGW_quality.FarmCPUpeak_info	RAP_Step2_all_TGW_quality	LOC_Os08g42490			DC1 domain containing protein, expressed	N	Y	Y	43	pipeline_score=38; farm_logP=7.6; max_variant=25; recommendation_score=43
QTL16	Chr8-26968441	7.60	*	LOC_Os08g42500	8:26863390-26865374	25	25	25	8.0	5.0	0.0	0.0	*	38.0	RAP_Step2_all_TGW_quality.FarmCPUpeak_info	RAP_Step2_all_TGW_quality	LOC_Os08g42500			retrotransposon protein, putative, Ty1-copia subclass	Y	N	Y	43	pipeline_score=38; farm_logP=7.6; max_variant=25; recommendation_score=43
QTL16	Chr8-26968441	7.60	*	LOC_Os08g42510	8:26865919-26866395	20	25	15	8.0	5.0	0.0	0.0	*	38.0	RAP_Step2_all_TGW_quality.FarmCPUpeak_info	RAP_Step2_all_TGW_quality	LOC_Os08g42510			expressed protein	N	Y	Y	43	pipeline_score=38; farm_logP=7.6; max_variant=25; recommendation_score=43
QTL16	Chr8-26968441	7.60	*	LOC_Os08g42520	8:26867882-26870053	25	25	25	8.0	0.0	0.0	5.0	*	38.0	RAP_Step2_all_TGW_quality.FarmCPUpeak_info	RAP_Step2_all_TGW_quality	LOC_Os08g42520			expressed protein	N	Y	Y	43	pipeline_score=38; farm_logP=7.6; max_variant=25; recommendation_score=43
QTL16	Chr8-26968441	7.60	*	LOC_Os08g42530	8:26871277-26879986	20	10	20	8.0	0.0	0.0	15.0	*	43.0	RAP_Step2_all_TGW_quality.FarmCPUpeak_info	RAP_Step2_all_TGW_quality	LOC_Os08g42530			SFC, putative, expressed	N	Y	Y	48	pipeline_score=43; farm_logP=7.6; max_variant=20; recommendation_score=48
QTL16	Chr8-26968441	7.60	*	LOC_Os08g42540	8:26882955-26887363	15	10	*	8.0	0.0	0.0	15.0	*	38.0	RAP_Step2_all_TGW_quality.FarmCPUpeak_info	RAP_Step2_all_TGW_quality	LOC_Os08g42540	GWC1|OsOTUB1|WTG1	architecture; chalkiness; cytoplasm; endosperm; grain; grain number; grain quality; grain size; grain weight; grain yield; nucleus; quality; starch; starch biosynthesis; sucrose; tiller; tiller number; transcription factor; yield	ubiquitin thioesterase otubain-like, putative, expressed	N	Y	Y	48	pipeline_score=38; farm_logP=7.6; max_variant=15; symbol=GWC1|OsOTUB1|WTG1; keyword=architecture; chalkiness; cytoplasm; endosperm; grain; grain number; grain quality; grain size; grain weight; grain yield; nucleus; quality; starch; starch biosynthesis; sucrose; tiller; tiller number; transcription factor; yield; recommendation_score=48
QTL16	Chr8-26968441	7.60	*	LOC_Os08g42550	8:26887813-26895503	20	25	*	8.0	0.0	0.0	18.0	*	51.0	RAP_Step2_all_TGW_quality.FarmCPUpeak_info	RAP_Step2_all_TGW_quality	LOC_Os08g42550			AP2 domain containing protein, expressed	N	Y	Y	56	pipeline_score=51; farm_logP=7.6; max_variant=25; recommendation_score=56
QTL16	Chr8-26968441	7.60	*	LOC_Os08g42560	8:26900336-26904634	5	10	20	8.0	0.0	10.0	15.0	*	53.0	RAP_Step2_all_TGW_quality.FarmCPUpeak_info	RAP_Step2_all_TGW_quality	LOC_Os08g42560			tRNA synthetase class II core domain containing protein, expressed	N	Y	Y	58	pipeline_score=53; farm_logP=7.6; max_variant=20; recommendation_score=58
QTL16	Chr8-26968441	7.60	*	LOC_Os08g42570	8:26904987-26906611	20	10	25	8.0	5.0	0.0	0.0	*	38.0	RAP_Step2_all_TGW_quality.FarmCPUpeak_info	RAP_Step2_all_TGW_quality	LOC_Os08g42570			plant protein of unknown function domain containing protein, expressed	N	Y	Y	43	pipeline_score=38; farm_logP=7.6; max_variant=25; recommendation_score=43
QTL16	Chr8-26968441	7.60	*	Os08g0538100	8:26905207-26906508	20	10	10	8.0	0.0	0.0	10.0	*	38.0	RAP_Step2_all_TGW_quality.FarmCPUpeak_info	RAP_Step2_all_TGW_quality	Os08g0538100							43	pipeline_score=38; farm_logP=7.6; max_variant=20; recommendation_score=43
QTL16	Chr8-26968441	7.60	*	LOC_Os08g42580	8:26908834-26913629	5	10	20	8.0	0.0	10.0	15.0	*	53.0	RAP_Step2_all_TGW_quality.FarmCPUpeak_info	RAP_Step2_all_TGW_quality	LOC_Os08g42580	OsCERK1	Kinase; blast; blast resistance; calcium; cell wall; chitin elicitor signaling pathway; chitin signaling; defense; defense response; epidermis; immune response; immunity; immunity signalling; innate immunity; magnaporthe oryzae; peptidoglycan and chitin signaling; peptidoglycan signaling; phosphorus; plasma membrane; reactive oxygen species; receptor kinase; resistance; root; stress; symbiosis; tolerance	protein kinase domain containing protein, expressed	N	Y	Y	65	pipeline_score=53; farm_logP=7.6; max_variant=20; symbol=OsCERK1; keyword=Kinase; blast; blast resistance; calcium; cell wall; chitin elicitor signaling pathway; chitin signaling; defense; defense response; epidermis; immune response; immunity; immunity signalling; innate immunity; magnaporthe oryzae; peptidoglycan and chitin signaling; peptidoglycan signaling; phosphorus; plasma membrane; reactive oxygen species; receptor kinase; resistance; root; stress; symbiosis; tolerance; recommendation_score=65
QTL16	Chr8-26968441	7.60	*	LOC_Os08g42590	8:26918194-26921575	20	10	15	8.0	0.0	10.0	10.0	*	48.0	RAP_Step2_all_TGW_quality.FarmCPUpeak_info	RAP_Step2_all_TGW_quality	LOC_Os08g42590			mtN19, putative, expressed	N	Y	Y	53	pipeline_score=48; farm_logP=7.6; max_variant=20; recommendation_score=53
QTL16	Chr8-26968441	7.60	*	LOC_Os08g42600	8:26922194-26928338	20	10	10	8.0	0.0	18.0	18.0	*	64.0	RAP_Step2_all_TGW_quality.FarmCPUpeak_info	RAP_Step2_all_TGW_quality	LOC_Os08g42600	OsRBR1	Kinase	retinoblastoma-related protein-like, putative, expressed	N	Y	Y	76	pipeline_score=64; farm_logP=7.6; max_variant=20; symbol=OsRBR1; keyword=Kinase; recommendation_score=76
QTL16	Chr8-26968441	7.60	*	LOC_Os08g42610	8:26932311-26935259	20	10	20	8.0	0.0	0.0	10.0	*	38.0	RAP_Step2_all_TGW_quality.FarmCPUpeak_info	RAP_Step2_all_TGW_quality	LOC_Os08g42610			pentatricopeptide, putative, expressed	N	Y	Y	43	pipeline_score=38; farm_logP=7.6; max_variant=20; recommendation_score=43
QTL16	Chr8-26968441	7.60	*	LOC_Os08g42620	8:26938776-26942169	20	25	0	8.0	0.0	0.0	18.0	*	51.0	RAP_Step2_all_TGW_quality.FarmCPUpeak_info	RAP_Step2_all_TGW_quality	LOC_Os08g42620			zinc finger DHHC domain-containing protein, putative, expressed	N	Y	Y	56	pipeline_score=51; farm_logP=7.6; max_variant=25; recommendation_score=56
QTL16	Chr8-26968441	7.60	*	LOC_Os08g42630	8:26945672-26946675	5	5	5	8.0	0.0	0.0	15.0	*	28.0	RAP_Step2_all_TGW_quality.FarmCPUpeak_info	RAP_Step2_all_TGW_quality	LOC_Os08g42630			expressed protein	N	Y	Y	28	pipeline_score=28; farm_logP=7.6; max_variant=5; recommendation_score=28
QTL16	Chr8-26968441	7.60	*	LOC_Os08g42640	8:26948572-26953515	5	25	15	8.0	0.0	0.0	18.0	*	51.0	RAP_Step2_all_TGW_quality.FarmCPUpeak_info	RAP_Step2_all_TGW_quality	LOC_Os08g42640	OsRFPH2-10	defense; dwarf	zinc finger, C3HC4 type domain containing protein, expressed	N	Y	Y	63	pipeline_score=51; farm_logP=7.6; max_variant=25; symbol=OsRFPH2-10; keyword=defense; dwarf; recommendation_score=63
QTL16	Chr8-26968441	7.60	*	LOC_Os08g42650	8:26956544-26962043	25	25	25	8.0	0.0	0.0	0.0	*	33.0	RAP_Step2_all_TGW_quality.FarmCPUpeak_info	RAP_Step2_all_TGW_quality	LOC_Os08g42650			retrotransposon protein, putative, unclassified, expressed	Y	Y	Y	38	pipeline_score=33; farm_logP=7.6; max_variant=25; recommendation_score=38
QTL16	Chr8-26968441	7.60	*	LOC_Os08g42660	8:26962986-26966127	25	25	25	8.0	0.0	0.0	5.0	*	38.0	RAP_Step2_all_TGW_quality.FarmCPUpeak_info	RAP_Step2_all_TGW_quality	LOC_Os08g42660			retrotransposon protein, putative, unclassified, expressed	Y	Y	Y	43	pipeline_score=38; farm_logP=7.6; max_variant=25; recommendation_score=43
QTL16	Chr8-26968441	7.60	*	LOC_Os08g42670	8:26968542-26978241	25	25	20	8.0	0.0	0.0	22.0	*	55.0	RAP_Step2_all_TGW_quality.FarmCPUpeak_info	RAP_Step2_all_TGW_quality	LOC_Os08g42670			resistance protein, putative, expressed	N	Y	Y	60	pipeline_score=55; farm_logP=7.6; max_variant=25; recommendation_score=60
QTL16	Chr8-26968441	7.60	*	LOC_Os08g42680	8:26981014-26982303	25	25	25	8.0	0.0	0.0	22.0	*	55.0	RAP_Step2_all_TGW_quality.FarmCPUpeak_info	RAP_Step2_all_TGW_quality	LOC_Os08g42680			expressed protein	N	Y	Y	60	pipeline_score=55; farm_logP=7.6; max_variant=25; recommendation_score=60
QTL16	Chr8-26968441	7.60	*	LOC_Os08g42690	8:26982655-26986692	20	10	25	8.0	0.0	10.0	22.0	*	65.0	RAP_Step2_all_TGW_quality.FarmCPUpeak_info	RAP_Step2_all_TGW_quality	LOC_Os08g42690	XBOS252	XA21 signaling	ankyrin repeat domain containing protein, expressed	N	Y	Y	77	pipeline_score=65; farm_logP=7.6; max_variant=25; symbol=XBOS252; keyword=XA21 signaling; recommendation_score=77
QTL16	Chr8-26968441	7.60	*	LOC_Os08g42700	8:26989664-26997651	20	25	25	8.0	0.0	0.0	18.0	*	51.0	RAP_Step2_all_TGW_quality.FarmCPUpeak_info	RAP_Step2_all_TGW_quality	LOC_Os08g42700			resistance protein, putative, expressed	N	Y	Y	56	pipeline_score=51; farm_logP=7.6; max_variant=25; recommendation_score=56
QTL16	Chr8-26968441	7.60	*	Os08g0539800	8:27016926-27017251	20	10	20	8.0	0.0	0.0	22.0	*	50.0	RAP_Step2_all_TGW_quality.FarmCPUpeak_info	RAP_Step2_all_TGW_quality	Os08g0539800							55	pipeline_score=50; farm_logP=7.6; max_variant=20; recommendation_score=55
QTL16	Chr8-26968441	7.60	*	LOC_Os08g42710	8:27016962-27027229	20	10	25	8.0	0.0	0.0	18.0	*	51.0	RAP_Step2_all_TGW_quality.FarmCPUpeak_info	RAP_Step2_all_TGW_quality	LOC_Os08g42710			NB-ARC domain containing protein, expressed	N	Y	Y	56	pipeline_score=51; farm_logP=7.6; max_variant=25; recommendation_score=56
QTL16	Chr8-26968441	7.60	*	LOC_Os08g42720	8:27027583-27032155	25	25	25	8.0	0.0	0.0	15.0	*	48.0	RAP_Step2_all_TGW_quality.FarmCPUpeak_info	RAP_Step2_all_TGW_quality	LOC_Os08g42720			solute carrier family 35 member F1, putative, expressed	N	Y	Y	53	pipeline_score=48; farm_logP=7.6; max_variant=25; recommendation_score=53
QTL16	Chr8-26968441	7.60	*	LOC_Os08g42730	8:27034929-27038859	5	10	20	8.0	0.0	0.0	15.0	*	43.0	RAP_Step2_all_TGW_quality.FarmCPUpeak_info	RAP_Step2_all_TGW_quality	LOC_Os08g42730			radical SAM enzyme, putative, expressed	N	Y	Y	48	pipeline_score=43; farm_logP=7.6; max_variant=20; recommendation_score=48
QTL16	Chr8-26968441	7.60	*	Os08g0540200	8:27043373-27043691	25	5	20	8.0	0.0	0.0	0.0	*	33.0	RAP_Step2_all_TGW_quality.FarmCPUpeak_info	RAP_Step2_all_TGW_quality	Os08g0540200							38	pipeline_score=33; farm_logP=7.6; max_variant=25; recommendation_score=38
QTL16	Chr8-26968441	7.60	*	LOC_Os08g42740	8:27047369-27055650	*	5	0	8.0	0.0	0.0	10.0	*	23.0	RAP_Step2_all_TGW_quality.FarmCPUpeak_info	RAP_Step2_all_TGW_quality	LOC_Os08g42740			IBR domain containing protein, putative, expressed	N	Y	Y	23	pipeline_score=23; farm_logP=7.6; max_variant=5; recommendation_score=23
QTL16	Chr8-26968441	7.60	*	Os08g0540350	8:27052844-27053297	*	*	*	8.0	0.0	0.0	20.0	*	28.0	RAP_Step2_all_TGW_quality.FarmCPUpeak_info	RAP_Step2_all_TGW_quality	Os08g0540350							28	pipeline_score=28; farm_logP=7.6; recommendation_score=28
QTL16	Chr8-26968441	7.60	*	LOC_Os08g42750	8:27054201-27059375	15	10	20	8.0	0.0	10.0	15.0	*	53.0	RAP_Step2_all_TGW_quality.FarmCPUpeak_info	RAP_Step2_all_TGW_quality	LOC_Os08g42750	OsCPK21	ABA; Kinase; anther; anther development; development; growth; pollen; salinity; salt; salt stress; salt tolerance; seedling; stress; transcription factor	CAMK_CAMK_like.37 - CAMK includes calcium/calmodulin depedent protein kinases, expressed	N	Y	Y	65	pipeline_score=53; farm_logP=7.6; max_variant=20; symbol=OsCPK21; keyword=ABA; Kinase; anther; anther development; development; growth; pollen; salinity; salt; salt stress; salt tolerance; seedling; stress; transcription factor; recommendation_score=65
QTL16	Chr8-26968441	7.60	*	LOC_Os08g42760	8:27064824-27068182	20	25	25	8.0	0.0	0.0	10.0	*	43.0	RAP_Step2_all_TGW_quality.FarmCPUpeak_info	RAP_Step2_all_TGW_quality	LOC_Os08g42760			methyltransferase domain containing protein, expressed	N	Y	Y	48	pipeline_score=43; farm_logP=7.6; max_variant=25; recommendation_score=48
QTL16	Chr8-26968441	7.60	*	LOC_Os08g42770	8:27068715-27069512	20	25	25	8.0	0.0	0.0	10.0	*	43.0	RAP_Step2_all_TGW_quality.FarmCPUpeak_info	RAP_Step2_all_TGW_quality	LOC_Os08g42770			expressed protein	N	Y	Y	48	pipeline_score=43; farm_logP=7.6; max_variant=25; recommendation_score=48
QTL16	Chr8-26968441	7.60	*	LOC_Os08g42780	8:27069939-27070280	20	10	25	8.0	0.0	0.0	18.0	*	51.0	RAP_Step2_all_TGW_quality.FarmCPUpeak_info	RAP_Step2_all_TGW_quality	LOC_Os08g42780			expressed protein	N	Y	Y	56	pipeline_score=51; farm_logP=7.6; max_variant=25; recommendation_score=56
QTL16	Chr8-26968441	7.60	*	LOC_Os08g42790	8:27070868-27071377	20	25	25	8.0	0.0	0.0	22.0	*	55.0	RAP_Step2_all_TGW_quality.FarmCPUpeak_info	RAP_Step2_all_TGW_quality	LOC_Os08g42790			expressed protein	N	Y	Y	60	pipeline_score=55; farm_logP=7.6; max_variant=25; recommendation_score=60
QTL16	Chr8-26968441	7.60	*	LOC_Os08g42800	8:27072335-27072575	15	25	25	8.0	0.0	0.0	10.0	*	43.0	RAP_Step2_all_TGW_quality.FarmCPUpeak_info	RAP_Step2_all_TGW_quality	LOC_Os08g42800			expressed protein	N	Y	Y	48	pipeline_score=43; farm_logP=7.6; max_variant=25; recommendation_score=48
QTL16	Chr8-26968441	7.60	*	LOC_Os08g42810	8:27075116-27075328	25	25	20	8.0	0.0	0.0	0.0	*	33.0	RAP_Step2_all_TGW_quality.FarmCPUpeak_info	RAP_Step2_all_TGW_quality	LOC_Os08g42810			expressed protein	N	Y	Y	38	pipeline_score=33; farm_logP=7.6; max_variant=25; recommendation_score=38
QTL16	Chr8-26968441	7.60	*	LOC_Os08g42820	8:27076890-27078231	25	25	25	8.0	0.0	0.0	0.0	*	33.0	RAP_Step2_all_TGW_quality.FarmCPUpeak_info	RAP_Step2_all_TGW_quality	LOC_Os08g42820			expressed protein	N	Y	Y	38	pipeline_score=33; farm_logP=7.6; max_variant=25; recommendation_score=38
QTL16	Chr8-26968441	7.60	*	LOC_Os08g42830	8:27080685-27084581	25	25	25	8.0	0.0	0.0	0.0	*	33.0	RAP_Step2_all_TGW_quality.FarmCPUpeak_info	RAP_Step2_all_TGW_quality	LOC_Os08g42830			transposon protein, putative, unclassified, expressed	Y	Y	Y	38	pipeline_score=33; farm_logP=7.6; max_variant=25; recommendation_score=38
QTL16	Chr8-26968441	7.60	*	LOC_Os08g42840	8:27086410-27089863	25	25	20	8.0	0.0	10.0	15.0	*	58.0	RAP_Step2_all_TGW_quality.FarmCPUpeak_info	RAP_Step2_all_TGW_quality	LOC_Os08g42840			leucine rich repeat protein, putative, expressed	N	Y	Y	63	pipeline_score=58; farm_logP=7.6; max_variant=25; recommendation_score=63
QTL16	Chr8-26968441	7.60	*	LOC_Os08g42850	8:27090851-27093355	5	5	0	8.0	0.0	0.0	10.0	*	23.0	RAP_Step2_all_TGW_quality.FarmCPUpeak_info	RAP_Step2_all_TGW_quality	LOC_Os08g42850	OsFKBP16-3	abiotic stress; chloroplast; drought; growth; leaf; oxidative; salinity; salt	peptidyl-prolyl cis-trans isomerase, FKBP-type, putative, expressed	N	Y	Y	30	pipeline_score=23; farm_logP=7.6; max_variant=5; symbol=OsFKBP16-3; keyword=abiotic stress; chloroplast; drought; growth; leaf; oxidative; salinity; salt; recommendation_score=30
QTL16	Chr8-26968441	7.60	*	LOC_Os08g42860	8:27098781-27101502	25	25	25	8.0	0.0	0.0	18.0	*	51.0	RAP_Step2_all_TGW_quality.FarmCPUpeak_info	RAP_Step2_all_TGW_quality	LOC_Os08g42860			retrotransposon protein, putative, unclassified, expressed	Y	Y	Y	56	pipeline_score=51; farm_logP=7.6; max_variant=25; recommendation_score=56
QTL16	Chr8-26968441	7.60	*	LOC_Os08g42870	8:27103314-27109475	20	10	0	8.0	0.0	0.0	18.0	*	46.0	RAP_Step2_all_TGW_quality.FarmCPUpeak_info	RAP_Step2_all_TGW_quality	LOC_Os08g42870			expressed protein	N	Y	Y	51	pipeline_score=46; farm_logP=7.6; max_variant=20; recommendation_score=51
QTL16	Chr8-26968441	7.60	*	Os08g0541600	8:27103504-27108086	20	5	20	8.0	0.0	0.0	18.0	*	46.0	RAP_Step2_all_TGW_quality.FarmCPUpeak_info	RAP_Step2_all_TGW_quality	Os08g0541600							51	pipeline_score=46; farm_logP=7.6; max_variant=20; recommendation_score=51
QTL16	Chr8-26968441	7.60	*	LOC_Os08g42880	8:27115601-27116131	20	10	*	8.0	5.0	0.0	22.0	*	55.0	RAP_Step2_all_TGW_quality.FarmCPUpeak_info	RAP_Step2_all_TGW_quality	LOC_Os08g42880			expressed protein	N	Y	Y	60	pipeline_score=55; farm_logP=7.6; max_variant=20; recommendation_score=60
QTL16	Chr8-26968441	7.60	*	LOC_Os08g42890	8:27118803-27119438	20	10	*	8.0	0.0	0.0	18.0	*	46.0	RAP_Step2_all_TGW_quality.FarmCPUpeak_info	RAP_Step2_all_TGW_quality	LOC_Os08g42890			pectinesterase inhibitor domain containing protein, expressed	N	Y	Y	51	pipeline_score=46; farm_logP=7.6; max_variant=20; recommendation_score=51
QTL16	Chr8-26968441	7.60	*	Os08g0541900	8:27120439-27121216	20	*	0	8.0	0.0	0.0	18.0	*	46.0	RAP_Step2_all_TGW_quality.FarmCPUpeak_info	RAP_Step2_all_TGW_quality	Os08g0541900							51	pipeline_score=46; farm_logP=7.6; max_variant=20; recommendation_score=51
QTL16	Chr8-26968441	7.60	*	Os08g0541950	8:27121508-27122420	20	10	0	8.0	0.0	0.0	10.0	*	38.0	RAP_Step2_all_TGW_quality.FarmCPUpeak_info	RAP_Step2_all_TGW_quality	Os08g0541950							43	pipeline_score=38; farm_logP=7.6; max_variant=20; recommendation_score=43
QTL16	Chr8-26968441	7.60	*	LOC_Os08g42910	8:27123639-27127538	20	10	*	8.0	0.0	0.0	10.0	*	38.0	RAP_Step2_all_TGW_quality.FarmCPUpeak_info	RAP_Step2_all_TGW_quality	LOC_Os08g42910			peptidase, M24 family protein, putative, expressed	N	Y	Y	43	pipeline_score=38; farm_logP=7.6; max_variant=20; recommendation_score=43
QTL16	Chr8-26968441	7.60	*	LOC_Os08g42920	8:27127760-27129724	15	10	*	8.0	0.0	0.0	10.0	*	33.0	RAP_Step2_all_TGW_quality.FarmCPUpeak_info	RAP_Step2_all_TGW_quality	LOC_Os08g42920			60S ribosomal protein L7, putative, expressed	N	Y	Y	36	pipeline_score=33; farm_logP=7.6; max_variant=15; recommendation_score=36
QTL16	Chr8-26968441	7.60	*	LOC_Os08g42930	8:27130095-27133725	25	25	20	8.0	0.0	0.0	10.0	*	43.0	RAP_Step2_all_TGW_quality.FarmCPUpeak_info	RAP_Step2_all_TGW_quality	LOC_Os08g42930	NBS8R	bacterial blight; blight; breeding; disease; disease resistance; immune response; immunity; map-based cloning; resistance	disease resistance protein RGA1, putative, expressed	N	Y	Y	55	pipeline_score=43; farm_logP=7.6; max_variant=25; symbol=NBS8R; keyword=bacterial blight; blight; breeding; disease; disease resistance; immune response; immunity; map-based cloning; resistance; recommendation_score=55
QTL16	Chr8-26968441	7.60	*	LOC_Os08g42940	8:27136081-27136287	20	10	10	8.0	0.0	0.0	10.0	*	38.0	RAP_Step2_all_TGW_quality.FarmCPUpeak_info	RAP_Step2_all_TGW_quality	LOC_Os08g42940			expressed protein	N	Y	Y	43	pipeline_score=38; farm_logP=7.6; max_variant=20; recommendation_score=43
QTL16	Chr8-26968441	7.60	*	Os08g0542500	8:27136925-27138149	25	10	20	8.0	0.0	0.0	10.0	*	43.0	RAP_Step2_all_TGW_quality.FarmCPUpeak_info	RAP_Step2_all_TGW_quality	Os08g0542500							48	pipeline_score=43; farm_logP=7.6; max_variant=25; recommendation_score=48
QTL16	Chr8-26968441	7.60	*	LOC_Os08g42950	8:27142260-27144969	15	5	20	8.0	0.0	10.0	15.0	*	53.0	RAP_Step2_all_TGW_quality.FarmCPUpeak_info	RAP_Step2_all_TGW_quality	LOC_Os08g42950			haloacid dehalogenase-like hydrolase family protein, putative, expressed	N	Y	Y	58	pipeline_score=53; farm_logP=7.6; max_variant=20; recommendation_score=58
QTL16	Chr8-26968441	7.60	*	LOC_Os08g42960	8:27156469-27160507	20	10	5	8.0	0.0	0.0	15.0	*	43.0	RAP_Step2_all_TGW_quality.FarmCPUpeak_info	RAP_Step2_all_TGW_quality	LOC_Os08g42960			ankyrin repeat-containing protein, putative, expressed	N	Y	Y	48	pipeline_score=43; farm_logP=7.6; max_variant=20; recommendation_score=48
QTL16	Chr8-26968441	7.60	*	Os08g0542800	8:27159045-27161026	20	5	0	8.0	0.0	0.0	15.0	*	43.0	RAP_Step2_all_TGW_quality.FarmCPUpeak_info	RAP_Step2_all_TGW_quality	Os08g0542800							48	pipeline_score=43; farm_logP=7.6; max_variant=20; recommendation_score=48
QTL16	Chr8-26968441	7.60	*	LOC_Os08g42980	8:27163602-27169220	5	10	10	8.0	0.0	0.0	15.0	*	33.0	RAP_Step2_all_TGW_quality.FarmCPUpeak_info	RAP_Step2_all_TGW_quality	LOC_Os08g42980			la domain containing protein, expressed	Y	Y	Y	36	pipeline_score=33; farm_logP=7.6; max_variant=10; recommendation_score=36
QTL17	Chr9-1063241	9.97	*	LOC_Os09g02190	9:864748-868401	25	25	5	10.0	0.0	0.0	0.0	*	35.0	RAP_Step2_all_TGW_quality.FarmCPUpeak_info	RAP_Step2_all_TGW_quality	LOC_Os09g02190			retrotransposon protein, putative, Ty3-gypsy subclass, expressed	Y	Y	Y	40	pipeline_score=35; farm_logP=9.97; max_variant=25; recommendation_score=40
QTL17	Chr9-1063241	9.97	*	LOC_Os09g02200	9:873791-874087	25	25	5	10.0	0.0	0.0	0.0	*	35.0	RAP_Step2_all_TGW_quality.FarmCPUpeak_info	RAP_Step2_all_TGW_quality	LOC_Os09g02200			expressed protein	N	Y	Y	40	pipeline_score=35; farm_logP=9.97; max_variant=25; recommendation_score=40
QTL17	Chr9-1063241	9.97	*	LOC_Os09g02214	9:878145-890186	18	10	10	10.0	0.0	0.0	10.0	*	38.0	RAP_Step2_all_TGW_quality.FarmCPUpeak_info	RAP_Step2_all_TGW_quality	LOC_Os09g02214	OsNHAD	chloroplast; growth; homeostasis; plant growth; resistance; salt; salt stress; stress; transporter	Citrate transporter protein, putative, expressed	N	Y	Y	48	pipeline_score=38; farm_logP=9.97; max_variant=18; symbol=OsNHAD; keyword=chloroplast; growth; homeostasis; plant growth; resistance; salt; salt stress; stress; transporter; recommendation_score=48
QTL17	Chr9-1063241	9.97	*	LOC_Os09g02230	9:893123-894709	20	10	20	10.0	0.0	0.0	0.0	*	30.0	RAP_Step2_all_TGW_quality.FarmCPUpeak_info	RAP_Step2_all_TGW_quality	LOC_Os09g02230			hypothetical protein	Y	N	Y	35	pipeline_score=30; farm_logP=9.97; max_variant=20; recommendation_score=35
QTL17	Chr9-1063241	9.97	*	LOC_Os09g02240	9:900864-901142	20	25	*	10.0	0.0	0.0	0.0	*	35.0	RAP_Step2_all_TGW_quality.FarmCPUpeak_info	RAP_Step2_all_TGW_quality	LOC_Os09g02240			expressed protein	N	Y	Y	40	pipeline_score=35; farm_logP=9.97; max_variant=25; recommendation_score=40
QTL17	Chr9-1063241	9.97	*	LOC_Os09g02250	9:906618-909933	20	10	10	10.0	0.0	0.0	20.0	*	50.0	RAP_Step2_all_TGW_quality.FarmCPUpeak_info	RAP_Step2_all_TGW_quality	LOC_Os09g02250			transposon protein, putative, unclassified, expressed	Y	Y	Y	55	pipeline_score=50; farm_logP=9.97; max_variant=20; recommendation_score=55
QTL17	Chr9-1063241	9.97	*	Os09g0110151	9:907007-908637	5	5	*	10.0	0.0	0.0	22.0	*	37.0	RAP_Step2_all_TGW_quality.FarmCPUpeak_info	RAP_Step2_all_TGW_quality	Os09g0110151							37	pipeline_score=37; farm_logP=9.97; max_variant=5; recommendation_score=37
QTL17	Chr9-1063241	9.97	*	LOC_Os09g02260	9:915351-918134	15	10	*	10.0	0.0	0.0	15.0	*	40.0	RAP_Step2_all_TGW_quality.FarmCPUpeak_info	RAP_Step2_all_TGW_quality	LOC_Os09g02260			PPR repeat containing protein, putative, expressed	N	Y	Y	43	pipeline_score=40; farm_logP=9.97; max_variant=15; recommendation_score=43
QTL17	Chr9-1063241	9.97	*	LOC_Os09g02270	9:920565-926016	5	25	*	10.0	0.0	0.0	5.0	*	40.0	RAP_Step2_all_TGW_quality.FarmCPUpeak_info	RAP_Step2_all_TGW_quality	LOC_Os09g02270			cyclase family protein, putative, expressed	N	Y	Y	45	pipeline_score=40; farm_logP=9.97; max_variant=25; recommendation_score=45
QTL17	Chr9-1063241	9.97	*	LOC_Os09g02284	9:927068-934087	5	10	*	10.0	0.0	0.0	18.0	*	38.0	RAP_Step2_all_TGW_quality.FarmCPUpeak_info	RAP_Step2_all_TGW_quality	LOC_Os09g02284			DNA-directed RNA polymerase subunit, putative, expressed	N	Y	Y	41	pipeline_score=38; farm_logP=9.97; max_variant=10; recommendation_score=41
QTL17	Chr9-1063241	9.97	*	LOC_Os09g02300	9:937054-938291	5	25	20	10.0	0.0	0.0	20.0	*	55.0	RAP_Step2_all_TGW_quality.FarmCPUpeak_info	RAP_Step2_all_TGW_quality	LOC_Os09g02300			expressed protein	N	Y	Y	60	pipeline_score=55; farm_logP=9.97; max_variant=25; recommendation_score=60
QTL17	Chr9-1063241	9.97	*	LOC_Os09g02310	9:947473-948054	20	25	5	10.0	0.0	0.0	0.0	*	35.0	RAP_Step2_all_TGW_quality.FarmCPUpeak_info	RAP_Step2_all_TGW_quality	LOC_Os09g02310			hypothetical protein	N	N	Y	40	pipeline_score=35; farm_logP=9.97; max_variant=25; recommendation_score=40
QTL17	Chr9-1063241	9.97	*	LOC_Os09g02320	9:953032-954641	25	5	*	10.0	0.0	0.0	0.0	*	35.0	RAP_Step2_all_TGW_quality.FarmCPUpeak_info	RAP_Step2_all_TGW_quality	LOC_Os09g02320			retrotransposon protein, putative, unclassified	Y	N	Y	40	pipeline_score=35; farm_logP=9.97; max_variant=25; recommendation_score=40
QTL17	Chr9-1063241	9.97	*	LOC_Os09g02330	9:957941-958726	20	5	*	10.0	0.0	0.0	0.0	*	30.0	RAP_Step2_all_TGW_quality.FarmCPUpeak_info	RAP_Step2_all_TGW_quality	LOC_Os09g02330			expressed protein	N	Y	Y	35	pipeline_score=30; farm_logP=9.97; max_variant=20; recommendation_score=35
QTL17	Chr9-1063241	9.97	*	LOC_Os09g02340	9:960331-962386	5	10	*	10.0	0.0	0.0	0.0	*	20.0	RAP_Step2_all_TGW_quality.FarmCPUpeak_info	RAP_Step2_all_TGW_quality	LOC_Os09g02340			hypothetical protein	N	N	Y	23	pipeline_score=20; farm_logP=9.97; max_variant=10; recommendation_score=23
QTL17	Chr9-1063241	9.97	*	Os09g0110750	9:966611-966907	25	5	0	10.0	0.0	0.0	10.0	*	45.0	RAP_Step2_all_TGW_quality.FarmCPUpeak_info	RAP_Step2_all_TGW_quality	Os09g0110750							50	pipeline_score=45; farm_logP=9.97; max_variant=25; recommendation_score=50
QTL17	Chr9-1063241	9.97	*	LOC_Os09g02350	9:967405-967752	20	25	0	10.0	0.0	0.0	0.0	*	35.0	RAP_Step2_all_TGW_quality.FarmCPUpeak_info	RAP_Step2_all_TGW_quality	LOC_Os09g02350			expressed protein	N	Y	Y	40	pipeline_score=35; farm_logP=9.97; max_variant=25; recommendation_score=40
QTL17	Chr9-1063241	9.97	*	LOC_Os09g02360	9:969662-971670	5	10	*	10.0	0.0	17.0	22.0	*	59.0	RAP_Step2_all_TGW_quality.FarmCPUpeak_info	RAP_Step2_all_TGW_quality	LOC_Os09g02360	OsCYCD3;1	axillary meristem; cell division; meristem	cyclin, putative, expressed	N	Y	Y	69	pipeline_score=59; farm_logP=9.97; max_variant=10; symbol=OsCYCD3;1; keyword=axillary meristem; cell division; meristem; recommendation_score=69
QTL17	Chr9-1063241	9.97	*	Os09g0111300	9:977382-978919	5	10	10	10.0	0.0	0.0	0.0	*	20.0	RAP_Step2_all_TGW_quality.FarmCPUpeak_info	RAP_Step2_all_TGW_quality	Os09g0111300							23	pipeline_score=20; farm_logP=9.97; max_variant=10; recommendation_score=23
QTL17	Chr9-1063241	9.97	*	LOC_Os09g02370	9:979181-981195	20	25	0	10.0	0.0	0.0	0.0	*	35.0	RAP_Step2_all_TGW_quality.FarmCPUpeak_info	RAP_Step2_all_TGW_quality	LOC_Os09g02370			expressed protein	N	Y	Y	40	pipeline_score=35; farm_logP=9.97; max_variant=25; recommendation_score=40
QTL17	Chr9-1063241	9.97	*	LOC_Os09g02380	9:982778-983332	20	25	5	10.0	0.0	0.0	0.0	*	35.0	RAP_Step2_all_TGW_quality.FarmCPUpeak_info	RAP_Step2_all_TGW_quality	LOC_Os09g02380			expressed protein	N	Y	Y	40	pipeline_score=35; farm_logP=9.97; max_variant=25; recommendation_score=40
QTL17	Chr9-1063241	9.97	*	LOC_Os09g02390	9:987487-987860	25	10	25	10.0	0.0	0.0	0.0	*	35.0	RAP_Step2_all_TGW_quality.FarmCPUpeak_info	RAP_Step2_all_TGW_quality	LOC_Os09g02390			expressed protein	N	Y	Y	40	pipeline_score=35; farm_logP=9.97; max_variant=25; recommendation_score=40
QTL17	Chr9-1063241	9.97	*	LOC_Os09g02400	9:993245-995642	5	10	*	10.0	0.0	0.0	15.0	*	35.0	RAP_Step2_all_TGW_quality.FarmCPUpeak_info	RAP_Step2_all_TGW_quality	LOC_Os09g02400			RNA-binding region RNP-1, putative, expressed	N	Y	Y	38	pipeline_score=35; farm_logP=9.97; max_variant=10; recommendation_score=38
QTL17	Chr9-1063241	9.97	*	LOC_Os09g02410	9:996050-997725	25	25	0	10.0	0.0	0.0	15.0	*	50.0	RAP_Step2_all_TGW_quality.FarmCPUpeak_info	RAP_Step2_all_TGW_quality	LOC_Os09g02410			S-domain receptor-like protein kinase, putative, expressed	N	Y	Y	55	pipeline_score=50; farm_logP=9.97; max_variant=25; recommendation_score=55
QTL17	Chr9-1063241	9.97	*	LOC_Os09g02420	9:1001951-1003281	20	25	25	10.0	0.0	0.0	18.0	*	53.0	RAP_Step2_all_TGW_quality.FarmCPUpeak_info	RAP_Step2_all_TGW_quality	LOC_Os09g02420			expressed protein	N	Y	Y	58	pipeline_score=53; farm_logP=9.97; max_variant=25; recommendation_score=58
QTL17	Chr9-1063241	9.97	*	LOC_Os09g02430	9:1004686-1004943	20	5	25	10.0	0.0	0.0	18.0	*	53.0	RAP_Step2_all_TGW_quality.FarmCPUpeak_info	RAP_Step2_all_TGW_quality	LOC_Os09g02430			expressed protein	N	Y	Y	58	pipeline_score=53; farm_logP=9.97; max_variant=25; recommendation_score=58
QTL17	Chr9-1063241	9.97	*	Os09g0112300	9:1005012-1005350	*	5	*	10.0	0.0	0.0	18.0	*	33.0	RAP_Step2_all_TGW_quality.FarmCPUpeak_info	RAP_Step2_all_TGW_quality	Os09g0112300							33	pipeline_score=33; farm_logP=9.97; max_variant=5; recommendation_score=33
QTL17	Chr9-1063241	9.97	*	LOC_Os09g02440	9:1006780-1012534	5	10	0	10.0	0.0	0.0	15.0	*	35.0	RAP_Step2_all_TGW_quality.FarmCPUpeak_info	RAP_Step2_all_TGW_quality	LOC_Os09g02440			DCL, chloroplast precursor, putative, expressed	N	Y	Y	38	pipeline_score=35; farm_logP=9.97; max_variant=10; recommendation_score=38
QTL17	Chr9-1063241	9.97	*	LOC_Os09g02450	9:1015115-1015456	25	10	5	10.0	0.0	0.0	0.0	*	35.0	RAP_Step2_all_TGW_quality.FarmCPUpeak_info	RAP_Step2_all_TGW_quality	LOC_Os09g02450			expressed protein	N	Y	Y	40	pipeline_score=35; farm_logP=9.97; max_variant=25; recommendation_score=40
QTL17	Chr9-1063241	9.97	*	LOC_Os09g02460	9:1018949-1022957	25	25	25	10.0	0.0	0.0	0.0	*	35.0	RAP_Step2_all_TGW_quality.FarmCPUpeak_info	RAP_Step2_all_TGW_quality	LOC_Os09g02460			retrotransposon protein, putative, Ty3-gypsy subclass, expressed	Y	Y	Y	40	pipeline_score=35; farm_logP=9.97; max_variant=25; recommendation_score=40
QTL17	Chr9-1063241	9.97	*	LOC_Os09g02470	9:1026975-1028866	20	25	20	10.0	0.0	0.0	0.0	*	35.0	RAP_Step2_all_TGW_quality.FarmCPUpeak_info	RAP_Step2_all_TGW_quality	LOC_Os09g02470			hypothetical protein	N	N	Y	40	pipeline_score=35; farm_logP=9.97; max_variant=25; recommendation_score=40
QTL17	Chr9-1063241	9.97	*	LOC_Os09g02480	9:1030014-1031107	25	25	5	10.0	0.0	0.0	0.0	*	35.0	RAP_Step2_all_TGW_quality.FarmCPUpeak_info	RAP_Step2_all_TGW_quality	LOC_Os09g02480			hypothetical protein	Y	N	Y	40	pipeline_score=35; farm_logP=9.97; max_variant=25; recommendation_score=40
QTL17	Chr9-1063241	9.97	*	LOC_Os09g02490	9:1031306-1033991	25	25	25	10.0	0.0	0.0	0.0	*	35.0	RAP_Step2_all_TGW_quality.FarmCPUpeak_info	RAP_Step2_all_TGW_quality	LOC_Os09g02490			transposon protein, putative, CACTA, En/Spm sub-class, expressed	Y	Y	Y	40	pipeline_score=35; farm_logP=9.97; max_variant=25; recommendation_score=40
QTL17	Chr9-1063241	9.97	*	LOC_Os09g02500	9:1035701-1038942	25	25	25	10.0	0.0	0.0	5.0	*	40.0	RAP_Step2_all_TGW_quality.FarmCPUpeak_info	RAP_Step2_all_TGW_quality	LOC_Os09g02500			transposon protein, putative, CACTA, En/Spm sub-class, expressed	Y	Y	Y	45	pipeline_score=40; farm_logP=9.97; max_variant=25; recommendation_score=45
QTL17	Chr9-1063241	9.97	*	LOC_Os09g02510	9:1048804-1051501	20	25	*	10.0	0.0	0.0	0.0	*	35.0	RAP_Step2_all_TGW_quality.FarmCPUpeak_info	RAP_Step2_all_TGW_quality	LOC_Os09g02510			expressed protein	N	Y	Y	40	pipeline_score=35; farm_logP=9.97; max_variant=25; recommendation_score=40
QTL17	Chr9-1063241	9.97	*	LOC_Os09g02520	9:1052451-1052870	25	25	*	10.0	0.0	0.0	0.0	*	35.0	RAP_Step2_all_TGW_quality.FarmCPUpeak_info	RAP_Step2_all_TGW_quality	LOC_Os09g02520			expressed protein	Y	Y	Y	40	pipeline_score=35; farm_logP=9.97; max_variant=25; recommendation_score=40
QTL17	Chr9-1063241	9.97	*	LOC_Os09g02530	9:1055332-1056395	5	10	*	10.0	0.0	0.0	15.0	*	35.0	RAP_Step2_all_TGW_quality.FarmCPUpeak_info	RAP_Step2_all_TGW_quality	LOC_Os09g02530			cyclin-like F-box, putative, expressed	N	Y	Y	38	pipeline_score=35; farm_logP=9.97; max_variant=10; recommendation_score=38
QTL17	Chr9-1063241	9.97	*	LOC_Os09g02540	9:1059839-1060630	25	25	*	10.0	0.0	10.0	15.0	*	60.0	RAP_Step2_all_TGW_quality.FarmCPUpeak_info	RAP_Step2_all_TGW_quality	LOC_Os09g02540			expressed protein	N	Y	Y	65	pipeline_score=60; farm_logP=9.97; max_variant=25; recommendation_score=65
QTL17	Chr9-1063241	9.97	*	LOC_Os09g02550	9:1061676-1062128	25	5	5	10.0	0.0	0.0	0.0	*	35.0	RAP_Step2_all_TGW_quality.FarmCPUpeak_info	RAP_Step2_all_TGW_quality	LOC_Os09g02550			expressed protein	N	Y	Y	40	pipeline_score=35; farm_logP=9.97; max_variant=25; recommendation_score=40
QTL17	Chr9-1063241	9.97	*	LOC_Os09g02560	9:1064176-1064888	20	25	0	10.0	0.0	0.0	0.0	*	35.0	RAP_Step2_all_TGW_quality.FarmCPUpeak_info	RAP_Step2_all_TGW_quality	LOC_Os09g02560			expressed protein	N	Y	Y	40	pipeline_score=35; farm_logP=9.97; max_variant=25; recommendation_score=40
QTL17	Chr9-1063241	9.97	*	LOC_Os09g02570	9:1070950-1071345	20	25	5	10.0	0.0	0.0	0.0	*	35.0	RAP_Step2_all_TGW_quality.FarmCPUpeak_info	RAP_Step2_all_TGW_quality	LOC_Os09g02570			hypothetical protein	N	N	Y	40	pipeline_score=35; farm_logP=9.97; max_variant=25; recommendation_score=40
QTL17	Chr9-1063241	9.97	*	LOC_Os09g02580	9:1075066-1075317	25	25	5	10.0	0.0	0.0	0.0	*	35.0	RAP_Step2_all_TGW_quality.FarmCPUpeak_info	RAP_Step2_all_TGW_quality	LOC_Os09g02580			hypothetical protein	N	N	Y	40	pipeline_score=35; farm_logP=9.97; max_variant=25; recommendation_score=40
QTL17	Chr9-1063241	9.97	*	LOC_Os09g02600	9:1110848-1116804	25	25	25	10.0	0.0	0.0	0.0	*	35.0	RAP_Step2_all_TGW_quality.FarmCPUpeak_info	RAP_Step2_all_TGW_quality	LOC_Os09g02600			conserved hypothetical protein	Y	N	Y	40	pipeline_score=35; farm_logP=9.97; max_variant=25; recommendation_score=40
QTL17	Chr9-1063241	9.97	*	LOC_Os09g02620	9:1125905-1127343	20	25	25	10.0	0.0	0.0	0.0	*	35.0	RAP_Step2_all_TGW_quality.FarmCPUpeak_info	RAP_Step2_all_TGW_quality	LOC_Os09g02620			hypothetical protein	N	N	Y	40	pipeline_score=35; farm_logP=9.97; max_variant=25; recommendation_score=40
QTL17	Chr9-1063241	9.97	*	LOC_Os09g02630	9:1132915-1138667	25	25	*	10.0	0.0	0.0	5.0	*	40.0	RAP_Step2_all_TGW_quality.FarmCPUpeak_info	RAP_Step2_all_TGW_quality	LOC_Os09g02630			retrotransposon protein, putative, unclassified, expressed	Y	Y	Y	45	pipeline_score=40; farm_logP=9.97; max_variant=25; recommendation_score=45
QTL17	Chr9-1063241	9.97	*	LOC_Os09g02640	9:1146802-1147462	20	5	25	10.0	0.0	0.0	0.0	*	35.0	RAP_Step2_all_TGW_quality.FarmCPUpeak_info	RAP_Step2_all_TGW_quality	LOC_Os09g02640			expressed protein	N	Y	Y	40	pipeline_score=35; farm_logP=9.97; max_variant=25; recommendation_score=40
QTL17	Chr9-1063241	9.97	*	LOC_Os09g02650	9:1158082-1167873	5	10	*	10.0	0.0	0.0	18.0	*	38.0	RAP_Step2_all_TGW_quality.FarmCPUpeak_info	RAP_Step2_all_TGW_quality	LOC_Os09g02650	BC12|GDD1|LGW|YD1	ga ; cell division; cell elongation; cellulose; culm; development; dwarf; grain; grain length; grain size; grain weight; leaf; leaf color; nucleus; root	kinesin motor domain containing protein, putative, expressed	N	Y	Y	48	pipeline_score=38; farm_logP=9.97; max_variant=10; symbol=BC12|GDD1|LGW|YD1; keyword=ga ; cell division; cell elongation; cellulose; culm; development; dwarf; grain; grain length; grain size; grain weight; leaf; leaf color; nucleus; root; recommendation_score=48
QTL17	Chr9-1063241	9.97	*	Os09g0114566	9:1168276-1168348	*	*	*	10.0	0.0	0.0	0.0	*	10.0	RAP_Step2_all_TGW_quality.FarmCPUpeak_info	RAP_Step2_all_TGW_quality	Os09g0114566							10	pipeline_score=10; farm_logP=9.97; recommendation_score=10
QTL17	Chr9-1063241	9.97	*	Os09g0114700	9:1170025-1173039	20	5	10	10.0	0.0	0.0	20.0	*	50.0	RAP_Step2_all_TGW_quality.FarmCPUpeak_info	RAP_Step2_all_TGW_quality	Os09g0114700							55	pipeline_score=50; farm_logP=9.97; max_variant=20; recommendation_score=55
QTL17	Chr9-1063241	9.97	*	Os09g0114933	9:1180632-1180703	*	1	*	10.0	0.0	0.0	0.0	*	11.0	RAP_Step2_all_TGW_quality.FarmCPUpeak_info	RAP_Step2_all_TGW_quality	Os09g0114933							11	pipeline_score=11; farm_logP=9.97; max_variant=1; recommendation_score=11
QTL17	Chr9-1063241	9.97	*	LOC_Os09g02670	9:1185261-1185536	20	*	*	10.0	0.0	0.0	0.0	*	30.0	RAP_Step2_all_TGW_quality.FarmCPUpeak_info	RAP_Step2_all_TGW_quality	LOC_Os09g02670			expressed protein	N	Y	Y	35	pipeline_score=30; farm_logP=9.97; max_variant=20; recommendation_score=35
QTL17	Chr9-1063241	9.97	*	LOC_Os09g02680	9:1189403-1193805	25	25	0	10.0	0.0	0.0	0.0	*	35.0	RAP_Step2_all_TGW_quality.FarmCPUpeak_info	RAP_Step2_all_TGW_quality	LOC_Os09g02680			retrotransposon protein, putative, unclassified	Y	N	Y	40	pipeline_score=35; farm_logP=9.97; max_variant=25; recommendation_score=40
QTL17	Chr9-1063241	9.97	*	LOC_Os09g02690	9:1199205-1211378	20	10	10	10.0	0.0	0.0	22.0	*	52.0	RAP_Step2_all_TGW_quality.FarmCPUpeak_info	RAP_Step2_all_TGW_quality	LOC_Os09g02690			expressed protein	N	Y	Y	57	pipeline_score=52; farm_logP=9.97; max_variant=20; recommendation_score=57
QTL17	Chr9-1063241	9.97	*	Os09g0115166	9:1205307-1205930	*	*	*	10.0	0.0	0.0	22.0	*	32.0	RAP_Step2_all_TGW_quality.FarmCPUpeak_info	RAP_Step2_all_TGW_quality	Os09g0115166							32	pipeline_score=32; farm_logP=9.97; recommendation_score=32
QTL17	Chr9-1063241	9.97	*	LOC_Os09g02700	9:1212856-1218011	5	10	10	10.0	0.0	17.0	15.0	*	52.0	RAP_Step2_all_TGW_quality.FarmCPUpeak_info	RAP_Step2_all_TGW_quality	LOC_Os09g02700			polyadenylate-binding protein, putative, expressed	N	Y	Y	55	pipeline_score=52; farm_logP=9.97; max_variant=10; recommendation_score=55
QTL17	Chr9-1063241	9.97	*	Os09g0115466	9:1213266-1217909	5	5	*	10.0	0.0	0.0	18.0	*	33.0	RAP_Step2_all_TGW_quality.FarmCPUpeak_info	RAP_Step2_all_TGW_quality	Os09g0115466							33	pipeline_score=33; farm_logP=9.97; max_variant=5; recommendation_score=33
QTL17	Chr9-1063241	9.97	*	LOC_Os09g02710	9:1221088-1224778	5	10	5	10.0	0.0	0.0	10.0	*	30.0	RAP_Step2_all_TGW_quality.FarmCPUpeak_info	RAP_Step2_all_TGW_quality	LOC_Os09g02710			CBS domain containing membrane protein, putative, expressed	N	Y	Y	33	pipeline_score=30; farm_logP=9.97; max_variant=10; recommendation_score=33
QTL17	Chr9-1063241	9.97	*	LOC_Os09g02729	9:1226547-1238533	5	5	5	10.0	0.0	0.0	18.0	*	33.0	RAP_Step2_all_TGW_quality.FarmCPUpeak_info	RAP_Step2_all_TGW_quality	LOC_Os09g02729			phospholipase C, putative, expressed	N	Y	Y	33	pipeline_score=33; farm_logP=9.97; max_variant=5; recommendation_score=33
QTL17	Chr9-1063241	9.97	*	LOC_Os09g02750	9:1240588-1243978	25	25	0	10.0	0.0	0.0	10.0	*	45.0	RAP_Step2_all_TGW_quality.FarmCPUpeak_info	RAP_Step2_all_TGW_quality	LOC_Os09g02750			expressed protein	Y	Y	Y	50	pipeline_score=45; farm_logP=9.97; max_variant=25; recommendation_score=50
QTL17	Chr9-1063241	9.97	*	LOC_Os09g02760	9:1248567-1252789	25	25	25	10.0	0.0	0.0	0.0	*	35.0	RAP_Step2_all_TGW_quality.FarmCPUpeak_info	RAP_Step2_all_TGW_quality	LOC_Os09g02760			retrotransposon protein, putative, Ty1-copia subclass, expressed	Y	Y	Y	40	pipeline_score=35; farm_logP=9.97; max_variant=25; recommendation_score=40
QTL17	Chr9-1063241	9.97	*	LOC_Os09g02770	9:1255785-1257020	20	10	20	10.0	0.0	10.0	10.0	*	50.0	RAP_Step2_all_TGW_quality.FarmCPUpeak_info	RAP_Step2_all_TGW_quality	LOC_Os09g02770			translation initiation factor IF-2, putative, expressed	N	Y	Y	55	pipeline_score=50; farm_logP=9.97; max_variant=20; recommendation_score=55
QTL18	Chr9-6110431	6.02	*	LOC_Os09g10840	9:5918077-5929775	20	10	0	4.0	0.0	0.0	10.0	*	34.0	RAP_Step2_all_TGW_quality.FarmCPUpeak_info	RAP_Step2_all_TGW_quality	LOC_Os09g10840			transcription factor, putative, expressed	N	Y	Y	39	pipeline_score=34; farm_logP=6.02; max_variant=20; recommendation_score=39
QTL18	Chr9-6110431	6.02	*	LOC_Os09g10850	9:5935331-5940418	5	10	*	4.0	0.0	0.0	15.0	*	29.0	RAP_Step2_all_TGW_quality.FarmCPUpeak_info	RAP_Step2_all_TGW_quality	LOC_Os09g10850	OsMFS1	anther; development; homologous recombination; male sterility; map-based cloning; meiosis; meiotic; nucleus; pollen; reproductive; sterile; sterility	meiotic coiled-coil protein 7, putative, expressed	N	Y	Y	39	pipeline_score=29; farm_logP=6.02; max_variant=10; symbol=OsMFS1; keyword=anther; development; homologous recombination; male sterility; map-based cloning; meiosis; meiotic; nucleus; pollen; reproductive; sterile; sterility; recommendation_score=39
QTL18	Chr9-6110431	6.02	*	Os09g0280750	9:5943105-5946887	20	25	0	4.0	0.0	0.0	10.0	*	39.0	RAP_Step2_all_TGW_quality.FarmCPUpeak_info	RAP_Step2_all_TGW_quality	Os09g0280750							44	pipeline_score=39; farm_logP=6.02; max_variant=25; recommendation_score=44
QTL18	Chr9-6110431	6.02	*	LOC_Os09g10860	9:5943545-5943847	20	5	5	4.0	5.0	0.0	18.0	*	47.0	RAP_Step2_all_TGW_quality.FarmCPUpeak_info	RAP_Step2_all_TGW_quality	LOC_Os09g10860			expressed protein	N	Y	Y	52	pipeline_score=47; farm_logP=6.02; max_variant=20; recommendation_score=52
QTL18	Chr9-6110431	6.02	*	LOC_Os09g10865	9:5950962-5951439	20	25	0	4.0	0.0	0.0	0.0	*	29.0	RAP_Step2_all_TGW_quality.FarmCPUpeak_info	RAP_Step2_all_TGW_quality	LOC_Os09g10865			expressed protein	N	Y	Y	34	pipeline_score=29; farm_logP=6.02; max_variant=25; recommendation_score=34
QTL18	Chr9-6110431	6.02	*	LOC_Os09g10870	9:5954108-5958902	25	25	25	4.0	0.0	0.0	0.0	*	29.0	RAP_Step2_all_TGW_quality.FarmCPUpeak_info	RAP_Step2_all_TGW_quality	LOC_Os09g10870			retrotransposon protein, putative, unclassified, expressed	Y	Y	Y	34	pipeline_score=29; farm_logP=6.02; max_variant=25; recommendation_score=34
QTL18	Chr9-6110431	6.02	*	LOC_Os09g10880	9:5961154-5966211	25	25	25	4.0	0.0	0.0	0.0	*	29.0	RAP_Step2_all_TGW_quality.FarmCPUpeak_info	RAP_Step2_all_TGW_quality	LOC_Os09g10880			expressed protein	N	Y	Y	34	pipeline_score=29; farm_logP=6.02; max_variant=25; recommendation_score=34
QTL18	Chr9-6110431	6.02	*	LOC_Os09g10890	9:5971976-5977219	25	25	25	4.0	0.0	0.0	0.0	*	29.0	RAP_Step2_all_TGW_quality.FarmCPUpeak_info	RAP_Step2_all_TGW_quality	LOC_Os09g10890			retrotransposon protein, putative, unclassified, expressed	Y	Y	Y	34	pipeline_score=29; farm_logP=6.02; max_variant=25; recommendation_score=34
QTL18	Chr9-6110431	6.02	*	LOC_Os09g10900	9:5986513-5989914	25	25	25	4.0	0.0	0.0	0.0	*	29.0	RAP_Step2_all_TGW_quality.FarmCPUpeak_info	RAP_Step2_all_TGW_quality	LOC_Os09g10900			retrotransposon protein, putative, unclassified, expressed	Y	Y	Y	34	pipeline_score=29; farm_logP=6.02; max_variant=25; recommendation_score=34
QTL18	Chr9-6110431	6.02	*	LOC_Os09g10910	9:5991120-5996533	20	10	15	4.0	0.0	0.0	18.0	*	42.0	RAP_Step2_all_TGW_quality.FarmCPUpeak_info	RAP_Step2_all_TGW_quality	LOC_Os09g10910			fiber protein Fb34, putative, expressed	N	Y	Y	47	pipeline_score=42; farm_logP=6.02; max_variant=20; recommendation_score=47
QTL18	Chr9-6110431	6.02	*	Os09g0281450	9:5991724-5991936	20	*	*	4.0	0.0	0.0	22.0	*	46.0	RAP_Step2_all_TGW_quality.FarmCPUpeak_info	RAP_Step2_all_TGW_quality	Os09g0281450							51	pipeline_score=46; farm_logP=6.02; max_variant=20; recommendation_score=51
QTL18	Chr9-6110431	6.02	*	LOC_Os09g10920	9:6001875-6006452	25	25	25	4.0	0.0	0.0	5.0	*	34.0	RAP_Step2_all_TGW_quality.FarmCPUpeak_info	RAP_Step2_all_TGW_quality	LOC_Os09g10920			retrotransposon protein, putative, Ty3-gypsy subclass	Y	N	Y	39	pipeline_score=34; farm_logP=6.02; max_variant=25; recommendation_score=39
QTL18	Chr9-6110431	6.02	*	LOC_Os09g10930	9:6016388-6020410	5	10	5	4.0	0.0	0.0	15.0	*	29.0	RAP_Step2_all_TGW_quality.FarmCPUpeak_info	RAP_Step2_all_TGW_quality	LOC_Os09g10930			gamma response I protein, putative, expressed	N	Y	Y	32	pipeline_score=29; farm_logP=6.02; max_variant=10; recommendation_score=32
QTL18	Chr9-6110431	6.02	*	Os09g0281650	9:6018908-6020970	*	25	*	4.0	0.0	0.0	18.0	*	47.0	RAP_Step2_all_TGW_quality.FarmCPUpeak_info	RAP_Step2_all_TGW_quality	Os09g0281650							52	pipeline_score=47; farm_logP=6.02; max_variant=25; recommendation_score=52
QTL18	Chr9-6110431	6.02	*	LOC_Os09g10940	9:6021898-6025706	5	10	*	4.0	0.0	10.0	15.0	*	39.0	RAP_Step2_all_TGW_quality.FarmCPUpeak_info	RAP_Step2_all_TGW_quality	LOC_Os09g10940	RGP1	cell wall; cellulose; dwarf; growth; seedling; starch	ras-related protein, putative, expressed	N	Y	Y	49	pipeline_score=39; farm_logP=6.02; max_variant=10; symbol=RGP1; keyword=cell wall; cellulose; dwarf; growth; seedling; starch; recommendation_score=49
QTL18	Chr9-6110431	6.02	*	Os09g0281750	9:6022428-6025337	5	5	*	4.0	0.0	0.0	18.0	*	27.0	RAP_Step2_all_TGW_quality.FarmCPUpeak_info	RAP_Step2_all_TGW_quality	Os09g0281750							27	pipeline_score=27; farm_logP=6.02; max_variant=5; recommendation_score=27
QTL18	Chr9-6110431	6.02	*	LOC_Os09g10950	9:6031213-6035259	20	10	*	4.0	0.0	0.0	15.0	*	39.0	RAP_Step2_all_TGW_quality.FarmCPUpeak_info	RAP_Step2_all_TGW_quality	LOC_Os09g10950			expressed protein	N	Y	Y	44	pipeline_score=39; farm_logP=6.02; max_variant=20; recommendation_score=44
QTL18	Chr9-6110431	6.02	*	Os09g0281850	9:6033956-6035032	20	5	*	4.0	0.0	0.0	18.0	*	42.0	RAP_Step2_all_TGW_quality.FarmCPUpeak_info	RAP_Step2_all_TGW_quality	Os09g0281850							47	pipeline_score=42; farm_logP=6.02; max_variant=20; recommendation_score=47
QTL18	Chr9-6110431	6.02	*	LOC_Os09g10960	9:6037880-6049276	20	10	0	4.0	0.0	10.0	15.0	*	49.0	RAP_Step2_all_TGW_quality.FarmCPUpeak_info	RAP_Step2_all_TGW_quality	LOC_Os09g10960			SWP, putative, expressed	N	Y	Y	54	pipeline_score=49; farm_logP=6.02; max_variant=20; recommendation_score=54
QTL18	Chr9-6110431	6.02	*	LOC_Os09g10970	9:6059397-6059716	20	5	5	4.0	5.0	0.0	0.0	*	29.0	RAP_Step2_all_TGW_quality.FarmCPUpeak_info	RAP_Step2_all_TGW_quality	LOC_Os09g10970			expressed protein	N	Y	Y	34	pipeline_score=29; farm_logP=6.02; max_variant=20; recommendation_score=34
QTL18	Chr9-6110431	6.02	*	LOC_Os09g10980	9:6061400-6066866	20	25	0	4.0	5.0	10.0	20.0	*	64.0	RAP_Step2_all_TGW_quality.FarmCPUpeak_info	RAP_Step2_all_TGW_quality	LOC_Os09g10980			ZOS9-02 - C2H2 zinc finger protein, expressed	N	Y	Y	69	pipeline_score=64; farm_logP=6.02; max_variant=25; recommendation_score=69
QTL18	Chr9-6110431	6.02	*	LOC_Os09g10990	9:6071436-6071951	20	5	5	4.0	5.0	0.0	0.0	*	29.0	RAP_Step2_all_TGW_quality.FarmCPUpeak_info	RAP_Step2_all_TGW_quality	LOC_Os09g10990			transposon protein, putative, CACTA, En/Spm sub-class, expressed	Y	Y	Y	34	pipeline_score=29; farm_logP=6.02; max_variant=20; recommendation_score=34
QTL18	Chr9-6110431	6.02	*	LOC_Os09g11000	9:6084183-6084690	20	5	5	4.0	5.0	0.0	0.0	*	29.0	RAP_Step2_all_TGW_quality.FarmCPUpeak_info	RAP_Step2_all_TGW_quality	LOC_Os09g11000			expressed protein	N	Y	Y	34	pipeline_score=29; farm_logP=6.02; max_variant=20; recommendation_score=34
QTL18	Chr9-6110431	6.02	*	LOC_Os09g11005	9:6093906-6095176	20	10	10	4.0	5.0	0.0	10.0	*	39.0	RAP_Step2_all_TGW_quality.FarmCPUpeak_info	RAP_Step2_all_TGW_quality	LOC_Os09g11005			expressed protein	N	Y	Y	44	pipeline_score=39; farm_logP=6.02; max_variant=20; recommendation_score=44
QTL18	Chr9-6110431	6.02	*	LOC_Os09g11010	9:6100888-6104613	20	25	5	4.0	0.0	0.0	0.0	*	29.0	RAP_Step2_all_TGW_quality.FarmCPUpeak_info	RAP_Step2_all_TGW_quality	LOC_Os09g11010			retrotransposon protein, putative, unclassified, expressed	Y	Y	Y	34	pipeline_score=29; farm_logP=6.02; max_variant=25; recommendation_score=34
QTL18	Chr9-6110431	6.02	*	LOC_Os09g11020	9:6117013-6123691	25	25	25	4.0	5.0	0.0	0.0	*	34.0	RAP_Step2_all_TGW_quality.FarmCPUpeak_info	RAP_Step2_all_TGW_quality	LOC_Os09g11020			NBS-LRR disease resistance protein, putative, expressed	N	Y	Y	39	pipeline_score=34; farm_logP=6.02; max_variant=25; recommendation_score=39
QTL18	Chr9-6110431	6.02	*	LOC_Os09g11030	9:6125907-6128820	20	25	25	4.0	0.0	0.0	20.0	*	49.0	RAP_Step2_all_TGW_quality.FarmCPUpeak_info	RAP_Step2_all_TGW_quality	LOC_Os09g11030			retrotransposon protein, putative, unclassified, expressed	Y	Y	Y	54	pipeline_score=49; farm_logP=6.02; max_variant=25; recommendation_score=54
QTL18	Chr9-6110431	6.02	*	LOC_Os09g11040	9:6129147-6135259	20	25	25	4.0	0.0	0.0	0.0	*	29.0	RAP_Step2_all_TGW_quality.FarmCPUpeak_info	RAP_Step2_all_TGW_quality	LOC_Os09g11040			retrotransposon protein, putative, Ty3-gypsy subclass, expressed	Y	Y	Y	34	pipeline_score=29; farm_logP=6.02; max_variant=25; recommendation_score=34
QTL18	Chr9-6110431	6.02	*	LOC_Os09g11050	9:6138083-6138478	20	25	25	4.0	0.0	0.0	0.0	*	29.0	RAP_Step2_all_TGW_quality.FarmCPUpeak_info	RAP_Step2_all_TGW_quality	LOC_Os09g11050			expressed protein	N	Y	Y	34	pipeline_score=29; farm_logP=6.02; max_variant=25; recommendation_score=34
QTL18	Chr9-6110431	6.02	*	LOC_Os09g11060	9:6139209-6142906	25	25	25	4.0	0.0	0.0	0.0	*	29.0	RAP_Step2_all_TGW_quality.FarmCPUpeak_info	RAP_Step2_all_TGW_quality	LOC_Os09g11060			transposon protein, putative, CACTA, En/Spm sub-class, expressed	Y	Y	Y	34	pipeline_score=29; farm_logP=6.02; max_variant=25; recommendation_score=34
QTL18	Chr9-6110431	6.02	*	LOC_Os09g11070	9:6145539-6148870	25	25	25	4.0	0.0	0.0	0.0	*	29.0	RAP_Step2_all_TGW_quality.FarmCPUpeak_info	RAP_Step2_all_TGW_quality	LOC_Os09g11070			transposon protein, putative, CACTA, En/Spm sub-class, expressed	Y	Y	Y	34	pipeline_score=29; farm_logP=6.02; max_variant=25; recommendation_score=34
QTL18	Chr9-6110431	6.02	*	LOC_Os09g11080	9:6149900-6150765	20	5	25	4.0	0.0	0.0	0.0	*	29.0	RAP_Step2_all_TGW_quality.FarmCPUpeak_info	RAP_Step2_all_TGW_quality	LOC_Os09g11080			retrotransposon protein, putative, Ty3-gypsy subclass	Y	N	Y	34	pipeline_score=29; farm_logP=6.02; max_variant=25; recommendation_score=34
QTL18	Chr9-6110431	6.02	*	LOC_Os09g11090	9:6152732-6153127	25	25	25	4.0	0.0	0.0	0.0	*	29.0	RAP_Step2_all_TGW_quality.FarmCPUpeak_info	RAP_Step2_all_TGW_quality	LOC_Os09g11090			expressed protein	N	Y	Y	34	pipeline_score=29; farm_logP=6.02; max_variant=25; recommendation_score=34
QTL18	Chr9-6110431	6.02	*	LOC_Os09g11100	9:6154314-6160137	25	25	25	4.0	0.0	0.0	0.0	*	29.0	RAP_Step2_all_TGW_quality.FarmCPUpeak_info	RAP_Step2_all_TGW_quality	LOC_Os09g11100			retrotransposon protein, putative, Ty3-gypsy subclass, expressed	Y	Y	Y	34	pipeline_score=29; farm_logP=6.02; max_variant=25; recommendation_score=34
QTL18	Chr9-6110431	6.02	*	LOC_Os09g11110	9:6160766-6163707	25	25	25	4.0	0.0	0.0	18.0	*	47.0	RAP_Step2_all_TGW_quality.FarmCPUpeak_info	RAP_Step2_all_TGW_quality	LOC_Os09g11110			retrotransposon protein, putative, unclassified, expressed	Y	Y	Y	52	pipeline_score=47; farm_logP=6.02; max_variant=25; recommendation_score=52
QTL18	Chr9-6110431	6.02	*	LOC_Os09g11120	9:6165470-6166262	5	25	20	4.0	5.0	0.0	0.0	*	34.0	RAP_Step2_all_TGW_quality.FarmCPUpeak_info	RAP_Step2_all_TGW_quality	LOC_Os09g11120			expressed protein	N	Y	Y	39	pipeline_score=34; farm_logP=6.02; max_variant=25; recommendation_score=39
QTL18	Chr9-6110431	6.02	*	LOC_Os09g11130	9:6167523-6168856	25	25	10	4.0	0.0	0.0	0.0	*	29.0	RAP_Step2_all_TGW_quality.FarmCPUpeak_info	RAP_Step2_all_TGW_quality	LOC_Os09g11130			hypothetical protein	N	N	Y	34	pipeline_score=29; farm_logP=6.02; max_variant=25; recommendation_score=34
QTL18	Chr9-6110431	6.02	*	LOC_Os09g11140	9:6171119-6174633	25	5	*	4.0	0.0	0.0	0.0	*	29.0	RAP_Step2_all_TGW_quality.FarmCPUpeak_info	RAP_Step2_all_TGW_quality	LOC_Os09g11140			expressed protein	Y	Y	Y	34	pipeline_score=29; farm_logP=6.02; max_variant=25; recommendation_score=34
QTL18	Chr9-6110431	6.02	*	LOC_Os09g11150	9:6176333-6179600	25	5	1.5	4.0	0.0	0.0	0.0	*	29.0	RAP_Step2_all_TGW_quality.FarmCPUpeak_info	RAP_Step2_all_TGW_quality	LOC_Os09g11150			retrotransposon, putative, centromere-specific, expressed	Y	Y	Y	34	pipeline_score=29; farm_logP=6.02; max_variant=25; recommendation_score=34
QTL18	Chr9-6110431	6.02	*	LOC_Os09g11160	9:6184849-6186368	25	10	25	4.0	0.0	0.0	5.0	*	34.0	RAP_Step2_all_TGW_quality.FarmCPUpeak_info	RAP_Step2_all_TGW_quality	LOC_Os09g11160			expressed protein	N	Y	Y	39	pipeline_score=34; farm_logP=6.02; max_variant=25; recommendation_score=39
QTL18	Chr9-6110431	6.02	*	LOC_Os09g11170	9:6195158-6196917	20	5	25	4.0	5.0	0.0	18.0	*	52.0	RAP_Step2_all_TGW_quality.FarmCPUpeak_info	RAP_Step2_all_TGW_quality	LOC_Os09g11170			protein binding protein, putative, expressed	N	Y	Y	57	pipeline_score=52; farm_logP=6.02; max_variant=25; recommendation_score=57
QTL18	Chr9-6110431	6.02	*	LOC_Os09g11180	9:6197403-6197831	25	5	25	4.0	5.0	0.0	22.0	*	56.0	RAP_Step2_all_TGW_quality.FarmCPUpeak_info	RAP_Step2_all_TGW_quality	LOC_Os09g11180			expressed protein	N	Y	Y	61	pipeline_score=56; farm_logP=6.02; max_variant=25; recommendation_score=61
QTL18	Chr9-6110431	6.02	*	Os09g0283801	9:6198764-6200877	5	5	20	4.0	0.0	0.0	0.0	*	24.0	RAP_Step2_all_TGW_quality.FarmCPUpeak_info	RAP_Step2_all_TGW_quality	Os09g0283801							29	pipeline_score=24; farm_logP=6.02; max_variant=20; recommendation_score=29
QTL18	Chr9-6110431	6.02	*	Os09g0283850	9:6201048-6202835	5	5	20	4.0	0.0	0.0	0.0	*	24.0	RAP_Step2_all_TGW_quality.FarmCPUpeak_info	RAP_Step2_all_TGW_quality	Os09g0283850							29	pipeline_score=24; farm_logP=6.02; max_variant=20; recommendation_score=29
QTL18	Chr9-6110431	6.02	*	LOC_Os09g11190	9:6205643-6207169	20	10	25	4.0	5.0	0.0	0.0	*	34.0	RAP_Step2_all_TGW_quality.FarmCPUpeak_info	RAP_Step2_all_TGW_quality	LOC_Os09g11190			hypothetical protein	N	N	Y	39	pipeline_score=34; farm_logP=6.02; max_variant=25; recommendation_score=39
QTL18	Chr9-6110431	6.02	*	LOC_Os09g11200	9:6208946-6209227	20	25	25	4.0	5.0	0.0	0.0	*	34.0	RAP_Step2_all_TGW_quality.FarmCPUpeak_info	RAP_Step2_all_TGW_quality	LOC_Os09g11200			THION33 - Plant thionin family protein precursor, putative	Y	N	Y	39	pipeline_score=34; farm_logP=6.02; max_variant=25; recommendation_score=39
QTL18	Chr9-6110431	6.02	*	LOC_Os09g11210	9:6212043-6212517	5	5	25	4.0	5.0	0.0	0.0	*	34.0	RAP_Step2_all_TGW_quality.FarmCPUpeak_info	RAP_Step2_all_TGW_quality	LOC_Os09g11210			THION35 - Plant thionin family protein precursor, putative, expressed	N	Y	Y	39	pipeline_score=34; farm_logP=6.02; max_variant=25; recommendation_score=39
QTL18	Chr9-6110431	6.02	*	LOC_Os09g11220	9:6218761-6225987	25	25	25	4.0	0.0	0.0	0.0	*	29.0	RAP_Step2_all_TGW_quality.FarmCPUpeak_info	RAP_Step2_all_TGW_quality	LOC_Os09g11220			retrotransposon protein, putative, unclassified, expressed	Y	Y	Y	34	pipeline_score=29; farm_logP=6.02; max_variant=25; recommendation_score=34
QTL18	Chr9-6110431	6.02	*	LOC_Os09g11230	9:6233843-6238922	5	10	*	4.0	0.0	0.0	10.0	*	24.0	RAP_Step2_all_TGW_quality.FarmCPUpeak_info	RAP_Step2_all_TGW_quality	LOC_Os09g11230			Ser/Thr protein phosphatase family protein, putative, expressed	N	Y	Y	27	pipeline_score=24; farm_logP=6.02; max_variant=10; recommendation_score=27
QTL18	Chr9-6110431	6.02	*	Os09g0284250	9:6240108-6242559	25	25	*	4.0	0.0	0.0	15.0	*	44.0	RAP_Step2_all_TGW_quality.FarmCPUpeak_info	RAP_Step2_all_TGW_quality	Os09g0284250							49	pipeline_score=44; farm_logP=6.02; max_variant=25; recommendation_score=49
QTL18	Chr9-6110431	6.02	*	LOC_Os09g11240	9:6243180-6245977	5	5	5	4.0	0.0	0.0	18.0	*	27.0	RAP_Step2_all_TGW_quality.FarmCPUpeak_info	RAP_Step2_all_TGW_quality	LOC_Os09g11240			expressed protein	N	Y	Y	27	pipeline_score=27; farm_logP=6.02; max_variant=5; recommendation_score=27
QTL18	Chr9-6110431	6.02	*	LOC_Os09g11250	9:6246237-6249750	18	5	0	4.0	0.0	0.0	15.0	*	37.0	RAP_Step2_all_TGW_quality.FarmCPUpeak_info	RAP_Step2_all_TGW_quality	LOC_Os09g11250			co-chaperone GrpE protein, putative, expressed	N	Y	Y	40	pipeline_score=37; farm_logP=6.02; max_variant=18; recommendation_score=40
QTL18	Chr9-6110431	6.02	*	LOC_Os09g11260	9:6250839-6251492	20	5	10	4.0	0.0	0.0	22.0	*	46.0	RAP_Step2_all_TGW_quality.FarmCPUpeak_info	RAP_Step2_all_TGW_quality	LOC_Os09g11260			hypothetical protein	N	N	Y	51	pipeline_score=46; farm_logP=6.02; max_variant=20; recommendation_score=51
QTL18	Chr9-6110431	6.02	*	LOC_Os09g11270	9:6251862-6260858	20	10	0	4.0	0.0	0.0	15.0	*	39.0	RAP_Step2_all_TGW_quality.FarmCPUpeak_info	RAP_Step2_all_TGW_quality	LOC_Os09g11270			enhancer of polycomb, putative, expressed	N	Y	Y	44	pipeline_score=39; farm_logP=6.02; max_variant=20; recommendation_score=44
QTL18	Chr9-6110431	6.02	*	LOC_Os09g11280	9:6262724-6263591	20	5	0	4.0	0.0	0.0	22.0	*	46.0	RAP_Step2_all_TGW_quality.FarmCPUpeak_info	RAP_Step2_all_TGW_quality	LOC_Os09g11280			hypothetical protein	N	N	Y	51	pipeline_score=46; farm_logP=6.02; max_variant=20; recommendation_score=51
QTL18	Chr9-6110431	6.02	*	LOC_Os09g11290	9:6266198-6266539	5	25	5	4.0	0.0	0.0	0.0	*	29.0	RAP_Step2_all_TGW_quality.FarmCPUpeak_info	RAP_Step2_all_TGW_quality	LOC_Os09g11290			indole-3-acetate beta-glucosyltransferase, putative	N	N	Y	34	pipeline_score=29; farm_logP=6.02; max_variant=25; recommendation_score=34
QTL18	Chr9-6110431	6.02	*	LOC_Os09g11300	9:6271930-6274949	20	25	25	4.0	0.0	0.0	5.0	*	34.0	RAP_Step2_all_TGW_quality.FarmCPUpeak_info	RAP_Step2_all_TGW_quality	LOC_Os09g11300			hypothetical protein	N	N	Y	39	pipeline_score=34; farm_logP=6.02; max_variant=25; recommendation_score=39
QTL18	Chr9-6110431	6.02	*	LOC_Os09g11310	9:6276651-6277322	20	5	5	4.0	5.0	0.0	22.0	*	51.0	RAP_Step2_all_TGW_quality.FarmCPUpeak_info	RAP_Step2_all_TGW_quality	LOC_Os09g11310			hypothetical protein	N	N	Y	56	pipeline_score=51; farm_logP=6.02; max_variant=20; recommendation_score=56
QTL18	Chr9-6110431	6.02	*	LOC_Os09g11320	9:6285004-6289486	20	5	0	4.0	0.0	0.0	0.0	*	24.0	RAP_Step2_all_TGW_quality.FarmCPUpeak_info	RAP_Step2_all_TGW_quality	LOC_Os09g11320			expressed protein	Y	Y	Y	29	pipeline_score=24; farm_logP=6.02; max_variant=20; recommendation_score=29
QTL18	Chr9-6110431	6.02	*	LOC_Os09g11330	9:6294425-6295952	25	5	0	4.0	0.0	0.0	0.0	*	29.0	RAP_Step2_all_TGW_quality.FarmCPUpeak_info	RAP_Step2_all_TGW_quality	LOC_Os09g11330			hypothetical protein	N	N	Y	34	pipeline_score=29; farm_logP=6.02; max_variant=25; recommendation_score=34
QTL18	Chr9-6110431	6.02	*	LOC_Os09g11350	9:6300921-6302195	25	25	25	4.0	0.0	0.0	0.0	*	29.0	RAP_Step2_all_TGW_quality.FarmCPUpeak_info	RAP_Step2_all_TGW_quality	LOC_Os09g11350			retrotransposon protein, putative, unclassified	Y	N	Y	34	pipeline_score=29; farm_logP=6.02; max_variant=25; recommendation_score=34
QTL18	Chr9-6110431	6.02	*	LOC_Os09g11360	9:6305608-6311133	25	25	25	4.0	0.0	0.0	0.0	*	29.0	RAP_Step2_all_TGW_quality.FarmCPUpeak_info	RAP_Step2_all_TGW_quality	LOC_Os09g11360			retrotransposon protein, putative, Ty3-gypsy subclass, expressed	Y	Y	Y	34	pipeline_score=29; farm_logP=6.02; max_variant=25; recommendation_score=34
QTL19	Chr10-16868432	9.69	*	LOC_Os10g31790	10:16665814-16673464	5	10	0	10.0	0.0	0.0	10.0	*	30.0	RAP_Step2_all_TGW_quality.FarmCPUpeak_info	RAP_Step2_all_TGW_quality	LOC_Os10g31790			ubiquitin family protein, putative, expressed	N	Y	Y	33	pipeline_score=30; farm_logP=9.69; max_variant=10; recommendation_score=33
QTL19	Chr10-16868432	9.69	*	LOC_Os10g31810	10:16675511-16677874	*	10	0	10.0	0.0	10.0	18.0	*	48.0	RAP_Step2_all_TGW_quality.FarmCPUpeak_info	RAP_Step2_all_TGW_quality	LOC_Os10g31810			expressed protein	N	Y	Y	51	pipeline_score=48; farm_logP=9.69; max_variant=10; recommendation_score=51
QTL19	Chr10-16868432	9.69	*	LOC_Os10g31820	10:16686826-16693615	15	10	0	10.0	0.0	0.0	18.0	*	43.0	RAP_Step2_all_TGW_quality.FarmCPUpeak_info	RAP_Step2_all_TGW_quality	LOC_Os10g31820			fluG, putative, expressed	N	Y	Y	46	pipeline_score=43; farm_logP=9.69; max_variant=15; recommendation_score=46
QTL19	Chr10-16868432	9.69	*	LOC_Os10g31830	10:16693205-16697515	5	10	10	10.0	0.0	0.0	15.0	*	35.0	RAP_Step2_all_TGW_quality.FarmCPUpeak_info	RAP_Step2_all_TGW_quality	LOC_Os10g31830			ras-related protein, putative, expressed	N	Y	Y	38	pipeline_score=35; farm_logP=9.69; max_variant=10; recommendation_score=38
QTL19	Chr10-16868432	9.69	*	LOC_Os10g31840	10:16702768-16703109	25	10	*	10.0	0.0	0.0	0.0	*	35.0	RAP_Step2_all_TGW_quality.FarmCPUpeak_info	RAP_Step2_all_TGW_quality	LOC_Os10g31840			expressed protein	N	Y	Y	40	pipeline_score=35; farm_logP=9.69; max_variant=25; recommendation_score=40
QTL19	Chr10-16868432	9.69	*	LOC_Os10g31850	10:16704943-16708495	5	10	*	10.0	0.0	10.0	10.0	*	40.0	RAP_Step2_all_TGW_quality.FarmCPUpeak_info	RAP_Step2_all_TGW_quality	LOC_Os10g31850	DCA1	abiotic stress; biotic stress; drought; homeostasis; salt; salt tolerance; stomatal; stress; tolerance	RING finger and CHY zinc finger domain-containing protein 1, putative, expressed	N	Y	Y	50	pipeline_score=40; farm_logP=9.69; max_variant=10; symbol=DCA1; keyword=abiotic stress; biotic stress; drought; homeostasis; salt; salt tolerance; stomatal; stress; tolerance; recommendation_score=50
QTL19	Chr10-16868432	9.69	*	LOC_Os10g31856	10:16710177-16715537	5	5	*	10.0	0.0	0.0	15.0	*	30.0	RAP_Step2_all_TGW_quality.FarmCPUpeak_info	RAP_Step2_all_TGW_quality	LOC_Os10g31856			midasin-related, putative, expressed	N	Y	Y	30	pipeline_score=30; farm_logP=9.69; max_variant=5; recommendation_score=30
QTL19	Chr10-16868432	9.69	*	LOC_Os10g31864	10:16716230-16742534	20	25	0	10.0	0.0	0.0	15.0	*	50.0	RAP_Step2_all_TGW_quality.FarmCPUpeak_info	RAP_Step2_all_TGW_quality	LOC_Os10g31864			expressed protein	N	Y	Y	55	pipeline_score=50; farm_logP=9.69; max_variant=25; recommendation_score=55
QTL19	Chr10-16868432	9.69	*	LOC_Os10g31880	10:16745440-16746837	25	25	25	10.0	0.0	0.0	0.0	*	35.0	RAP_Step2_all_TGW_quality.FarmCPUpeak_info	RAP_Step2_all_TGW_quality	LOC_Os10g31880			retrotransposon protein, putative, unclassified, expressed	Y	Y	Y	40	pipeline_score=35; farm_logP=9.69; max_variant=25; recommendation_score=40
QTL19	Chr10-16868432	9.69	*	LOC_Os10g31890	10:16747845-16749052	20	25	25	10.0	0.0	0.0	5.0	*	40.0	RAP_Step2_all_TGW_quality.FarmCPUpeak_info	RAP_Step2_all_TGW_quality	LOC_Os10g31890			retrotransposon protein, putative, unclassified	Y	N	Y	45	pipeline_score=40; farm_logP=9.69; max_variant=25; recommendation_score=45
QTL19	Chr10-16868432	9.69	*	LOC_Os10g31900	10:16750745-16755237	*	5	15	10.0	0.0	0.0	15.0	*	40.0	RAP_Step2_all_TGW_quality.FarmCPUpeak_info	RAP_Step2_all_TGW_quality	LOC_Os10g31900			RNA recognition motif containing protein, putative, expressed	N	Y	Y	43	pipeline_score=40; farm_logP=9.69; max_variant=15; recommendation_score=43
QTL19	Chr10-16868432	9.69	*	LOC_Os10g31910	10:16755564-16760878	20	10	5	10.0	0.0	17.0	20.0	*	67.0	RAP_Step2_all_TGW_quality.FarmCPUpeak_info	RAP_Step2_all_TGW_quality	LOC_Os10g31910	DEL1	cell cycle; cell division; cell wall; leaf; leaf senescence; senescence	pectate lyase precursor, putative, expressed	N	Y	Y	79	pipeline_score=67; farm_logP=9.69; max_variant=20; symbol=DEL1; keyword=cell cycle; cell division; cell wall; leaf; leaf senescence; senescence; recommendation_score=79
QTL19	Chr10-16868432	9.69	*	Os10g0457301	10:16764526-16765174	20	10	0	10.0	0.0	0.0	18.0	*	48.0	RAP_Step2_all_TGW_quality.FarmCPUpeak_info	RAP_Step2_all_TGW_quality	Os10g0457301							53	pipeline_score=48; farm_logP=9.69; max_variant=20; recommendation_score=53
QTL19	Chr10-16868432	9.69	*	LOC_Os10g31930	10:16766843-16769298	5	10	5	10.0	0.0	0.0	18.0	*	38.0	RAP_Step2_all_TGW_quality.FarmCPUpeak_info	RAP_Step2_all_TGW_quality	LOC_Os10g31930			shugoshin-1, putative, expressed	N	Y	Y	41	pipeline_score=38; farm_logP=9.69; max_variant=10; recommendation_score=41
QTL19	Chr10-16868432	9.69	*	LOC_Os10g31940	10:16768464-16771729	5	10	*	10.0	0.0	0.0	15.0	*	35.0	RAP_Step2_all_TGW_quality.FarmCPUpeak_info	RAP_Step2_all_TGW_quality	LOC_Os10g31940			inosine triphosphate pyrophosphatase, putative, expressed	N	Y	Y	38	pipeline_score=35; farm_logP=9.69; max_variant=10; recommendation_score=38
QTL19	Chr10-16868432	9.69	*	LOC_Os10g31950	10:16775261-16779684	15	10	10	10.0	0.0	10.0	15.0	*	50.0	RAP_Step2_all_TGW_quality.FarmCPUpeak_info	RAP_Step2_all_TGW_quality	LOC_Os10g31950			3-ketoacyl-CoA thiolase, peroxisomal precursor, putative, expressed	N	Y	Y	53	pipeline_score=50; farm_logP=9.69; max_variant=15; recommendation_score=53
QTL19	Chr10-16868432	9.69	*	LOC_Os10g31970	10:16787617-16801116	5	10	15	10.0	0.0	0.0	15.0	*	40.0	RAP_Step2_all_TGW_quality.FarmCPUpeak_info	RAP_Step2_all_TGW_quality	LOC_Os10g31970			SNF2 family N-terminal domain containing protein, expressed	Y	Y	Y	43	pipeline_score=40; farm_logP=9.69; max_variant=15; recommendation_score=43
QTL19	Chr10-16868432	9.69	*	LOC_Os10g31980	10:16801483-16804045	25	25	25	10.0	0.0	0.0	0.0	*	35.0	RAP_Step2_all_TGW_quality.FarmCPUpeak_info	RAP_Step2_all_TGW_quality	LOC_Os10g31980			retrotransposon protein, putative, LINE subclass, expressed	Y	Y	Y	40	pipeline_score=35; farm_logP=9.69; max_variant=25; recommendation_score=40
QTL19	Chr10-16868432	9.69	*	LOC_Os10g31990	10:16805683-16810647	25	25	25	10.0	0.0	0.0	18.0	*	53.0	RAP_Step2_all_TGW_quality.FarmCPUpeak_info	RAP_Step2_all_TGW_quality	LOC_Os10g31990			retrotransposon protein, putative, unclassified, expressed	Y	Y	Y	58	pipeline_score=53; farm_logP=9.69; max_variant=25; recommendation_score=58
QTL19	Chr10-16868432	9.69	*	Os10g0457980	10:16812453-16813744	*	25	*	10.0	0.0	0.0	18.0	*	53.0	RAP_Step2_all_TGW_quality.FarmCPUpeak_info	RAP_Step2_all_TGW_quality	Os10g0457980							58	pipeline_score=53; farm_logP=9.69; max_variant=25; recommendation_score=58
QTL19	Chr10-16868432	9.69	*	LOC_Os10g32010	10:16819554-16820665	25	5	25	10.0	5.0	0.0	0.0	*	40.0	RAP_Step2_all_TGW_quality.FarmCPUpeak_info	RAP_Step2_all_TGW_quality	LOC_Os10g32010			expressed protein	N	Y	Y	45	pipeline_score=40; farm_logP=9.69; max_variant=25; recommendation_score=45
QTL19	Chr10-16868432	9.69	*	LOC_Os10g32020	10:16821151-16825037	25	5	25	10.0	0.0	0.0	18.0	*	53.0	RAP_Step2_all_TGW_quality.FarmCPUpeak_info	RAP_Step2_all_TGW_quality	LOC_Os10g32020			expressed protein	N	Y	Y	58	pipeline_score=53; farm_logP=9.69; max_variant=25; recommendation_score=58
QTL19	Chr10-16868432	9.69	*	LOC_Os10g32030	10:16826589-16831409	25	5	*	10.0	0.0	0.0	18.0	*	53.0	RAP_Step2_all_TGW_quality.FarmCPUpeak_info	RAP_Step2_all_TGW_quality	LOC_Os10g32030			retrotransposon protein, putative, unclassified, expressed	Y	Y	Y	58	pipeline_score=53; farm_logP=9.69; max_variant=25; recommendation_score=58
QTL19	Chr10-16868432	9.69	*	LOC_Os10g32040	10:16834473-16835685	5	5	*	10.0	0.0	0.0	20.0	*	35.0	RAP_Step2_all_TGW_quality.FarmCPUpeak_info	RAP_Step2_all_TGW_quality	LOC_Os10g32040			conserved hypothetical protein	N	N	Y	35	pipeline_score=35; farm_logP=9.69; max_variant=5; recommendation_score=35
QTL19	Chr10-16868432	9.69	*	LOC_Os10g32050	10:16835849-16836882	20	25	*	10.0	0.0	0.0	20.0	*	55.0	RAP_Step2_all_TGW_quality.FarmCPUpeak_info	RAP_Step2_all_TGW_quality	LOC_Os10g32050			ankyrin repeat domain containing protein, expressed	N	Y	Y	60	pipeline_score=55; farm_logP=9.69; max_variant=25; recommendation_score=60
QTL19	Chr10-16868432	9.69	*	LOC_Os10g32060	10:16839995-16845794	5	5	0	10.0	0.0	10.0	15.0	*	40.0	RAP_Step2_all_TGW_quality.FarmCPUpeak_info	RAP_Step2_all_TGW_quality	LOC_Os10g32060			retrotransposon protein, putative, Ty3-gypsy subclass, expressed	Y	Y	Y	40	pipeline_score=40; farm_logP=9.69; max_variant=5; recommendation_score=40
QTL19	Chr10-16868432	9.69	*	LOC_Os10g32070	10:16847405-16849151	20	25	5	10.0	0.0	0.0	20.0	*	55.0	RAP_Step2_all_TGW_quality.FarmCPUpeak_info	RAP_Step2_all_TGW_quality	LOC_Os10g32070			GATA zinc finger domain containing protein, expressed	N	Y	Y	60	pipeline_score=55; farm_logP=9.69; max_variant=25; recommendation_score=60
QTL19	Chr10-16868432	9.69	*	LOC_Os10g32080	10:16851912-16853554	18	10	*	10.0	5.0	10.0	18.0	*	61.0	RAP_Step2_all_TGW_quality.FarmCPUpeak_info	RAP_Step2_all_TGW_quality	LOC_Os10g32080			xyloglucan galactosyltransferase KATAMARI1, putative, expressed	N	Y	Y	64	pipeline_score=61; farm_logP=9.69; max_variant=18; recommendation_score=64
QTL19	Chr10-16868432	9.69	*	LOC_Os10g32090	10:16854121-16854699	20	25	*	10.0	0.0	0.0	0.0	*	35.0	RAP_Step2_all_TGW_quality.FarmCPUpeak_info	RAP_Step2_all_TGW_quality	LOC_Os10g32090			expressed protein	N	Y	Y	40	pipeline_score=35; farm_logP=9.69; max_variant=25; recommendation_score=40
QTL19	Chr10-16868432	9.69	*	LOC_Os10g32100	10:16856728-16857348	25	25	25	10.0	0.0	0.0	0.0	*	35.0	RAP_Step2_all_TGW_quality.FarmCPUpeak_info	RAP_Step2_all_TGW_quality	LOC_Os10g32100			retrotransposon protein, putative, Ty3-gypsy subclass, expressed	Y	Y	Y	40	pipeline_score=35; farm_logP=9.69; max_variant=25; recommendation_score=40
QTL19	Chr10-16868432	9.69	*	LOC_Os10g32110	10:16861659-16863255	5	5	10	10.0	0.0	10.0	10.0	*	40.0	RAP_Step2_all_TGW_quality.FarmCPUpeak_info	RAP_Step2_all_TGW_quality	LOC_Os10g32110			exostosin family domain containing protein, expressed	N	Y	Y	43	pipeline_score=40; farm_logP=9.69; max_variant=10; recommendation_score=43
QTL19	Chr10-16868432	9.69	*	LOC_Os10g32124	10:16874213-16882428	25	25	25	10.0	0.0	0.0	5.0	*	40.0	RAP_Step2_all_TGW_quality.FarmCPUpeak_info	RAP_Step2_all_TGW_quality	LOC_Os10g32124			retrotransposon protein, putative, unclassified, expressed	Y	Y	Y	45	pipeline_score=40; farm_logP=9.69; max_variant=25; recommendation_score=45
QTL19	Chr10-16868432	9.69	*	Os10g0459550	10:16885929-16886634	20	5	20	10.0	0.0	0.0	22.0	*	52.0	RAP_Step2_all_TGW_quality.FarmCPUpeak_info	RAP_Step2_all_TGW_quality	Os10g0459550							57	pipeline_score=52; farm_logP=9.69; max_variant=20; recommendation_score=57
QTL19	Chr10-16868432	9.69	*	LOC_Os10g32140	10:16886103-16886514	20	10	15	10.0	0.0	0.0	22.0	*	52.0	RAP_Step2_all_TGW_quality.FarmCPUpeak_info	RAP_Step2_all_TGW_quality	LOC_Os10g32140			expressed protein	N	Y	Y	57	pipeline_score=52; farm_logP=9.69; max_variant=20; recommendation_score=57
QTL19	Chr10-16868432	9.69	*	LOC_Os10g32150	10:16887672-16890769	20	25	25	10.0	0.0	0.0	0.0	*	35.0	RAP_Step2_all_TGW_quality.FarmCPUpeak_info	RAP_Step2_all_TGW_quality	LOC_Os10g32150			retrotransposon protein, putative, unclassified, expressed	Y	Y	Y	40	pipeline_score=35; farm_logP=9.69; max_variant=25; recommendation_score=40
QTL19	Chr10-16868432	9.69	*	LOC_Os10g32160	10:16892830-16894805	20	25	5	10.0	0.0	10.0	10.0	*	55.0	RAP_Step2_all_TGW_quality.FarmCPUpeak_info	RAP_Step2_all_TGW_quality	LOC_Os10g32160			xyloglucan galactosyltransferase KATAMARI1, putative, expressed	N	Y	Y	60	pipeline_score=55; farm_logP=9.69; max_variant=25; recommendation_score=60
QTL19	Chr10-16868432	9.69	*	LOC_Os10g32170	10:16896684-16898801	20	10	*	10.0	0.0	10.0	10.0	*	50.0	RAP_Step2_all_TGW_quality.FarmCPUpeak_info	RAP_Step2_all_TGW_quality	LOC_Os10g32170			xyloglucan galactosyltransferase KATAMARI1, putative, expressed	N	Y	Y	55	pipeline_score=50; farm_logP=9.69; max_variant=20; recommendation_score=55
QTL19	Chr10-16868432	9.69	*	LOC_Os10g32190	10:16901315-16906478	20	10	25	10.0	0.0	0.0	15.0	*	50.0	RAP_Step2_all_TGW_quality.FarmCPUpeak_info	RAP_Step2_all_TGW_quality	LOC_Os10g32190			expressed protein	N	Y	Y	55	pipeline_score=50; farm_logP=9.69; max_variant=25; recommendation_score=55
QTL19	Chr10-16868432	9.69	*	Os10g0459900	10:16909037-16910582	20	25	0	10.0	0.0	0.0	18.0	*	53.0	RAP_Step2_all_TGW_quality.FarmCPUpeak_info	RAP_Step2_all_TGW_quality	Os10g0459900							58	pipeline_score=53; farm_logP=9.69; max_variant=25; recommendation_score=58
QTL19	Chr10-16868432	9.69	*	LOC_Os10g32199	10:16909283-16911487	20	10	10	10.0	0.0	0.0	15.0	*	45.0	RAP_Step2_all_TGW_quality.FarmCPUpeak_info	RAP_Step2_all_TGW_quality	LOC_Os10g32199			expressed protein	N	Y	Y	50	pipeline_score=45; farm_logP=9.69; max_variant=20; recommendation_score=50
QTL19	Chr10-16868432	9.69	*	LOC_Os10g32210	10:16919225-16919938	25	25	*	10.0	0.0	0.0	0.0	*	35.0	RAP_Step2_all_TGW_quality.FarmCPUpeak_info	RAP_Step2_all_TGW_quality	LOC_Os10g32210			retrotransposon protein, putative, unclassified	Y	N	Y	40	pipeline_score=35; farm_logP=9.69; max_variant=25; recommendation_score=40
QTL19	Chr10-16868432	9.69	*	LOC_Os10g32240	10:16926904-16929003	20	25	25	10.0	0.0	0.0	0.0	*	35.0	RAP_Step2_all_TGW_quality.FarmCPUpeak_info	RAP_Step2_all_TGW_quality	LOC_Os10g32240			retrotransposon protein, putative, unclassified, expressed	Y	Y	Y	40	pipeline_score=35; farm_logP=9.69; max_variant=25; recommendation_score=40
QTL19	Chr10-16868432	9.69	*	LOC_Os10g32250	10:16929256-16931853	25	25	*	10.0	0.0	10.0	0.0	*	45.0	RAP_Step2_all_TGW_quality.FarmCPUpeak_info	RAP_Step2_all_TGW_quality	LOC_Os10g32250			retrotransposon protein, putative, unclassified, expressed	Y	Y	Y	50	pipeline_score=45; farm_logP=9.69; max_variant=25; recommendation_score=50
QTL19	Chr10-16868432	9.69	*	LOC_Os10g32260	10:16932807-16935826	25	25	5	10.0	0.0	0.0	0.0	*	35.0	RAP_Step2_all_TGW_quality.FarmCPUpeak_info	RAP_Step2_all_TGW_quality	LOC_Os10g32260			retrotransposon protein, putative, unclassified, expressed	Y	Y	Y	40	pipeline_score=35; farm_logP=9.69; max_variant=25; recommendation_score=40
QTL19	Chr10-16868432	9.69	*	LOC_Os10g32270	10:16938371-16943415	20	25	20	10.0	5.0	0.0	22.0	*	62.0	RAP_Step2_all_TGW_quality.FarmCPUpeak_info	RAP_Step2_all_TGW_quality	LOC_Os10g32270			expressed protein	N	Y	Y	67	pipeline_score=62; farm_logP=9.69; max_variant=25; recommendation_score=67
QTL19	Chr10-16868432	9.69	*	LOC_Os10g32280	10:16943855-16944303	20	5	*	10.0	5.0	0.0	0.0	*	35.0	RAP_Step2_all_TGW_quality.FarmCPUpeak_info	RAP_Step2_all_TGW_quality	LOC_Os10g32280			expressed protein	N	Y	Y	40	pipeline_score=35; farm_logP=9.69; max_variant=20; recommendation_score=40
QTL19	Chr10-16868432	9.69	*	LOC_Os10g32290	10:16945307-16948056	25	25	*	10.0	0.0	0.0	22.0	*	57.0	RAP_Step2_all_TGW_quality.FarmCPUpeak_info	RAP_Step2_all_TGW_quality	LOC_Os10g32290			transposon protein, putative, CACTA, En/Spm sub-class, expressed	Y	Y	Y	62	pipeline_score=57; farm_logP=9.69; max_variant=25; recommendation_score=62
QTL19	Chr10-16868432	9.69	*	Os10g0460766	10:16945421-16946774	25	5	*	10.0	0.0	0.0	22.0	*	57.0	RAP_Step2_all_TGW_quality.FarmCPUpeak_info	RAP_Step2_all_TGW_quality	Os10g0460766							62	pipeline_score=57; farm_logP=9.69; max_variant=25; recommendation_score=62
QTL19	Chr10-16868432	9.69	*	LOC_Os10g32300	10:16951189-16956917	20	25	25	10.0	0.0	0.0	15.0	*	50.0	RAP_Step2_all_TGW_quality.FarmCPUpeak_info	RAP_Step2_all_TGW_quality	LOC_Os10g32300			tetratricopeptide repeat domain containing protein, expressed	N	Y	Y	55	pipeline_score=50; farm_logP=9.69; max_variant=25; recommendation_score=55
QTL19	Chr10-16868432	9.69	*	LOC_Os10g32348	10:16971660-16976748	5	25	25	10.0	0.0	0.0	15.0	*	50.0	RAP_Step2_all_TGW_quality.FarmCPUpeak_info	RAP_Step2_all_TGW_quality	LOC_Os10g32348			PsbP, putative, expressed	N	Y	Y	55	pipeline_score=50; farm_logP=9.69; max_variant=25; recommendation_score=55
QTL19	Chr10-16868432	9.69	*	LOC_Os10g32372	10:16977068-16978453	20	25	*	10.0	0.0	0.0	0.0	*	35.0	RAP_Step2_all_TGW_quality.FarmCPUpeak_info	RAP_Step2_all_TGW_quality	LOC_Os10g32372			hypothetical protein	N	N	Y	40	pipeline_score=35; farm_logP=9.69; max_variant=25; recommendation_score=40
QTL19	Chr10-16868432	9.69	*	LOC_Os10g32400	10:16981456-16989699	25	5	*	10.0	0.0	0.0	15.0	*	50.0	RAP_Step2_all_TGW_quality.FarmCPUpeak_info	RAP_Step2_all_TGW_quality	LOC_Os10g32400			PsbP, putative, expressed	N	Y	Y	55	pipeline_score=50; farm_logP=9.69; max_variant=25; recommendation_score=55
QTL19	Chr10-16868432	9.69	*	LOC_Os10g32405	10:16990228-16992239	20	5	0	10.0	0.0	0.0	0.0	*	30.0	RAP_Step2_all_TGW_quality.FarmCPUpeak_info	RAP_Step2_all_TGW_quality	LOC_Os10g32405			expressed protein	N	Y	Y	35	pipeline_score=30; farm_logP=9.69; max_variant=20; recommendation_score=35
QTL19	Chr10-16868432	9.69	*	LOC_Os10g32410	10:16993927-16994995	20	25	5	10.0	0.0	0.0	20.0	*	55.0	RAP_Step2_all_TGW_quality.FarmCPUpeak_info	RAP_Step2_all_TGW_quality	LOC_Os10g32410			retrotransposon protein, putative, unclassified, expressed	Y	Y	Y	60	pipeline_score=55; farm_logP=9.69; max_variant=25; recommendation_score=60
QTL19	Chr10-16868432	9.69	*	LOC_Os10g32420	10:16998720-16999145	25	25	25	10.0	0.0	0.0	0.0	*	35.0	RAP_Step2_all_TGW_quality.FarmCPUpeak_info	RAP_Step2_all_TGW_quality	LOC_Os10g32420			expressed protein	N	Y	Y	40	pipeline_score=35; farm_logP=9.69; max_variant=25; recommendation_score=40
QTL19	Chr10-16868432	9.69	*	Os10g0462100	10:17005371-17005938	20	25	10	10.0	0.0	0.0	15.0	*	50.0	RAP_Step2_all_TGW_quality.FarmCPUpeak_info	RAP_Step2_all_TGW_quality	Os10g0462100							55	pipeline_score=50; farm_logP=9.69; max_variant=25; recommendation_score=55
QTL19	Chr10-16868432	9.69	*	LOC_Os10g32444	10:17006001-17006724	20	10	*	10.0	0.0	0.0	18.0	*	48.0	RAP_Step2_all_TGW_quality.FarmCPUpeak_info	RAP_Step2_all_TGW_quality	LOC_Os10g32444			expressed protein	N	Y	Y	53	pipeline_score=48; farm_logP=9.69; max_variant=20; recommendation_score=53
QTL19	Chr10-16868432	9.69	*	LOC_Os10g32470	10:17007547-17011015	25	25	20	10.0	0.0	0.0	15.0	*	50.0	RAP_Step2_all_TGW_quality.FarmCPUpeak_info	RAP_Step2_all_TGW_quality	LOC_Os10g32470			expressed protein	N	Y	Y	55	pipeline_score=50; farm_logP=9.69; max_variant=25; recommendation_score=55
QTL19	Chr10-16868432	9.69	*	LOC_Os10g32500	10:17018922-17021474	20	10	25	10.0	0.0	0.0	15.0	*	50.0	RAP_Step2_all_TGW_quality.FarmCPUpeak_info	RAP_Step2_all_TGW_quality	LOC_Os10g32500			expressed protein	N	Y	Y	55	pipeline_score=50; farm_logP=9.69; max_variant=25; recommendation_score=55
QTL19	Chr10-16868432	9.69	*	LOC_Os10g32509	10:17025741-17026388	20	10	*	10.0	0.0	0.0	18.0	*	48.0	RAP_Step2_all_TGW_quality.FarmCPUpeak_info	RAP_Step2_all_TGW_quality	LOC_Os10g32509			expressed protein	N	Y	Y	53	pipeline_score=48; farm_logP=9.69; max_variant=20; recommendation_score=53
QTL19	Chr10-16868432	9.69	*	Os10g0462500	10:17025763-17027738	20	25	5	10.0	0.0	0.0	15.0	*	50.0	RAP_Step2_all_TGW_quality.FarmCPUpeak_info	RAP_Step2_all_TGW_quality	Os10g0462500							55	pipeline_score=50; farm_logP=9.69; max_variant=25; recommendation_score=55
QTL19	Chr10-16868432	9.69	*	LOC_Os10g32520	10:17028132-17035156	25	25	10	10.0	0.0	0.0	10.0	*	45.0	RAP_Step2_all_TGW_quality.FarmCPUpeak_info	RAP_Step2_all_TGW_quality	LOC_Os10g32520			expressed protein	N	Y	Y	50	pipeline_score=45; farm_logP=9.69; max_variant=25; recommendation_score=50
QTL19	Chr10-16868432	9.69	*	LOC_Os10g32540	10:17040042-17047633	20	10	*	10.0	0.0	0.0	10.0	*	40.0	RAP_Step2_all_TGW_quality.FarmCPUpeak_info	RAP_Step2_all_TGW_quality	LOC_Os10g32540	OsWSL3	chloroplast development	SAP domain containing protein, expressed	N	Y	Y	52	pipeline_score=40; farm_logP=9.69; max_variant=20; symbol=OsWSL3; keyword=chloroplast development; recommendation_score=52
QTL19	Chr10-16868432	9.69	*	LOC_Os10g32550	10:17048041-17053445	20	25	20	10.0	0.0	10.0	18.0	*	63.0	RAP_Step2_all_TGW_quality.FarmCPUpeak_info	RAP_Step2_all_TGW_quality	LOC_Os10g32550			T-complex protein, putative, expressed	N	Y	Y	68	pipeline_score=63; farm_logP=9.69; max_variant=25; recommendation_score=68
QTL19	Chr10-16868432	9.69	*	Os10g0462966	10:17049011-17050357	*	*	*	10.0	0.0	0.0	20.0	*	30.0	RAP_Step2_all_TGW_quality.FarmCPUpeak_info	RAP_Step2_all_TGW_quality	Os10g0462966							30	pipeline_score=30; farm_logP=9.69; recommendation_score=30
QTL19	Chr10-16868432	9.69	*	Os10g0463032	10:17052157-17053269	20	1	*	10.0	0.0	0.0	20.0	*	50.0	RAP_Step2_all_TGW_quality.FarmCPUpeak_info	RAP_Step2_all_TGW_quality	Os10g0463032							55	pipeline_score=50; farm_logP=9.69; max_variant=20; recommendation_score=55
QTL19	Chr10-16868432	9.69	*	LOC_Os10g32560	10:17056131-17062067	25	25	25	10.0	0.0	0.0	0.0	*	35.0	RAP_Step2_all_TGW_quality.FarmCPUpeak_info	RAP_Step2_all_TGW_quality	LOC_Os10g32560			transposon protein, putative, unclassified, expressed	Y	Y	Y	40	pipeline_score=35; farm_logP=9.69; max_variant=25; recommendation_score=40
QTL19	Chr10-16868432	9.69	*	LOC_Os10g32570	10:17063214-17066601	20	25	20	10.0	0.0	0.0	0.0	*	35.0	RAP_Step2_all_TGW_quality.FarmCPUpeak_info	RAP_Step2_all_TGW_quality	LOC_Os10g32570			tRNA synthetase class I family protein, putative, expressed	N	Y	Y	40	pipeline_score=35; farm_logP=9.69; max_variant=25; recommendation_score=40
QTL20	Chr11-22149668	7.83	*	LOC_Os11g37170	11:21944547-21951020	25	25	25	8.0	0.0	10.0	0.0	*	43.0	RAP_Step2_all_TGW_quality.FarmCPUpeak_info	RAP_Step2_all_TGW_quality	LOC_Os11g37170			retrotransposon protein, putative, Ty3-gypsy subclass, expressed	Y	Y	Y	48	pipeline_score=43; farm_logP=7.83; max_variant=25; recommendation_score=48
QTL20	Chr11-22149668	7.83	*	LOC_Os11g37180	11:21951620-21954661	25	25	*	8.0	0.0	0.0	0.0	*	33.0	RAP_Step2_all_TGW_quality.FarmCPUpeak_info	RAP_Step2_all_TGW_quality	LOC_Os11g37180			retrotransposon protein, putative, Ty3-gypsy subclass, expressed	Y	Y	Y	38	pipeline_score=33; farm_logP=7.83; max_variant=25; recommendation_score=38
QTL20	Chr11-22149668	7.83	*	LOC_Os11g37190	11:21966870-21969203	25	25	10	8.0	5.0	0.0	22.0	*	60.0	RAP_Step2_all_TGW_quality.FarmCPUpeak_info	RAP_Step2_all_TGW_quality	LOC_Os11g37190	OsEPFL7	architecture; grain; grain yield; panicle; panicle architecture; spikelet; yield	allergen-related, putative, expressed	N	Y	Y	72	pipeline_score=60; farm_logP=7.83; max_variant=25; symbol=OsEPFL7; keyword=architecture; grain; grain yield; panicle; panicle architecture; spikelet; yield; recommendation_score=72
QTL20	Chr11-22149668	7.83	*	LOC_Os11g37200	11:21982349-21986444	20	10	10	8.0	0.0	10.0	18.0	*	56.0	RAP_Step2_all_TGW_quality.FarmCPUpeak_info	RAP_Step2_all_TGW_quality	LOC_Os11g37200			transmembrane BAX inhibitor motif-containing protein, putative, expressed	N	Y	Y	61	pipeline_score=56; farm_logP=7.83; max_variant=20; recommendation_score=61
QTL20	Chr11-22149668	7.83	*	LOC_Os11g37210	11:21986648-21990350	20	25	0	8.0	0.0	0.0	5.0	*	38.0	RAP_Step2_all_TGW_quality.FarmCPUpeak_info	RAP_Step2_all_TGW_quality	LOC_Os11g37210			MTN26L5 - MtN26 family protein precursor, expressed	N	Y	Y	43	pipeline_score=38; farm_logP=7.83; max_variant=25; recommendation_score=43
QTL20	Chr11-22149668	7.83	*	LOC_Os11g37230	11:21991574-21994240	20	10	0	8.0	0.0	0.0	5.0	*	33.0	RAP_Step2_all_TGW_quality.FarmCPUpeak_info	RAP_Step2_all_TGW_quality	LOC_Os11g37230			zinc finger, C3HC4 type domain containing protein, expressed	N	Y	Y	38	pipeline_score=33; farm_logP=7.83; max_variant=20; recommendation_score=38
QTL20	Chr11-22149668	7.83	*	LOC_Os11g37240	11:21998129-21998518	20	25	25	8.0	0.0	0.0	0.0	*	33.0	RAP_Step2_all_TGW_quality.FarmCPUpeak_info	RAP_Step2_all_TGW_quality	LOC_Os11g37240			retrotransposon protein, putative, unclassified, expressed	Y	Y	Y	38	pipeline_score=33; farm_logP=7.83; max_variant=25; recommendation_score=38
QTL20	Chr11-22149668	7.83	*	LOC_Os11g37250	11:21999678-22001569	25	25	5	8.0	0.0	0.0	0.0	*	33.0	RAP_Step2_all_TGW_quality.FarmCPUpeak_info	RAP_Step2_all_TGW_quality	LOC_Os11g37250			hypothetical protein	N	N	Y	38	pipeline_score=33; farm_logP=7.83; max_variant=25; recommendation_score=38
QTL20	Chr11-22149668	7.83	*	LOC_Os11g37260	11:22003368-22010520	20	25	5	8.0	0.0	0.0	15.0	*	48.0	RAP_Step2_all_TGW_quality.FarmCPUpeak_info	RAP_Step2_all_TGW_quality	LOC_Os11g37260			SEY1, putative, expressed	N	Y	Y	53	pipeline_score=48; farm_logP=7.83; max_variant=25; recommendation_score=53
QTL20	Chr11-22149668	7.83	*	LOC_Os11g37270	11:22011917-22013643	20	25	0	8.0	5.0	0.0	22.0	*	60.0	RAP_Step2_all_TGW_quality.FarmCPUpeak_info	RAP_Step2_all_TGW_quality	LOC_Os11g37270			AMBP1 - Antimicrobial peptide MBP-1 family protein precursor, expressed	N	Y	Y	65	pipeline_score=60; farm_logP=7.83; max_variant=25; recommendation_score=65
QTL20	Chr11-22149668	7.83	*	LOC_Os11g37280	11:22016848-22018539	18	25	15	8.0	5.0	20.0	20.0	*	78.0	RAP_Step2_all_TGW_quality.FarmCPUpeak_info	RAP_Step2_all_TGW_quality	LOC_Os11g37280	OsC6	anther; anther development; cuticle; meiotic; microspore; pollen; tapetal; tapetum; temperature; transcription factor	LTPL68 - Protease inhibitor/seed storage/LTP family protein precursor, expressed	N	Y	Y	90	pipeline_score=78; farm_logP=7.83; max_variant=25; symbol=OsC6; keyword=anther; anther development; cuticle; meiotic; microspore; pollen; tapetal; tapetum; temperature; transcription factor; recommendation_score=90
QTL20	Chr11-22149668	7.83	*	LOC_Os11g37290	11:22019353-22021569	25	25	25	8.0	0.0	0.0	0.0	*	33.0	RAP_Step2_all_TGW_quality.FarmCPUpeak_info	RAP_Step2_all_TGW_quality	LOC_Os11g37290			hypothetical protein	Y	N	Y	38	pipeline_score=33; farm_logP=7.83; max_variant=25; recommendation_score=38
QTL20	Chr11-22149668	7.83	*	LOC_Os11g37300	11:22025760-22029748	25	10	15	8.0	0.0	0.0	15.0	*	48.0	RAP_Step2_all_TGW_quality.FarmCPUpeak_info	RAP_Step2_all_TGW_quality	LOC_Os11g37300			OsFBDUF53 - F-box and DUF domain containing protein, expressed	N	Y	Y	53	pipeline_score=48; farm_logP=7.83; max_variant=25; recommendation_score=53
QTL20	Chr11-22149668	7.83	*	Os11g0582801	11:22030012-22031935	20	10	5	8.0	0.0	0.0	18.0	*	46.0	RAP_Step2_all_TGW_quality.FarmCPUpeak_info	RAP_Step2_all_TGW_quality	Os11g0582801							51	pipeline_score=46; farm_logP=7.83; max_variant=20; recommendation_score=51
QTL20	Chr11-22149668	7.83	*	LOC_Os11g37310	11:22032819-22034099	20	25	25	8.0	0.0	0.0	0.0	*	33.0	RAP_Step2_all_TGW_quality.FarmCPUpeak_info	RAP_Step2_all_TGW_quality	LOC_Os11g37310			expressed protein	N	Y	Y	38	pipeline_score=33; farm_logP=7.83; max_variant=25; recommendation_score=38
QTL20	Chr11-22149668	7.83	*	LOC_Os11g37320	11:22038252-22039017	15	25	*	8.0	0.0	20.0	0.0	*	53.0	RAP_Step2_all_TGW_quality.FarmCPUpeak_info	RAP_Step2_all_TGW_quality	LOC_Os11g37320			LTPL79 - Protease inhibitor/seed storage/LTP family protein precursor, putative, expressed	N	Y	Y	58	pipeline_score=53; farm_logP=7.83; max_variant=25; recommendation_score=58
QTL20	Chr11-22149668	7.83	*	LOC_Os11g37330	11:22040368-22044971	15	25	*	8.0	0.0	0.0	15.0	*	48.0	RAP_Step2_all_TGW_quality.FarmCPUpeak_info	RAP_Step2_all_TGW_quality	LOC_Os11g37330			pentatricopeptide repeat domain containing protein, putative, expressed	N	Y	Y	53	pipeline_score=48; farm_logP=7.83; max_variant=25; recommendation_score=53
QTL20	Chr11-22149668	7.83	*	Os11g0583250	11:22042695-22044861	*	25	*	8.0	0.0	0.0	10.0	*	43.0	RAP_Step2_all_TGW_quality.FarmCPUpeak_info	RAP_Step2_all_TGW_quality	Os11g0583250							48	pipeline_score=43; farm_logP=7.83; max_variant=25; recommendation_score=48
QTL20	Chr11-22149668	7.83	*	LOC_Os11g37340	11:22045646-22046842	20	25	*	8.0	0.0	0.0	18.0	*	51.0	RAP_Step2_all_TGW_quality.FarmCPUpeak_info	RAP_Step2_all_TGW_quality	LOC_Os11g37340			OsFBX426 - F-box domain containing protein, expressed	N	Y	Y	56	pipeline_score=51; farm_logP=7.83; max_variant=25; recommendation_score=56
QTL20	Chr11-22149668	7.83	*	LOC_Os11g37350	11:22048863-22050000	15	5	25	8.0	0.0	0.0	0.0	*	33.0	RAP_Step2_all_TGW_quality.FarmCPUpeak_info	RAP_Step2_all_TGW_quality	LOC_Os11g37350			retrotransposon protein, putative, unclassified, expressed	Y	Y	Y	38	pipeline_score=33; farm_logP=7.83; max_variant=25; recommendation_score=38
QTL20	Chr11-22149668	7.83	*	LOC_Os11g37360	11:22052568-22053197	25	25	25	8.0	0.0	0.0	0.0	*	33.0	RAP_Step2_all_TGW_quality.FarmCPUpeak_info	RAP_Step2_all_TGW_quality	LOC_Os11g37360			expressed protein	N	Y	Y	38	pipeline_score=33; farm_logP=7.83; max_variant=25; recommendation_score=38
QTL20	Chr11-22149668	7.83	*	LOC_Os11g37370	11:22055065-22055457	5	5	5	8.0	5.0	0.0	0.0	*	18.0	RAP_Step2_all_TGW_quality.FarmCPUpeak_info	RAP_Step2_all_TGW_quality	LOC_Os11g37370			expressed protein	N	Y	Y	18	pipeline_score=18; farm_logP=7.83; max_variant=5; recommendation_score=18
QTL20	Chr11-22149668	7.83	*	LOC_Os11g37380	11:22061627-22061953	25	25	20	8.0	0.0	0.0	0.0	*	33.0	RAP_Step2_all_TGW_quality.FarmCPUpeak_info	RAP_Step2_all_TGW_quality	LOC_Os11g37380			expressed protein	N	Y	Y	38	pipeline_score=33; farm_logP=7.83; max_variant=25; recommendation_score=38
QTL20	Chr11-22149668	7.83	*	LOC_Os11g37390	11:22068104-22070409	20	10	15	8.0	0.0	0.0	15.0	*	43.0	RAP_Step2_all_TGW_quality.FarmCPUpeak_info	RAP_Step2_all_TGW_quality	LOC_Os11g37390			OsFBDUF54 - F-box and DUF domain containing protein, expressed	N	Y	Y	48	pipeline_score=43; farm_logP=7.83; max_variant=20; recommendation_score=48
QTL20	Chr11-22149668	7.83	*	Os11g0584200	11:22078729-22079226	20	5	20	8.0	0.0	0.0	0.0	*	28.0	RAP_Step2_all_TGW_quality.FarmCPUpeak_info	RAP_Step2_all_TGW_quality	Os11g0584200							33	pipeline_score=28; farm_logP=7.83; max_variant=20; recommendation_score=33
QTL20	Chr11-22149668	7.83	*	LOC_Os11g37400	11:22085040-22088318	20	10	25	8.0	0.0	0.0	20.0	*	53.0	RAP_Step2_all_TGW_quality.FarmCPUpeak_info	RAP_Step2_all_TGW_quality	LOC_Os11g37400			retrotransposon protein, putative, Ty3-gypsy subclass, expressed	Y	Y	Y	58	pipeline_score=53; farm_logP=7.83; max_variant=25; recommendation_score=58
QTL20	Chr11-22149668	7.83	*	LOC_Os11g37410	11:22090454-22090687	5	5	25	8.0	0.0	0.0	0.0	*	33.0	RAP_Step2_all_TGW_quality.FarmCPUpeak_info	RAP_Step2_all_TGW_quality	LOC_Os11g37410			expressed protein	N	Y	Y	38	pipeline_score=33; farm_logP=7.83; max_variant=25; recommendation_score=38
QTL20	Chr11-22149668	7.83	*	LOC_Os11g37420	11:22094589-22103145	25	25	25	8.0	0.0	0.0	0.0	*	33.0	RAP_Step2_all_TGW_quality.FarmCPUpeak_info	RAP_Step2_all_TGW_quality	LOC_Os11g37420			transposon protein, putative, CACTA, En/Spm sub-class, expressed	Y	Y	Y	38	pipeline_score=33; farm_logP=7.83; max_variant=25; recommendation_score=38
QTL20	Chr11-22149668	7.83	*	LOC_Os11g37430	11:22107264-22108200	25	25	25	8.0	0.0	0.0	22.0	*	55.0	RAP_Step2_all_TGW_quality.FarmCPUpeak_info	RAP_Step2_all_TGW_quality	LOC_Os11g37430			retrotransposon protein, putative, Ty3-gypsy subclass, expressed	Y	Y	Y	60	pipeline_score=55; farm_logP=7.83; max_variant=25; recommendation_score=60
QTL20	Chr11-22149668	7.83	*	LOC_Os11g37440	11:22108454-22112727	25	25	25	8.0	0.0	0.0	0.0	*	33.0	RAP_Step2_all_TGW_quality.FarmCPUpeak_info	RAP_Step2_all_TGW_quality	LOC_Os11g37440			retrotransposon protein, putative, Ty3-gypsy subclass, expressed	Y	Y	Y	38	pipeline_score=33; farm_logP=7.83; max_variant=25; recommendation_score=38
QTL20	Chr11-22149668	7.83	*	LOC_Os11g37460	11:22115982-22119311	20	25	25	8.0	0.0	0.0	0.0	*	33.0	RAP_Step2_all_TGW_quality.FarmCPUpeak_info	RAP_Step2_all_TGW_quality	LOC_Os11g37460			transposon protein, putative, CACTA, En/Spm sub-class, expressed	Y	Y	Y	38	pipeline_score=33; farm_logP=7.83; max_variant=25; recommendation_score=38
QTL20	Chr11-22149668	7.83	*	LOC_Os11g37480	11:22130906-22131124	25	25	25	8.0	0.0	0.0	18.0	*	51.0	RAP_Step2_all_TGW_quality.FarmCPUpeak_info	RAP_Step2_all_TGW_quality	LOC_Os11g37480			expressed protein	N	Y	Y	56	pipeline_score=51; farm_logP=7.83; max_variant=25; recommendation_score=56
QTL20	Chr11-22149668	7.83	*	LOC_Os11g37490	11:22134433-22135219	20	25	25	8.0	0.0	0.0	20.0	*	53.0	RAP_Step2_all_TGW_quality.FarmCPUpeak_info	RAP_Step2_all_TGW_quality	LOC_Os11g37490			expressed protein	N	Y	Y	58	pipeline_score=53; farm_logP=7.83; max_variant=25; recommendation_score=58
QTL20	Chr11-22149668	7.83	*	LOC_Os11g37500	11:22136114-22136620	25	25	25	8.0	0.0	0.0	0.0	*	33.0	RAP_Step2_all_TGW_quality.FarmCPUpeak_info	RAP_Step2_all_TGW_quality	LOC_Os11g37500			retrotransposon protein, putative, unclassified, expressed	Y	Y	Y	38	pipeline_score=33; farm_logP=7.83; max_variant=25; recommendation_score=38
QTL20	Chr11-22149668	7.83	*	LOC_Os11g37510	11:22139918-22143879	15	10	5	8.0	0.0	0.0	15.0	*	38.0	RAP_Step2_all_TGW_quality.FarmCPUpeak_info	RAP_Step2_all_TGW_quality	LOC_Os11g37510			ribosomal protein L4, putative, expressed	N	Y	Y	41	pipeline_score=38; farm_logP=7.83; max_variant=15; recommendation_score=41
QTL20	Chr11-22149668	7.83	*	LOC_Os11g37520	11:22150225-22155604	20	10	10	8.0	0.0	0.0	15.0	*	43.0	RAP_Step2_all_TGW_quality.FarmCPUpeak_info	RAP_Step2_all_TGW_quality	LOC_Os11g37520			BTBT3 - Bric-a-Brac, Tramtrack, Broad Complex BTB domain with tetratricopeptide repeats, expressed	N	Y	Y	48	pipeline_score=43; farm_logP=7.83; max_variant=20; recommendation_score=48
QTL20	Chr11-22149668	7.83	*	LOC_Os11g37530	11:22156557-22158706	20	10	25	8.0	0.0	0.0	0.0	*	33.0	RAP_Step2_all_TGW_quality.FarmCPUpeak_info	RAP_Step2_all_TGW_quality	LOC_Os11g37530			expressed protein	N	Y	Y	38	pipeline_score=33; farm_logP=7.83; max_variant=25; recommendation_score=38
QTL20	Chr11-22149668	7.83	*	LOC_Os11g37540	11:22159509-22173475	25	25	20	8.0	0.0	0.0	10.0	*	43.0	RAP_Step2_all_TGW_quality.FarmCPUpeak_info	RAP_Step2_all_TGW_quality	LOC_Os11g37540	Xa46(t)	Xoo pathotypes	protein phosphatase 2C, putative, expressed	N	Y	Y	55	pipeline_score=43; farm_logP=7.83; max_variant=25; symbol=Xa46(t); keyword=Xoo pathotypes; recommendation_score=55
QTL20	Chr11-22149668	7.83	*	LOC_Os11g37550	11:22173476-22174756	20	25	25	8.0	0.0	10.0	0.0	*	43.0	RAP_Step2_all_TGW_quality.FarmCPUpeak_info	RAP_Step2_all_TGW_quality	LOC_Os11g37550			OsCML6 - Calmodulin-related calcium sensor protein, expressed	N	Y	Y	48	pipeline_score=43; farm_logP=7.83; max_variant=25; recommendation_score=48
QTL20	Chr11-22149668	7.83	*	LOC_Os11g37560	11:22175492-22178883	25	25	20	8.0	0.0	10.0	10.0	*	53.0	RAP_Step2_all_TGW_quality.FarmCPUpeak_info	RAP_Step2_all_TGW_quality	LOC_Os11g37560			expressed protein	N	Y	Y	58	pipeline_score=53; farm_logP=7.83; max_variant=25; recommendation_score=58
QTL20	Chr11-22149668	7.83	*	LOC_Os11g37570	11:22181152-22181556	20	5	25	8.0	5.0	0.0	0.0	*	38.0	RAP_Step2_all_TGW_quality.FarmCPUpeak_info	RAP_Step2_all_TGW_quality	LOC_Os11g37570	Xa10-Ni	R protein; bacterial blight; blight; broad-spectrum disease resistance; cell death; disease; disease resistance; leaf; resistance	expressed protein	N	Y	Y	50	pipeline_score=38; farm_logP=7.83; max_variant=25; symbol=Xa10-Ni; keyword=R protein; bacterial blight; blight; broad-spectrum disease resistance; cell death; disease; disease resistance; leaf; resistance; recommendation_score=50
QTL20	Chr11-22149668	7.83	*	LOC_Os11g37580	11:22186464-22187684	15	5	25	8.0	5.0	0.0	0.0	*	38.0	RAP_Step2_all_TGW_quality.FarmCPUpeak_info	RAP_Step2_all_TGW_quality	LOC_Os11g37580			expressed protein	N	Y	Y	43	pipeline_score=38; farm_logP=7.83; max_variant=25; recommendation_score=43
QTL20	Chr11-22149668	7.83	*	LOC_Os11g37590	11:22189546-22192827	25	25	25	8.0	0.0	0.0	0.0	*	33.0	RAP_Step2_all_TGW_quality.FarmCPUpeak_info	RAP_Step2_all_TGW_quality	LOC_Os11g37590			transposon protein, putative, CACTA, En/Spm sub-class, expressed	Y	Y	Y	38	pipeline_score=33; farm_logP=7.83; max_variant=25; recommendation_score=38
QTL20	Chr11-22149668	7.83	*	LOC_Os11g37600	11:22195333-22198198	25	25	25	8.0	0.0	0.0	0.0	*	33.0	RAP_Step2_all_TGW_quality.FarmCPUpeak_info	RAP_Step2_all_TGW_quality	LOC_Os11g37600			transposon protein, putative, CACTA, En/Spm sub-class, expressed	Y	Y	Y	38	pipeline_score=33; farm_logP=7.83; max_variant=25; recommendation_score=38
QTL20	Chr11-22149668	7.83	*	LOC_Os11g37610	11:22199410-22202646	20	25	25	8.0	0.0	0.0	18.0	*	51.0	RAP_Step2_all_TGW_quality.FarmCPUpeak_info	RAP_Step2_all_TGW_quality	LOC_Os11g37610			expressed protein	N	Y	Y	56	pipeline_score=51; farm_logP=7.83; max_variant=25; recommendation_score=56
QTL20	Chr11-22149668	7.83	*	LOC_Os11g37620	11:22203734-22204676	20	*	25	8.0	5.0	0.0	0.0	*	38.0	RAP_Step2_all_TGW_quality.FarmCPUpeak_info	RAP_Step2_all_TGW_quality	LOC_Os11g37620	XA10	R protein; bacterial blight; blight; cell death; disease; disease resistance; homeostasis; resistance	expressed protein	N	Y	Y	50	pipeline_score=38; farm_logP=7.83; max_variant=25; symbol=XA10; keyword=R protein; bacterial blight; blight; cell death; disease; disease resistance; homeostasis; resistance; recommendation_score=50
QTL20	Chr11-22149668	7.83	*	LOC_Os11g37630	11:22208279-22212647	25	25	25	8.0	0.0	0.0	5.0	*	38.0	RAP_Step2_all_TGW_quality.FarmCPUpeak_info	RAP_Step2_all_TGW_quality	LOC_Os11g37630			expressed protein	N	Y	Y	43	pipeline_score=38; farm_logP=7.83; max_variant=25; recommendation_score=43
QTL20	Chr11-22149668	7.83	*	LOC_Os11g37640	11:22215791-22219121	5	10	20	8.0	0.0	0.0	18.0	*	46.0	RAP_Step2_all_TGW_quality.FarmCPUpeak_info	RAP_Step2_all_TGW_quality	LOC_Os11g37640			ADP-ribosylation factor, putative, expressed	N	Y	Y	51	pipeline_score=46; farm_logP=7.83; max_variant=20; recommendation_score=51
QTL20	Chr11-22149668	7.83	*	Os11g0587000	11:22221628-22231042	25	25	15	8.0	0.0	0.0	18.0	*	51.0	RAP_Step2_all_TGW_quality.FarmCPUpeak_info	RAP_Step2_all_TGW_quality	Os11g0587000							56	pipeline_score=51; farm_logP=7.83; max_variant=25; recommendation_score=56
QTL20	Chr11-22149668	7.83	*	LOC_Os11g37660	11:22223651-22231042	25	10	20	8.0	0.0	0.0	15.0	*	48.0	RAP_Step2_all_TGW_quality.FarmCPUpeak_info	RAP_Step2_all_TGW_quality	LOC_Os11g37660			vegetative storage protein, putative, expressed	N	Y	Y	53	pipeline_score=48; farm_logP=7.83; max_variant=25; recommendation_score=53
QTL20	Chr11-22149668	7.83	*	LOC_Os11g37670	11:22241400-22244430	20	25	5	8.0	0.0	0.0	22.0	*	55.0	RAP_Step2_all_TGW_quality.FarmCPUpeak_info	RAP_Step2_all_TGW_quality	LOC_Os11g37670			expressed protein	N	Y	Y	60	pipeline_score=55; farm_logP=7.83; max_variant=25; recommendation_score=60
QTL20	Chr11-22149668	7.83	*	LOC_Os11g37680	11:22261451-22266150	25	25	25	8.0	0.0	0.0	22.0	*	55.0	RAP_Step2_all_TGW_quality.FarmCPUpeak_info	RAP_Step2_all_TGW_quality	LOC_Os11g37680			expressed protein	N	Y	Y	60	pipeline_score=55; farm_logP=7.83; max_variant=25; recommendation_score=60
QTL20	Chr11-22149668	7.83	*	LOC_Os11g37690	11:22267448-22271484	20	10	25	8.0	0.0	0.0	15.0	*	48.0	RAP_Step2_all_TGW_quality.FarmCPUpeak_info	RAP_Step2_all_TGW_quality	LOC_Os11g37690			TBC domain containing protein, expressed	N	Y	Y	53	pipeline_score=48; farm_logP=7.83; max_variant=25; recommendation_score=53
QTL20	Chr11-22149668	7.83	*	Os11g0587550	11:22267848-22271250	20	5	20	8.0	0.0	0.0	20.0	*	48.0	RAP_Step2_all_TGW_quality.FarmCPUpeak_info	RAP_Step2_all_TGW_quality	Os11g0587550							53	pipeline_score=48; farm_logP=7.83; max_variant=20; recommendation_score=53
QTL20	Chr11-22149668	7.83	*	LOC_Os11g37700	11:22272820-22282438	25	25	25	8.0	0.0	0.0	5.0	*	38.0	RAP_Step2_all_TGW_quality.FarmCPUpeak_info	RAP_Step2_all_TGW_quality	LOC_Os11g37700			pleiotropic drug resistance protein, putative, expressed	N	Y	Y	43	pipeline_score=38; farm_logP=7.83; max_variant=25; recommendation_score=43
QTL20	Chr11-22149668	7.83	*	LOC_Os11g37710	11:22289994-22294793	25	25	25	8.0	0.0	0.0	0.0	*	33.0	RAP_Step2_all_TGW_quality.FarmCPUpeak_info	RAP_Step2_all_TGW_quality	LOC_Os11g37710			retrotransposon protein, putative, unclassified, expressed	Y	Y	Y	38	pipeline_score=33; farm_logP=7.83; max_variant=25; recommendation_score=38
QTL20	Chr11-22149668	7.83	*	LOC_Os11g37720	11:22301910-22303659	25	10	25	8.0	0.0	0.0	5.0	*	38.0	RAP_Step2_all_TGW_quality.FarmCPUpeak_info	RAP_Step2_all_TGW_quality	LOC_Os11g37720			integral membrane protein DUF6 domain containing protein, expressed	N	Y	Y	43	pipeline_score=38; farm_logP=7.83; max_variant=25; recommendation_score=43
QTL20	Chr11-22149668	7.83	*	LOC_Os11g37730	11:22305683-22310092	5	5	5	8.0	0.0	0.0	10.0	*	23.0	RAP_Step2_all_TGW_quality.FarmCPUpeak_info	RAP_Step2_all_TGW_quality	LOC_Os11g37730			glutathione S-transferase, N-terminal domain containing protein, expressed	N	Y	Y	23	pipeline_score=23; farm_logP=7.83; max_variant=5; recommendation_score=23
QTL20	Chr11-22149668	7.83	*	LOC_Os11g37740	11:22310966-22319156	25	25	15	8.0	0.0	10.0	18.0	*	61.0	RAP_Step2_all_TGW_quality.FarmCPUpeak_info	RAP_Step2_all_TGW_quality	LOC_Os11g37740			stripe rust resistance protein Yr10, putative, expressed	N	Y	Y	66	pipeline_score=61; farm_logP=7.83; max_variant=25; recommendation_score=66
QTL20	Chr11-22149668	7.83	*	LOC_Os11g37750	11:22321580-22324989	5	25	25	8.0	0.0	0.0	20.0	*	53.0	RAP_Step2_all_TGW_quality.FarmCPUpeak_info	RAP_Step2_all_TGW_quality	LOC_Os11g37750			retrotransposon protein, putative, Ty1-copia subclass, expressed	Y	Y	Y	58	pipeline_score=53; farm_logP=7.83; max_variant=25; recommendation_score=58
QTL20	Chr11-22149668	7.83	*	LOC_Os11g37759	11:22328967-22334081	25	5	25	8.0	0.0	0.0	18.0	*	51.0	RAP_Step2_all_TGW_quality.FarmCPUpeak_info	RAP_Step2_all_TGW_quality	LOC_Os11g37759			stripe rust resistance protein Yr10, putative, expressed	N	Y	Y	56	pipeline_score=51; farm_logP=7.83; max_variant=25; recommendation_score=56
QTL20	Chr11-22149668	7.83	*	Os11g0588766	11:22335263-22335689	5	5	20	8.0	0.0	0.0	0.0	*	28.0	RAP_Step2_all_TGW_quality.FarmCPUpeak_info	RAP_Step2_all_TGW_quality	Os11g0588766							33	pipeline_score=28; farm_logP=7.83; max_variant=20; recommendation_score=33
QTL20	Chr11-22149668	7.83	*	LOC_Os11g37770	11:22339911-22340717	20	5	25	8.0	0.0	0.0	0.0	*	33.0	RAP_Step2_all_TGW_quality.FarmCPUpeak_info	RAP_Step2_all_TGW_quality	LOC_Os11g37770			retrotransposon protein, putative, unclassified	Y	N	Y	38	pipeline_score=33; farm_logP=7.83; max_variant=25; recommendation_score=38
QTL21	Chr11-25889488	6.77	*	LOC_Os11g42650	11:25678917-25692403	25	25	25	6.0	0.0	0.0	5.0	*	36.0	RAP_Step2_all_TGW_quality.FarmCPUpeak_info	RAP_Step2_all_TGW_quality	LOC_Os11g42650			retrotransposon protein, putative, Ty3-gypsy subclass, expressed	Y	Y	Y	41	pipeline_score=36; farm_logP=6.77; max_variant=25; recommendation_score=41
QTL21	Chr11-25889488	6.77	*	LOC_Os11g42660	11:25695249-25700023	20	25	15	6.0	0.0	10.0	22.0	*	63.0	RAP_Step2_all_TGW_quality.FarmCPUpeak_info	RAP_Step2_all_TGW_quality	LOC_Os11g42660	WED	R protein; SA; defense; immunity; sa; salicylic acid	Leucine Rich Repeat family protein, expressed	N	Y	Y	75	pipeline_score=63; farm_logP=6.77; max_variant=25; symbol=WED; keyword=R protein; SA; defense; immunity; sa; salicylic acid; recommendation_score=75
QTL21	Chr11-25889488	6.77	*	Os11g0646450	11:25697412-25699904	5	*	*	6.0	0.0	0.0	22.0	*	33.0	RAP_Step2_all_TGW_quality.FarmCPUpeak_info	RAP_Step2_all_TGW_quality	Os11g0646450							33	pipeline_score=33; farm_logP=6.77; max_variant=5; recommendation_score=33
QTL21	Chr11-25889488	6.77	*	LOC_Os11g42670	11:25703080-25703647	25	5	*	6.0	0.0	0.0	0.0	*	31.0	RAP_Step2_all_TGW_quality.FarmCPUpeak_info	RAP_Step2_all_TGW_quality	LOC_Os11g42670			retrotransposon protein, putative, Ty3-gypsy subclass, expressed	Y	Y	Y	36	pipeline_score=31; farm_logP=6.77; max_variant=25; recommendation_score=36
QTL21	Chr11-25889488	6.77	*	LOC_Os11g42680	11:25708880-25709593	15	*	5	6.0	0.0	0.0	0.0	*	21.0	RAP_Step2_all_TGW_quality.FarmCPUpeak_info	RAP_Step2_all_TGW_quality	LOC_Os11g42680			NBS-LRR type disease resistance protein, putative	Y	N	Y	24	pipeline_score=21; farm_logP=6.77; max_variant=15; recommendation_score=24
QTL21	Chr11-25889488	6.77	*	LOC_Os11g42690	11:25711373-25711606	5	5	*	6.0	0.0	0.0	22.0	*	33.0	RAP_Step2_all_TGW_quality.FarmCPUpeak_info	RAP_Step2_all_TGW_quality	LOC_Os11g42690			expressed protein	N	Y	Y	33	pipeline_score=33; farm_logP=6.77; max_variant=5; recommendation_score=33
QTL21	Chr11-25889488	6.77	*	LOC_Os11g42700	11:25720581-25721792	20	5	*	6.0	0.0	0.0	0.0	*	26.0	RAP_Step2_all_TGW_quality.FarmCPUpeak_info	RAP_Step2_all_TGW_quality	LOC_Os11g42700			NBS-LRR type disease resistance protein, putative, expressed	N	Y	Y	31	pipeline_score=26; farm_logP=6.77; max_variant=20; recommendation_score=31
QTL21	Chr11-25889488	6.77	*	LOC_Os11g42710	11:25724057-25729415	20	*	25	6.0	0.0	0.0	0.0	*	31.0	RAP_Step2_all_TGW_quality.FarmCPUpeak_info	RAP_Step2_all_TGW_quality	LOC_Os11g42710			retrotransposon protein, putative, unclassified, expressed	Y	Y	Y	36	pipeline_score=31; farm_logP=6.77; max_variant=25; recommendation_score=36
QTL21	Chr11-25889488	6.77	*	Os11g0646801	11:25726524-25736838	20	*	0	6.0	0.0	0.0	5.0	*	31.0	RAP_Step2_all_TGW_quality.FarmCPUpeak_info	RAP_Step2_all_TGW_quality	Os11g0646801							36	pipeline_score=31; farm_logP=6.77; max_variant=20; recommendation_score=36
QTL21	Chr11-25889488	6.77	*	LOC_Os11g42720	11:25732324-25737003	20	25	25	6.0	0.0	0.0	0.0	*	31.0	RAP_Step2_all_TGW_quality.FarmCPUpeak_info	RAP_Step2_all_TGW_quality	LOC_Os11g42720			retrotransposon protein, putative, unclassified, expressed	Y	Y	Y	36	pipeline_score=31; farm_logP=6.77; max_variant=25; recommendation_score=36
QTL21	Chr11-25889488	6.77	*	LOC_Os11g42730	11:25737809-25738156	5	5	25	6.0	0.0	0.0	22.0	*	53.0	RAP_Step2_all_TGW_quality.FarmCPUpeak_info	RAP_Step2_all_TGW_quality	LOC_Os11g42730			lipase class 3, putative, expressed	N	Y	Y	58	pipeline_score=53; farm_logP=6.77; max_variant=25; recommendation_score=58
QTL21	Chr11-25889488	6.77	*	LOC_Os11g42740	11:25741519-25742016	5	*	5	6.0	0.0	0.0	0.0	*	11.0	RAP_Step2_all_TGW_quality.FarmCPUpeak_info	RAP_Step2_all_TGW_quality	LOC_Os11g42740			expressed protein	N	Y	Y	11	pipeline_score=11; farm_logP=6.77; max_variant=5; recommendation_score=11
QTL21	Chr11-25889488	6.77	*	LOC_Os11g42750	11:25746216-25747592	5	*	*	6.0	0.0	0.0	0.0	*	11.0	RAP_Step2_all_TGW_quality.FarmCPUpeak_info	RAP_Step2_all_TGW_quality	LOC_Os11g42750			retrotransposon protein, putative, unclassified, expressed	Y	Y	Y	11	pipeline_score=11; farm_logP=6.77; max_variant=5; recommendation_score=11
QTL21	Chr11-25889488	6.77	*	LOC_Os11g42760	11:25751298-25752239	20	25	*	6.0	0.0	0.0	0.0	*	31.0	RAP_Step2_all_TGW_quality.FarmCPUpeak_info	RAP_Step2_all_TGW_quality	LOC_Os11g42760			expressed protein	N	Y	Y	36	pipeline_score=31; farm_logP=6.77; max_variant=25; recommendation_score=36
QTL21	Chr11-25889488	6.77	*	LOC_Os11g42770	11:25758921-25763215	25	25	25	6.0	0.0	10.0	20.0	*	61.0	RAP_Step2_all_TGW_quality.FarmCPUpeak_info	RAP_Step2_all_TGW_quality	LOC_Os11g42770			Leucine Rich Repeat family protein, expressed	Y	Y	Y	66	pipeline_score=61; farm_logP=6.77; max_variant=25; recommendation_score=66
QTL21	Chr11-25889488	6.77	*	LOC_Os11g42780	11:25764993-25767095	5	5	25	6.0	0.0	0.0	18.0	*	49.0	RAP_Step2_all_TGW_quality.FarmCPUpeak_info	RAP_Step2_all_TGW_quality	LOC_Os11g42780			transposon protein, putative, unclassified, expressed	Y	Y	Y	54	pipeline_score=49; farm_logP=6.77; max_variant=25; recommendation_score=54
QTL21	Chr11-25889488	6.77	*	LOC_Os11g42790	11:25768465-25772569	5	10	25	6.0	0.0	0.0	10.0	*	41.0	RAP_Step2_all_TGW_quality.FarmCPUpeak_info	RAP_Step2_all_TGW_quality	LOC_Os11g42790			transporter, monovalent cation:proton antiporter-2 family, putative, expressed	N	Y	Y	46	pipeline_score=41; farm_logP=6.77; max_variant=25; recommendation_score=46
QTL21	Chr11-25889488	6.77	*	LOC_Os11g42800	11:25775808-25778520	20	10	*	6.0	0.0	0.0	15.0	*	41.0	RAP_Step2_all_TGW_quality.FarmCPUpeak_info	RAP_Step2_all_TGW_quality	LOC_Os11g42800			kinesin motor domain containing protein, putative, expressed	N	Y	Y	46	pipeline_score=41; farm_logP=6.77; max_variant=20; recommendation_score=46
QTL21	Chr11-25889488	6.77	*	LOC_Os11g42810	11:25786068-25789420	25	25	25	6.0	0.0	0.0	22.0	*	53.0	RAP_Step2_all_TGW_quality.FarmCPUpeak_info	RAP_Step2_all_TGW_quality	LOC_Os11g42810			expressed protein	N	Y	Y	58	pipeline_score=53; farm_logP=6.77; max_variant=25; recommendation_score=58
QTL21	Chr11-25889488	6.77	*	LOC_Os11g42820	11:25792588-25793113	20	5	25	6.0	0.0	0.0	0.0	*	31.0	RAP_Step2_all_TGW_quality.FarmCPUpeak_info	RAP_Step2_all_TGW_quality	LOC_Os11g42820			retrotransposon protein, putative, Ty3-gypsy subclass	Y	N	Y	36	pipeline_score=31; farm_logP=6.77; max_variant=25; recommendation_score=36
QTL21	Chr11-25889488	6.77	*	LOC_Os11g42830	11:25794814-25797057	20	25	25	6.0	0.0	0.0	0.0	*	31.0	RAP_Step2_all_TGW_quality.FarmCPUpeak_info	RAP_Step2_all_TGW_quality	LOC_Os11g42830			retrotransposon protein, putative, Ty3-gypsy subclass	Y	N	Y	36	pipeline_score=31; farm_logP=6.77; max_variant=25; recommendation_score=36
QTL21	Chr11-25889488	6.77	*	LOC_Os11g42840	11:25799640-25804502	20	10	25	6.0	0.0	0.0	0.0	*	31.0	RAP_Step2_all_TGW_quality.FarmCPUpeak_info	RAP_Step2_all_TGW_quality	LOC_Os11g42840			expressed protein	N	Y	Y	36	pipeline_score=31; farm_logP=6.77; max_variant=25; recommendation_score=36
QTL21	Chr11-25889488	6.77	*	LOC_Os11g42850	11:25806201-25810387	5	5	15	6.0	5.0	0.0	18.0	*	44.0	RAP_Step2_all_TGW_quality.FarmCPUpeak_info	RAP_Step2_all_TGW_quality	LOC_Os11g42850			expressed protein	N	Y	Y	47	pipeline_score=44; farm_logP=6.77; max_variant=15; recommendation_score=47
QTL21	Chr11-25889488	6.77	*	LOC_Os11g42860	11:25811468-25818018	25	25	25	6.0	5.0	0.0	22.0	*	58.0	RAP_Step2_all_TGW_quality.FarmCPUpeak_info	RAP_Step2_all_TGW_quality	LOC_Os11g42860			expressed protein	N	Y	Y	63	pipeline_score=58; farm_logP=6.77; max_variant=25; recommendation_score=63
QTL21	Chr11-25889488	6.77	*	LOC_Os11g42870	11:25822795-25823261	20	5	5	6.0	5.0	0.0	0.0	*	31.0	RAP_Step2_all_TGW_quality.FarmCPUpeak_info	RAP_Step2_all_TGW_quality	LOC_Os11g42870			hypothetical protein	N	N	Y	36	pipeline_score=31; farm_logP=6.77; max_variant=20; recommendation_score=36
QTL21	Chr11-25889488	6.77	*	LOC_Os11g42880	11:25829226-25833425	20	5	25	6.0	5.0	0.0	15.0	*	51.0	RAP_Step2_all_TGW_quality.FarmCPUpeak_info	RAP_Step2_all_TGW_quality	LOC_Os11g42880			expressed protein	N	Y	Y	56	pipeline_score=51; farm_logP=6.77; max_variant=25; recommendation_score=56
QTL21	Chr11-25889488	6.77	*	LOC_Os11g42890	11:25834203-25836698	5	25	15	6.0	5.0	0.0	18.0	*	54.0	RAP_Step2_all_TGW_quality.FarmCPUpeak_info	RAP_Step2_all_TGW_quality	LOC_Os11g42890			expressed protein	N	Y	Y	59	pipeline_score=54; farm_logP=6.77; max_variant=25; recommendation_score=59
QTL21	Chr11-25889488	6.77	*	LOC_Os11g42900	11:25840593-25846990	20	25	5	6.0	5.0	0.0	22.0	*	58.0	RAP_Step2_all_TGW_quality.FarmCPUpeak_info	RAP_Step2_all_TGW_quality	LOC_Os11g42900			expressed protein	N	Y	Y	63	pipeline_score=58; farm_logP=6.77; max_variant=25; recommendation_score=63
QTL21	Chr11-25889488	6.77	*	LOC_Os11g42910	11:25858879-25866236	25	25	25	6.0	5.0	0.0	22.0	*	58.0	RAP_Step2_all_TGW_quality.FarmCPUpeak_info	RAP_Step2_all_TGW_quality	LOC_Os11g42910			expressed protein	N	Y	Y	63	pipeline_score=58; farm_logP=6.77; max_variant=25; recommendation_score=63
QTL21	Chr11-25889488	6.77	*	LOC_Os11g42920	11:25873852-25876092	25	25	25	6.0	0.0	0.0	0.0	*	31.0	RAP_Step2_all_TGW_quality.FarmCPUpeak_info	RAP_Step2_all_TGW_quality	LOC_Os11g42920			expressed protein	N	Y	Y	36	pipeline_score=31; farm_logP=6.77; max_variant=25; recommendation_score=36
QTL21	Chr11-25889488	6.77	*	LOC_Os11g42930	11:25877767-25882203	20	25	25	6.0	5.0	0.0	20.0	*	56.0	RAP_Step2_all_TGW_quality.FarmCPUpeak_info	RAP_Step2_all_TGW_quality	LOC_Os11g42930			expressed protein	N	Y	Y	61	pipeline_score=56; farm_logP=6.77; max_variant=25; recommendation_score=61
QTL21	Chr11-25889488	6.77	*	LOC_Os11g42940	11:25886463-25887393	5	10	25	6.0	5.0	10.0	15.0	*	61.0	RAP_Step2_all_TGW_quality.FarmCPUpeak_info	RAP_Step2_all_TGW_quality	LOC_Os11g42940			integral membrane protein, putative, expressed	N	Y	Y	66	pipeline_score=61; farm_logP=6.77; max_variant=25; recommendation_score=66
QTL21	Chr11-25889488	6.77	*	LOC_Os11g42950	11:25890517-25891190	20	10	25	6.0	5.0	0.0	10.0	*	46.0	RAP_Step2_all_TGW_quality.FarmCPUpeak_info	RAP_Step2_all_TGW_quality	LOC_Os11g42950			expressed protein	N	Y	Y	51	pipeline_score=46; farm_logP=6.77; max_variant=25; recommendation_score=51
QTL21	Chr11-25889488	6.77	*	LOC_Os11g42960	11:25893719-25895032	5	10	*	6.0	5.0	0.0	10.0	*	31.0	RAP_Step2_all_TGW_quality.FarmCPUpeak_info	RAP_Step2_all_TGW_quality	LOC_Os11g42960			integral membrane protein TIGR01569 containing protein, expressed	N	Y	Y	34	pipeline_score=31; farm_logP=6.77; max_variant=10; recommendation_score=34
QTL21	Chr11-25889488	6.77	*	LOC_Os11g42970	11:25895797-25897219	25	10	*	6.0	5.0	0.0	5.0	*	41.0	RAP_Step2_all_TGW_quality.FarmCPUpeak_info	RAP_Step2_all_TGW_quality	LOC_Os11g42970			membrane associated DUF588 domain containing protein, putative, expressed	N	Y	Y	46	pipeline_score=41; farm_logP=6.77; max_variant=25; recommendation_score=46
QTL21	Chr11-25889488	6.77	*	LOC_Os11g42980	11:25905096-25908822	25	25	25	6.0	0.0	0.0	5.0	*	36.0	RAP_Step2_all_TGW_quality.FarmCPUpeak_info	RAP_Step2_all_TGW_quality	LOC_Os11g42980			transposon protein, putative, CACTA, En/Spm sub-class, expressed	Y	Y	Y	41	pipeline_score=36; farm_logP=6.77; max_variant=25; recommendation_score=41
QTL21	Chr11-25889488	6.77	*	Os11g0649801	11:25911494-25916463	20	5	20	6.0	0.0	0.0	5.0	*	31.0	RAP_Step2_all_TGW_quality.FarmCPUpeak_info	RAP_Step2_all_TGW_quality	Os11g0649801							36	pipeline_score=31; farm_logP=6.77; max_variant=20; recommendation_score=36
QTL21	Chr11-25889488	6.77	*	LOC_Os11g43049	11:25911497-25913236	5	5	25	6.0	0.0	0.0	5.0	*	36.0	RAP_Step2_all_TGW_quality.FarmCPUpeak_info	RAP_Step2_all_TGW_quality	LOC_Os11g43049			exo70 exocyst complex subunit, putative, expressed	N	Y	Y	41	pipeline_score=36; farm_logP=6.77; max_variant=25; recommendation_score=41
QTL21	Chr11-25889488	6.77	*	LOC_Os11g42989	11:25911497-25913509	5	5	10	6.0	0.0	0.0	5.0	*	21.0	RAP_Step2_all_TGW_quality.FarmCPUpeak_info	RAP_Step2_all_TGW_quality	LOC_Os11g42989			exo70 exocyst complex subunit, putative, expressed	N	Y	Y	24	pipeline_score=21; farm_logP=6.77; max_variant=10; recommendation_score=24
QTL21	Chr11-25889488	6.77	*	LOC_Os11g43000	11:25915467-25916042	20	5	20	6.0	0.0	0.0	22.0	*	48.0	RAP_Step2_all_TGW_quality.FarmCPUpeak_info	RAP_Step2_all_TGW_quality	LOC_Os11g43000			ATEXO70G1, putative, expressed	N	Y	Y	53	pipeline_score=48; farm_logP=6.77; max_variant=20; recommendation_score=53
QTL21	Chr11-25889488	6.77	*	LOC_Os11g43010	11:25921037-25922158	20	25	25	6.0	0.0	0.0	0.0	*	31.0	RAP_Step2_all_TGW_quality.FarmCPUpeak_info	RAP_Step2_all_TGW_quality	LOC_Os11g43010			retrotransposon, putative, centromere-specific	Y	N	Y	36	pipeline_score=31; farm_logP=6.77; max_variant=25; recommendation_score=36
QTL21	Chr11-25889488	6.77	*	LOC_Os11g43020	11:25932578-25936281	25	25	25	6.0	0.0	0.0	0.0	*	31.0	RAP_Step2_all_TGW_quality.FarmCPUpeak_info	RAP_Step2_all_TGW_quality	LOC_Os11g43020			transposon protein, putative, CACTA, En/Spm sub-class, expressed	Y	Y	Y	36	pipeline_score=31; farm_logP=6.77; max_variant=25; recommendation_score=36
QTL21	Chr11-25889488	6.77	*	LOC_Os11g43030	11:25944115-25948346	25	25	5	6.0	5.0	0.0	22.0	*	58.0	RAP_Step2_all_TGW_quality.FarmCPUpeak_info	RAP_Step2_all_TGW_quality	LOC_Os11g43030			von Willebrand factor type A domain containing protein, expressed	N	Y	Y	63	pipeline_score=58; farm_logP=6.77; max_variant=25; recommendation_score=63
QTL21	Chr11-25889488	6.77	*	LOC_Os11g43040	11:25949488-25952239	25	25	15	6.0	5.0	0.0	22.0	*	58.0	RAP_Step2_all_TGW_quality.FarmCPUpeak_info	RAP_Step2_all_TGW_quality	LOC_Os11g43040			retrotransposon protein, putative, unclassified, expressed	Y	Y	Y	63	pipeline_score=58; farm_logP=6.77; max_variant=25; recommendation_score=63
QTL21	Chr11-25889488	6.77	*	Os11g0650700	11:25958798-25960537	5	10	20	6.0	0.0	0.0	5.0	*	31.0	RAP_Step2_all_TGW_quality.FarmCPUpeak_info	RAP_Step2_all_TGW_quality	Os11g0650700							36	pipeline_score=31; farm_logP=6.77; max_variant=20; recommendation_score=36
QTL21	Chr11-25889488	6.77	*	LOC_Os11g43060	11:25975053-25982820	25	25	25	6.0	0.0	0.0	18.0	*	49.0	RAP_Step2_all_TGW_quality.FarmCPUpeak_info	RAP_Step2_all_TGW_quality	LOC_Os11g43060			transposon protein, putative, unclassified, expressed	Y	Y	Y	54	pipeline_score=49; farm_logP=6.77; max_variant=25; recommendation_score=54
QTL21	Chr11-25889488	6.77	*	LOC_Os11g43070	11:25986339-25986634	20	25	*	6.0	0.0	0.0	22.0	*	53.0	RAP_Step2_all_TGW_quality.FarmCPUpeak_info	RAP_Step2_all_TGW_quality	LOC_Os11g43070			expressed protein	N	Y	Y	58	pipeline_score=53; farm_logP=6.77; max_variant=25; recommendation_score=58
QTL21	Chr11-25889488	6.77	*	LOC_Os11g43080	11:25988201-25991136	25	25	15	6.0	0.0	0.0	0.0	*	31.0	RAP_Step2_all_TGW_quality.FarmCPUpeak_info	RAP_Step2_all_TGW_quality	LOC_Os11g43080			transposon protein, putative, CACTA, En/Spm sub-class, expressed	Y	Y	Y	36	pipeline_score=31; farm_logP=6.77; max_variant=25; recommendation_score=36
QTL21	Chr11-25889488	6.77	*	LOC_Os11g43090	11:25996867-25998216	25	25	25	6.0	0.0	0.0	0.0	*	31.0	RAP_Step2_all_TGW_quality.FarmCPUpeak_info	RAP_Step2_all_TGW_quality	LOC_Os11g43090			retrotransposon protein, putative, Ty3-gypsy subclass	Y	N	Y	36	pipeline_score=31; farm_logP=6.77; max_variant=25; recommendation_score=36
QTL21	Chr11-25889488	6.77	*	Os11g0651166	11:26002982-26003373	5	5	20	6.0	0.0	0.0	0.0	*	26.0	RAP_Step2_all_TGW_quality.FarmCPUpeak_info	RAP_Step2_all_TGW_quality	Os11g0651166							31	pipeline_score=26; farm_logP=6.77; max_variant=20; recommendation_score=31
QTL21	Chr11-25889488	6.77	*	LOC_Os11g43100	11:26008722-26010071	25	25	25	6.0	0.0	0.0	0.0	*	31.0	RAP_Step2_all_TGW_quality.FarmCPUpeak_info	RAP_Step2_all_TGW_quality	LOC_Os11g43100			retrotransposon protein, putative, Ty3-gypsy subclass	Y	N	Y	36	pipeline_score=31; farm_logP=6.77; max_variant=25; recommendation_score=36
QTL21	Chr11-25889488	6.77	*	LOC_Os11g43110	11:26015170-26016750	25	25	25	6.0	0.0	0.0	0.0	*	31.0	RAP_Step2_all_TGW_quality.FarmCPUpeak_info	RAP_Step2_all_TGW_quality	LOC_Os11g43110			transposon protein, putative, CACTA, En/Spm sub-class	Y	N	Y	36	pipeline_score=31; farm_logP=6.77; max_variant=25; recommendation_score=36
QTL21	Chr11-25889488	6.77	*	LOC_Os11g43120	11:26017458-26018708	25	25	25	6.0	0.0	0.0	0.0	*	31.0	RAP_Step2_all_TGW_quality.FarmCPUpeak_info	RAP_Step2_all_TGW_quality	LOC_Os11g43120			transposon protein, putative, CACTA, En/Spm sub-class	Y	N	Y	36	pipeline_score=31; farm_logP=6.77; max_variant=25; recommendation_score=36
QTL21	Chr11-25889488	6.77	*	LOC_Os11g43130	11:26022173-26023912	25	25	25	6.0	0.0	0.0	0.0	*	31.0	RAP_Step2_all_TGW_quality.FarmCPUpeak_info	RAP_Step2_all_TGW_quality	LOC_Os11g43130			retrotransposon protein, putative, unclassified	Y	N	Y	36	pipeline_score=31; farm_logP=6.77; max_variant=25; recommendation_score=36
QTL21	Chr11-25889488	6.77	*	LOC_Os11g43140	11:26027837-26032480	25	25	*	6.0	0.0	0.0	20.0	*	51.0	RAP_Step2_all_TGW_quality.FarmCPUpeak_info	RAP_Step2_all_TGW_quality	LOC_Os11g43140			expressed protein	N	Y	Y	56	pipeline_score=51; farm_logP=6.77; max_variant=25; recommendation_score=56
QTL21	Chr11-25889488	6.77	*	LOC_Os11g43150	11:26039783-26042396	25	5	*	6.0	0.0	0.0	0.0	*	31.0	RAP_Step2_all_TGW_quality.FarmCPUpeak_info	RAP_Step2_all_TGW_quality	LOC_Os11g43150			transposon protein, putative, CACTA, En/Spm sub-class, expressed	Y	Y	Y	36	pipeline_score=31; farm_logP=6.77; max_variant=25; recommendation_score=36
QTL21	Chr11-25889488	6.77	*	LOC_Os11g43160	11:26044510-26045286	25	5	*	6.0	0.0	0.0	0.0	*	31.0	RAP_Step2_all_TGW_quality.FarmCPUpeak_info	RAP_Step2_all_TGW_quality	LOC_Os11g43160			transposon protein, putative, CACTA, En/Spm sub-class	Y	N	Y	36	pipeline_score=31; farm_logP=6.77; max_variant=25; recommendation_score=36
QTL21	Chr11-25889488	6.77	*	LOC_Os11g43170	11:26046119-26047695	25	5	*	6.0	0.0	0.0	0.0	*	31.0	RAP_Step2_all_TGW_quality.FarmCPUpeak_info	RAP_Step2_all_TGW_quality	LOC_Os11g43170			hypothetical protein	Y	N	Y	36	pipeline_score=31; farm_logP=6.77; max_variant=25; recommendation_score=36
QTL21	Chr11-25889488	6.77	*	LOC_Os11g43180	11:26049506-26053657	25	10	*	6.0	5.0	0.0	22.0	*	58.0	RAP_Step2_all_TGW_quality.FarmCPUpeak_info	RAP_Step2_all_TGW_quality	LOC_Os11g43180			expressed protein	N	Y	Y	63	pipeline_score=58; farm_logP=6.77; max_variant=25; recommendation_score=63
QTL21	Chr11-25889488	6.77	*	LOC_Os11g43200	11:26057509-26059083	20	5	15	6.0	5.0	0.0	20.0	*	51.0	RAP_Step2_all_TGW_quality.FarmCPUpeak_info	RAP_Step2_all_TGW_quality	LOC_Os11g43200			tropinone reductase 2, putative, expressed	N	Y	Y	56	pipeline_score=51; farm_logP=6.77; max_variant=20; recommendation_score=56
QTL21	Chr11-25889488	6.77	*	LOC_Os11g43210	11:26064594-26066531	25	5	25	6.0	0.0	0.0	0.0	*	31.0	RAP_Step2_all_TGW_quality.FarmCPUpeak_info	RAP_Step2_all_TGW_quality	LOC_Os11g43210			transposon protein, putative, CACTA, En/Spm sub-class, expressed	Y	Y	Y	36	pipeline_score=31; farm_logP=6.77; max_variant=25; recommendation_score=36
QTL21	Chr11-25889488	6.77	*	LOC_Os11g43220	11:26074134-26074750	5	*	25	6.0	5.0	0.0	0.0	*	36.0	RAP_Step2_all_TGW_quality.FarmCPUpeak_info	RAP_Step2_all_TGW_quality	LOC_Os11g43220			expressed protein	N	Y	Y	41	pipeline_score=36; farm_logP=6.77; max_variant=25; recommendation_score=41
QTL21	Chr11-25889488	6.77	*	LOC_Os11g43230	11:26077853-26081421	20	*	25	6.0	5.0	0.0	0.0	*	36.0	RAP_Step2_all_TGW_quality.FarmCPUpeak_info	RAP_Step2_all_TGW_quality	LOC_Os11g43230			retrotransposon protein, putative, Ty1-copia subclass, expressed	Y	Y	Y	41	pipeline_score=36; farm_logP=6.77; max_variant=25; recommendation_score=41
QTL21	Chr11-25889488	6.77	*	LOC_Os11g43240	11:26081886-26082541	5	*	25	6.0	5.0	0.0	0.0	*	36.0	RAP_Step2_all_TGW_quality.FarmCPUpeak_info	RAP_Step2_all_TGW_quality	LOC_Os11g43240			expressed protein	N	Y	Y	41	pipeline_score=36; farm_logP=6.77; max_variant=25; recommendation_score=41
QTL21	Chr11-25889488	6.77	*	LOC_Os11g43250	11:26088067-26091283	25	25	25	6.0	5.0	0.0	22.0	*	58.0	RAP_Step2_all_TGW_quality.FarmCPUpeak_info	RAP_Step2_all_TGW_quality	LOC_Os11g43250			Leucine Rich Repeat family protein, expressed	N	Y	Y	63	pipeline_score=58; farm_logP=6.77; max_variant=25; recommendation_score=63
QTL22	Chr12-7265204	8.87	*	LOC_Os12g12810	12:7064444-7070509	20	25	25	10.0	5.0	0.0	0.0	*	40.0	RAP_Step2_all_TGW_quality.FarmCPUpeak_info	RAP_Step2_all_TGW_quality	LOC_Os12g12810			ankyrin repeat family protein, putative, expressed	N	Y	Y	45	pipeline_score=40; farm_logP=8.87; max_variant=25; recommendation_score=45
QTL22	Chr12-7265204	8.87	*	LOC_Os12g12820	12:7071599-7074637	25	25	25	10.0	0.0	0.0	0.0	*	35.0	RAP_Step2_all_TGW_quality.FarmCPUpeak_info	RAP_Step2_all_TGW_quality	LOC_Os12g12820			transposon protein, putative, CACTA, En/Spm sub-class, expressed	Y	Y	Y	40	pipeline_score=35; farm_logP=8.87; max_variant=25; recommendation_score=40
QTL22	Chr12-7265204	8.87	*	LOC_Os12g12830	12:7077197-7077811	20	25	25	10.0	0.0	0.0	0.0	*	35.0	RAP_Step2_all_TGW_quality.FarmCPUpeak_info	RAP_Step2_all_TGW_quality	LOC_Os12g12830			latency associated nuclear antigen, putative, expressed	N	Y	Y	40	pipeline_score=35; farm_logP=8.87; max_variant=25; recommendation_score=40
QTL22	Chr12-7265204	8.87	*	LOC_Os12g12840	12:7078420-7081707	25	25	25	10.0	0.0	0.0	0.0	*	35.0	RAP_Step2_all_TGW_quality.FarmCPUpeak_info	RAP_Step2_all_TGW_quality	LOC_Os12g12840			transposon protein, putative, CACTA, En/Spm sub-class, expressed	Y	Y	Y	40	pipeline_score=35; farm_logP=8.87; max_variant=25; recommendation_score=40
QTL22	Chr12-7265204	8.87	*	LOC_Os12g12850	12:7095797-7101614	5	10	20	10.0	0.0	10.0	10.0	*	50.0	RAP_Step2_all_TGW_quality.FarmCPUpeak_info	RAP_Step2_all_TGW_quality	LOC_Os12g12850			ATP-dependent Clp protease ATP-binding subunit clpA homolog,chloroplast precursor, putative, expressed	N	Y	Y	55	pipeline_score=50; farm_logP=8.87; max_variant=20; recommendation_score=55
QTL22	Chr12-7265204	8.87	*	LOC_Os12g12854	12:7102866-7106397	18	25	0	10.0	0.0	0.0	15.0	*	50.0	RAP_Step2_all_TGW_quality.FarmCPUpeak_info	RAP_Step2_all_TGW_quality	LOC_Os12g12854			expressed protein	N	Y	Y	55	pipeline_score=50; farm_logP=8.87; max_variant=25; recommendation_score=55
QTL22	Chr12-7265204	8.87	*	LOC_Os12g12860	12:7112286-7116204	25	10	20	10.0	0.0	0.0	15.0	*	50.0	RAP_Step2_all_TGW_quality.FarmCPUpeak_info	RAP_Step2_all_TGW_quality	LOC_Os12g12860	OSIPK|OsCPK29	anther; development; nucleus; panicle; pollen; pollen development; transcription factor	CAMK_CAMK_like.46 - CAMK includes calcium/calmodulin depedent protein kinases, expressed	N	Y	Y	62	pipeline_score=50; farm_logP=8.87; max_variant=25; symbol=OSIPK|OsCPK29; keyword=anther; development; nucleus; panicle; pollen; pollen development; transcription factor; recommendation_score=62
QTL22	Chr12-7265204	8.87	*	Os12g0230233	12:7112683-7115684	25	5	0	10.0	0.0	0.0	15.0	*	50.0	RAP_Step2_all_TGW_quality.FarmCPUpeak_info	RAP_Step2_all_TGW_quality	Os12g0230233							55	pipeline_score=50; farm_logP=8.87; max_variant=25; recommendation_score=55
QTL22	Chr12-7265204	8.87	*	Os12g0230266	12:7115776-7116905	5	10	20	10.0	0.0	0.0	5.0	*	35.0	RAP_Step2_all_TGW_quality.FarmCPUpeak_info	RAP_Step2_all_TGW_quality	Os12g0230266							40	pipeline_score=35; farm_logP=8.87; max_variant=20; recommendation_score=40
QTL22	Chr12-7265204	8.87	*	LOC_Os12g12870	12:7119424-7120493	25	25	25	10.0	0.0	0.0	0.0	*	35.0	RAP_Step2_all_TGW_quality.FarmCPUpeak_info	RAP_Step2_all_TGW_quality	LOC_Os12g12870			expressed protein	N	Y	Y	40	pipeline_score=35; farm_logP=8.87; max_variant=25; recommendation_score=40
QTL22	Chr12-7265204	8.87	*	LOC_Os12g12880	12:7130738-7132121	20	25	20	10.0	5.0	0.0	20.0	*	60.0	RAP_Step2_all_TGW_quality.FarmCPUpeak_info	RAP_Step2_all_TGW_quality	LOC_Os12g12880			expressed protein	N	Y	Y	65	pipeline_score=60; farm_logP=8.87; max_variant=25; recommendation_score=65
QTL22	Chr12-7265204	8.87	*	LOC_Os12g12900	12:7137975-7138927	5	25	25	10.0	5.0	0.0	0.0	*	40.0	RAP_Step2_all_TGW_quality.FarmCPUpeak_info	RAP_Step2_all_TGW_quality	LOC_Os12g12900			hypothetical protein	N	N	Y	45	pipeline_score=40; farm_logP=8.87; max_variant=25; recommendation_score=45
QTL22	Chr12-7265204	8.87	*	LOC_Os12g12910	12:7157288-7158112	20	25	25	10.0	0.0	0.0	0.0	*	35.0	RAP_Step2_all_TGW_quality.FarmCPUpeak_info	RAP_Step2_all_TGW_quality	LOC_Os12g12910			retrotransposon protein, putative, unclassified, expressed	Y	Y	Y	40	pipeline_score=35; farm_logP=8.87; max_variant=25; recommendation_score=40
QTL22	Chr12-7265204	8.87	*	LOC_Os12g12920	12:7164217-7165241	25	5	25	10.0	0.0	0.0	0.0	*	35.0	RAP_Step2_all_TGW_quality.FarmCPUpeak_info	RAP_Step2_all_TGW_quality	LOC_Os12g12920			hypothetical protein	N	N	Y	40	pipeline_score=35; farm_logP=8.87; max_variant=25; recommendation_score=40
QTL22	Chr12-7265204	8.87	*	LOC_Os12g12934	12:7165805-7171026	15	5	5	10.0	0.0	0.0	5.0	*	30.0	RAP_Step2_all_TGW_quality.FarmCPUpeak_info	RAP_Step2_all_TGW_quality	LOC_Os12g12934			peptide transporter PTR3-A, putative, expressed	N	Y	Y	33	pipeline_score=30; farm_logP=8.87; max_variant=15; recommendation_score=33
QTL22	Chr12-7265204	8.87	*	LOC_Os12g12950	12:7171810-7176578	20	25	10	10.0	0.0	0.0	18.0	*	53.0	RAP_Step2_all_TGW_quality.FarmCPUpeak_info	RAP_Step2_all_TGW_quality	LOC_Os12g12950			expressed protein	N	Y	Y	58	pipeline_score=53; farm_logP=8.87; max_variant=25; recommendation_score=58
QTL22	Chr12-7265204	8.87	*	LOC_Os12g12960	12:7177076-7178381	20	10	25	10.0	5.0	0.0	22.0	*	62.0	RAP_Step2_all_TGW_quality.FarmCPUpeak_info	RAP_Step2_all_TGW_quality	LOC_Os12g12960			expressed protein	N	Y	Y	67	pipeline_score=62; farm_logP=8.87; max_variant=25; recommendation_score=67
QTL22	Chr12-7265204	8.87	*	LOC_Os12g12970	12:7182492-7188162	25	25	0	10.0	5.0	0.0	0.0	*	40.0	RAP_Step2_all_TGW_quality.FarmCPUpeak_info	RAP_Step2_all_TGW_quality	LOC_Os12g12970			RWP-RK domain-containing protein, putative, expressed	N	Y	Y	45	pipeline_score=40; farm_logP=8.87; max_variant=25; recommendation_score=45
QTL22	Chr12-7265204	8.87	*	LOC_Os12g12980	12:7190284-7190833	25	5	5	10.0	5.0	0.0	0.0	*	40.0	RAP_Step2_all_TGW_quality.FarmCPUpeak_info	RAP_Step2_all_TGW_quality	LOC_Os12g12980			hypothetical protein	N	N	Y	45	pipeline_score=40; farm_logP=8.87; max_variant=25; recommendation_score=45
QTL22	Chr12-7265204	8.87	*	LOC_Os12g12990	12:7193916-7198615	25	25	5	10.0	0.0	0.0	18.0	*	53.0	RAP_Step2_all_TGW_quality.FarmCPUpeak_info	RAP_Step2_all_TGW_quality	LOC_Os12g12990			transposon protein, putative, CACTA, En/Spm sub-class, expressed	Y	Y	Y	58	pipeline_score=53; farm_logP=8.87; max_variant=25; recommendation_score=58
QTL22	Chr12-7265204	8.87	*	LOC_Os12g13000	12:7201431-7202219	20	25	*	10.0	0.0	0.0	0.0	*	35.0	RAP_Step2_all_TGW_quality.FarmCPUpeak_info	RAP_Step2_all_TGW_quality	LOC_Os12g13000			expressed protein	N	Y	Y	40	pipeline_score=35; farm_logP=8.87; max_variant=25; recommendation_score=40
QTL22	Chr12-7265204	8.87	*	LOC_Os12g13010	12:7210384-7214801	25	25	25	10.0	0.0	0.0	5.0	*	40.0	RAP_Step2_all_TGW_quality.FarmCPUpeak_info	RAP_Step2_all_TGW_quality	LOC_Os12g13010			transposon protein, putative, CACTA, En/Spm sub-class, expressed	Y	Y	Y	45	pipeline_score=40; farm_logP=8.87; max_variant=25; recommendation_score=45
QTL22	Chr12-7265204	8.87	*	LOC_Os12g13020	12:7217431-7220865	25	25	25	10.0	0.0	10.0	5.0	*	50.0	RAP_Step2_all_TGW_quality.FarmCPUpeak_info	RAP_Step2_all_TGW_quality	LOC_Os12g13020			transposon protein, putative, CACTA, En/Spm sub-class, expressed	Y	Y	Y	55	pipeline_score=50; farm_logP=8.87; max_variant=25; recommendation_score=55
QTL22	Chr12-7265204	8.87	*	LOC_Os12g13030	12:7235000-7236919	18	5	10	10.0	5.0	0.0	5.0	*	38.0	RAP_Step2_all_TGW_quality.FarmCPUpeak_info	RAP_Step2_all_TGW_quality	LOC_Os12g13030			osFTL7  FT-Like7 homologous to Flowering Locus T  gene; contains Pfam profile PF01161: Phosphatidylethanolamine-binding protein, expressed	N	Y	Y	41	pipeline_score=38; farm_logP=8.87; max_variant=18; recommendation_score=41
QTL22	Chr12-7265204	8.87	*	Os12g0232700	12:7243314-7244392	25	25	0	10.0	0.0	0.0	15.0	*	50.0	RAP_Step2_all_TGW_quality.FarmCPUpeak_info	RAP_Step2_all_TGW_quality	Os12g0232700							55	pipeline_score=50; farm_logP=8.87; max_variant=25; recommendation_score=55
QTL22	Chr12-7265204	8.87	*	LOC_Os12g13050	12:7245506-7246566	20	25	5	10.0	0.0	0.0	0.0	*	35.0	RAP_Step2_all_TGW_quality.FarmCPUpeak_info	RAP_Step2_all_TGW_quality	LOC_Os12g13050			hypothetical protein	N	N	Y	40	pipeline_score=35; farm_logP=8.87; max_variant=25; recommendation_score=40
QTL22	Chr12-7265204	8.87	*	LOC_Os12g13060	12:7251019-7254026	25	25	*	10.0	0.0	0.0	0.0	*	35.0	RAP_Step2_all_TGW_quality.FarmCPUpeak_info	RAP_Step2_all_TGW_quality	LOC_Os12g13060			retrotransposon protein, putative, unclassified, expressed	Y	Y	Y	40	pipeline_score=35; farm_logP=8.87; max_variant=25; recommendation_score=40
QTL22	Chr12-7265204	8.87	*	LOC_Os12g13070	12:7256573-7258405	25	25	20	10.0	0.0	0.0	0.0	*	35.0	RAP_Step2_all_TGW_quality.FarmCPUpeak_info	RAP_Step2_all_TGW_quality	LOC_Os12g13070			transposon protein, putative, CACTA, En/Spm sub-class, expressed	Y	Y	Y	40	pipeline_score=35; farm_logP=8.87; max_variant=25; recommendation_score=40
QTL22	Chr12-7265204	8.87	*	LOC_Os12g13080	12:7265065-7267261	25	25	25	10.0	0.0	0.0	0.0	*	35.0	RAP_Step2_all_TGW_quality.FarmCPUpeak_info	RAP_Step2_all_TGW_quality	LOC_Os12g13080			transposon protein, putative, CACTA, En/Spm sub-class, expressed	Y	Y	Y	40	pipeline_score=35; farm_logP=8.87; max_variant=25; recommendation_score=40
QTL22	Chr12-7265204	8.87	*	LOC_Os12g13090	12:7276763-7277267	20	25	5	10.0	5.0	0.0	0.0	*	40.0	RAP_Step2_all_TGW_quality.FarmCPUpeak_info	RAP_Step2_all_TGW_quality	LOC_Os12g13090			expressed protein	N	Y	Y	45	pipeline_score=40; farm_logP=8.87; max_variant=25; recommendation_score=45
QTL22	Chr12-7265204	8.87	*	LOC_Os12g13100	12:7285912-7287583	20	5	*	10.0	5.0	0.0	20.0	*	55.0	RAP_Step2_all_TGW_quality.FarmCPUpeak_info	RAP_Step2_all_TGW_quality	LOC_Os12g13100			WW domain containing protein, expressed	N	Y	Y	60	pipeline_score=55; farm_logP=8.87; max_variant=20; recommendation_score=60
QTL22	Chr12-7265204	8.87	*	LOC_Os12g13110	12:7289214-7291739	15	5	*	10.0	0.0	0.0	15.0	*	40.0	RAP_Step2_all_TGW_quality.FarmCPUpeak_info	RAP_Step2_all_TGW_quality	LOC_Os12g13110			pentatricopeptide, putative, expressed	N	Y	Y	43	pipeline_score=40; farm_logP=8.87; max_variant=15; recommendation_score=43
QTL22	Chr12-7265204	8.87	*	LOC_Os12g13120	12:7293407-7301150	1	10	*	10.0	0.0	0.0	10.0	*	30.0	RAP_Step2_all_TGW_quality.FarmCPUpeak_info	RAP_Step2_all_TGW_quality	LOC_Os12g13120			histidine triad family protein, putative, expressed	N	Y	Y	33	pipeline_score=30; farm_logP=8.87; max_variant=10; recommendation_score=33
QTL22	Chr12-7265204	8.87	*	Os12g0233366	12:7305651-7305986	*	*	0	10.0	0.0	0.0	15.0	*	25.0	RAP_Step2_all_TGW_quality.FarmCPUpeak_info	RAP_Step2_all_TGW_quality	Os12g0233366							25	pipeline_score=25; farm_logP=8.87; recommendation_score=25
QTL22	Chr12-7265204	8.87	*	LOC_Os12g13130	12:7306630-7311355	5	10	20	10.0	0.0	0.0	10.0	*	40.0	RAP_Step2_all_TGW_quality.FarmCPUpeak_info	RAP_Step2_all_TGW_quality	LOC_Os12g13130			ZOS12-03 - C2H2 zinc finger protein, expressed	N	Y	Y	45	pipeline_score=40; farm_logP=8.87; max_variant=20; recommendation_score=45
QTL22	Chr12-7265204	8.87	*	LOC_Os12g13140	12:7314521-7315419	20	25	10	10.0	0.0	0.0	20.0	*	55.0	RAP_Step2_all_TGW_quality.FarmCPUpeak_info	RAP_Step2_all_TGW_quality	LOC_Os12g13140			expressed protein	N	Y	Y	60	pipeline_score=55; farm_logP=8.87; max_variant=25; recommendation_score=60
QTL22	Chr12-7265204	8.87	*	LOC_Os12g13150	12:7315864-7327525	20	10	*	10.0	0.0	10.0	15.0	*	55.0	RAP_Step2_all_TGW_quality.FarmCPUpeak_info	RAP_Step2_all_TGW_quality	LOC_Os12g13150			expressed protein	N	Y	Y	60	pipeline_score=55; farm_logP=8.87; max_variant=20; recommendation_score=60
QTL22	Chr12-7265204	8.87	*	LOC_Os12g13160	12:7330373-7331104	5	5	5	10.0	0.0	0.0	22.0	*	37.0	RAP_Step2_all_TGW_quality.FarmCPUpeak_info	RAP_Step2_all_TGW_quality	LOC_Os12g13160			expressed protein	N	Y	Y	37	pipeline_score=37; farm_logP=8.87; max_variant=5; recommendation_score=37
QTL22	Chr12-7265204	8.87	*	LOC_Os12g13170	12:7332071-7338109	15	10	20	10.0	0.0	0.0	15.0	*	45.0	RAP_Step2_all_TGW_quality.FarmCPUpeak_info	RAP_Step2_all_TGW_quality	LOC_Os12g13170			transcription factor, putative, expressed	N	Y	Y	50	pipeline_score=45; farm_logP=8.87; max_variant=20; recommendation_score=50
QTL22	Chr12-7265204	8.87	*	LOC_Os12g13174	12:7340876-7344834	5	5	*	10.0	0.0	0.0	15.0	*	30.0	RAP_Step2_all_TGW_quality.FarmCPUpeak_info	RAP_Step2_all_TGW_quality	LOC_Os12g13174			expressed protein	N	Y	Y	30	pipeline_score=30; farm_logP=8.87; max_variant=5; recommendation_score=30
QTL22	Chr12-7265204	8.87	*	LOC_Os12g13180	12:7344573-7349468	25	25	0	10.0	0.0	0.0	20.0	*	55.0	RAP_Step2_all_TGW_quality.FarmCPUpeak_info	RAP_Step2_all_TGW_quality	LOC_Os12g13180			transposon protein, putative, CACTA, En/Spm sub-class, expressed	Y	Y	Y	60	pipeline_score=55; farm_logP=8.87; max_variant=25; recommendation_score=60
QTL22	Chr12-7265204	8.87	*	LOC_Os12g13190	12:7350149-7350763	25	25	25	10.0	0.0	0.0	0.0	*	35.0	RAP_Step2_all_TGW_quality.FarmCPUpeak_info	RAP_Step2_all_TGW_quality	LOC_Os12g13190			retrotransposon protein, putative, unclassified, expressed	Y	Y	Y	40	pipeline_score=35; farm_logP=8.87; max_variant=25; recommendation_score=40
QTL22	Chr12-7265204	8.87	*	LOC_Os12g13200	12:7352150-7354084	25	25	1	10.0	0.0	0.0	0.0	*	35.0	RAP_Step2_all_TGW_quality.FarmCPUpeak_info	RAP_Step2_all_TGW_quality	LOC_Os12g13200			transposon protein, putative, CACTA, En/Spm sub-class, expressed	Y	Y	Y	40	pipeline_score=35; farm_logP=8.87; max_variant=25; recommendation_score=40
QTL22	Chr12-7265204	8.87	*	LOC_Os12g13209	12:7359199-7359549	20	5	25	10.0	0.0	0.0	0.0	*	35.0	RAP_Step2_all_TGW_quality.FarmCPUpeak_info	RAP_Step2_all_TGW_quality	LOC_Os12g13209			retrotransposon protein, putative, unclassified, expressed	Y	Y	Y	40	pipeline_score=35; farm_logP=8.87; max_variant=25; recommendation_score=40
QTL22	Chr12-7265204	8.87	*	LOC_Os12g13220	12:7363431-7364041	25	25	20	10.0	0.0	0.0	0.0	*	35.0	RAP_Step2_all_TGW_quality.FarmCPUpeak_info	RAP_Step2_all_TGW_quality	LOC_Os12g13220			hypothetical protein	N	N	Y	40	pipeline_score=35; farm_logP=8.87; max_variant=25; recommendation_score=40
QTL22	Chr12-7265204	8.87	*	LOC_Os12g13230	12:7364798-7367057	25	25	*	10.0	0.0	0.0	0.0	*	35.0	RAP_Step2_all_TGW_quality.FarmCPUpeak_info	RAP_Step2_all_TGW_quality	LOC_Os12g13230			expressed protein	N	Y	Y	40	pipeline_score=35; farm_logP=8.87; max_variant=25; recommendation_score=40
QTL22	Chr12-7265204	8.87	*	LOC_Os12g13240	12:7369845-7370468	25	25	*	10.0	0.0	0.0	0.0	*	35.0	RAP_Step2_all_TGW_quality.FarmCPUpeak_info	RAP_Step2_all_TGW_quality	LOC_Os12g13240			retrotransposon protein, putative, unclassified, expressed	Y	Y	Y	40	pipeline_score=35; farm_logP=8.87; max_variant=25; recommendation_score=40
QTL22	Chr12-7265204	8.87	*	LOC_Os12g13250	12:7370606-7371137	25	25	0	10.0	0.0	0.0	0.0	*	35.0	RAP_Step2_all_TGW_quality.FarmCPUpeak_info	RAP_Step2_all_TGW_quality	LOC_Os12g13250			expressed protein	N	Y	Y	40	pipeline_score=35; farm_logP=8.87; max_variant=25; recommendation_score=40
QTL22	Chr12-7265204	8.87	*	LOC_Os12g13260	12:7372328-7373654	20	25	0	10.0	0.0	0.0	0.0	*	35.0	RAP_Step2_all_TGW_quality.FarmCPUpeak_info	RAP_Step2_all_TGW_quality	LOC_Os12g13260			retrotransposon protein, putative, unclassified, expressed	Y	Y	Y	40	pipeline_score=35; farm_logP=8.87; max_variant=25; recommendation_score=40
QTL22	Chr12-7265204	8.87	*	LOC_Os12g13270	12:7374996-7384594	20	25	25	10.0	0.0	0.0	5.0	*	40.0	RAP_Step2_all_TGW_quality.FarmCPUpeak_info	RAP_Step2_all_TGW_quality	LOC_Os12g13270			expressed protein	N	Y	Y	45	pipeline_score=40; farm_logP=8.87; max_variant=25; recommendation_score=45
QTL22	Chr12-7265204	8.87	*	LOC_Os12g13280	12:7385706-7388288	25	25	25	10.0	0.0	0.0	15.0	*	50.0	RAP_Step2_all_TGW_quality.FarmCPUpeak_info	RAP_Step2_all_TGW_quality	LOC_Os12g13280			expressed protein	N	Y	Y	55	pipeline_score=50; farm_logP=8.87; max_variant=25; recommendation_score=55
QTL22	Chr12-7265204	8.87	*	LOC_Os12g13290	12:7389639-7393851	5	5	25	10.0	0.0	0.0	18.0	*	53.0	RAP_Step2_all_TGW_quality.FarmCPUpeak_info	RAP_Step2_all_TGW_quality	LOC_Os12g13290			expressed protein	N	Y	Y	58	pipeline_score=53; farm_logP=8.87; max_variant=25; recommendation_score=58
QTL22	Chr12-7265204	8.87	*	LOC_Os12g13295	12:7409322-7411885	5	25	25	10.0	0.0	0.0	18.0	*	53.0	RAP_Step2_all_TGW_quality.FarmCPUpeak_info	RAP_Step2_all_TGW_quality	LOC_Os12g13295			expressed protein	N	Y	Y	58	pipeline_score=53; farm_logP=8.87; max_variant=25; recommendation_score=58
QTL22	Chr12-7265204	8.87	*	LOC_Os12g13300	12:7419654-7427710	20	5	10	10.0	0.0	0.0	20.0	*	50.0	RAP_Step2_all_TGW_quality.FarmCPUpeak_info	RAP_Step2_all_TGW_quality	LOC_Os12g13300			expressed protein	N	Y	Y	55	pipeline_score=50; farm_logP=8.87; max_variant=20; recommendation_score=55
QTL22	Chr12-7265204	8.87	*	Os12g0235650	12:7419688-7427708	20	10	10	10.0	0.0	0.0	20.0	*	50.0	RAP_Step2_all_TGW_quality.FarmCPUpeak_info	RAP_Step2_all_TGW_quality	Os12g0235650							55	pipeline_score=50; farm_logP=8.87; max_variant=20; recommendation_score=55
QTL22	Chr12-7265204	8.87	*	LOC_Os12g13320	12:7430530-7434681	5	10	*	10.0	0.0	10.0	15.0	*	45.0	RAP_Step2_all_TGW_quality.FarmCPUpeak_info	RAP_Step2_all_TGW_quality	LOC_Os12g13320			argininosuccinate synthase, chloroplast precursor, putative, expressed	N	Y	Y	48	pipeline_score=45; farm_logP=8.87; max_variant=10; recommendation_score=48
QTL22	Chr12-7265204	8.87	*	LOC_Os12g13330	12:7436984-7439318	20	25	5	10.0	0.0	0.0	0.0	*	35.0	RAP_Step2_all_TGW_quality.FarmCPUpeak_info	RAP_Step2_all_TGW_quality	LOC_Os12g13330			retrotransposon protein, putative, unclassified, expressed	Y	Y	Y	40	pipeline_score=35; farm_logP=8.87; max_variant=25; recommendation_score=40
QTL22	Chr12-7265204	8.87	*	LOC_Os12g13340	12:7441028-7446103	5	5	20	10.0	0.0	0.0	20.0	*	50.0	RAP_Step2_all_TGW_quality.FarmCPUpeak_info	RAP_Step2_all_TGW_quality	LOC_Os12g13340			expressed protein	N	Y	Y	55	pipeline_score=50; farm_logP=8.87; max_variant=20; recommendation_score=55
QTL22	Chr12-7265204	8.87	*	Os12g0236200	12:7451684-7452701	*	25	0	10.0	0.0	0.0	0.0	*	35.0	RAP_Step2_all_TGW_quality.FarmCPUpeak_info	RAP_Step2_all_TGW_quality	Os12g0236200							40	pipeline_score=35; farm_logP=8.87; max_variant=25; recommendation_score=40
QTL22	Chr12-7265204	8.87	*	LOC_Os12g13350	12:7453145-7453539	20	25	25	10.0	0.0	0.0	22.0	*	57.0	RAP_Step2_all_TGW_quality.FarmCPUpeak_info	RAP_Step2_all_TGW_quality	LOC_Os12g13350			retrotransposon protein, putative, Ty1-copia subclass, expressed	Y	Y	Y	62	pipeline_score=57; farm_logP=8.87; max_variant=25; recommendation_score=62
QTL22	Chr12-7265204	8.87	*	Os12g0236225	12:7455334-7457843	25	5	20	10.0	0.0	0.0	15.0	*	50.0	RAP_Step2_all_TGW_quality.FarmCPUpeak_info	RAP_Step2_all_TGW_quality	Os12g0236225							55	pipeline_score=50; farm_logP=8.87; max_variant=25; recommendation_score=55
QTL22	Chr12-7265204	8.87	*	LOC_Os12g13360	12:7461428-7462873	25	5	25	10.0	0.0	10.0	0.0	*	45.0	RAP_Step2_all_TGW_quality.FarmCPUpeak_info	RAP_Step2_all_TGW_quality	LOC_Os12g13360			cullin-1, putative, expressed	N	Y	Y	50	pipeline_score=45; farm_logP=8.87; max_variant=25; recommendation_score=50
QTL23	Chr12-12111439	5.17	*	Os12g0299650	12:11910147-11911770	20	5	20	2.0	0.0	0.0	0.0	*	22.0	RAP_Step2_all_TGW_quality.FarmCPUpeak_info	RAP_Step2_all_TGW_quality	Os12g0299650							27	pipeline_score=22; farm_logP=5.17; max_variant=20; recommendation_score=27
QTL23	Chr12-12111439	5.17	*	Os12g0299600	12:11912016-11915164	20	5	20	2.0	0.0	0.0	0.0	*	22.0	RAP_Step2_all_TGW_quality.FarmCPUpeak_info	RAP_Step2_all_TGW_quality	Os12g0299600							27	pipeline_score=22; farm_logP=5.17; max_variant=20; recommendation_score=27
QTL23	Chr12-12111439	5.17	*	LOC_Os12g20410	12:11915387-11918741	20	25	20	2.0	0.0	0.0	18.0	*	45.0	RAP_Step2_all_TGW_quality.FarmCPUpeak_info	RAP_Step2_all_TGW_quality	LOC_Os12g20410			matrix attachment region binding protein, putative, expressed	N	Y	Y	50	pipeline_score=45; farm_logP=5.17; max_variant=25; recommendation_score=50
QTL23	Chr12-12111439	5.17	*	LOC_Os12g20420	12:11923286-11926541	25	25	0	2.0	0.0	0.0	0.0	*	27.0	RAP_Step2_all_TGW_quality.FarmCPUpeak_info	RAP_Step2_all_TGW_quality	LOC_Os12g20420			transposon protein, putative, unclassified, expressed	Y	Y	Y	32	pipeline_score=27; farm_logP=5.17; max_variant=25; recommendation_score=32
QTL23	Chr12-12111439	5.17	*	LOC_Os12g20430	12:11929448-11930895	25	10	10	2.0	0.0	0.0	20.0	*	47.0	RAP_Step2_all_TGW_quality.FarmCPUpeak_info	RAP_Step2_all_TGW_quality	LOC_Os12g20430			retrotransposon protein, putative, Ty3-gypsy subclass	Y	N	Y	52	pipeline_score=47; farm_logP=5.17; max_variant=25; recommendation_score=52
QTL23	Chr12-12111439	5.17	*	LOC_Os12g20440	12:11934525-11936652	20	10	25	2.0	0.0	0.0	0.0	*	27.0	RAP_Step2_all_TGW_quality.FarmCPUpeak_info	RAP_Step2_all_TGW_quality	LOC_Os12g20440			hypothetical protein	N	N	Y	32	pipeline_score=27; farm_logP=5.17; max_variant=25; recommendation_score=32
QTL23	Chr12-12111439	5.17	*	LOC_Os12g20450	12:11940382-11944056	25	25	25	2.0	0.0	0.0	0.0	*	27.0	RAP_Step2_all_TGW_quality.FarmCPUpeak_info	RAP_Step2_all_TGW_quality	LOC_Os12g20450			retrotransposon protein, putative, Ty3-gypsy subclass, expressed	Y	Y	Y	32	pipeline_score=27; farm_logP=5.17; max_variant=25; recommendation_score=32
QTL23	Chr12-12111439	5.17	*	LOC_Os12g20460	12:11944755-11948506	20	25	0	2.0	0.0	0.0	20.0	*	47.0	RAP_Step2_all_TGW_quality.FarmCPUpeak_info	RAP_Step2_all_TGW_quality	LOC_Os12g20460			retrotransposon protein, putative, Ty3-gypsy subclass, expressed	Y	Y	Y	52	pipeline_score=47; farm_logP=5.17; max_variant=25; recommendation_score=52
QTL23	Chr12-12111439	5.17	*	LOC_Os12g20470	12:11959992-11965756	25	25	25	2.0	0.0	0.0	0.0	*	27.0	RAP_Step2_all_TGW_quality.FarmCPUpeak_info	RAP_Step2_all_TGW_quality	LOC_Os12g20470			retrotransposon protein, putative, Ty3-gypsy subclass, expressed	Y	Y	Y	32	pipeline_score=27; farm_logP=5.17; max_variant=25; recommendation_score=32
QTL23	Chr12-12111439	5.17	*	LOC_Os12g21470	12:12013031-12015177	25	25	25	2.0	0.0	0.0	18.0	*	45.0	RAP_Step2_all_TGW_quality.FarmCPUpeak_info	RAP_Step2_all_TGW_quality	LOC_Os12g21470			retrotransposon protein, putative, unclassified, expressed	Y	Y	Y	50	pipeline_score=45; farm_logP=5.17; max_variant=25; recommendation_score=50
QTL23	Chr12-12111439	5.17	*	LOC_Os12g21490	12:12066938-12068201	25	25	*	2.0	0.0	0.0	0.0	*	27.0	RAP_Step2_all_TGW_quality.FarmCPUpeak_info	RAP_Step2_all_TGW_quality	LOC_Os12g21490			retrotransposon protein, putative, unclassified	Y	N	Y	32	pipeline_score=27; farm_logP=5.17; max_variant=25; recommendation_score=32
QTL23	Chr12-12111439	5.17	*	LOC_Os12g21500	12:12075112-12087744	20	10	10	2.0	0.0	0.0	10.0	*	32.0	RAP_Step2_all_TGW_quality.FarmCPUpeak_info	RAP_Step2_all_TGW_quality	LOC_Os12g21500			exosome complex exonuclease, putative, expressed	N	Y	Y	37	pipeline_score=32; farm_logP=5.17; max_variant=20; recommendation_score=37
QTL23	Chr12-12111439	5.17	*	LOC_Os12g21510	12:12093284-12100721	25	25	25	2.0	0.0	0.0	5.0	*	32.0	RAP_Step2_all_TGW_quality.FarmCPUpeak_info	RAP_Step2_all_TGW_quality	LOC_Os12g21510			transposon protein, putative, unclassified, expressed	Y	Y	Y	37	pipeline_score=32; farm_logP=5.17; max_variant=25; recommendation_score=37
QTL23	Chr12-12111439	5.17	*	LOC_Os12g21520	12:12104712-12106101	25	25	25	2.0	0.0	0.0	0.0	*	27.0	RAP_Step2_all_TGW_quality.FarmCPUpeak_info	RAP_Step2_all_TGW_quality	LOC_Os12g21520			retrotransposon, putative, centromere-specific, expressed	Y	Y	Y	32	pipeline_score=27; farm_logP=5.17; max_variant=25; recommendation_score=32
QTL23	Chr12-12111439	5.17	*	LOC_Os12g21530	12:12107685-12108385	25	25	25	2.0	0.0	0.0	5.0	*	32.0	RAP_Step2_all_TGW_quality.FarmCPUpeak_info	RAP_Step2_all_TGW_quality	LOC_Os12g21530			retrotransposon, putative, centromere-specific	Y	N	Y	37	pipeline_score=32; farm_logP=5.17; max_variant=25; recommendation_score=37
QTL23	Chr12-12111439	5.17	*	LOC_Os12g21540	12:12109863-12112010	25	25	25	2.0	0.0	0.0	18.0	*	45.0	RAP_Step2_all_TGW_quality.FarmCPUpeak_info	RAP_Step2_all_TGW_quality	LOC_Os12g21540			retrotransposon protein, putative, unclassified, expressed	Y	Y	Y	50	pipeline_score=45; farm_logP=5.17; max_variant=25; recommendation_score=50
QTL23	Chr12-12111439	5.17	*	LOC_Os12g21550	12:12115944-12117480	20	5	25	2.0	0.0	0.0	0.0	*	27.0	RAP_Step2_all_TGW_quality.FarmCPUpeak_info	RAP_Step2_all_TGW_quality	LOC_Os12g21550			retrotransposon protein, putative, unclassified, expressed	Y	Y	Y	32	pipeline_score=27; farm_logP=5.17; max_variant=25; recommendation_score=32
QTL23	Chr12-12111439	5.17	*	LOC_Os12g21560	12:12118256-12121637	20	5	0	2.0	0.0	0.0	15.0	*	37.0	RAP_Step2_all_TGW_quality.FarmCPUpeak_info	RAP_Step2_all_TGW_quality	LOC_Os12g21560			retrotransposon protein, putative, unclassified, expressed	Y	Y	Y	42	pipeline_score=37; farm_logP=5.17; max_variant=20; recommendation_score=42
QTL23	Chr12-12111439	5.17	*	Os12g0404400	12:12122123-12133440	25	25	0	2.0	0.0	0.0	18.0	*	45.0	RAP_Step2_all_TGW_quality.FarmCPUpeak_info	RAP_Step2_all_TGW_quality	Os12g0404400							50	pipeline_score=45; farm_logP=5.17; max_variant=25; recommendation_score=50
QTL23	Chr12-12111439	5.17	*	LOC_Os12g21570	12:12125261-12128713	25	25	5	2.0	0.0	0.0	18.0	*	45.0	RAP_Step2_all_TGW_quality.FarmCPUpeak_info	RAP_Step2_all_TGW_quality	LOC_Os12g21570			retrotransposon protein, putative, Ty3-gypsy subclass, expressed	Y	Y	Y	50	pipeline_score=45; farm_logP=5.17; max_variant=25; recommendation_score=50
QTL23	Chr12-12111439	5.17	*	LOC_Os12g21580	12:12128985-12130972	25	25	*	2.0	0.0	0.0	18.0	*	45.0	RAP_Step2_all_TGW_quality.FarmCPUpeak_info	RAP_Step2_all_TGW_quality	LOC_Os12g21580			retrotransposon protein, putative, Ty3-gypsy subclass, expressed	Y	Y	Y	50	pipeline_score=45; farm_logP=5.17; max_variant=25; recommendation_score=50
QTL23	Chr12-12111439	5.17	*	LOC_Os12g21590	12:12133075-12133509	20	5	5	2.0	0.0	0.0	18.0	*	40.0	RAP_Step2_all_TGW_quality.FarmCPUpeak_info	RAP_Step2_all_TGW_quality	LOC_Os12g21590			retrotransposon protein, putative, unclassified, expressed	Y	Y	Y	45	pipeline_score=40; farm_logP=5.17; max_variant=20; recommendation_score=45
QTL23	Chr12-12111439	5.17	*	LOC_Os12g21600	12:12138352-12145361	25	25	25	2.0	0.0	0.0	10.0	*	37.0	RAP_Step2_all_TGW_quality.FarmCPUpeak_info	RAP_Step2_all_TGW_quality	LOC_Os12g21600			retrotransposon protein, putative, Ty3-gypsy subclass, expressed	Y	Y	Y	42	pipeline_score=37; farm_logP=5.17; max_variant=25; recommendation_score=42
QTL23	Chr12-12111439	5.17	*	LOC_Os12g21610	12:12147779-12148153	25	25	10	2.0	0.0	0.0	0.0	*	27.0	RAP_Step2_all_TGW_quality.FarmCPUpeak_info	RAP_Step2_all_TGW_quality	LOC_Os12g21610			expressed protein	N	Y	Y	32	pipeline_score=27; farm_logP=5.17; max_variant=25; recommendation_score=32
QTL23	Chr12-12111439	5.17	*	LOC_Os12g21624	12:12149070-12153564	25	10	20	2.0	0.0	0.0	0.0	*	27.0	RAP_Step2_all_TGW_quality.FarmCPUpeak_info	RAP_Step2_all_TGW_quality	LOC_Os12g21624			retrotransposon protein, putative, unclassified, expressed	Y	Y	Y	32	pipeline_score=27; farm_logP=5.17; max_variant=25; recommendation_score=32
QTL23	Chr12-12111439	5.17	*	LOC_Os12g21640	12:12157494-12162044	25	25	25	2.0	0.0	0.0	0.0	*	27.0	RAP_Step2_all_TGW_quality.FarmCPUpeak_info	RAP_Step2_all_TGW_quality	LOC_Os12g21640			retrotransposon protein, putative, Ty3-gypsy subclass, expressed	Y	Y	Y	32	pipeline_score=27; farm_logP=5.17; max_variant=25; recommendation_score=32
QTL23	Chr12-12111439	5.17	*	LOC_Os12g21660	12:12173943-12176920	25	25	5	2.0	0.0	10.0	0.0	*	37.0	RAP_Step2_all_TGW_quality.FarmCPUpeak_info	RAP_Step2_all_TGW_quality	LOC_Os12g21660			retrotransposon protein, putative, unclassified, expressed	Y	Y	Y	42	pipeline_score=37; farm_logP=5.17; max_variant=25; recommendation_score=42
QTL23	Chr12-12111439	5.17	*	LOC_Os12g21670	12:12178059-12178723	20	25	*	2.0	0.0	0.0	0.0	*	27.0	RAP_Step2_all_TGW_quality.FarmCPUpeak_info	RAP_Step2_all_TGW_quality	LOC_Os12g21670			hypothetical protein	N	N	Y	32	pipeline_score=27; farm_logP=5.17; max_variant=25; recommendation_score=32
QTL23	Chr12-12111439	5.17	*	LOC_Os12g21680	12:12180052-12182940	20	5	0	2.0	0.0	0.0	0.0	*	22.0	RAP_Step2_all_TGW_quality.FarmCPUpeak_info	RAP_Step2_all_TGW_quality	LOC_Os12g21680			retrotransposon protein, putative, unclassified, expressed	Y	Y	Y	27	pipeline_score=22; farm_logP=5.17; max_variant=20; recommendation_score=27
QTL23	Chr12-12111439	5.17	*	LOC_Os12g21690	12:12189328-12189591	20	5	*	2.0	5.0	0.0	0.0	*	27.0	RAP_Step2_all_TGW_quality.FarmCPUpeak_info	RAP_Step2_all_TGW_quality	LOC_Os12g21690			expressed protein	N	Y	Y	32	pipeline_score=27; farm_logP=5.17; max_variant=20; recommendation_score=32
QTL23	Chr12-12111439	5.17	*	LOC_Os12g21700	12:12195256-12202953	5	5	*	2.0	0.0	10.0	10.0	*	27.0	RAP_Step2_all_TGW_quality.FarmCPUpeak_info	RAP_Step2_all_TGW_quality	LOC_Os12g21700			zinc finger C-x8-C-x5-C-x3-H type family protein, expressed	N	Y	Y	27	pipeline_score=27; farm_logP=5.17; max_variant=5; recommendation_score=27
QTL23	Chr12-12111439	5.17	*	LOC_Os12g21710	12:12204428-12208058	5	10	*	2.0	0.0	0.0	10.0	*	22.0	RAP_Step2_all_TGW_quality.FarmCPUpeak_info	RAP_Step2_all_TGW_quality	LOC_Os12g21710	HTD12	dwarf; height; photosynthesis; plant height; root; strigolactone; tiller; tiller number	nnrU, putative, expressed	N	Y	Y	32	pipeline_score=22; farm_logP=5.17; max_variant=10; symbol=HTD12; keyword=dwarf; height; photosynthesis; plant height; root; strigolactone; tiller; tiller number; recommendation_score=32
QTL23	Chr12-12111439	5.17	*	LOC_Os12g21720	12:12212617-12214414	25	25	*	2.0	0.0	0.0	15.0	*	42.0	RAP_Step2_all_TGW_quality.FarmCPUpeak_info	RAP_Step2_all_TGW_quality	LOC_Os12g21720			retrotransposon protein, putative, unclassified, expressed	Y	Y	Y	47	pipeline_score=42; farm_logP=5.17; max_variant=25; recommendation_score=47
QTL23	Chr12-12111439	5.17	*	LOC_Os12g21730	12:12215036-12220997	25	25	25	2.0	0.0	10.0	10.0	*	47.0	RAP_Step2_all_TGW_quality.FarmCPUpeak_info	RAP_Step2_all_TGW_quality	LOC_Os12g21730			retrotransposon protein, putative, unclassified, expressed	Y	Y	Y	52	pipeline_score=47; farm_logP=5.17; max_variant=25; recommendation_score=52
QTL23	Chr12-12111439	5.17	*	LOC_Os12g21734	12:12221391-12223748	20	25	0	2.0	0.0	0.0	15.0	*	42.0	RAP_Step2_all_TGW_quality.FarmCPUpeak_info	RAP_Step2_all_TGW_quality	LOC_Os12g21734			expressed protein	N	Y	Y	47	pipeline_score=42; farm_logP=5.17; max_variant=25; recommendation_score=47
QTL23	Chr12-12111439	5.17	*	Os12g0405400	12:12224008-12228537	20	25	0	2.0	0.0	0.0	10.0	*	37.0	RAP_Step2_all_TGW_quality.FarmCPUpeak_info	RAP_Step2_all_TGW_quality	Os12g0405400							42	pipeline_score=37; farm_logP=5.17; max_variant=25; recommendation_score=42
QTL23	Chr12-12111439	5.17	*	LOC_Os12g21740	12:12231330-12232628	20	25	*	2.0	0.0	0.0	20.0	*	47.0	RAP_Step2_all_TGW_quality.FarmCPUpeak_info	RAP_Step2_all_TGW_quality	LOC_Os12g21740			expressed protein	N	Y	Y	52	pipeline_score=47; farm_logP=5.17; max_variant=25; recommendation_score=52
QTL23	Chr12-12111439	5.17	*	LOC_Os12g21750	12:12236575-12237477	20	5	*	2.0	0.0	0.0	0.0	*	22.0	RAP_Step2_all_TGW_quality.FarmCPUpeak_info	RAP_Step2_all_TGW_quality	LOC_Os12g21750			hypothetical protein	N	N	Y	27	pipeline_score=22; farm_logP=5.17; max_variant=20; recommendation_score=27
QTL23	Chr12-12111439	5.17	*	Os12g0405700	12:12240426-12242537	5	5	5	2.0	0.0	0.0	15.0	*	22.0	RAP_Step2_all_TGW_quality.FarmCPUpeak_info	RAP_Step2_all_TGW_quality	Os12g0405700							22	pipeline_score=22; farm_logP=5.17; max_variant=5; recommendation_score=22
QTL23	Chr12-12111439	5.17	*	LOC_Os12g21760	12:12244135-12244350	20	5	*	2.0	0.0	0.0	20.0	*	42.0	RAP_Step2_all_TGW_quality.FarmCPUpeak_info	RAP_Step2_all_TGW_quality	LOC_Os12g21760			RALFL25 - Rapid ALkalinization Factor RALF family protein precursor, putative, expressed	N	Y	Y	47	pipeline_score=42; farm_logP=5.17; max_variant=20; recommendation_score=47
QTL23	Chr12-12111439	5.17	*	LOC_Os12g21770	12:12247191-12249907	20	25	5	2.0	0.0	0.0	0.0	*	27.0	RAP_Step2_all_TGW_quality.FarmCPUpeak_info	RAP_Step2_all_TGW_quality	LOC_Os12g21770			retrotransposon protein, putative, unclassified, expressed	Y	Y	Y	32	pipeline_score=27; farm_logP=5.17; max_variant=25; recommendation_score=32
QTL23	Chr12-12111439	5.17	*	LOC_Os12g21780	12:12250410-12256537	25	25	20	2.0	0.0	0.0	0.0	*	27.0	RAP_Step2_all_TGW_quality.FarmCPUpeak_info	RAP_Step2_all_TGW_quality	LOC_Os12g21780			retrotransposon protein, putative, Ty3-gypsy subclass, expressed	Y	Y	Y	32	pipeline_score=27; farm_logP=5.17; max_variant=25; recommendation_score=32
QTL23	Chr12-12111439	5.17	*	LOC_Os12g21784	12:12258432-12262067	20	5	0	2.0	0.0	0.0	10.0	*	32.0	RAP_Step2_all_TGW_quality.FarmCPUpeak_info	RAP_Step2_all_TGW_quality	LOC_Os12g21784			expressed protein	N	Y	Y	37	pipeline_score=32; farm_logP=5.17; max_variant=20; recommendation_score=37
QTL23	Chr12-12111439	5.17	*	LOC_Os12g21789	12:12264653-12268289	20	10	*	2.0	0.0	0.0	15.0	*	37.0	RAP_Step2_all_TGW_quality.FarmCPUpeak_info	RAP_Step2_all_TGW_quality	LOC_Os12g21789			expressed protein	N	Y	Y	42	pipeline_score=37; farm_logP=5.17; max_variant=20; recommendation_score=42
QTL23	Chr12-12111439	5.17	*	LOC_Os12g21798	12:12270380-12274370	5	5	*	2.0	0.0	0.0	15.0	*	22.0	RAP_Step2_all_TGW_quality.FarmCPUpeak_info	RAP_Step2_all_TGW_quality	LOC_Os12g21798			40S ribosomal protein S3a, putative, expressed	N	Y	Y	22	pipeline_score=22; farm_logP=5.17; max_variant=5; recommendation_score=22
QTL23	Chr12-12111439	5.17	*	LOC_Os12g21810	12:12276607-12276801	20	25	*	2.0	0.0	0.0	0.0	*	27.0	RAP_Step2_all_TGW_quality.FarmCPUpeak_info	RAP_Step2_all_TGW_quality	LOC_Os12g21810			expressed protein	N	Y	Y	32	pipeline_score=27; farm_logP=5.17; max_variant=25; recommendation_score=32
QTL23	Chr12-12111439	5.17	*	LOC_Os12g21820	12:12281831-12286748	25	25	0	2.0	0.0	0.0	22.0	*	49.0	RAP_Step2_all_TGW_quality.FarmCPUpeak_info	RAP_Step2_all_TGW_quality	LOC_Os12g21820			retrotransposon protein, putative, Ty1-copia subclass, expressed	Y	Y	Y	54	pipeline_score=49; farm_logP=5.17; max_variant=25; recommendation_score=54
QTL23	Chr12-12111439	5.17	*	LOC_Os12g21830	12:12287801-12292860	25	25	5	2.0	0.0	0.0	0.0	*	27.0	RAP_Step2_all_TGW_quality.FarmCPUpeak_info	RAP_Step2_all_TGW_quality	LOC_Os12g21830			retrotransposon protein, putative, Ty1-copia subclass	Y	N	Y	32	pipeline_score=27; farm_logP=5.17; max_variant=25; recommendation_score=32
QTL23	Chr12-12111439	5.17	*	Os12g0406732	12:12298858-12302210	20	5	15	2.0	0.0	0.0	18.0	*	40.0	RAP_Step2_all_TGW_quality.FarmCPUpeak_info	RAP_Step2_all_TGW_quality	Os12g0406732							45	pipeline_score=40; farm_logP=5.17; max_variant=20; recommendation_score=45
QTL23	Chr12-12111439	5.17	*	LOC_Os12g21840	12:12298941-12299204	20	5	5	2.0	0.0	0.0	18.0	*	40.0	RAP_Step2_all_TGW_quality.FarmCPUpeak_info	RAP_Step2_all_TGW_quality	LOC_Os12g21840			expressed protein	N	Y	Y	45	pipeline_score=40; farm_logP=5.17; max_variant=20; recommendation_score=45
QTL23	Chr12-12111439	5.17	*	LOC_Os12g21850	12:12303478-12304062	20	10	0	2.0	5.0	17.0	20.0	*	64.0	RAP_Step2_all_TGW_quality.FarmCPUpeak_info	RAP_Step2_all_TGW_quality	LOC_Os12g21850			OsMADS73 - MADS-box family gene with M-alpha type-box, expressed	N	Y	Y	69	pipeline_score=64; farm_logP=5.17; max_variant=20; recommendation_score=69
QTL23	Chr12-12111439	5.17	*	LOC_Os12g21860	12:12306113-12311010	25	25	25	2.0	0.0	0.0	15.0	*	42.0	RAP_Step2_all_TGW_quality.FarmCPUpeak_info	RAP_Step2_all_TGW_quality	LOC_Os12g21860			expressed protein	N	Y	Y	47	pipeline_score=42; farm_logP=5.17; max_variant=25; recommendation_score=47
