QTL	FarmCPU_pos	FarmCPU_-logP	MLM_INFO(Chr-pos-(-log10))	Geno	Geno_pos	SIFT_Score	INDEL_Score	SV_Score	Score_peak	Score_TE	Score_annotate	Score_expression	Score_match	Score	Source_File	Mode	Annotation_locus	Symbol	Keyword	Locus_annotation	Locus_is_TE	Locus_is_expressed	Locus_is_representative	Recommendation_score	Recommendation_reason
QTL1	Chr1-6282028	13.39	*	LOC_Os01g11350	1:6094692-6096528	5	25	*	8.0	0.0	0.0	5.0	*	38.0	RAP_Step2_HNHZ_window200kb.FarmCPUpeak_info	window200kb	LOC_Os01g11350			bZIP transcription factor domain containing protein, expressed	N	Y	Y	43	pipeline_score=38; farm_logP=13.39; max_variant=25; recommendation_score=43
QTL1	Chr1-6282028	13.39	*	LOC_Os01g11360	1:6108958-6111317	25	5	*	8.0	0.0	0.0	5.0	*	38.0	RAP_Step2_HNHZ_window200kb.FarmCPUpeak_info	window200kb	LOC_Os01g11360			expressed protein	N	Y	Y	43	pipeline_score=38; farm_logP=13.39; max_variant=25; recommendation_score=43
QTL1	Chr1-6282028	13.39	*	Os01g0212000	1:6109134-6109760	25	25	10	8.0	0.0	0.0	5.0	*	38.0	RAP_Step2_HNHZ_window200kb.FarmCPUpeak_info	window200kb	Os01g0212000							43	pipeline_score=38; farm_logP=13.39; max_variant=25; recommendation_score=43
QTL1	Chr1-6282028	13.39	*	LOC_Os01g11370	1:6112801-6125531	20	5	*	8.0	0.0	0.0	15.0	*	43.0	RAP_Step2_HNHZ_window200kb.FarmCPUpeak_info	window200kb	LOC_Os01g11370			ATP-dependent RNA helicase, putative, expressed	Y	Y	Y	48	pipeline_score=43; farm_logP=13.39; max_variant=20; recommendation_score=48
QTL1	Chr1-6282028	13.39	*	LOC_Os01g11390	1:6129330-6129737	20	10	0	8.0	0.0	0.0	5.0	*	33.0	RAP_Step2_HNHZ_window200kb.FarmCPUpeak_info	window200kb	LOC_Os01g11390			expressed protein	N	Y	Y	38	pipeline_score=33; farm_logP=13.39; max_variant=20; recommendation_score=38
QTL1	Chr1-6282028	13.39	*	LOC_Os01g11400	1:6132290-6132533	20	10	*	8.0	0.0	0.0	10.0	*	38.0	RAP_Step2_HNHZ_window200kb.FarmCPUpeak_info	window200kb	LOC_Os01g11400			hypothetical protein	N	N	Y	43	pipeline_score=38; farm_logP=13.39; max_variant=20; recommendation_score=43
QTL1	Chr1-6282028	13.39	*	LOC_Os01g11414	1:6134202-6139189	1	10	*	8.0	0.0	0.0	10.0	*	28.0	RAP_Step2_HNHZ_window200kb.FarmCPUpeak_info	window200kb	LOC_Os01g11414			sodium/calcium exchanger protein, putative, expressed	N	Y	Y	31	pipeline_score=28; farm_logP=13.39; max_variant=10; recommendation_score=31
QTL1	Chr1-6282028	13.39	*	LOC_Os01g11430	1:6139582-6142129	5	5	*	8.0	0.0	0.0	5.0	*	18.0	RAP_Step2_HNHZ_window200kb.FarmCPUpeak_info	window200kb	LOC_Os01g11430			expressed protein	N	Y	Y	18	pipeline_score=18; farm_logP=13.39; max_variant=5; recommendation_score=18
QTL1	Chr1-6282028	13.39	*	LOC_Os01g11450	1:6163187-6166385	25	25	25	8.0	0.0	0.0	0.0	*	33.0	RAP_Step2_HNHZ_window200kb.FarmCPUpeak_info	window200kb	LOC_Os01g11450			retrotransposon protein, putative, Ty1-copia subclass, expressed	Y	Y	Y	38	pipeline_score=33; farm_logP=13.39; max_variant=25; recommendation_score=38
QTL1	Chr1-6282028	13.39	*	LOC_Os01g11460	1:6171722-6173186	20	10	15	8.0	5.0	0.0	5.0	*	38.0	RAP_Step2_HNHZ_window200kb.FarmCPUpeak_info	window200kb	LOC_Os01g11460			zinc finger, C3HC4 type domain containing protein, expressed	N	Y	Y	43	pipeline_score=38; farm_logP=13.39; max_variant=20; recommendation_score=43
QTL1	Chr1-6282028	13.39	*	LOC_Os01g11470	1:6182163-6182516	20	10	*	8.0	0.0	0.0	5.0	*	33.0	RAP_Step2_HNHZ_window200kb.FarmCPUpeak_info	window200kb	LOC_Os01g11470			expressed protein	N	Y	Y	38	pipeline_score=33; farm_logP=13.39; max_variant=20; recommendation_score=38
QTL1	Chr1-6282028	13.39	*	Os01g0212900	1:6182929-6183873	20	10	*	8.0	0.0	0.0	5.0	*	33.0	RAP_Step2_HNHZ_window200kb.FarmCPUpeak_info	window200kb	Os01g0212900							38	pipeline_score=33; farm_logP=13.39; max_variant=20; recommendation_score=38
QTL1	Chr1-6282028	13.39	*	LOC_Os01g11480	1:6183125-6183625	5	10	*	8.0	0.0	0.0	5.0	*	23.0	RAP_Step2_HNHZ_window200kb.FarmCPUpeak_info	window200kb	LOC_Os01g11480			zinc finger, C3HC4 type domain containing protein, expressed	N	Y	Y	26	pipeline_score=23; farm_logP=13.39; max_variant=10; recommendation_score=26
QTL1	Chr1-6282028	13.39	*	LOC_Os01g11490	1:6185622-6186317	20	5	*	8.0	5.0	0.0	5.0	*	38.0	RAP_Step2_HNHZ_window200kb.FarmCPUpeak_info	window200kb	LOC_Os01g11490			zinc finger, C3HC4 type domain containing protein, expressed	N	Y	Y	43	pipeline_score=38; farm_logP=13.39; max_variant=20; recommendation_score=43
QTL1	Chr1-6282028	13.39	*	LOC_Os01g11500	1:6188518-6189219	5	10	*	8.0	0.0	0.0	5.0	*	23.0	RAP_Step2_HNHZ_window200kb.FarmCPUpeak_info	window200kb	LOC_Os01g11500			zinc finger, C3HC4 type domain containing protein, expressed	N	Y	Y	26	pipeline_score=23; farm_logP=13.39; max_variant=10; recommendation_score=26
QTL1	Chr1-6282028	13.39	*	LOC_Os01g11510	1:6191931-6193745	20	10	*	8.0	5.0	20.0	0.0	*	53.0	RAP_Step2_HNHZ_window200kb.FarmCPUpeak_info	window200kb	LOC_Os01g11510			OsMADS91 - MADS-box family gene with M-beta type-box, expressed	N	Y	Y	58	pipeline_score=53; farm_logP=13.39; max_variant=20; recommendation_score=58
QTL1	Chr1-6282028	13.39	*	Os01g0213350	1:6195350-6199436	20	10	20	8.0	0.0	0.0	5.0	*	33.0	RAP_Step2_HNHZ_window200kb.FarmCPUpeak_info	window200kb	Os01g0213350							38	pipeline_score=33; farm_logP=13.39; max_variant=20; recommendation_score=38
QTL1	Chr1-6282028	13.39	*	LOC_Os01g11520	1:6199158-6200399	15	10	10	8.0	0.0	0.0	15.0	*	38.0	RAP_Step2_HNHZ_window200kb.FarmCPUpeak_info	window200kb	LOC_Os01g11520			RING-H2 finger protein, putative, expressed	N	Y	Y	41	pipeline_score=38; farm_logP=13.39; max_variant=15; recommendation_score=41
QTL1	Chr1-6282028	13.39	*	LOC_Os01g11550	1:6221636-6224329	5	10	*	8.0	5.0	0.0	5.0	*	28.0	RAP_Step2_HNHZ_window200kb.FarmCPUpeak_info	window200kb	LOC_Os01g11550			TCP family transcription factor, putative, expressed	N	Y	Y	31	pipeline_score=28; farm_logP=13.39; max_variant=10; recommendation_score=31
QTL1	Chr1-6282028	13.39	*	Os01g0214001	1:6221644-6224197	5	10	*	8.0	0.0	0.0	5.0	*	23.0	RAP_Step2_HNHZ_window200kb.FarmCPUpeak_info	window200kb	Os01g0214001							26	pipeline_score=23; farm_logP=13.39; max_variant=10; recommendation_score=26
QTL1	Chr1-6282028	13.39	*	LOC_Os01g11570	1:6242495-6244969	5	10	5	8.0	0.0	0.0	10.0	*	28.0	RAP_Step2_HNHZ_window200kb.FarmCPUpeak_info	window200kb	LOC_Os01g11570			GDSL-like lipase/acylhydrolase, putative, expressed	N	Y	Y	31	pipeline_score=28; farm_logP=13.39; max_variant=10; recommendation_score=31
QTL1	Chr1-6282028	13.39	*	LOC_Os01g11580	1:6247411-6253398	5	10	*	8.0	0.0	0.0	15.0	*	33.0	RAP_Step2_HNHZ_window200kb.FarmCPUpeak_info	window200kb	LOC_Os01g11580			bromodomain containing protein, expressed	N	Y	Y	36	pipeline_score=33; farm_logP=13.39; max_variant=10; recommendation_score=36
QTL1	Chr1-6282028	13.39	*	LOC_Os01g11590	1:6253721-6257198	20	*	*	8.0	0.0	0.0	18.0	*	46.0	RAP_Step2_HNHZ_window200kb.FarmCPUpeak_info	window200kb	LOC_Os01g11590			uncharacterized protein HI0077, putative, expressed	N	Y	Y	51	pipeline_score=46; farm_logP=13.39; max_variant=20; recommendation_score=51
QTL1	Chr1-6282028	13.39	*	LOC_Os01g11600	1:6257915-6258264	5	10	*	8.0	0.0	0.0	18.0	*	36.0	RAP_Step2_HNHZ_window200kb.FarmCPUpeak_info	window200kb	LOC_Os01g11600			expressed protein	N	Y	Y	39	pipeline_score=36; farm_logP=13.39; max_variant=10; recommendation_score=39
QTL1	Chr1-6282028	13.39	*	LOC_Os01g11620	1:6267440-6270903	5	25	*	8.0	0.0	0.0	5.0	*	38.0	RAP_Step2_HNHZ_window200kb.FarmCPUpeak_info	window200kb	LOC_Os01g11620			GDSL-like lipase/acylhydrolase, putative, expressed	N	Y	Y	43	pipeline_score=38; farm_logP=13.39; max_variant=25; recommendation_score=43
QTL1	Chr1-6282028	13.39	*	LOC_Os01g11640	1:6277478-6277714	25	10	*	8.0	0.0	0.0	0.0	*	33.0	RAP_Step2_HNHZ_window200kb.FarmCPUpeak_info	window200kb	LOC_Os01g11640			expressed protein	N	Y	Y	38	pipeline_score=33; farm_logP=13.39; max_variant=25; recommendation_score=38
QTL1	Chr1-6282028	13.39	*	LOC_Os01g11650	1:6278493-6283652	5	10	*	8.0	0.0	0.0	18.0	*	36.0	RAP_Step2_HNHZ_window200kb.FarmCPUpeak_info	window200kb	LOC_Os01g11650			GDSL-like lipase/acylhydrolase, putative, expressed	N	Y	Y	39	pipeline_score=36; farm_logP=13.39; max_variant=10; recommendation_score=39
QTL1	Chr1-6282028	13.39	*	Os01g0214901	1:6278711-6283235	5	10	*	8.0	0.0	0.0	18.0	*	36.0	RAP_Step2_HNHZ_window200kb.FarmCPUpeak_info	window200kb	Os01g0214901							39	pipeline_score=36; farm_logP=13.39; max_variant=10; recommendation_score=39
QTL1	Chr1-6282028	13.39	*	LOC_Os01g11660	1:6288365-6292303	20	10	25	8.0	0.0	0.0	18.0	*	51.0	RAP_Step2_HNHZ_window200kb.FarmCPUpeak_info	window200kb	LOC_Os01g11660			GDSL-like lipase/acylhydrolase, putative, expressed	N	Y	Y	56	pipeline_score=51; farm_logP=13.39; max_variant=25; recommendation_score=56
QTL1	Chr1-6282028	13.39	*	LOC_Os01g11670	1:6295991-6297676	20	25	25	8.0	0.0	0.0	20.0	*	53.0	RAP_Step2_HNHZ_window200kb.FarmCPUpeak_info	window200kb	LOC_Os01g11670			OsSCP2 - Putative Serine Carboxypeptidase homologue, expressed	N	Y	Y	58	pipeline_score=53; farm_logP=13.39; max_variant=25; recommendation_score=58
QTL1	Chr1-6282028	13.39	*	LOC_Os01g11680	1:6298944-6301397	20	25	5	8.0	0.0	0.0	5.0	*	38.0	RAP_Step2_HNHZ_window200kb.FarmCPUpeak_info	window200kb	LOC_Os01g11680			transposon protein, putative, unclassified, expressed	Y	Y	Y	43	pipeline_score=38; farm_logP=13.39; max_variant=25; recommendation_score=43
QTL1	Chr1-6282028	13.39	*	LOC_Os01g11690	1:6303562-6303822	25	25	25	8.0	0.0	0.0	5.0	*	38.0	RAP_Step2_HNHZ_window200kb.FarmCPUpeak_info	window200kb	LOC_Os01g11690			expressed protein	N	Y	Y	43	pipeline_score=38; farm_logP=13.39; max_variant=25; recommendation_score=43
QTL1	Chr1-6282028	13.39	*	LOC_Os01g11700	1:6304802-6306608	20	10	5	8.0	0.0	0.0	5.0	*	33.0	RAP_Step2_HNHZ_window200kb.FarmCPUpeak_info	window200kb	LOC_Os01g11700			GDSL-like lipase/acylhydrolase, putative, expressed	N	Y	Y	38	pipeline_score=33; farm_logP=13.39; max_variant=20; recommendation_score=38
QTL1	Chr1-6282028	13.39	*	LOC_Os01g11704	1:6311934-6313649	20	5	*	8.0	0.0	0.0	5.0	*	33.0	RAP_Step2_HNHZ_window200kb.FarmCPUpeak_info	window200kb	LOC_Os01g11704			hypothetical protein	N	N	Y	38	pipeline_score=33; farm_logP=13.39; max_variant=20; recommendation_score=38
QTL1	Chr1-6282028	13.39	*	LOC_Os01g11710	1:6319130-6322474	20	5	*	8.0	0.0	0.0	5.0	*	33.0	RAP_Step2_HNHZ_window200kb.FarmCPUpeak_info	window200kb	LOC_Os01g11710			GDSL-like lipase/acylhydrolase, putative, expressed	N	Y	Y	38	pipeline_score=33; farm_logP=13.39; max_variant=20; recommendation_score=38
QTL1	Chr1-6282028	13.39	*	Os01g0215725	1:6319466-6322051	20	10	*	8.0	0.0	0.0	5.0	*	33.0	RAP_Step2_HNHZ_window200kb.FarmCPUpeak_info	window200kb	Os01g0215725							38	pipeline_score=33; farm_logP=13.39; max_variant=20; recommendation_score=38
QTL1	Chr1-6282028	13.39	*	Os01g0215750	1:6326282-6329098	25	5	5	8.0	0.0	0.0	0.0	*	33.0	RAP_Step2_HNHZ_window200kb.FarmCPUpeak_info	window200kb	Os01g0215750							38	pipeline_score=33; farm_logP=13.39; max_variant=25; recommendation_score=38
QTL1	Chr1-6282028	13.39	*	LOC_Os01g11720	1:6328086-6333412	20	10	0	8.0	0.0	0.0	5.0	*	33.0	RAP_Step2_HNHZ_window200kb.FarmCPUpeak_info	window200kb	LOC_Os01g11720			transposable element protein, putative, containing Pfam profile: PF03004, Transposase_24, expressed	Y	Y	Y	38	pipeline_score=33; farm_logP=13.39; max_variant=20; recommendation_score=38
QTL1	Chr1-6282028	13.39	*	LOC_Os01g11730	1:6340836-6344345	20	10	15	8.0	5.0	0.0	5.0	*	38.0	RAP_Step2_HNHZ_window200kb.FarmCPUpeak_info	window200kb	LOC_Os01g11730			GDSL-like lipase/acylhydrolase, putative, expressed	N	Y	Y	43	pipeline_score=38; farm_logP=13.39; max_variant=20; recommendation_score=43
QTL1	Chr1-6282028	13.39	*	Os01g0216150	1:6340983-6343950	20	5	5	8.0	0.0	0.0	5.0	*	33.0	RAP_Step2_HNHZ_window200kb.FarmCPUpeak_info	window200kb	Os01g0216150							38	pipeline_score=33; farm_logP=13.39; max_variant=20; recommendation_score=38
QTL1	Chr1-6282028	13.39	*	LOC_Os01g11740	1:6352582-6358359	15	5	25	8.0	5.0	0.0	5.0	*	43.0	RAP_Step2_HNHZ_window200kb.FarmCPUpeak_info	window200kb	LOC_Os01g11740			GDSL-like lipase/acylhydrolase, putative, expressed	N	Y	Y	48	pipeline_score=43; farm_logP=13.39; max_variant=25; recommendation_score=48
QTL1	Chr1-6282028	13.39	*	Os01g0216350	1:6353714-6357017	5	5	20	8.0	0.0	0.0	5.0	*	33.0	RAP_Step2_HNHZ_window200kb.FarmCPUpeak_info	window200kb	Os01g0216350							38	pipeline_score=33; farm_logP=13.39; max_variant=20; recommendation_score=38
QTL1	Chr1-6282028	13.39	*	LOC_Os01g11750	1:6361526-6363457	5	5	25	8.0	5.0	0.0	5.0	*	43.0	RAP_Step2_HNHZ_window200kb.FarmCPUpeak_info	window200kb	LOC_Os01g11750			GDSL-like lipase/acylhydrolase, putative, expressed	N	Y	Y	48	pipeline_score=43; farm_logP=13.39; max_variant=25; recommendation_score=48
QTL1	Chr1-6282028	13.39	*	LOC_Os01g11760	1:6365028-6367159	25	25	25	8.0	5.0	0.0	5.0	*	43.0	RAP_Step2_HNHZ_window200kb.FarmCPUpeak_info	window200kb	LOC_Os01g11760			GDSL-like lipase/acylhydrolase, putative, expressed	N	Y	Y	48	pipeline_score=43; farm_logP=13.39; max_variant=25; recommendation_score=48
QTL1	Chr1-6282028	13.39	*	Os01g0216600	1:6365099-6366237	25	10	20	8.0	0.0	0.0	5.0	*	38.0	RAP_Step2_HNHZ_window200kb.FarmCPUpeak_info	window200kb	Os01g0216600							43	pipeline_score=38; farm_logP=13.39; max_variant=25; recommendation_score=43
QTL1	Chr1-6282028	13.39	*	LOC_Os01g11770	1:6368038-6368517	20	10	25	8.0	5.0	0.0	5.0	*	43.0	RAP_Step2_HNHZ_window200kb.FarmCPUpeak_info	window200kb	LOC_Os01g11770			expressed protein	N	Y	Y	48	pipeline_score=43; farm_logP=13.39; max_variant=25; recommendation_score=48
QTL1	Chr1-6282028	13.39	*	LOC_Os01g11780	1:6369419-6370066	20	25	25	8.0	5.0	0.0	5.0	*	43.0	RAP_Step2_HNHZ_window200kb.FarmCPUpeak_info	window200kb	LOC_Os01g11780			expressed protein	N	Y	Y	48	pipeline_score=43; farm_logP=13.39; max_variant=25; recommendation_score=48
QTL1	Chr1-6282028	13.39	*	LOC_Os01g11790	1:6377261-6382037	5	25	25	8.0	0.0	0.0	5.0	*	38.0	RAP_Step2_HNHZ_window200kb.FarmCPUpeak_info	window200kb	LOC_Os01g11790			GDSL-like lipase/acylhydrolase, putative, expressed	N	Y	Y	43	pipeline_score=38; farm_logP=13.39; max_variant=25; recommendation_score=43
QTL1	Chr1-6282028	13.39	*	Os01g0216951	1:6377363-6381819	1	1	0	8.0	0.0	0.0	5.0	*	14.0	RAP_Step2_HNHZ_window200kb.FarmCPUpeak_info	window200kb	Os01g0216951							14	pipeline_score=14; farm_logP=13.39; max_variant=1; recommendation_score=14
QTL1	Chr1-6282028	13.39	*	LOC_Os01g11800	1:6382881-6383687	20	5	25	8.0	0.0	0.0	5.0	*	38.0	RAP_Step2_HNHZ_window200kb.FarmCPUpeak_info	window200kb	LOC_Os01g11800			retrotransposon protein, putative, unclassified, expressed	Y	Y	Y	43	pipeline_score=38; farm_logP=13.39; max_variant=25; recommendation_score=43
QTL1	Chr1-6282028	13.39	*	LOC_Os01g11810	1:6387691-6391467	25	10	25	8.0	0.0	0.0	5.0	*	38.0	RAP_Step2_HNHZ_window200kb.FarmCPUpeak_info	window200kb	LOC_Os01g11810			powdery mildew resistant protein 5, putative, expressed	N	Y	Y	43	pipeline_score=38; farm_logP=13.39; max_variant=25; recommendation_score=43
QTL1	Chr1-6282028	13.39	*	Os01g0217050	1:6388780-6390920	20	5	20	8.0	0.0	0.0	5.0	*	33.0	RAP_Step2_HNHZ_window200kb.FarmCPUpeak_info	window200kb	Os01g0217050							38	pipeline_score=33; farm_logP=13.39; max_variant=20; recommendation_score=38
QTL1	Chr1-6282028	13.39	*	LOC_Os01g11820	1:6394268-6395667	20	10	25	8.0	0.0	0.0	5.0	*	38.0	RAP_Step2_HNHZ_window200kb.FarmCPUpeak_info	window200kb	LOC_Os01g11820			expressed protein	N	Y	Y	43	pipeline_score=38; farm_logP=13.39; max_variant=25; recommendation_score=43
QTL1	Chr1-6282028	13.39	*	LOC_Os01g11830	1:6396150-6397294	18	5	25	8.0	0.0	10.0	0.0	*	43.0	RAP_Step2_HNHZ_window200kb.FarmCPUpeak_info	window200kb	LOC_Os01g11830			oryzain alpha chain precursor, putative, expressed	N	Y	Y	48	pipeline_score=43; farm_logP=13.39; max_variant=25; recommendation_score=48
QTL1	Chr1-6282028	13.39	*	LOC_Os01g11840	1:6400890-6402066	5	5	25	8.0	5.0	0.0	0.0	*	38.0	RAP_Step2_HNHZ_window200kb.FarmCPUpeak_info	window200kb	LOC_Os01g11840			xylem cysteine proteinase 2 precursor, putative, expressed	N	Y	Y	43	pipeline_score=38; farm_logP=13.39; max_variant=25; recommendation_score=43
QTL1	Chr1-6282028	13.39	*	LOC_Os01g11850	1:6402993-6410872	20	5	25	8.0	0.0	0.0	5.0	*	38.0	RAP_Step2_HNHZ_window200kb.FarmCPUpeak_info	window200kb	LOC_Os01g11850			expressed protein	N	Y	Y	43	pipeline_score=38; farm_logP=13.39; max_variant=25; recommendation_score=43
QTL1	Chr1-6282028	13.39	*	LOC_Os01g11860	1:6412786-6419895	5	5	5	8.0	0.0	0.0	15.0	*	28.0	RAP_Step2_HNHZ_window200kb.FarmCPUpeak_info	window200kb	LOC_Os01g11860			DJ-1 family protein, putative, expressed	N	Y	Y	28	pipeline_score=28; farm_logP=13.39; max_variant=5; recommendation_score=28
QTL1	Chr1-6282028	13.39	*	LOC_Os01g11870	1:6425100-6428266	20	5	0	8.0	0.0	0.0	5.0	*	33.0	RAP_Step2_HNHZ_window200kb.FarmCPUpeak_info	window200kb	LOC_Os01g11870			expressed protein	N	Y	Y	38	pipeline_score=33; farm_logP=13.39; max_variant=20; recommendation_score=38
QTL1	Chr1-6282028	13.39	*	LOC_Os01g11880	1:6432336-6436086	5	5	5	8.0	0.0	0.0	10.0	*	23.0	RAP_Step2_HNHZ_window200kb.FarmCPUpeak_info	window200kb	LOC_Os01g11880			DJ-1 family protein, putative, expressed	N	Y	Y	23	pipeline_score=23; farm_logP=13.39; max_variant=5; recommendation_score=23
QTL1	Chr1-6282028	13.39	*	LOC_Os01g11900	1:6444319-6456076	18	10	*	8.0	0.0	0.0	15.0	*	41.0	RAP_Step2_HNHZ_window200kb.FarmCPUpeak_info	window200kb	LOC_Os01g11900	OsROS1|OsROS1a|ROS1a|TA2	anther; anther development; development; dormancy; endosperm; male sterility; map-based cloning; meristem; pollen; seed; starch; sterility; sugar; vegetative	hhH-GPD superfamily base excision DNA repair protein, expressed	N	Y	Y	51	pipeline_score=41; farm_logP=13.39; max_variant=18; symbol=OsROS1|OsROS1a|ROS1a|TA2; keyword=anther; anther development; development; dormancy; endosperm; male sterility; map-based cloning; meristem; pollen; seed; starch; sterility; sugar; vegetative; recommendation_score=51
QTL1	Chr1-6282028	13.39	*	LOC_Os01g11910	1:6462706-6465037	5	10	10	8.0	0.0	0.0	22.0	*	40.0	RAP_Step2_HNHZ_window200kb.FarmCPUpeak_info	window200kb	LOC_Os01g11910			basic helix-loop-helix, putative, expressed	N	Y	Y	43	pipeline_score=40; farm_logP=13.39; max_variant=10; recommendation_score=43
QTL1	Chr1-6282028	13.39	*	LOC_Os01g11920	1:6471718-6485507	25	25	25	8.0	0.0	0.0	5.0	*	38.0	RAP_Step2_HNHZ_window200kb.FarmCPUpeak_info	window200kb	LOC_Os01g11920			retrotransposon protein, putative, unclassified, expressed	Y	Y	Y	43	pipeline_score=38; farm_logP=13.39; max_variant=25; recommendation_score=43
QTL1	Chr1-6282028	13.39	*	Os01g0218350	1:6471818-6476650	20	10	*	8.0	0.0	0.0	5.0	*	33.0	RAP_Step2_HNHZ_window200kb.FarmCPUpeak_info	window200kb	Os01g0218350							38	pipeline_score=33; farm_logP=13.39; max_variant=20; recommendation_score=38
QTL2	Chr1-21833930	11.68	*	LOC_Os01g38520	1:21633972-21635454	15	10	*	6.0	0.0	0.0	5.0	*	26.0	RAP_Step2_HNHZ_window200kb.FarmCPUpeak_info	window200kb	LOC_Os01g38520			expressed protein	N	Y	Y	34	pipeline_score=26; farm_logP=11.68; max_variant=15; supported_by_both_modes; recommendation_score=34
QTL2	Chr1-21833930	11.68	*	LOC_Os01g38530	1:21637031-21643111	20	10	10	6.0	0.0	10.0	10.0	*	46.0	RAP_Step2_HNHZ_window200kb.FarmCPUpeak_info	window200kb	LOC_Os01g38530	OsEF3|OsELF3-2|OsELF3.2	blast resistance; cell division; cell elongation; grain; grain weight; heading date; immunity; resistance; root; root development	ELF3 protein, putative, expressed	N	Y	Y	63	pipeline_score=46; farm_logP=11.68; max_variant=20; supported_by_both_modes; symbol=OsEF3|OsELF3-2|OsELF3.2; keyword=blast resistance; cell division; cell elongation; grain; grain weight; heading date; immunity; resistance; root; root development; recommendation_score=63
QTL2	Chr1-21833930	11.68	*	LOC_Os01g38540	1:21645147-21651299	25	25	25	6.0	0.0	0.0	0.0	*	31.0	RAP_Step2_HNHZ_window200kb.FarmCPUpeak_info	window200kb	LOC_Os01g38540			transposon protein, putative, unclassified, expressed	Y	Y	Y	41	pipeline_score=31; farm_logP=11.68; max_variant=25; supported_by_both_modes; recommendation_score=41
QTL2	Chr1-21833930	11.68	*	LOC_Os01g38550	1:21651915-21655138	25	25	25	6.0	0.0	0.0	5.0	*	36.0	RAP_Step2_HNHZ_window200kb.FarmCPUpeak_info	window200kb	LOC_Os01g38550			transposon protein, putative, unclassified, expressed	Y	Y	Y	46	pipeline_score=36; farm_logP=11.68; max_variant=25; supported_by_both_modes; recommendation_score=46
QTL2	Chr1-21833930	11.68	*	Os01g0566200	1:21661408-21662162	20	25	*	6.0	0.0	0.0	5.0	*	36.0	RAP_Step2_HNHZ_window200kb.FarmCPUpeak_info	window200kb	Os01g0566200							46	pipeline_score=36; farm_logP=11.68; max_variant=25; supported_by_both_modes; recommendation_score=46
QTL2	Chr1-21833930	11.68	*	LOC_Os01g38560	1:21661685-21662203	20	25	*	6.0	0.0	0.0	10.0	*	41.0	RAP_Step2_HNHZ_window200kb.FarmCPUpeak_info	window200kb	LOC_Os01g38560			expressed protein	N	Y	Y	51	pipeline_score=41; farm_logP=11.68; max_variant=25; supported_by_both_modes; recommendation_score=51
QTL2	Chr1-21833930	11.68	*	LOC_Os01g38570	1:21663198-21663859	25	5	*	6.0	0.0	0.0	0.0	*	31.0	RAP_Step2_HNHZ_window200kb.FarmCPUpeak_info	window200kb	LOC_Os01g38570			expressed protein	N	Y	Y	41	pipeline_score=31; farm_logP=11.68; max_variant=25; supported_by_both_modes; recommendation_score=41
QTL2	Chr1-21833930	11.68	*	LOC_Os01g38580	1:21665618-21669309	20	10	20	6.0	5.0	10.0	18.0	*	59.0	RAP_Step2_HNHZ_window200kb.FarmCPUpeak_info	window200kb	LOC_Os01g38580			beta,beta-carotene 9,10-dioxygenase, putative, expressed	N	Y	Y	69	pipeline_score=59; farm_logP=11.68; max_variant=20; supported_by_both_modes; recommendation_score=69
QTL2	Chr1-21833930	11.68	*	LOC_Os01g38590	1:21671688-21671969	25	5	25	6.0	0.0	0.0	0.0	*	31.0	RAP_Step2_HNHZ_window200kb.FarmCPUpeak_info	window200kb	LOC_Os01g38590			expressed protein	N	Y	Y	41	pipeline_score=31; farm_logP=11.68; max_variant=25; supported_by_both_modes; recommendation_score=41
QTL2	Chr1-21833930	11.68	*	LOC_Os01g38600	1:21675552-21676168	25	10	25	6.0	0.0	0.0	0.0	*	31.0	RAP_Step2_HNHZ_window200kb.FarmCPUpeak_info	window200kb	LOC_Os01g38600			expressed protein	N	Y	Y	41	pipeline_score=31; farm_logP=11.68; max_variant=25; supported_by_both_modes; recommendation_score=41
QTL2	Chr1-21833930	11.68	*	LOC_Os01g38610	1:21687401-21689929	20	10	20	6.0	5.0	0.0	10.0	*	41.0	RAP_Step2_HNHZ_window200kb.FarmCPUpeak_info	window200kb	LOC_Os01g38610			helix-loop-helix DNA-binding domain containing protein, expressed	N	Y	Y	51	pipeline_score=41; farm_logP=11.68; max_variant=20; supported_by_both_modes; recommendation_score=51
QTL2	Chr1-21833930	11.68	*	LOC_Os01g38620	1:21698949-21704210	5	10	15	6.0	0.0	0.0	10.0	*	31.0	RAP_Step2_HNHZ_window200kb.FarmCPUpeak_info	window200kb	LOC_Os01g38620			3-5 exonuclease/ nucleic acid binding protein, putative, expressed	N	Y	Y	39	pipeline_score=31; farm_logP=11.68; max_variant=15; supported_by_both_modes; recommendation_score=39
QTL2	Chr1-21833930	11.68	*	LOC_Os01g38640	1:21710697-21711107	25	25	5	6.0	0.0	0.0	0.0	*	31.0	RAP_Step2_HNHZ_window200kb.FarmCPUpeak_info	window200kb	LOC_Os01g38640			expressed protein	N	Y	Y	41	pipeline_score=31; farm_logP=11.68; max_variant=25; supported_by_both_modes; recommendation_score=41
QTL2	Chr1-21833930	11.68	*	LOC_Os01g38650	1:21713726-21714960	20	10	25	6.0	0.0	0.0	5.0	*	36.0	RAP_Step2_HNHZ_window200kb.FarmCPUpeak_info	window200kb	LOC_Os01g38650			expressed protein	N	Y	Y	46	pipeline_score=36; farm_logP=11.68; max_variant=25; supported_by_both_modes; recommendation_score=46
QTL2	Chr1-21833930	11.68	*	LOC_Os01g38660	1:21715723-21716605	18	25	*	6.0	0.0	0.0	18.0	*	49.0	RAP_Step2_HNHZ_window200kb.FarmCPUpeak_info	window200kb	LOC_Os01g38660			expressed protein	N	Y	Y	59	pipeline_score=49; farm_logP=11.68; max_variant=25; supported_by_both_modes; recommendation_score=59
QTL2	Chr1-21833930	11.68	*	LOC_Os01g38670	1:21719861-21722141	20	10	*	6.0	5.0	0.0	5.0	*	36.0	RAP_Step2_HNHZ_window200kb.FarmCPUpeak_info	window200kb	LOC_Os01g38670	OsMST8	anther; chilling; microspore; starch; transporter	transporter family protein, putative, expressed	N	Y	Y	53	pipeline_score=36; farm_logP=11.68; max_variant=20; supported_by_both_modes; symbol=OsMST8; keyword=anther; chilling; microspore; starch; transporter; recommendation_score=53
QTL2	Chr1-21833930	11.68	*	Os01g0567533	1:21720000-21721903	20	5	5	6.0	0.0	0.0	5.0	*	31.0	RAP_Step2_HNHZ_window200kb.FarmCPUpeak_info	window200kb	Os01g0567533							41	pipeline_score=31; farm_logP=11.68; max_variant=20; supported_by_both_modes; recommendation_score=41
QTL2	Chr1-21833930	11.68	*	LOC_Os01g38680	1:21724008-21725863	20	5	5	6.0	5.0	0.0	5.0	*	36.0	RAP_Step2_HNHZ_window200kb.FarmCPUpeak_info	window200kb	LOC_Os01g38680			transporter family protein, putative, expressed	N	Y	Y	46	pipeline_score=36; farm_logP=11.68; max_variant=20; supported_by_both_modes; recommendation_score=46
QTL2	Chr1-21833930	11.68	*	LOC_Os01g38690	1:21730389-21733951	20	5	5	6.0	0.0	0.0	0.0	*	26.0	RAP_Step2_HNHZ_window200kb.FarmCPUpeak_info	window200kb	LOC_Os01g38690			nucleic acid binding protein, putative, expressed	N	Y	Y	36	pipeline_score=26; farm_logP=11.68; max_variant=20; supported_by_both_modes; recommendation_score=36
QTL2	Chr1-21833930	11.68	*	LOC_Os01g38700	1:21736068-21737326	25	25	*	6.0	5.0	0.0	0.0	*	36.0	RAP_Step2_HNHZ_window200kb.FarmCPUpeak_info	window200kb	LOC_Os01g38700			nucleic acid binding protein, putative, expressed	N	Y	Y	46	pipeline_score=36; farm_logP=11.68; max_variant=25; supported_by_both_modes; recommendation_score=46
QTL2	Chr1-21833930	11.68	*	LOC_Os01g38710	1:21737641-21738474	5	5	*	6.0	5.0	0.0	0.0	*	16.0	RAP_Step2_HNHZ_window200kb.FarmCPUpeak_info	window200kb	LOC_Os01g38710			nucleic acid binding protein, putative, expressed	N	Y	Y	21	pipeline_score=16; farm_logP=11.68; max_variant=5; supported_by_both_modes; recommendation_score=21
QTL2	Chr1-21833930	11.68	*	LOC_Os01g38720	1:21742309-21744055	20	5	5	6.0	5.0	0.0	0.0	*	31.0	RAP_Step2_HNHZ_window200kb.FarmCPUpeak_info	window200kb	LOC_Os01g38720			nucleic acid binding protein, putative, expressed	N	Y	Y	41	pipeline_score=31; farm_logP=11.68; max_variant=20; supported_by_both_modes; recommendation_score=41
QTL2	Chr1-21833930	11.68	*	LOC_Os01g38730	1:21746339-21748010	25	25	25	6.0	0.0	0.0	0.0	*	31.0	RAP_Step2_HNHZ_window200kb.FarmCPUpeak_info	window200kb	LOC_Os01g38730			retrotransposon protein, putative, Ty3-gypsy subclass, expressed	Y	Y	Y	41	pipeline_score=31; farm_logP=11.68; max_variant=25; supported_by_both_modes; recommendation_score=41
QTL2	Chr1-21833930	11.68	*	LOC_Os01g38740	1:21750063-21754448	25	25	25	6.0	0.0	0.0	0.0	*	31.0	RAP_Step2_HNHZ_window200kb.FarmCPUpeak_info	window200kb	LOC_Os01g38740			retrotransposon protein, putative, Ty1-copia subclass, expressed	Y	Y	Y	41	pipeline_score=31; farm_logP=11.68; max_variant=25; supported_by_both_modes; recommendation_score=41
QTL2	Chr1-21833930	11.68	*	LOC_Os01g38750	1:21755190-21755910	25	25	*	6.0	0.0	0.0	5.0	*	36.0	RAP_Step2_HNHZ_window200kb.FarmCPUpeak_info	window200kb	LOC_Os01g38750			expressed protein	N	Y	Y	46	pipeline_score=36; farm_logP=11.68; max_variant=25; supported_by_both_modes; recommendation_score=46
QTL2	Chr1-21833930	11.68	*	LOC_Os01g38760	1:21756985-21757704	15	25	5	6.0	0.0	0.0	0.0	*	31.0	RAP_Step2_HNHZ_window200kb.FarmCPUpeak_info	window200kb	LOC_Os01g38760			nucleic acid binding protein, putative, expressed	N	Y	Y	41	pipeline_score=31; farm_logP=11.68; max_variant=25; supported_by_both_modes; recommendation_score=41
QTL2	Chr1-21833930	11.68	*	LOC_Os01g38780	1:21759934-21761424	25	25	20	6.0	5.0	0.0	0.0	*	36.0	RAP_Step2_HNHZ_window200kb.FarmCPUpeak_info	window200kb	LOC_Os01g38780			nucleic acid binding protein, putative, expressed	N	Y	Y	46	pipeline_score=36; farm_logP=11.68; max_variant=25; supported_by_both_modes; recommendation_score=46
QTL2	Chr1-21833930	11.68	*	LOC_Os01g38790	1:21762161-21763597	20	25	25	6.0	0.0	0.0	0.0	*	31.0	RAP_Step2_HNHZ_window200kb.FarmCPUpeak_info	window200kb	LOC_Os01g38790			transposon protein, putative, CACTA, En/Spm sub-class	Y	N	Y	41	pipeline_score=31; farm_logP=11.68; max_variant=25; supported_by_both_modes; recommendation_score=41
QTL2	Chr1-21833930	11.68	*	LOC_Os01g38800	1:21765762-21766216	*	*	25	6.0	0.0	0.0	0.0	*	31.0	RAP_Step2_HNHZ_window200kb.FarmCPUpeak_info	window200kb	LOC_Os01g38800			retrotransposon protein, putative, unclassified	Y	N	Y	41	pipeline_score=31; farm_logP=11.68; max_variant=25; supported_by_both_modes; recommendation_score=41
QTL2	Chr1-21833930	11.68	*	LOC_Os01g38810	1:21769470-21771706	25	25	25	6.0	0.0	0.0	0.0	*	31.0	RAP_Step2_HNHZ_window200kb.FarmCPUpeak_info	window200kb	LOC_Os01g38810			transposon protein, putative, CACTA, En/Spm sub-class, expressed	Y	Y	Y	41	pipeline_score=31; farm_logP=11.68; max_variant=25; supported_by_both_modes; recommendation_score=41
QTL2	Chr1-21833930	11.68	*	LOC_Os01g38820	1:21774553-21777049	25	25	25	6.0	0.0	0.0	0.0	*	31.0	RAP_Step2_HNHZ_window200kb.FarmCPUpeak_info	window200kb	LOC_Os01g38820			transposon protein, putative, CACTA, En/Spm sub-class, expressed	Y	Y	Y	41	pipeline_score=31; farm_logP=11.68; max_variant=25; supported_by_both_modes; recommendation_score=41
QTL2	Chr1-21833930	11.68	*	LOC_Os01g38830	1:21779222-21780991	20	25	25	6.0	0.0	0.0	0.0	*	31.0	RAP_Step2_HNHZ_window200kb.FarmCPUpeak_info	window200kb	LOC_Os01g38830			transposon protein, putative, CACTA, En/Spm sub-class, expressed	Y	Y	Y	41	pipeline_score=31; farm_logP=11.68; max_variant=25; supported_by_both_modes; recommendation_score=41
QTL2	Chr1-21833930	11.68	*	LOC_Os01g38840	1:21788887-21790926	25	5	*	6.0	5.0	0.0	0.0	*	36.0	RAP_Step2_HNHZ_window200kb.FarmCPUpeak_info	window200kb	LOC_Os01g38840			TKL_IRAK_DUF26-le.1 - DUF26 kinases have homology to DUF26 containing loci, expressed	N	Y	Y	46	pipeline_score=36; farm_logP=11.68; max_variant=25; supported_by_both_modes; recommendation_score=46
QTL2	Chr1-21833930	11.68	*	LOC_Os01g38850	1:21795493-21797134	20	5	15	6.0	5.0	0.0	0.0	*	31.0	RAP_Step2_HNHZ_window200kb.FarmCPUpeak_info	window200kb	LOC_Os01g38850			receptor-like serine-threonine protein kinase, putative, expressed	N	Y	Y	41	pipeline_score=31; farm_logP=11.68; max_variant=20; supported_by_both_modes; recommendation_score=41
QTL2	Chr1-21833930	11.68	*	LOC_Os01g38860	1:21804812-21805778	25	25	*	6.0	5.0	0.0	0.0	*	36.0	RAP_Step2_HNHZ_window200kb.FarmCPUpeak_info	window200kb	LOC_Os01g38860			expressed protein	N	Y	Y	46	pipeline_score=36; farm_logP=11.68; max_variant=25; supported_by_both_modes; recommendation_score=46
QTL2	Chr1-21833930	11.68	*	Os01g0568950	1:21805322-21810098	25	10	10	6.0	0.0	0.0	0.0	*	31.0	RAP_Step2_HNHZ_window200kb.FarmCPUpeak_info	window200kb	Os01g0568950							41	pipeline_score=31; farm_logP=11.68; max_variant=25; supported_by_both_modes; recommendation_score=41
QTL2	Chr1-21833930	11.68	*	LOC_Os01g38870	1:21808476-21810503	25	25	25	6.0	5.0	0.0	0.0	*	36.0	RAP_Step2_HNHZ_window200kb.FarmCPUpeak_info	window200kb	LOC_Os01g38870			expressed protein	N	Y	Y	46	pipeline_score=36; farm_logP=11.68; max_variant=25; supported_by_both_modes; recommendation_score=46
QTL2	Chr1-21833930	11.68	*	LOC_Os01g38880	1:21814796-21817281	25	25	25	6.0	5.0	0.0	0.0	*	36.0	RAP_Step2_HNHZ_window200kb.FarmCPUpeak_info	window200kb	LOC_Os01g38880			expressed protein	N	Y	Y	46	pipeline_score=36; farm_logP=11.68; max_variant=25; supported_by_both_modes; recommendation_score=46
QTL2	Chr1-21833930	11.68	*	LOC_Os01g38890	1:21821581-21826231	20	25	25	6.0	5.0	0.0	5.0	*	41.0	RAP_Step2_HNHZ_window200kb.FarmCPUpeak_info	window200kb	LOC_Os01g38890			expressed protein	N	Y	Y	51	pipeline_score=41; farm_logP=11.68; max_variant=25; supported_by_both_modes; recommendation_score=51
QTL2	Chr1-21833930	11.68	*	Os01g0569800	1:21831960-21835149	5	5	20	6.0	0.0	0.0	5.0	*	31.0	RAP_Step2_HNHZ_window200kb.FarmCPUpeak_info	window200kb	Os01g0569800							41	pipeline_score=31; farm_logP=11.68; max_variant=20; supported_by_both_modes; recommendation_score=41
QTL2	Chr1-21833930	11.68	*	LOC_Os01g38900	1:21837626-21846100	15	5	25	6.0	5.0	0.0	0.0	*	36.0	RAP_Step2_HNHZ_window200kb.FarmCPUpeak_info	window200kb	LOC_Os01g38900			TKL_IRAK_DUF26-le.2 - DUF26 kinases have homology to DUF26 containing loci, expressed	N	Y	Y	46	pipeline_score=36; farm_logP=11.68; max_variant=25; supported_by_both_modes; recommendation_score=46
QTL2	Chr1-21833930	11.68	*	LOC_Os01g38910	1:21847494-21848084	5	5	25	6.0	5.0	0.0	0.0	*	36.0	RAP_Step2_HNHZ_window200kb.FarmCPUpeak_info	window200kb	LOC_Os01g38910			cysteine-rich receptor-like protein kinase 10 precursor, putative, expressed	N	Y	Y	46	pipeline_score=36; farm_logP=11.68; max_variant=25; supported_by_both_modes; recommendation_score=46
QTL2	Chr1-21833930	11.68	*	Os01g0569450	1:21849744-21849981	*	1	*	6.0	0.0	0.0	0.0	*	7.0	RAP_Step2_HNHZ_window200kb.FarmCPUpeak_info	window200kb	Os01g0569450							12	pipeline_score=7; farm_logP=11.68; max_variant=1; supported_by_both_modes; recommendation_score=12
QTL2	Chr1-21833930	11.68	*	LOC_Os01g38920	1:21851610-21852484	25	25	25	6.0	5.0	0.0	0.0	*	36.0	RAP_Step2_HNHZ_window200kb.FarmCPUpeak_info	window200kb	LOC_Os01g38920			retrotransposon protein, putative, unclassified, expressed	Y	Y	Y	46	pipeline_score=36; farm_logP=11.68; max_variant=25; supported_by_both_modes; recommendation_score=46
QTL2	Chr1-21833930	11.68	*	LOC_Os01g38930	1:21869948-21871467	25	25	25	6.0	0.0	0.0	0.0	*	31.0	RAP_Step2_HNHZ_window200kb.FarmCPUpeak_info	window200kb	LOC_Os01g38930			retrotransposon, putative, centromere-specific	Y	N	Y	41	pipeline_score=31; farm_logP=11.68; max_variant=25; supported_by_both_modes; recommendation_score=41
QTL2	Chr1-21833930	11.68	*	LOC_Os01g38940	1:21876125-21876591	25	5	20	6.0	0.0	0.0	0.0	*	31.0	RAP_Step2_HNHZ_window200kb.FarmCPUpeak_info	window200kb	LOC_Os01g38940			expressed protein	N	Y	Y	41	pipeline_score=31; farm_logP=11.68; max_variant=25; supported_by_both_modes; recommendation_score=41
QTL2	Chr1-21833930	11.68	*	LOC_Os01g38950	1:21878988-21884037	15	10	0	6.0	0.0	0.0	10.0	*	31.0	RAP_Step2_HNHZ_window200kb.FarmCPUpeak_info	window200kb	LOC_Os01g38950			CK1_CaseinKinase_1.2 - CK1 includes the casein kinase 1 kinases, expressed	N	Y	Y	39	pipeline_score=31; farm_logP=11.68; max_variant=15; supported_by_both_modes; recommendation_score=39
QTL2	Chr1-21833930	11.68	*	LOC_Os01g38960	1:21886899-21887840	20	10	*	6.0	5.0	0.0	5.0	*	36.0	RAP_Step2_HNHZ_window200kb.FarmCPUpeak_info	window200kb	LOC_Os01g38960			expressed protein	N	Y	Y	46	pipeline_score=36; farm_logP=11.68; max_variant=20; supported_by_both_modes; recommendation_score=46
QTL2	Chr1-21833930	11.68	*	LOC_Os01g38970	1:21892788-21897947	5	10	*	6.0	0.0	0.0	10.0	*	26.0	RAP_Step2_HNHZ_window200kb.FarmCPUpeak_info	window200kb	LOC_Os01g38970			carbamoyl-phosphate synthase large chain, putative, expressed	N	Y	Y	34	pipeline_score=26; farm_logP=11.68; max_variant=10; supported_by_both_modes; recommendation_score=34
QTL2	Chr1-21833930	11.68	*	LOC_Os01g38980	1:21900045-21903309	5	25	25	6.0	0.0	0.0	15.0	*	46.0	RAP_Step2_HNHZ_window200kb.FarmCPUpeak_info	window200kb	LOC_Os01g38980			calmodulin-binding protein, putative, expressed	N	Y	Y	56	pipeline_score=46; farm_logP=11.68; max_variant=25; supported_by_both_modes; recommendation_score=56
QTL2	Chr1-21833930	11.68	*	LOC_Os01g38990	1:21917966-21921710	5	10	20	6.0	0.0	0.0	10.0	*	36.0	RAP_Step2_HNHZ_window200kb.FarmCPUpeak_info	window200kb	LOC_Os01g38990			mitochondrial carrier protein, putative, expressed	N	Y	Y	46	pipeline_score=36; farm_logP=11.68; max_variant=20; supported_by_both_modes; recommendation_score=46
QTL2	Chr1-21833930	11.68	*	LOC_Os01g39000	1:21922009-21927946	20	10	*	6.0	0.0	0.0	10.0	*	36.0	RAP_Step2_HNHZ_window200kb.FarmCPUpeak_info	window200kb	LOC_Os01g39000			ZmGR2c, putative, expressed	N	Y	Y	46	pipeline_score=36; farm_logP=11.68; max_variant=20; supported_by_both_modes; recommendation_score=46
QTL2	Chr1-21833930	11.68	*	Os01g0571133	1:21922193-21924309	20	5	*	6.0	0.0	0.0	5.0	*	31.0	RAP_Step2_HNHZ_window200kb.FarmCPUpeak_info	window200kb	Os01g0571133							41	pipeline_score=31; farm_logP=11.68; max_variant=20; supported_by_both_modes; recommendation_score=41
QTL2	Chr1-21833930	11.68	*	LOC_Os01g39010	1:21933264-21936072	5	10	*	6.0	0.0	0.0	10.0	*	26.0	RAP_Step2_HNHZ_window200kb.FarmCPUpeak_info	window200kb	LOC_Os01g39010			50S ribosomal protein, putative, expressed	N	Y	Y	34	pipeline_score=26; farm_logP=11.68; max_variant=10; supported_by_both_modes; recommendation_score=34
QTL2	Chr1-21833930	11.68	*	LOC_Os01g39020	1:21938865-21941839	5	5	10	6.0	0.0	0.0	5.0	*	21.0	RAP_Step2_HNHZ_window200kb.FarmCPUpeak_info	window200kb	LOC_Os01g39020	OsHsfA7	drought; drought tolerance; leaf; salt; seedling	HSF-type DNA-binding domain containing protein, expressed	N	Y	Y	36	pipeline_score=21; farm_logP=11.68; max_variant=10; supported_by_both_modes; symbol=OsHsfA7; keyword=drought; drought tolerance; leaf; salt; seedling; recommendation_score=36
QTL2	Chr1-21833930	11.68	*	LOC_Os01g39030	1:21942244-21942708	5	10	*	6.0	0.0	0.0	5.0	*	21.0	RAP_Step2_HNHZ_window200kb.FarmCPUpeak_info	window200kb	LOC_Os01g39030			expressed protein	N	Y	Y	29	pipeline_score=21; farm_logP=11.68; max_variant=10; supported_by_both_modes; recommendation_score=29
QTL2	Chr1-21833930	11.68	*	LOC_Os01g39040	1:21944097-21945426	20	25	10	6.0	0.0	0.0	5.0	*	36.0	RAP_Step2_HNHZ_window200kb.FarmCPUpeak_info	window200kb	LOC_Os01g39040			DUF260 domain containing protein, putative, expressed	N	Y	Y	46	pipeline_score=36; farm_logP=11.68; max_variant=25; supported_by_both_modes; recommendation_score=46
QTL2	Chr1-21833930	11.68	*	LOC_Os01g39050	1:21949940-21956491	25	25	25	6.0	0.0	0.0	5.0	*	36.0	RAP_Step2_HNHZ_window200kb.FarmCPUpeak_info	window200kb	LOC_Os01g39050			retrotransposon protein, putative, unclassified, expressed	Y	Y	Y	46	pipeline_score=36; farm_logP=11.68; max_variant=25; supported_by_both_modes; recommendation_score=46
QTL2	Chr1-21833930	11.68	*	LOC_Os01g39060	1:21955893-21963353	20	25	20	6.0	0.0	0.0	10.0	*	41.0	RAP_Step2_HNHZ_window200kb.FarmCPUpeak_info	window200kb	LOC_Os01g39060			expressed protein	N	Y	Y	51	pipeline_score=41; farm_logP=11.68; max_variant=25; supported_by_both_modes; recommendation_score=51
QTL2	Chr1-21833930	11.68	*	Os01g0571766	1:21964687-21965030	5	10	10	6.0	0.0	0.0	5.0	*	21.0	RAP_Step2_HNHZ_window200kb.FarmCPUpeak_info	window200kb	Os01g0571766							29	pipeline_score=21; farm_logP=11.68; max_variant=10; supported_by_both_modes; recommendation_score=29
QTL2	Chr1-21833930	11.68	*	LOC_Os01g39070	1:21965383-21966047	5	25	*	6.0	0.0	0.0	5.0	*	36.0	RAP_Step2_HNHZ_window200kb.FarmCPUpeak_info	window200kb	LOC_Os01g39070			DUF260 domain containing protein, putative, expressed	N	Y	Y	46	pipeline_score=36; farm_logP=11.68; max_variant=25; supported_by_both_modes; recommendation_score=46
QTL2	Chr1-21833930	11.68	*	LOC_Os01g39080	1:21967984-21968571	25	10	*	6.0	0.0	0.0	5.0	*	36.0	RAP_Step2_HNHZ_window200kb.FarmCPUpeak_info	window200kb	LOC_Os01g39080			expressed protein	N	Y	Y	46	pipeline_score=36; farm_logP=11.68; max_variant=25; supported_by_both_modes; recommendation_score=46
QTL2	Chr1-21833930	11.68	*	LOC_Os01g39090	1:21971220-21971465	5	25	*	6.0	0.0	0.0	0.0	*	31.0	RAP_Step2_HNHZ_window200kb.FarmCPUpeak_info	window200kb	LOC_Os01g39090			hypothetical protein	N	N	Y	41	pipeline_score=31; farm_logP=11.68; max_variant=25; supported_by_both_modes; recommendation_score=41
QTL2	Chr1-21833930	11.68	*	LOC_Os01g39100	1:21973687-21980482	20	10	*	6.0	0.0	0.0	10.0	*	36.0	RAP_Step2_HNHZ_window200kb.FarmCPUpeak_info	window200kb	LOC_Os01g39100			zinc finger C-x8-C-x5-C-x3-H type family protein, expressed	N	Y	Y	46	pipeline_score=36; farm_logP=11.68; max_variant=20; supported_by_both_modes; recommendation_score=46
QTL2	Chr1-21833930	11.68	*	Os01g0572200	1:21992872-21994492	20	10	*	6.0	0.0	0.0	5.0	*	31.0	RAP_Step2_HNHZ_window200kb.FarmCPUpeak_info	window200kb	Os01g0572200							41	pipeline_score=31; farm_logP=11.68; max_variant=20; supported_by_both_modes; recommendation_score=41
QTL2	Chr1-21833930	11.68	*	LOC_Os01g39110	1:21992872-21997045	20	10	5	6.0	5.0	10.0	10.0	*	51.0	RAP_Step2_HNHZ_window200kb.FarmCPUpeak_info	window200kb	LOC_Os01g39110			ZOS1-10 - C2H2 zinc finger protein, expressed	N	Y	Y	61	pipeline_score=51; farm_logP=11.68; max_variant=20; supported_by_both_modes; recommendation_score=61
QTL2	Chr1-21833930	11.68	*	LOC_Os01g39120	1:22004910-22005367	20	10	25	6.0	5.0	0.0	5.0	*	41.0	RAP_Step2_HNHZ_window200kb.FarmCPUpeak_info	window200kb	LOC_Os01g39120			RING zinc finger ankyrin protein, putative, expressed	N	Y	Y	51	pipeline_score=41; farm_logP=11.68; max_variant=25; supported_by_both_modes; recommendation_score=51
QTL2	Chr1-21833930	11.68	*	LOC_Os01g39134	1:22021847-22027269	15	10	0	6.0	0.0	0.0	10.0	*	31.0	RAP_Step2_HNHZ_window200kb.FarmCPUpeak_info	window200kb	LOC_Os01g39134			EF hand family protein, putative, expressed	N	Y	Y	39	pipeline_score=31; farm_logP=11.68; max_variant=15; supported_by_both_modes; recommendation_score=39
QTL2	Chr1-21833930	11.68	*	LOC_Os01g39136	1:22031208-22034011	20	25	0	6.0	0.0	0.0	18.0	*	49.0	RAP_Step2_HNHZ_window200kb.FarmCPUpeak_info	window200kb	LOC_Os01g39136			retrotransposon protein, putative, unclassified, expressed	Y	Y	Y	59	pipeline_score=49; farm_logP=11.68; max_variant=25; supported_by_both_modes; recommendation_score=59
QTL3	Chr1-40077175	14.57	*	LOC_Os01g68660	1:39876458-39877243	5	10	*	8.0	5.0	0.0	5.0	*	28.0	RAP_Step2_HNHZ_window200kb.FarmCPUpeak_info	window200kb	LOC_Os01g68660			cysteine proteinase inhibitor precursor protein, putative, expressed	N	Y	Y	31	pipeline_score=28; farm_logP=14.57; max_variant=10; recommendation_score=31
QTL3	Chr1-40077175	14.57	*	LOC_Os01g68670	1:39878959-39879405	20	5	*	8.0	5.0	0.0	10.0	*	43.0	RAP_Step2_HNHZ_window200kb.FarmCPUpeak_info	window200kb	LOC_Os01g68670			cysteine proteinase inhibitor precursor, putative, expressed	N	Y	Y	48	pipeline_score=43; farm_logP=14.57; max_variant=20; recommendation_score=48
QTL3	Chr1-40077175	14.57	*	LOC_Os01g68680	1:39881007-39890797	20	10	*	8.0	0.0	0.0	18.0	*	46.0	RAP_Step2_HNHZ_window200kb.FarmCPUpeak_info	window200kb	LOC_Os01g68680	OsOGT2	O-GlcNAc transferase	tetratricopeptide repeat domain containing protein, expressed	N	Y	Y	58	pipeline_score=46; farm_logP=14.57; max_variant=20; symbol=OsOGT2; keyword=O-GlcNAc transferase; recommendation_score=58
QTL3	Chr1-40077175	14.57	*	Os01g0915350	1:39881691-39890325	20	5	*	8.0	0.0	0.0	10.0	*	38.0	RAP_Step2_HNHZ_window200kb.FarmCPUpeak_info	window200kb	Os01g0915350							43	pipeline_score=38; farm_logP=14.57; max_variant=20; recommendation_score=43
QTL3	Chr1-40077175	14.57	*	LOC_Os01g68690	1:39892990-39894456	20	5	*	8.0	0.0	0.0	0.0	*	28.0	RAP_Step2_HNHZ_window200kb.FarmCPUpeak_info	window200kb	LOC_Os01g68690			hypothetical protein	N	N	Y	33	pipeline_score=28; farm_logP=14.57; max_variant=20; recommendation_score=33
QTL3	Chr1-40077175	14.57	*	LOC_Os01g68700	1:39894642-39897761	5	10	10	8.0	0.0	0.0	10.0	*	28.0	RAP_Step2_HNHZ_window200kb.FarmCPUpeak_info	window200kb	LOC_Os01g68700			BHLH transcription factor, putative, expressed	N	Y	Y	31	pipeline_score=28; farm_logP=14.57; max_variant=10; recommendation_score=31
QTL3	Chr1-40077175	14.57	*	Os01g0915666	1:39895673-39896850	5	5	*	8.0	0.0	0.0	10.0	*	23.0	RAP_Step2_HNHZ_window200kb.FarmCPUpeak_info	window200kb	Os01g0915666							23	pipeline_score=23; farm_logP=14.57; max_variant=5; recommendation_score=23
QTL3	Chr1-40077175	14.57	*	Os01g0915732	1:39912991-39913210	20	5	*	8.0	0.0	0.0	5.0	*	33.0	RAP_Step2_HNHZ_window200kb.FarmCPUpeak_info	window200kb	Os01g0915732							38	pipeline_score=33; farm_logP=14.57; max_variant=20; recommendation_score=38
QTL3	Chr1-40077175	14.57	*	LOC_Os01g68710	1:39913890-39916494	5	25	5	8.0	0.0	0.0	15.0	*	48.0	RAP_Step2_HNHZ_window200kb.FarmCPUpeak_info	window200kb	LOC_Os01g68710			peptidyl-prolyl cis-trans isomerase, FKBP-type, putative, expressed	N	Y	Y	53	pipeline_score=48; farm_logP=14.57; max_variant=25; recommendation_score=53
QTL3	Chr1-40077175	14.57	*	LOC_Os01g68720	1:39918935-39920664	20	25	25	8.0	5.0	0.0	22.0	*	60.0	RAP_Step2_HNHZ_window200kb.FarmCPUpeak_info	window200kb	LOC_Os01g68720			keratin, type I cytoskeletal 9, putative, expressed	N	Y	Y	65	pipeline_score=60; farm_logP=14.57; max_variant=25; recommendation_score=65
QTL3	Chr1-40077175	14.57	*	LOC_Os01g68730	1:39922192-39923794	5	5	5	8.0	5.0	0.0	10.0	*	28.0	RAP_Step2_HNHZ_window200kb.FarmCPUpeak_info	window200kb	LOC_Os01g68730			RNA-binding protein FUS, putative, expressed	N	Y	Y	28	pipeline_score=28; farm_logP=14.57; max_variant=5; recommendation_score=28
QTL3	Chr1-40077175	14.57	*	LOC_Os01g68740	1:39925522-39927267	20	10	*	8.0	5.0	0.0	15.0	*	48.0	RAP_Step2_HNHZ_window200kb.FarmCPUpeak_info	window200kb	LOC_Os01g68740			keratin, type I cytoskeletal 9, putative, expressed	N	Y	Y	53	pipeline_score=48; farm_logP=14.57; max_variant=20; recommendation_score=53
QTL3	Chr1-40077175	14.57	*	LOC_Os01g68750	1:39931265-39938167	20	20	*	8.0	0.0	0.0	15.0	*	43.0	RAP_Step2_HNHZ_window200kb.FarmCPUpeak_info	window200kb	LOC_Os01g68750			adaptin, putative, expressed	N	Y	Y	48	pipeline_score=43; farm_logP=14.57; max_variant=20; recommendation_score=48
QTL3	Chr1-40077175	14.57	*	LOC_Os01g68760	1:39938753-39944888	5	10	*	8.0	0.0	0.0	15.0	*	33.0	RAP_Step2_HNHZ_window200kb.FarmCPUpeak_info	window200kb	LOC_Os01g68760			WW domain containing protein, expressed	N	Y	Y	36	pipeline_score=33; farm_logP=14.57; max_variant=10; recommendation_score=36
QTL3	Chr1-40077175	14.57	*	Os01g0916350	1:39947871-39953554	20	5	*	8.0	0.0	0.0	5.0	*	33.0	RAP_Step2_HNHZ_window200kb.FarmCPUpeak_info	window200kb	Os01g0916350							38	pipeline_score=33; farm_logP=14.57; max_variant=20; recommendation_score=38
QTL3	Chr1-40077175	14.57	*	LOC_Os01g68770	1:39948062-39951534	20	10	5	8.0	0.0	0.0	10.0	*	38.0	RAP_Step2_HNHZ_window200kb.FarmCPUpeak_info	window200kb	LOC_Os01g68770	OsSBP	bacterial blight; biotic stress; blast; blight; defense; defense response	selenium-binding protein, putative, expressed	N	Y	Y	50	pipeline_score=38; farm_logP=14.57; max_variant=20; symbol=OsSBP; keyword=bacterial blight; biotic stress; blast; blight; defense; defense response; recommendation_score=50
QTL3	Chr1-40077175	14.57	*	LOC_Os01g68780	1:39953780-39954211	20	*	*	8.0	0.0	0.0	5.0	*	33.0	RAP_Step2_HNHZ_window200kb.FarmCPUpeak_info	window200kb	LOC_Os01g68780			expressed protein	N	Y	Y	38	pipeline_score=33; farm_logP=14.57; max_variant=20; recommendation_score=38
QTL3	Chr1-40077175	14.57	*	LOC_Os01g68790	1:39954529-39956684	5	10	*	8.0	0.0	0.0	10.0	*	28.0	RAP_Step2_HNHZ_window200kb.FarmCPUpeak_info	window200kb	LOC_Os01g68790			RNA recognition motif containing protein, putative, expressed	N	Y	Y	31	pipeline_score=28; farm_logP=14.57; max_variant=10; recommendation_score=31
QTL3	Chr1-40077175	14.57	*	LOC_Os01g68800	1:39958548-39959622	5	10	0	8.0	0.0	0.0	15.0	*	33.0	RAP_Step2_HNHZ_window200kb.FarmCPUpeak_info	window200kb	LOC_Os01g68800			expressed protein	N	Y	Y	36	pipeline_score=33; farm_logP=14.57; max_variant=10; recommendation_score=36
QTL3	Chr1-40077175	14.57	*	LOC_Os01g68810	1:39960285-39975917	20	10	20	8.0	0.0	0.0	15.0	*	43.0	RAP_Step2_HNHZ_window200kb.FarmCPUpeak_info	window200kb	LOC_Os01g68810			expressed protein	N	Y	Y	48	pipeline_score=43; farm_logP=14.57; max_variant=20; recommendation_score=48
QTL3	Chr1-40077175	14.57	*	Os01g0916950	1:39966639-39976108	20	5	0	8.0	0.0	0.0	5.0	*	33.0	RAP_Step2_HNHZ_window200kb.FarmCPUpeak_info	window200kb	Os01g0916950							38	pipeline_score=33; farm_logP=14.57; max_variant=20; recommendation_score=38
QTL3	Chr1-40077175	14.57	*	LOC_Os01g68820	1:39985223-39986498	20	25	5	8.0	5.0	0.0	5.0	*	43.0	RAP_Step2_HNHZ_window200kb.FarmCPUpeak_info	window200kb	LOC_Os01g68820			expressed protein	N	Y	Y	48	pipeline_score=43; farm_logP=14.57; max_variant=25; recommendation_score=48
QTL3	Chr1-40077175	14.57	*	LOC_Os01g68830	1:39991966-39995113	15	10	*	8.0	0.0	0.0	5.0	*	28.0	RAP_Step2_HNHZ_window200kb.FarmCPUpeak_info	window200kb	LOC_Os01g68830			expressed protein	N	Y	Y	31	pipeline_score=28; farm_logP=14.57; max_variant=15; recommendation_score=31
QTL3	Chr1-40077175	14.57	*	LOC_Os01g68840	1:39998110-39999091	5	5	*	8.0	0.0	0.0	5.0	*	18.0	RAP_Step2_HNHZ_window200kb.FarmCPUpeak_info	window200kb	LOC_Os01g68840			CRP6 - Cysteine-rich family protein precursor, expressed	N	Y	Y	18	pipeline_score=18; farm_logP=14.57; max_variant=5; recommendation_score=18
QTL3	Chr1-40077175	14.57	*	LOC_Os01g68860	1:40006067-40010941	5	10	*	8.0	0.0	0.0	15.0	*	33.0	RAP_Step2_HNHZ_window200kb.FarmCPUpeak_info	window200kb	LOC_Os01g68860	C3H12	disease; disease resistance; ja; jasmonic; jasmonic acid; xoo	zinc finger C-x8-C-x5-C-x3-H type family protein, expressed	N	Y	Y	43	pipeline_score=33; farm_logP=14.57; max_variant=10; symbol=C3H12; keyword=disease; disease resistance; ja; jasmonic; jasmonic acid; xoo; recommendation_score=43
QTL3	Chr1-40077175	14.57	*	LOC_Os01g68870	1:40016601-40023861	15	5	*	8.0	0.0	0.0	10.0	*	33.0	RAP_Step2_HNHZ_window200kb.FarmCPUpeak_info	window200kb	LOC_Os01g68870	MSP1|OsMSP1|OsTMS15	development; fertility; pollen; pollen formation; tapetum; temperature	leucine-rich repeat receptor protein kinase EXS precursor, putative, expressed	N	Y	Y	43	pipeline_score=33; farm_logP=14.57; max_variant=15; symbol=MSP1|OsMSP1|OsTMS15; keyword=development; fertility; pollen; pollen formation; tapetum; temperature; recommendation_score=43
QTL3	Chr1-40077175	14.57	*	LOC_Os01g68880	1:40028474-40028728	20	5	0	8.0	0.0	0.0	5.0	*	33.0	RAP_Step2_HNHZ_window200kb.FarmCPUpeak_info	window200kb	LOC_Os01g68880			retrotransposon protein, putative, unclassified, expressed	Y	Y	Y	38	pipeline_score=33; farm_logP=14.57; max_variant=20; recommendation_score=38
QTL3	Chr1-40077175	14.57	*	LOC_Os01g68890	1:40030104-40031429	5	5	*	8.0	0.0	0.0	5.0	*	18.0	RAP_Step2_HNHZ_window200kb.FarmCPUpeak_info	window200kb	LOC_Os01g68890			P21-Rho-binding domain containing protein, putative, expressed	N	Y	Y	18	pipeline_score=18; farm_logP=14.57; max_variant=5; recommendation_score=18
QTL3	Chr1-40077175	14.57	*	Os01g0917801	1:40030264-40030983	5	5	0	8.0	0.0	0.0	5.0	*	18.0	RAP_Step2_HNHZ_window200kb.FarmCPUpeak_info	window200kb	Os01g0917801							18	pipeline_score=18; farm_logP=14.57; max_variant=5; recommendation_score=18
QTL3	Chr1-40077175	14.57	*	LOC_Os01g68900	1:40036038-40037490	5	25	*	8.0	0.0	0.0	5.0	*	38.0	RAP_Step2_HNHZ_window200kb.FarmCPUpeak_info	window200kb	LOC_Os01g68900			zinc finger, C3HC4 type family protein, expressed	N	Y	Y	43	pipeline_score=38; farm_logP=14.57; max_variant=25; recommendation_score=43
QTL3	Chr1-40077175	14.57	*	LOC_Os01g68920	1:40042873-40044252	25	25	25	8.0	0.0	0.0	0.0	*	33.0	RAP_Step2_HNHZ_window200kb.FarmCPUpeak_info	window200kb	LOC_Os01g68920			retrotransposon protein, putative, unclassified, expressed	Y	Y	Y	38	pipeline_score=33; farm_logP=14.57; max_variant=25; recommendation_score=38
QTL3	Chr1-40077175	14.57	*	LOC_Os01g68930	1:40056053-40059446	18	10	10	8.0	0.0	0.0	10.0	*	36.0	RAP_Step2_HNHZ_window200kb.FarmCPUpeak_info	window200kb	LOC_Os01g68930			expressed protein	N	Y	Y	39	pipeline_score=36; farm_logP=14.57; max_variant=18; recommendation_score=39
QTL3	Chr1-40077175	14.57	*	LOC_Os01g68940	1:40061847-40063523	5	10	0	8.0	0.0	0.0	10.0	*	28.0	RAP_Step2_HNHZ_window200kb.FarmCPUpeak_info	window200kb	LOC_Os01g68940			ubiquitin family domain containing protein, expressed	N	Y	Y	31	pipeline_score=28; farm_logP=14.57; max_variant=10; recommendation_score=31
QTL3	Chr1-40077175	14.57	*	LOC_Os01g68950	1:40064645-40066273	5	10	*	8.0	0.0	0.0	20.0	*	38.0	RAP_Step2_HNHZ_window200kb.FarmCPUpeak_info	window200kb	LOC_Os01g68950			ubiquitin family domain containing protein, expressed	N	Y	Y	41	pipeline_score=38; farm_logP=14.57; max_variant=10; recommendation_score=41
QTL3	Chr1-40077175	14.57	*	LOC_Os01g68960	1:40067821-40069605	20	10	*	8.0	0.0	0.0	10.0	*	38.0	RAP_Step2_HNHZ_window200kb.FarmCPUpeak_info	window200kb	LOC_Os01g68960			expressed protein	N	Y	Y	43	pipeline_score=38; farm_logP=14.57; max_variant=20; recommendation_score=43
QTL3	Chr1-40077175	14.57	*	LOC_Os01g68970	1:40070752-40073764	20	10	20	8.0	0.0	17.0	15.0	*	60.0	RAP_Step2_HNHZ_window200kb.FarmCPUpeak_info	window200kb	LOC_Os01g68970			HYS1, putative, expressed	N	Y	Y	65	pipeline_score=60; farm_logP=14.57; max_variant=20; recommendation_score=65
QTL3	Chr1-40077175	14.57	*	LOC_Os01g68990	1:40077988-40082410	25	25	25	8.0	0.0	0.0	5.0	*	38.0	RAP_Step2_HNHZ_window200kb.FarmCPUpeak_info	window200kb	LOC_Os01g68990			retrotransposon, putative, centromere-specific, expressed	Y	Y	Y	43	pipeline_score=38; farm_logP=14.57; max_variant=25; recommendation_score=43
QTL3	Chr1-40077175	14.57	*	LOC_Os01g69000	1:40084394-40085749	25	5	*	8.0	0.0	0.0	5.0	*	38.0	RAP_Step2_HNHZ_window200kb.FarmCPUpeak_info	window200kb	LOC_Os01g69000			retrotransposon protein, putative, unclassified	Y	N	Y	43	pipeline_score=38; farm_logP=14.57; max_variant=25; recommendation_score=43
QTL3	Chr1-40077175	14.57	*	LOC_Os01g69010	1:40093713-40096983	20	5	15	8.0	0.0	0.0	22.0	*	50.0	RAP_Step2_HNHZ_window200kb.FarmCPUpeak_info	window200kb	LOC_Os01g69010	OsFRDL4	Al tolerance; root; tolerance; transcription factor; transporter; xylem	MATE efflux protein, putative, expressed	N	Y	Y	62	pipeline_score=50; farm_logP=14.57; max_variant=20; symbol=OsFRDL4; keyword=Al tolerance; root; tolerance; transcription factor; transporter; xylem; recommendation_score=62
QTL3	Chr1-40077175	14.57	*	Os01g0919150	1:40093788-40096767	20	5	*	8.0	0.0	0.0	5.0	*	33.0	RAP_Step2_HNHZ_window200kb.FarmCPUpeak_info	window200kb	Os01g0919150							38	pipeline_score=33; farm_logP=14.57; max_variant=20; recommendation_score=38
QTL3	Chr1-40077175	14.57	*	LOC_Os01g69020	1:40097654-40099028	5	25	*	8.0	0.0	0.0	5.0	*	38.0	RAP_Step2_HNHZ_window200kb.FarmCPUpeak_info	window200kb	LOC_Os01g69020			retrotransposon protein, putative, unclassified, expressed	Y	Y	Y	43	pipeline_score=38; farm_logP=14.57; max_variant=25; recommendation_score=43
QTL3	Chr1-40077175	14.57	*	LOC_Os01g69030	1:40101404-40107186	5	10	*	8.0	0.0	0.0	18.0	*	36.0	RAP_Step2_HNHZ_window200kb.FarmCPUpeak_info	window200kb	LOC_Os01g69030	OsSPS1|SPS|sps1	growth; height; inflorescence; leaf; leaf development; phosphate; plant growth; pollen; root; seed; seedling; starch; vegetative	sucrose-phosphate synthase, putative, expressed	N	Y	Y	46	pipeline_score=36; farm_logP=14.57; max_variant=10; symbol=OsSPS1|SPS|sps1; keyword=growth; height; inflorescence; leaf; leaf development; phosphate; plant growth; pollen; root; seed; seedling; starch; vegetative; recommendation_score=46
QTL3	Chr1-40077175	14.57	*	LOC_Os01g69040	1:40115907-40121114	5	5	*	8.0	0.0	0.0	18.0	*	31.0	RAP_Step2_HNHZ_window200kb.FarmCPUpeak_info	window200kb	LOC_Os01g69040			zinc finger, C3HC4 type domain containing protein, expressed	N	Y	Y	31	pipeline_score=31; farm_logP=14.57; max_variant=5; recommendation_score=31
QTL3	Chr1-40077175	14.57	*	LOC_Os01g69050	1:40127415-40132674	20	5	5	8.0	0.0	0.0	20.0	*	48.0	RAP_Step2_HNHZ_window200kb.FarmCPUpeak_info	window200kb	LOC_Os01g69050			lysine ketoglutarate reductase trans-splicing related 1, putative, expressed	N	Y	Y	53	pipeline_score=48; farm_logP=14.57; max_variant=20; recommendation_score=53
QTL3	Chr1-40077175	14.57	*	LOC_Os01g69060	1:40133062-40138351	5	10	*	8.0	0.0	0.0	18.0	*	36.0	RAP_Step2_HNHZ_window200kb.FarmCPUpeak_info	window200kb	LOC_Os01g69060			hydrolase, alpha/beta fold family domain containing protein, expressed	N	Y	Y	39	pipeline_score=36; farm_logP=14.57; max_variant=10; recommendation_score=39
QTL3	Chr1-40077175	14.57	*	LOC_Os01g69070	1:40136225-40142764	5	10	*	8.0	0.0	0.0	22.0	*	40.0	RAP_Step2_HNHZ_window200kb.FarmCPUpeak_info	window200kb	LOC_Os01g69070			auxin efflux carrier component, putative, expressed	N	Y	Y	43	pipeline_score=40; farm_logP=14.57; max_variant=10; recommendation_score=43
QTL3	Chr1-40077175	14.57	*	LOC_Os01g69080	1:40146507-40150833	20	10	*	8.0	0.0	0.0	15.0	*	43.0	RAP_Step2_HNHZ_window200kb.FarmCPUpeak_info	window200kb	LOC_Os01g69080	OsSSI2	blast; blight; blight disease; defense; defense response; disease; disease resistance; leaf	acyl-desaturase, chloroplast precursor, putative, expressed	N	Y	Y	55	pipeline_score=43; farm_logP=14.57; max_variant=20; symbol=OsSSI2; keyword=blast; blight; blight disease; defense; defense response; disease; disease resistance; leaf; recommendation_score=55
QTL3	Chr1-40077175	14.57	*	Os01g0919950	1:40147145-40148504	20	*	*	8.0	0.0	0.0	10.0	*	38.0	RAP_Step2_HNHZ_window200kb.FarmCPUpeak_info	window200kb	Os01g0919950							43	pipeline_score=38; farm_logP=14.57; max_variant=20; recommendation_score=43
QTL3	Chr1-40077175	14.57	*	LOC_Os01g69090	1:40153160-40157182	5	10	*	8.0	0.0	0.0	10.0	*	28.0	RAP_Step2_HNHZ_window200kb.FarmCPUpeak_info	window200kb	LOC_Os01g69090			CBS domain-containing protein, putative, expressed	N	Y	Y	31	pipeline_score=28; farm_logP=14.57; max_variant=10; recommendation_score=31
QTL3	Chr1-40077175	14.57	*	LOC_Os01g69100	1:40167740-40170253	5	10	*	8.0	0.0	0.0	18.0	*	36.0	RAP_Step2_HNHZ_window200kb.FarmCPUpeak_info	window200kb	LOC_Os01g69100			expressed protein	N	Y	Y	39	pipeline_score=36; farm_logP=14.57; max_variant=10; recommendation_score=39
QTL3	Chr1-40077175	14.57	*	LOC_Os01g69110	1:40170871-40173290	5	5	*	8.0	0.0	0.0	15.0	*	28.0	RAP_Step2_HNHZ_window200kb.FarmCPUpeak_info	window200kb	LOC_Os01g69110			expressed protein	N	Y	Y	28	pipeline_score=28; farm_logP=14.57; max_variant=5; recommendation_score=28
QTL3	Chr1-40077175	14.57	*	LOC_Os01g69120	1:40175649-40181633	1	10	*	8.0	0.0	0.0	15.0	*	33.0	RAP_Step2_HNHZ_window200kb.FarmCPUpeak_info	window200kb	LOC_Os01g69120			uncharacterized RNA methyltransferase pc1998, putative, expressed	N	Y	Y	36	pipeline_score=33; farm_logP=14.57; max_variant=10; recommendation_score=36
QTL3	Chr1-40077175	14.57	*	LOC_Os01g69130	1:40182716-40190921	20	10	*	8.0	0.0	0.0	15.0	*	43.0	RAP_Step2_HNHZ_window200kb.FarmCPUpeak_info	window200kb	LOC_Os01g69130			dynamin family protein, putative, expressed	N	Y	Y	48	pipeline_score=43; farm_logP=14.57; max_variant=20; recommendation_score=48
QTL3	Chr1-40077175	14.57	*	LOC_Os01g69140	1:40192998-40194721	1	10	*	8.0	0.0	0.0	10.0	*	28.0	RAP_Step2_HNHZ_window200kb.FarmCPUpeak_info	window200kb	LOC_Os01g69140			regulatory protein, putative, expressed	N	Y	Y	31	pipeline_score=28; farm_logP=14.57; max_variant=10; recommendation_score=31
QTL3	Chr1-40077175	14.57	*	LOC_Os01g69150	1:40196665-40197198	25	25	25	8.0	0.0	0.0	0.0	*	33.0	RAP_Step2_HNHZ_window200kb.FarmCPUpeak_info	window200kb	LOC_Os01g69150			transposon protein, putative, unclassified	Y	N	Y	38	pipeline_score=33; farm_logP=14.57; max_variant=25; recommendation_score=38
QTL3	Chr1-40077175	14.57	*	LOC_Os01g69160	1:40200998-40203691	5	5	15	8.0	0.0	0.0	5.0	*	28.0	RAP_Step2_HNHZ_window200kb.FarmCPUpeak_info	window200kb	LOC_Os01g69160			regulatory protein, putative, expressed	N	Y	Y	31	pipeline_score=28; farm_logP=14.57; max_variant=15; recommendation_score=31
QTL3	Chr1-40077175	14.57	*	LOC_Os01g69174	1:40205112-40206882	20	10	25	8.0	0.0	0.0	0.0	*	33.0	RAP_Step2_HNHZ_window200kb.FarmCPUpeak_info	window200kb	LOC_Os01g69174			expressed protein	N	Y	Y	38	pipeline_score=33; farm_logP=14.57; max_variant=25; recommendation_score=38
QTL3	Chr1-40077175	14.57	*	LOC_Os01g69190	1:40211197-40213481	5	10	5	8.0	0.0	0.0	5.0	*	23.0	RAP_Step2_HNHZ_window200kb.FarmCPUpeak_info	window200kb	LOC_Os01g69190			regulatory protein, putative, expressed	N	Y	Y	26	pipeline_score=23; farm_logP=14.57; max_variant=10; recommendation_score=26
QTL3	Chr1-40077175	14.57	*	LOC_Os01g69200	1:40215071-40216944	20	5	*	8.0	0.0	0.0	10.0	*	38.0	RAP_Step2_HNHZ_window200kb.FarmCPUpeak_info	window200kb	LOC_Os01g69200			regulatory protein, putative, expressed	N	Y	Y	43	pipeline_score=38; farm_logP=14.57; max_variant=20; recommendation_score=43
QTL3	Chr1-40077175	14.57	*	LOC_Os01g69210	1:40220890-40229264	5	10	*	8.0	0.0	0.0	18.0	*	36.0	RAP_Step2_HNHZ_window200kb.FarmCPUpeak_info	window200kb	LOC_Os01g69210	OsMOGS	N-glycan formation; auxin; auxin-mediated root development; root development	mannosyl-oligosaccharide glucosidase, putative, expressed	N	Y	Y	46	pipeline_score=36; farm_logP=14.57; max_variant=10; symbol=OsMOGS; keyword=N-glycan formation; auxin; auxin-mediated root development; root development; recommendation_score=46
QTL3	Chr1-40077175	14.57	*	LOC_Os01g69220	1:40230199-40233220	5	5	10	8.0	0.0	0.0	10.0	*	28.0	RAP_Step2_HNHZ_window200kb.FarmCPUpeak_info	window200kb	LOC_Os01g69220			exostosin family domain containing protein, expressed	N	Y	Y	31	pipeline_score=28; farm_logP=14.57; max_variant=10; recommendation_score=31
QTL3	Chr1-40077175	14.57	*	LOC_Os01g69230	1:40235090-40238446	5	25	*	8.0	0.0	0.0	10.0	*	43.0	RAP_Step2_HNHZ_window200kb.FarmCPUpeak_info	window200kb	LOC_Os01g69230			exo70 exocyst complex subunit domain containing protein, expressed	N	Y	Y	48	pipeline_score=43; farm_logP=14.57; max_variant=25; recommendation_score=48
QTL3	Chr1-40077175	14.57	*	Os01g0921450	1:40235291-40236879	1	10	*	8.0	0.0	0.0	5.0	*	23.0	RAP_Step2_HNHZ_window200kb.FarmCPUpeak_info	window200kb	Os01g0921450							26	pipeline_score=23; farm_logP=14.57; max_variant=10; recommendation_score=26
QTL3	Chr1-40077175	14.57	*	LOC_Os01g69240	1:40238685-40240454	5	10	*	8.0	0.0	0.0	5.0	*	23.0	RAP_Step2_HNHZ_window200kb.FarmCPUpeak_info	window200kb	LOC_Os01g69240			CBS domain containing membrane protein, putative, expressed	N	Y	Y	26	pipeline_score=23; farm_logP=14.57; max_variant=10; recommendation_score=26
QTL3	Chr1-40077175	14.57	*	Os01g0921550	1:40240142-40240678	5	5	*	8.0	0.0	0.0	5.0	*	18.0	RAP_Step2_HNHZ_window200kb.FarmCPUpeak_info	window200kb	Os01g0921550							18	pipeline_score=18; farm_logP=14.57; max_variant=5; recommendation_score=18
QTL3	Chr1-40077175	14.57	*	LOC_Os01g69250	1:40240807-40244736	*	10	*	8.0	0.0	0.0	10.0	*	28.0	RAP_Step2_HNHZ_window200kb.FarmCPUpeak_info	window200kb	LOC_Os01g69250			mitochondrial import receptor subunit TOM20, putative, expressed	N	Y	Y	31	pipeline_score=28; farm_logP=14.57; max_variant=10; recommendation_score=31
QTL3	Chr1-40077175	14.57	*	LOC_Os01g69260	1:40252603-40255416	20	10	*	8.0	0.0	0.0	0.0	*	28.0	RAP_Step2_HNHZ_window200kb.FarmCPUpeak_info	window200kb	LOC_Os01g69260			hypothetical protein	N	N	Y	33	pipeline_score=28; farm_logP=14.57; max_variant=20; recommendation_score=33
QTL3	Chr1-40077175	14.57	*	LOC_Os01g69270	1:40256803-40258472	5	10	*	8.0	0.0	0.0	10.0	*	28.0	RAP_Step2_HNHZ_window200kb.FarmCPUpeak_info	window200kb	LOC_Os01g69270	WCR1	cell death; endosperm; programmed cell death; reactive oxygen species	OsFBO2 - F-box and other domain containing protein, expressed	N	Y	Y	38	pipeline_score=28; farm_logP=14.57; max_variant=10; symbol=WCR1; keyword=cell death; endosperm; programmed cell death; reactive oxygen species; recommendation_score=38
QTL3	Chr1-40077175	14.57	*	LOC_Os01g69279	1:40275509-40278162	20	10	5	8.0	0.0	0.0	18.0	*	46.0	RAP_Step2_HNHZ_window200kb.FarmCPUpeak_info	window200kb	LOC_Os01g69279			expressed protein	N	Y	Y	51	pipeline_score=46; farm_logP=14.57; max_variant=20; recommendation_score=51
QTL4	Chr2-7421420	11.69	*	LOC_Os02g13510	2:7220338-7224509	25	25	25	6.0	0.0	0.0	22.0	*	53.0	RAP_Step2_HNHZ_window200kb.FarmCPUpeak_info	window200kb	LOC_Os02g13510			receptor-like protein kinase 5 precursor, putative, expressed	N	Y	Y	58	pipeline_score=53; farm_logP=11.69; max_variant=25; recommendation_score=58
QTL4	Chr2-7421420	11.69	*	Os02g0228400	2:7221275-7223499	25	25	20	6.0	0.0	0.0	15.0	*	46.0	RAP_Step2_HNHZ_window200kb.FarmCPUpeak_info	window200kb	Os02g0228400							51	pipeline_score=46; farm_logP=11.69; max_variant=25; recommendation_score=51
QTL4	Chr2-7421420	11.69	*	Os02g0228600	2:7236897-7238134	5	10	5	6.0	0.0	0.0	10.0	*	26.0	RAP_Step2_HNHZ_window200kb.FarmCPUpeak_info	window200kb	Os02g0228600							29	pipeline_score=26; farm_logP=11.69; max_variant=10; recommendation_score=29
QTL4	Chr2-7421420	11.69	*	LOC_Os02g13520	2:7245015-7248672	20	10	10	6.0	0.0	0.0	5.0	*	31.0	RAP_Step2_HNHZ_window200kb.FarmCPUpeak_info	window200kb	LOC_Os02g13520			OsIAA7 - Auxin-responsive Aux/IAA gene family member, expressed	N	Y	Y	36	pipeline_score=31; farm_logP=11.69; max_variant=20; recommendation_score=36
QTL4	Chr2-7421420	11.69	*	LOC_Os02g13530	2:7258483-7260380	5	5	*	6.0	0.0	0.0	15.0	*	26.0	RAP_Step2_HNHZ_window200kb.FarmCPUpeak_info	window200kb	LOC_Os02g13530			40S ribosomal protein S24, putative, expressed	N	Y	Y	26	pipeline_score=26; farm_logP=11.69; max_variant=5; recommendation_score=26
QTL4	Chr2-7421420	11.69	*	LOC_Os02g13540	2:7260978-7261178	*	5	*	6.0	0.0	0.0	0.0	*	11.0	RAP_Step2_HNHZ_window200kb.FarmCPUpeak_info	window200kb	LOC_Os02g13540			expressed protein	N	Y	Y	11	pipeline_score=11; farm_logP=11.69; max_variant=5; recommendation_score=11
QTL4	Chr2-7421420	11.69	*	LOC_Os02g13550	2:7263069-7263566	20	5	*	6.0	0.0	0.0	0.0	*	26.0	RAP_Step2_HNHZ_window200kb.FarmCPUpeak_info	window200kb	LOC_Os02g13550			hypothetical protein	N	N	Y	31	pipeline_score=26; farm_logP=11.69; max_variant=20; recommendation_score=31
QTL4	Chr2-7421420	11.69	*	LOC_Os02g13555	2:7263803-7267225	25	25	20	6.0	0.0	0.0	5.0	*	36.0	RAP_Step2_HNHZ_window200kb.FarmCPUpeak_info	window200kb	LOC_Os02g13555			expressed protein	N	Y	Y	41	pipeline_score=36; farm_logP=11.69; max_variant=25; recommendation_score=41
QTL4	Chr2-7421420	11.69	*	LOC_Os02g13560	2:7273033-7278272	5	5	20	6.0	0.0	0.0	10.0	*	36.0	RAP_Step2_HNHZ_window200kb.FarmCPUpeak_info	window200kb	LOC_Os02g13560	OsTMT2	sheath; transporter	transporter family protein, putative, expressed	N	Y	Y	48	pipeline_score=36; farm_logP=11.69; max_variant=20; symbol=OsTMT2; keyword=sheath; transporter; recommendation_score=48
QTL4	Chr2-7421420	11.69	*	Os02g0229501	2:7273826-7278165	5	5	*	6.0	0.0	0.0	10.0	*	21.0	RAP_Step2_HNHZ_window200kb.FarmCPUpeak_info	window200kb	Os02g0229501							21	pipeline_score=21; farm_logP=11.69; max_variant=5; recommendation_score=21
QTL4	Chr2-7421420	11.69	*	LOC_Os02g13570	2:7278420-7280993	5	5	*	6.0	0.0	0.0	5.0	*	16.0	RAP_Step2_HNHZ_window200kb.FarmCPUpeak_info	window200kb	LOC_Os02g13570			kinesin motor protein-related, putative, expressed	N	Y	Y	16	pipeline_score=16; farm_logP=11.69; max_variant=5; recommendation_score=16
QTL4	Chr2-7421420	11.69	*	LOC_Os02g13580	2:7281235-7285696	20	10	10	6.0	0.0	0.0	5.0	*	31.0	RAP_Step2_HNHZ_window200kb.FarmCPUpeak_info	window200kb	LOC_Os02g13580			kinesin motor domain containing protein, expressed	N	Y	Y	36	pipeline_score=31; farm_logP=11.69; max_variant=20; recommendation_score=36
QTL4	Chr2-7421420	11.69	*	LOC_Os02g13590	2:7299770-7300027	20	5	*	6.0	5.0	0.0	0.0	*	31.0	RAP_Step2_HNHZ_window200kb.FarmCPUpeak_info	window200kb	LOC_Os02g13590			hypothetical protein	N	N	Y	36	pipeline_score=31; farm_logP=11.69; max_variant=20; recommendation_score=36
QTL4	Chr2-7421420	11.69	*	LOC_Os02g13600	2:7300532-7301673	15	10	*	6.0	5.0	0.0	5.0	*	31.0	RAP_Step2_HNHZ_window200kb.FarmCPUpeak_info	window200kb	LOC_Os02g13600			expressed protein	N	Y	Y	34	pipeline_score=31; farm_logP=11.69; max_variant=15; recommendation_score=34
QTL4	Chr2-7421420	11.69	*	LOC_Os02g13610	2:7303093-7303464	25	25	25	6.0	0.0	0.0	0.0	*	31.0	RAP_Step2_HNHZ_window200kb.FarmCPUpeak_info	window200kb	LOC_Os02g13610			retrotransposon protein, putative, unclassified	Y	N	Y	36	pipeline_score=31; farm_logP=11.69; max_variant=25; recommendation_score=36
QTL4	Chr2-7421420	11.69	*	LOC_Os02g13620	2:7310420-7310992	5	25	5	6.0	0.0	0.0	10.0	*	41.0	RAP_Step2_HNHZ_window200kb.FarmCPUpeak_info	window200kb	LOC_Os02g13620			expressed protein	N	Y	Y	46	pipeline_score=41; farm_logP=11.69; max_variant=25; recommendation_score=46
QTL4	Chr2-7421420	11.69	*	LOC_Os02g13630	2:7314098-7314657	15	10	*	6.0	0.0	0.0	5.0	*	26.0	RAP_Step2_HNHZ_window200kb.FarmCPUpeak_info	window200kb	LOC_Os02g13630			expressed protein	N	Y	Y	29	pipeline_score=26; farm_logP=11.69; max_variant=15; recommendation_score=29
QTL4	Chr2-7421420	11.69	*	LOC_Os02g13640	2:7316388-7319489	20	10	*	6.0	0.0	0.0	10.0	*	36.0	RAP_Step2_HNHZ_window200kb.FarmCPUpeak_info	window200kb	LOC_Os02g13640			protein phosphatase 1 regulatory subunit SDS22, putative, expressed	N	Y	Y	41	pipeline_score=36; farm_logP=11.69; max_variant=20; recommendation_score=41
QTL4	Chr2-7421420	11.69	*	LOC_Os02g13650	2:7321447-7322891	5	10	*	6.0	0.0	0.0	15.0	*	31.0	RAP_Step2_HNHZ_window200kb.FarmCPUpeak_info	window200kb	LOC_Os02g13650			expressed protein	N	Y	Y	34	pipeline_score=31; farm_logP=11.69; max_variant=10; recommendation_score=34
QTL4	Chr2-7421420	11.69	*	LOC_Os02g13660	2:7323776-7325175	20	5	0	6.0	0.0	0.0	5.0	*	31.0	RAP_Step2_HNHZ_window200kb.FarmCPUpeak_info	window200kb	LOC_Os02g13660			meiosis 5, putative, expressed	N	Y	Y	36	pipeline_score=31; farm_logP=11.69; max_variant=20; recommendation_score=36
QTL4	Chr2-7421420	11.69	*	Os02g0230250	2:7323913-7325155	20	*	*	6.0	0.0	0.0	5.0	*	31.0	RAP_Step2_HNHZ_window200kb.FarmCPUpeak_info	window200kb	Os02g0230250							36	pipeline_score=31; farm_logP=11.69; max_variant=20; recommendation_score=36
QTL4	Chr2-7421420	11.69	*	LOC_Os02g13670	2:7333138-7334086	20	10	*	6.0	5.0	0.0	5.0	*	36.0	RAP_Step2_HNHZ_window200kb.FarmCPUpeak_info	window200kb	LOC_Os02g13670			helix-loop-helix DNA-binding domain containing protein, expressed	N	Y	Y	41	pipeline_score=36; farm_logP=11.69; max_variant=20; recommendation_score=41
QTL4	Chr2-7421420	11.69	*	Os02g0230625	2:7337800-7338329	5	10	0	6.0	0.0	0.0	5.0	*	21.0	RAP_Step2_HNHZ_window200kb.FarmCPUpeak_info	window200kb	Os02g0230625							24	pipeline_score=21; farm_logP=11.69; max_variant=10; recommendation_score=24
QTL4	Chr2-7421420	11.69	*	LOC_Os02g13690	2:7346820-7347587	25	25	25	6.0	5.0	0.0	0.0	*	36.0	RAP_Step2_HNHZ_window200kb.FarmCPUpeak_info	window200kb	LOC_Os02g13690			hypothetical protein	N	N	Y	41	pipeline_score=36; farm_logP=11.69; max_variant=25; recommendation_score=41
QTL4	Chr2-7421420	11.69	*	LOC_Os02g13700	2:7348539-7349632	20	25	5	6.0	5.0	0.0	0.0	*	36.0	RAP_Step2_HNHZ_window200kb.FarmCPUpeak_info	window200kb	LOC_Os02g13700			expressed protein	N	Y	Y	41	pipeline_score=36; farm_logP=11.69; max_variant=25; recommendation_score=41
QTL4	Chr2-7421420	11.69	*	LOC_Os02g13710	2:7365220-7366415	20	10	*	6.0	5.0	0.0	5.0	*	36.0	RAP_Step2_HNHZ_window200kb.FarmCPUpeak_info	window200kb	LOC_Os02g13710			ethylene-responsive transcription factor TINY, putative, expressed	N	Y	Y	41	pipeline_score=36; farm_logP=11.69; max_variant=20; recommendation_score=41
QTL4	Chr2-7421420	11.69	*	Os02g0230875	2:7365270-7365975	20	5	20	6.0	0.0	0.0	5.0	*	31.0	RAP_Step2_HNHZ_window200kb.FarmCPUpeak_info	window200kb	Os02g0230875							36	pipeline_score=31; farm_logP=11.69; max_variant=20; recommendation_score=36
QTL4	Chr2-7421420	11.69	*	LOC_Os02g13720	2:7381950-7382180	25	5	5	6.0	0.0	0.0	0.0	*	31.0	RAP_Step2_HNHZ_window200kb.FarmCPUpeak_info	window200kb	LOC_Os02g13720			expressed protein	N	Y	Y	36	pipeline_score=31; farm_logP=11.69; max_variant=25; recommendation_score=36
QTL4	Chr2-7421420	11.69	*	LOC_Os02g13730	2:7387035-7390209	25	25	5	6.0	0.0	0.0	5.0	*	36.0	RAP_Step2_HNHZ_window200kb.FarmCPUpeak_info	window200kb	LOC_Os02g13730			retrotransposon protein, putative, unclassified, expressed	Y	Y	Y	41	pipeline_score=36; farm_logP=11.69; max_variant=25; recommendation_score=41
QTL4	Chr2-7421420	11.69	*	LOC_Os02g13740	2:7396380-7396817	25	5	*	6.0	0.0	0.0	0.0	*	31.0	RAP_Step2_HNHZ_window200kb.FarmCPUpeak_info	window200kb	LOC_Os02g13740			expressed protein	N	Y	Y	36	pipeline_score=31; farm_logP=11.69; max_variant=25; recommendation_score=36
QTL4	Chr2-7421420	11.69	*	LOC_Os02g13750	2:7402713-7410877	20	25	0	6.0	0.0	0.0	5.0	*	36.0	RAP_Step2_HNHZ_window200kb.FarmCPUpeak_info	window200kb	LOC_Os02g13750			retrotransposon protein, putative, unclassified, expressed	Y	Y	Y	41	pipeline_score=36; farm_logP=11.69; max_variant=25; recommendation_score=41
QTL4	Chr2-7421420	11.69	*	LOC_Os02g13760	2:7428762-7429193	25	10	25	6.0	5.0	0.0	0.0	*	36.0	RAP_Step2_HNHZ_window200kb.FarmCPUpeak_info	window200kb	LOC_Os02g13760			expressed protein	N	Y	Y	41	pipeline_score=36; farm_logP=11.69; max_variant=25; recommendation_score=41
QTL4	Chr2-7421420	11.69	*	LOC_Os02g13770	2:7431305-7433852	1	10	25	6.0	0.0	0.0	15.0	*	46.0	RAP_Step2_HNHZ_window200kb.FarmCPUpeak_info	window200kb	LOC_Os02g13770			transposon protein, putative, CACTA, En/Spm sub-class, expressed	Y	Y	Y	51	pipeline_score=46; farm_logP=11.69; max_variant=25; recommendation_score=51
QTL4	Chr2-7421420	11.69	*	LOC_Os02g13780	2:7434644-7438310	20	25	25	6.0	0.0	0.0	22.0	*	53.0	RAP_Step2_HNHZ_window200kb.FarmCPUpeak_info	window200kb	LOC_Os02g13780			receptor-like protein kinase 2 precursor, putative, expressed	N	Y	Y	58	pipeline_score=53; farm_logP=11.69; max_variant=25; recommendation_score=58
QTL4	Chr2-7421420	11.69	*	LOC_Os02g13785	2:7439852-7443657	20	25	15	6.0	0.0	0.0	5.0	*	36.0	RAP_Step2_HNHZ_window200kb.FarmCPUpeak_info	window200kb	LOC_Os02g13785			expressed protein	N	Y	Y	41	pipeline_score=36; farm_logP=11.69; max_variant=25; recommendation_score=41
QTL4	Chr2-7421420	11.69	*	LOC_Os02g13790	2:7449739-7450231	25	5	5	6.0	0.0	0.0	0.0	*	31.0	RAP_Step2_HNHZ_window200kb.FarmCPUpeak_info	window200kb	LOC_Os02g13790			expressed protein	N	Y	Y	36	pipeline_score=31; farm_logP=11.69; max_variant=25; recommendation_score=36
QTL4	Chr2-7421420	11.69	*	LOC_Os02g13800	2:7463932-7465506	20	10	10	6.0	0.0	0.0	15.0	*	41.0	RAP_Step2_HNHZ_window200kb.FarmCPUpeak_info	window200kb	LOC_Os02g13800			HSF-type DNA-binding domain containing protein, expressed	N	Y	Y	46	pipeline_score=41; farm_logP=11.69; max_variant=20; recommendation_score=46
QTL4	Chr2-7421420	11.69	*	Os02g0232050	2:7464392-7465082	20	10	*	6.0	0.0	0.0	10.0	*	36.0	RAP_Step2_HNHZ_window200kb.FarmCPUpeak_info	window200kb	Os02g0232050							41	pipeline_score=36; farm_logP=11.69; max_variant=20; recommendation_score=41
QTL4	Chr2-7421420	11.69	*	LOC_Os02g13810	2:7466238-7470926	5	10	*	6.0	0.0	0.0	15.0	*	31.0	RAP_Step2_HNHZ_window200kb.FarmCPUpeak_info	window200kb	LOC_Os02g13810	HEI10	cell cycle; meiotic	DNA binding protein, putative, expressed	N	Y	Y	41	pipeline_score=31; farm_logP=11.69; max_variant=10; symbol=HEI10; keyword=cell cycle; meiotic; recommendation_score=41
QTL4	Chr2-7421420	11.69	*	LOC_Os02g13820	2:7478244-7478525	25	5	*	6.0	5.0	0.0	0.0	*	36.0	RAP_Step2_HNHZ_window200kb.FarmCPUpeak_info	window200kb	LOC_Os02g13820			hypothetical protein	N	N	Y	41	pipeline_score=36; farm_logP=11.69; max_variant=25; recommendation_score=41
QTL4	Chr2-7421420	11.69	*	LOC_Os02g13830	2:7485426-7487001	5	10	5	6.0	5.0	23.0	0.0	*	44.0	RAP_Step2_HNHZ_window200kb.FarmCPUpeak_info	window200kb	LOC_Os02g13830			osFTL13  FT-Like13 homologous to Flowering Locus T  gene; contains Pfam profile PF01161: Phosphatidylethanolamine-binding protein, expressed	N	Y	Y	47	pipeline_score=44; farm_logP=11.69; max_variant=10; recommendation_score=47
QTL4	Chr2-7421420	11.69	*	LOC_Os02g13840	2:7491165-7497891	5	5	5	6.0	0.0	0.0	15.0	*	26.0	RAP_Step2_HNHZ_window200kb.FarmCPUpeak_info	window200kb	LOC_Os02g13840			citrate synthase, putative, expressed	N	Y	Y	26	pipeline_score=26; farm_logP=11.69; max_variant=5; recommendation_score=26
QTL4	Chr2-7421420	11.69	*	LOC_Os02g13850	2:7501283-7513594	5	10	5	6.0	0.0	0.0	10.0	*	26.0	RAP_Step2_HNHZ_window200kb.FarmCPUpeak_info	window200kb	LOC_Os02g13850			leucine-rich repeat-containing protein kinase family protein, putative, expressed	N	Y	Y	29	pipeline_score=26; farm_logP=11.69; max_variant=10; recommendation_score=29
QTL4	Chr2-7421420	11.69	*	LOC_Os02g13860	2:7513963-7514649	20	25	25	6.0	5.0	0.0	5.0	*	41.0	RAP_Step2_HNHZ_window200kb.FarmCPUpeak_info	window200kb	LOC_Os02g13860			expressed protein	N	Y	Y	46	pipeline_score=41; farm_logP=11.69; max_variant=25; recommendation_score=46
QTL4	Chr2-7421420	11.69	*	LOC_Os02g13870	2:7515989-7519336	5	25	*	6.0	5.0	0.0	10.0	*	46.0	RAP_Step2_HNHZ_window200kb.FarmCPUpeak_info	window200kb	LOC_Os02g13870	OsNIP1;1	Ubiquitin; arsenic accumulation; arsenite; root; shoot; xylem	aquaporin protein, putative, expressed	N	Y	Y	58	pipeline_score=46; farm_logP=11.69; max_variant=25; symbol=OsNIP1;1; keyword=Ubiquitin; arsenic accumulation; arsenite; root; shoot; xylem; recommendation_score=58
QTL4	Chr2-7421420	11.69	*	LOC_Os02g13880	2:7524306-7524563	20	25	*	6.0	5.0	0.0	0.0	*	36.0	RAP_Step2_HNHZ_window200kb.FarmCPUpeak_info	window200kb	LOC_Os02g13880			expressed protein	N	Y	Y	41	pipeline_score=36; farm_logP=11.69; max_variant=25; recommendation_score=41
QTL4	Chr2-7421420	11.69	*	LOC_Os02g13890	2:7542594-7547071	20	5	20	6.0	0.0	0.0	15.0	*	41.0	RAP_Step2_HNHZ_window200kb.FarmCPUpeak_info	window200kb	LOC_Os02g13890			FYVE zinc finger domain containing protein, expressed	N	Y	Y	46	pipeline_score=41; farm_logP=11.69; max_variant=20; recommendation_score=46
QTL4	Chr2-7421420	11.69	*	LOC_Os02g13900	2:7548246-7551644	18	5	10	6.0	0.0	0.0	10.0	*	34.0	RAP_Step2_HNHZ_window200kb.FarmCPUpeak_info	window200kb	LOC_Os02g13900			BES1/BZR1 homolog protein, putative, expressed	N	Y	Y	37	pipeline_score=34; farm_logP=11.69; max_variant=18; recommendation_score=37
QTL4	Chr2-7421420	11.69	*	LOC_Os02g13910	2:7558777-7568835	25	25	5	6.0	0.0	0.0	15.0	*	46.0	RAP_Step2_HNHZ_window200kb.FarmCPUpeak_info	window200kb	LOC_Os02g13910			retrotransposon protein, putative, Ty1-copia subclass, expressed	Y	Y	Y	51	pipeline_score=46; farm_logP=11.69; max_variant=25; recommendation_score=51
QTL4	Chr2-7421420	11.69	*	Os02g0233566	2:7574578-7577991	20	25	15	6.0	0.0	0.0	5.0	*	36.0	RAP_Step2_HNHZ_window200kb.FarmCPUpeak_info	window200kb	Os02g0233566							41	pipeline_score=36; farm_logP=11.69; max_variant=25; recommendation_score=41
QTL4	Chr2-7421420	11.69	*	LOC_Os02g13920	2:7578016-7579076	25	5	25	6.0	0.0	0.0	0.0	*	31.0	RAP_Step2_HNHZ_window200kb.FarmCPUpeak_info	window200kb	LOC_Os02g13920			retrotransposon protein, putative, unclassified, expressed	Y	Y	Y	36	pipeline_score=31; farm_logP=11.69; max_variant=25; recommendation_score=36
QTL4	Chr2-7421420	11.69	*	LOC_Os02g13930	2:7582245-7586531	25	25	*	6.0	0.0	0.0	5.0	*	36.0	RAP_Step2_HNHZ_window200kb.FarmCPUpeak_info	window200kb	LOC_Os02g13930			expressed protein	N	Y	Y	41	pipeline_score=36; farm_logP=11.69; max_variant=25; recommendation_score=41
QTL4	Chr2-7421420	11.69	*	Os02g0234051	2:7588596-7589065	20	5	*	6.0	0.0	0.0	0.0	*	26.0	RAP_Step2_HNHZ_window200kb.FarmCPUpeak_info	window200kb	Os02g0234051							31	pipeline_score=26; farm_logP=11.69; max_variant=20; recommendation_score=31
QTL4	Chr2-7421420	11.69	*	LOC_Os02g13940	2:7591255-7591569	5	5	*	6.0	5.0	0.0	5.0	*	21.0	RAP_Step2_HNHZ_window200kb.FarmCPUpeak_info	window200kb	LOC_Os02g13940			expressed protein	N	Y	Y	21	pipeline_score=21; farm_logP=11.69; max_variant=5; recommendation_score=21
QTL4	Chr2-7421420	11.69	*	LOC_Os02g13950	2:7594952-7599871	20	10	*	6.0	0.0	0.0	5.0	*	31.0	RAP_Step2_HNHZ_window200kb.FarmCPUpeak_info	window200kb	LOC_Os02g13950	FUWA	architecture; breeding; cell division; development; domestication; erect; grain; grain size; panicle; panicle architecture; shoot	NHL repeat-containing protein, putative, expressed	N	Y	Y	43	pipeline_score=31; farm_logP=11.69; max_variant=20; symbol=FUWA; keyword=architecture; breeding; cell division; development; domestication; erect; grain; grain size; panicle; panicle architecture; shoot; recommendation_score=43
QTL4	Chr2-7421420	11.69	*	LOC_Os02g13960	2:7612541-7615851	20	25	*	6.0	0.0	0.0	15.0	*	46.0	RAP_Step2_HNHZ_window200kb.FarmCPUpeak_info	window200kb	LOC_Os02g13960			spotted leaf 11, putative, expressed	N	Y	Y	51	pipeline_score=46; farm_logP=11.69; max_variant=25; recommendation_score=51
QTL4	Chr2-7421420	11.69	*	Os02g0234400	2:7618027-7619445	5	5	*	6.0	0.0	0.0	15.0	*	26.0	RAP_Step2_HNHZ_window200kb.FarmCPUpeak_info	window200kb	Os02g0234400							26	pipeline_score=26; farm_logP=11.69; max_variant=5; recommendation_score=26
QTL4	Chr2-7421420	11.69	*	LOC_Os02g13965	2:7618738-7621248	20	5	20	6.0	0.0	0.0	18.0	*	44.0	RAP_Step2_HNHZ_window200kb.FarmCPUpeak_info	window200kb	LOC_Os02g13965			lectin protein kinase family protein, putative, expressed	N	Y	Y	49	pipeline_score=44; farm_logP=11.69; max_variant=20; recommendation_score=49
QTL5	Chr2-35614433	8.94	*	LOC_Os02g57820	2:35415171-35419484	5	10	*	4.0	0.0	0.0	10.0	*	24.0	RAP_Step2_HNHZ_window200kb.FarmCPUpeak_info	window200kb	LOC_Os02g57820			AT hook motif domain containing protein, expressed	N	Y	Y	27	pipeline_score=24; farm_logP=8.94; max_variant=10; recommendation_score=27
QTL5	Chr2-35614433	8.94	*	Os02g0824350	2:35415666-35416333	5	10	*	4.0	0.0	0.0	5.0	*	19.0	RAP_Step2_HNHZ_window200kb.FarmCPUpeak_info	window200kb	Os02g0824350							22	pipeline_score=19; farm_logP=8.94; max_variant=10; recommendation_score=22
QTL5	Chr2-35614433	8.94	*	LOC_Os02g57830	2:35421415-35423687	5	5	5	4.0	0.0	0.0	15.0	*	24.0	RAP_Step2_HNHZ_window200kb.FarmCPUpeak_info	window200kb	LOC_Os02g57830			expressed protein	N	Y	Y	24	pipeline_score=24; farm_logP=8.94; max_variant=5; recommendation_score=24
QTL5	Chr2-35614433	8.94	*	LOC_Os02g57840	2:35424002-35425624	20	5	*	4.0	0.0	0.0	5.0	*	29.0	RAP_Step2_HNHZ_window200kb.FarmCPUpeak_info	window200kb	LOC_Os02g57840			remorin C-terminal domain containing protein, putative, expressed	N	Y	Y	34	pipeline_score=29; farm_logP=8.94; max_variant=20; recommendation_score=34
QTL5	Chr2-35614433	8.94	*	LOC_Os02g57850	2:35426318-35427341	20	10	15	4.0	0.0	0.0	10.0	*	34.0	RAP_Step2_HNHZ_window200kb.FarmCPUpeak_info	window200kb	LOC_Os02g57850			expressed protein	N	Y	Y	39	pipeline_score=34; farm_logP=8.94; max_variant=20; recommendation_score=39
QTL5	Chr2-35614433	8.94	*	LOC_Os02g57854	2:35427552-35430640	5	10	5	4.0	0.0	0.0	15.0	*	29.0	RAP_Step2_HNHZ_window200kb.FarmCPUpeak_info	window200kb	LOC_Os02g57854			vacuolar ATP synthase subunit F, putative, expressed	N	Y	Y	32	pipeline_score=29; farm_logP=8.94; max_variant=10; recommendation_score=32
QTL5	Chr2-35614433	8.94	*	LOC_Os02g57860	2:35431032-35432840	20	25	25	4.0	0.0	0.0	5.0	*	34.0	RAP_Step2_HNHZ_window200kb.FarmCPUpeak_info	window200kb	LOC_Os02g57860			OsFBX71 - F-box domain containing protein, expressed	N	Y	Y	39	pipeline_score=34; farm_logP=8.94; max_variant=25; recommendation_score=39
QTL5	Chr2-35614433	8.94	*	Os02g0824800	2:35431036-35432639	20	5	20	4.0	0.0	0.0	10.0	*	34.0	RAP_Step2_HNHZ_window200kb.FarmCPUpeak_info	window200kb	Os02g0824800							39	pipeline_score=34; farm_logP=8.94; max_variant=20; recommendation_score=39
QTL5	Chr2-35614433	8.94	*	LOC_Os02g57870	2:35433595-35435868	25	25	25	4.0	0.0	0.0	15.0	*	44.0	RAP_Step2_HNHZ_window200kb.FarmCPUpeak_info	window200kb	LOC_Os02g57870			expressed protein	N	Y	Y	49	pipeline_score=44; farm_logP=8.94; max_variant=25; recommendation_score=49
QTL5	Chr2-35614433	8.94	*	Os02g0825033	2:35433749-35435099	25	5	20	4.0	0.0	0.0	5.0	*	34.0	RAP_Step2_HNHZ_window200kb.FarmCPUpeak_info	window200kb	Os02g0825033							39	pipeline_score=34; farm_logP=8.94; max_variant=25; recommendation_score=39
QTL5	Chr2-35614433	8.94	*	Os02g0825166	2:35437664-35439476	20	1	0	4.0	0.0	0.0	5.0	*	29.0	RAP_Step2_HNHZ_window200kb.FarmCPUpeak_info	window200kb	Os02g0825166							34	pipeline_score=29; farm_logP=8.94; max_variant=20; recommendation_score=34
QTL5	Chr2-35614433	8.94	*	LOC_Os02g57880	2:35437741-35439096	20	25	25	4.0	0.0	0.0	5.0	*	34.0	RAP_Step2_HNHZ_window200kb.FarmCPUpeak_info	window200kb	LOC_Os02g57880			expressed protein	N	Y	Y	39	pipeline_score=34; farm_logP=8.94; max_variant=25; recommendation_score=39
QTL5	Chr2-35614433	8.94	*	Os02g0825367	2:35440926-35442493	25	10	20	4.0	0.0	0.0	5.0	*	34.0	RAP_Step2_HNHZ_window200kb.FarmCPUpeak_info	window200kb	Os02g0825367							39	pipeline_score=34; farm_logP=8.94; max_variant=25; recommendation_score=39
QTL5	Chr2-35614433	8.94	*	LOC_Os02g57890	2:35440926-35442608	25	5	25	4.0	0.0	0.0	5.0	*	34.0	RAP_Step2_HNHZ_window200kb.FarmCPUpeak_info	window200kb	LOC_Os02g57890			OsFBX72 - F-box domain containing protein, expressed	N	Y	Y	39	pipeline_score=34; farm_logP=8.94; max_variant=25; recommendation_score=39
QTL5	Chr2-35614433	8.94	*	LOC_Os02g57900	2:35443340-35446869	20	25	25	4.0	0.0	0.0	5.0	*	34.0	RAP_Step2_HNHZ_window200kb.FarmCPUpeak_info	window200kb	LOC_Os02g57900			expressed protein	N	Y	Y	39	pipeline_score=34; farm_logP=8.94; max_variant=25; recommendation_score=39
QTL5	Chr2-35614433	8.94	*	LOC_Os02g57910	2:35447595-35449965	5	10	25	4.0	0.0	0.0	10.0	*	39.0	RAP_Step2_HNHZ_window200kb.FarmCPUpeak_info	window200kb	LOC_Os02g57910			OsFBX73 - F-box domain containing protein, expressed	N	Y	Y	44	pipeline_score=39; farm_logP=8.94; max_variant=25; recommendation_score=44
QTL5	Chr2-35614433	8.94	*	Os02g0825550	2:35448228-35449814	1	*	0	4.0	0.0	0.0	5.0	*	10.0	RAP_Step2_HNHZ_window200kb.FarmCPUpeak_info	window200kb	Os02g0825550							10	pipeline_score=10; farm_logP=8.94; max_variant=1; recommendation_score=10
QTL5	Chr2-35614433	8.94	*	Os02g0825600	2:35452188-35459895	20	25	20	4.0	0.0	0.0	5.0	*	34.0	RAP_Step2_HNHZ_window200kb.FarmCPUpeak_info	window200kb	Os02g0825600							39	pipeline_score=34; farm_logP=8.94; max_variant=25; recommendation_score=39
QTL5	Chr2-35614433	8.94	*	LOC_Os02g57924	2:35460663-35462107	20	5	25	4.0	0.0	0.0	15.0	*	44.0	RAP_Step2_HNHZ_window200kb.FarmCPUpeak_info	window200kb	LOC_Os02g57924			expressed protein	N	Y	Y	49	pipeline_score=44; farm_logP=8.94; max_variant=25; recommendation_score=49
QTL5	Chr2-35614433	8.94	*	LOC_Os02g57930	2:35466617-35472073	25	25	25	4.0	0.0	0.0	18.0	*	47.0	RAP_Step2_HNHZ_window200kb.FarmCPUpeak_info	window200kb	LOC_Os02g57930			retrotransposon protein, putative, Ty3-gypsy subclass, expressed	Y	Y	Y	52	pipeline_score=47; farm_logP=8.94; max_variant=25; recommendation_score=52
QTL5	Chr2-35614433	8.94	*	Os02g0825675	2:35478791-35485406	20	5	20	4.0	0.0	0.0	5.0	*	29.0	RAP_Step2_HNHZ_window200kb.FarmCPUpeak_info	window200kb	Os02g0825675							34	pipeline_score=29; farm_logP=8.94; max_variant=20; recommendation_score=34
QTL5	Chr2-35614433	8.94	*	LOC_Os02g57940	2:35481853-35483956	20	10	25	4.0	0.0	0.0	10.0	*	39.0	RAP_Step2_HNHZ_window200kb.FarmCPUpeak_info	window200kb	LOC_Os02g57940			OsFBX74 - F-box domain containing protein, expressed	N	Y	Y	44	pipeline_score=39; farm_logP=8.94; max_variant=25; recommendation_score=44
QTL5	Chr2-35614433	8.94	*	Os02g0825850	2:35482017-35483543	20	*	20	4.0	0.0	0.0	5.0	*	29.0	RAP_Step2_HNHZ_window200kb.FarmCPUpeak_info	window200kb	Os02g0825850							34	pipeline_score=29; farm_logP=8.94; max_variant=20; recommendation_score=34
QTL5	Chr2-35614433	8.94	*	LOC_Os02g57950	2:35487563-35488052	20	5	25	4.0	0.0	0.0	0.0	*	29.0	RAP_Step2_HNHZ_window200kb.FarmCPUpeak_info	window200kb	LOC_Os02g57950			hypothetical protein	N	N	Y	34	pipeline_score=29; farm_logP=8.94; max_variant=25; recommendation_score=34
QTL5	Chr2-35614433	8.94	*	Os02g0826016	2:35498148-35499676	25	5	20	4.0	0.0	0.0	5.0	*	34.0	RAP_Step2_HNHZ_window200kb.FarmCPUpeak_info	window200kb	Os02g0826016							39	pipeline_score=34; farm_logP=8.94; max_variant=25; recommendation_score=39
QTL5	Chr2-35614433	8.94	*	LOC_Os02g57960	2:35498222-35501036	25	5	25	4.0	0.0	0.0	15.0	*	44.0	RAP_Step2_HNHZ_window200kb.FarmCPUpeak_info	window200kb	LOC_Os02g57960			Leucine Rich Repeat family protein, expressed	N	Y	Y	49	pipeline_score=44; farm_logP=8.94; max_variant=25; recommendation_score=49
QTL5	Chr2-35614433	8.94	*	Os02g0826032	2:35499918-35501480	25	5	20	4.0	0.0	0.0	5.0	*	34.0	RAP_Step2_HNHZ_window200kb.FarmCPUpeak_info	window200kb	Os02g0826032							39	pipeline_score=34; farm_logP=8.94; max_variant=25; recommendation_score=39
QTL5	Chr2-35614433	8.94	*	LOC_Os02g57965	2:35501040-35501778	25	5	25	4.0	0.0	0.0	18.0	*	47.0	RAP_Step2_HNHZ_window200kb.FarmCPUpeak_info	window200kb	LOC_Os02g57965			F-box domain containing protein, expressed	N	Y	Y	52	pipeline_score=47; farm_logP=8.94; max_variant=25; recommendation_score=52
QTL5	Chr2-35614433	8.94	*	LOC_Os02g57980	2:35502083-35507050	5	10	*	4.0	0.0	0.0	10.0	*	24.0	RAP_Step2_HNHZ_window200kb.FarmCPUpeak_info	window200kb	LOC_Os02g57980			DEAD/DEAH box helicase, putative, expressed	Y	Y	Y	27	pipeline_score=24; farm_logP=8.94; max_variant=10; recommendation_score=27
QTL5	Chr2-35614433	8.94	*	LOC_Os02g57990	2:35507155-35510880	5	*	*	4.0	0.0	0.0	10.0	*	19.0	RAP_Step2_HNHZ_window200kb.FarmCPUpeak_info	window200kb	LOC_Os02g57990			methionine adenosyltransferase regulatory beta subunit-related, putative, expressed	N	Y	Y	19	pipeline_score=19; farm_logP=8.94; max_variant=5; recommendation_score=19
QTL5	Chr2-35614433	8.94	*	LOC_Os02g58000	2:35513072-35513341	5	10	*	4.0	0.0	0.0	5.0	*	19.0	RAP_Step2_HNHZ_window200kb.FarmCPUpeak_info	window200kb	LOC_Os02g58000			expressed protein	N	Y	Y	22	pipeline_score=19; farm_logP=8.94; max_variant=10; recommendation_score=22
QTL5	Chr2-35614433	8.94	*	LOC_Os02g58010	2:35515759-35517058	5	5	0	4.0	0.0	0.0	10.0	*	19.0	RAP_Step2_HNHZ_window200kb.FarmCPUpeak_info	window200kb	LOC_Os02g58010			expressed protein	N	Y	Y	19	pipeline_score=19; farm_logP=8.94; max_variant=5; recommendation_score=19
QTL5	Chr2-35614433	8.94	*	LOC_Os02g58020	2:35517531-35523358	5	10	*	4.0	0.0	0.0	15.0	*	29.0	RAP_Step2_HNHZ_window200kb.FarmCPUpeak_info	window200kb	LOC_Os02g58020			ABC transporter, ATP-binding protein, putative, expressed	N	Y	Y	32	pipeline_score=29; farm_logP=8.94; max_variant=10; recommendation_score=32
QTL5	Chr2-35614433	8.94	*	Os02g0826533	2:35523774-35525311	*	5	*	4.0	0.0	0.0	0.0	*	9.0	RAP_Step2_HNHZ_window200kb.FarmCPUpeak_info	window200kb	Os02g0826533							9	pipeline_score=9; farm_logP=8.94; max_variant=5; recommendation_score=9
QTL5	Chr2-35614433	8.94	*	Os02g0826566	2:35523870-35525498	*	5	*	4.0	0.0	0.0	0.0	*	9.0	RAP_Step2_HNHZ_window200kb.FarmCPUpeak_info	window200kb	Os02g0826566							9	pipeline_score=9; farm_logP=8.94; max_variant=5; recommendation_score=9
QTL5	Chr2-35614433	8.94	*	LOC_Os02g58030	2:35526587-35533091	5	10	*	4.0	0.0	0.0	15.0	*	29.0	RAP_Step2_HNHZ_window200kb.FarmCPUpeak_info	window200kb	LOC_Os02g58030			leucine-rich repeat-containing protein 40, putative, expressed	N	Y	Y	32	pipeline_score=29; farm_logP=8.94; max_variant=10; recommendation_score=32
QTL5	Chr2-35614433	8.94	*	Os02g0826625	2:35526978-35533014	5	5	*	4.0	0.0	0.0	5.0	*	14.0	RAP_Step2_HNHZ_window200kb.FarmCPUpeak_info	window200kb	Os02g0826625							14	pipeline_score=14; farm_logP=8.94; max_variant=5; recommendation_score=14
QTL5	Chr2-35614433	8.94	*	Os02g0826650	2:35534131-35535959	20	*	*	4.0	0.0	0.0	5.0	*	29.0	RAP_Step2_HNHZ_window200kb.FarmCPUpeak_info	window200kb	Os02g0826650							34	pipeline_score=29; farm_logP=8.94; max_variant=20; recommendation_score=34
QTL5	Chr2-35614433	8.94	*	LOC_Os02g58040	2:35534139-35536130	20	10	10	4.0	0.0	0.0	5.0	*	29.0	RAP_Step2_HNHZ_window200kb.FarmCPUpeak_info	window200kb	LOC_Os02g58040			OsFBX75 - F-box domain containing protein, expressed	N	Y	Y	34	pipeline_score=29; farm_logP=8.94; max_variant=20; recommendation_score=34
QTL5	Chr2-35614433	8.94	*	LOC_Os02g58050	2:35540297-35543492	25	25	15	4.0	0.0	0.0	0.0	*	29.0	RAP_Step2_HNHZ_window200kb.FarmCPUpeak_info	window200kb	LOC_Os02g58050			hypothetical protein	N	N	Y	34	pipeline_score=29; farm_logP=8.94; max_variant=25; recommendation_score=34
QTL5	Chr2-35614433	8.94	*	LOC_Os02g58060	2:35544926-35545234	20	25	25	4.0	0.0	0.0	0.0	*	29.0	RAP_Step2_HNHZ_window200kb.FarmCPUpeak_info	window200kb	LOC_Os02g58060			expressed protein	N	Y	Y	34	pipeline_score=29; farm_logP=8.94; max_variant=25; recommendation_score=34
QTL5	Chr2-35614433	8.94	*	LOC_Os02g58070	2:35545505-35548352	15	10	10	4.0	0.0	0.0	10.0	*	29.0	RAP_Step2_HNHZ_window200kb.FarmCPUpeak_info	window200kb	LOC_Os02g58070			oxidoreductase, putative, expressed	N	Y	Y	32	pipeline_score=29; farm_logP=8.94; max_variant=15; recommendation_score=32
QTL5	Chr2-35614433	8.94	*	LOC_Os02g58080	2:35548813-35553460	*	5	*	4.0	0.0	10.0	15.0	*	34.0	RAP_Step2_HNHZ_window200kb.FarmCPUpeak_info	window200kb	LOC_Os02g58080			transporter, major facilitator family, putative, expressed	N	Y	Y	34	pipeline_score=34; farm_logP=8.94; max_variant=5; recommendation_score=34
QTL5	Chr2-35614433	8.94	*	LOC_Os02g58090	2:35553852-35558912	5	10	*	4.0	0.0	0.0	15.0	*	29.0	RAP_Step2_HNHZ_window200kb.FarmCPUpeak_info	window200kb	LOC_Os02g58090			PSP domain containing protein, expressed	N	Y	Y	32	pipeline_score=29; farm_logP=8.94; max_variant=10; recommendation_score=32
QTL5	Chr2-35614433	8.94	*	LOC_Os02g58100	2:35559658-35561593	5	10	10	4.0	0.0	0.0	22.0	*	36.0	RAP_Step2_HNHZ_window200kb.FarmCPUpeak_info	window200kb	LOC_Os02g58100			expressed protein	N	Y	Y	39	pipeline_score=36; farm_logP=8.94; max_variant=10; recommendation_score=39
QTL5	Chr2-35614433	8.94	*	LOC_Os02g58110	2:35564677-35567545	20	10	*	4.0	0.0	0.0	15.0	*	39.0	RAP_Step2_HNHZ_window200kb.FarmCPUpeak_info	window200kb	LOC_Os02g58110			expressed protein	N	Y	Y	44	pipeline_score=39; farm_logP=8.94; max_variant=20; recommendation_score=44
QTL5	Chr2-35614433	8.94	*	LOC_Os02g58120	2:35567720-35570416	5	10	5	4.0	0.0	0.0	10.0	*	24.0	RAP_Step2_HNHZ_window200kb.FarmCPUpeak_info	window200kb	LOC_Os02g58120			oxidoreductase/ transition metal ion binding protein, putative, expressed	N	Y	Y	27	pipeline_score=24; farm_logP=8.94; max_variant=10; recommendation_score=27
QTL5	Chr2-35614433	8.94	*	LOC_Os02g58139	2:35572375-35578157	20	10	*	4.0	0.0	0.0	20.0	*	44.0	RAP_Step2_HNHZ_window200kb.FarmCPUpeak_info	window200kb	LOC_Os02g58139			OsSigP1 - Putative Type I Signal Peptidase homologue; employs a putative Ser/His catalytic dyad, expressed	N	Y	Y	49	pipeline_score=44; farm_logP=8.94; max_variant=20; recommendation_score=49
QTL5	Chr2-35614433	8.94	*	LOC_Os02g58160	2:35578532-35582824	5	10	*	4.0	0.0	0.0	18.0	*	32.0	RAP_Step2_HNHZ_window200kb.FarmCPUpeak_info	window200kb	LOC_Os02g58160			expressed protein	N	Y	Y	35	pipeline_score=32; farm_logP=8.94; max_variant=10; recommendation_score=35
QTL5	Chr2-35614433	8.94	*	LOC_Os02g58150	2:35584961-35589249	25	10	0	4.0	0.0	0.0	15.0	*	44.0	RAP_Step2_HNHZ_window200kb.FarmCPUpeak_info	window200kb	LOC_Os02g58150			expressed protein	N	Y	Y	49	pipeline_score=44; farm_logP=8.94; max_variant=25; recommendation_score=49
QTL5	Chr2-35614433	8.94	*	Os02g0828300	2:35585712-35586890	25	25	15	4.0	0.0	0.0	5.0	*	34.0	RAP_Step2_HNHZ_window200kb.FarmCPUpeak_info	window200kb	Os02g0828300							39	pipeline_score=34; farm_logP=8.94; max_variant=25; recommendation_score=39
QTL5	Chr2-35614433	8.94	*	Os02g0828400	2:35585773-35587148	25	25	0	4.0	0.0	0.0	10.0	*	39.0	RAP_Step2_HNHZ_window200kb.FarmCPUpeak_info	window200kb	Os02g0828400							44	pipeline_score=39; farm_logP=8.94; max_variant=25; recommendation_score=44
QTL5	Chr2-35614433	8.94	*	LOC_Os02g58170	2:35595613-35603610	20	10	25	4.0	0.0	0.0	10.0	*	39.0	RAP_Step2_HNHZ_window200kb.FarmCPUpeak_info	window200kb	LOC_Os02g58170			transposon protein, putative, unclassified, expressed	Y	Y	Y	44	pipeline_score=39; farm_logP=8.94; max_variant=25; recommendation_score=44
QTL5	Chr2-35614433	8.94	*	LOC_Os02g58180	2:35608838-35610723	20	10	*	4.0	0.0	0.0	5.0	*	29.0	RAP_Step2_HNHZ_window200kb.FarmCPUpeak_info	window200kb	LOC_Os02g58180			expressed protein	Y	Y	Y	34	pipeline_score=29; farm_logP=8.94; max_variant=20; recommendation_score=34
QTL5	Chr2-35614433	8.94	*	Os02g0828566	2:35608987-35610667	20	10	10	4.0	0.0	0.0	5.0	*	29.0	RAP_Step2_HNHZ_window200kb.FarmCPUpeak_info	window200kb	Os02g0828566							34	pipeline_score=29; farm_logP=8.94; max_variant=20; recommendation_score=34
QTL5	Chr2-35614433	8.94	*	LOC_Os02g58200	2:35621744-35622242	5	5	*	4.0	0.0	0.0	10.0	*	19.0	RAP_Step2_HNHZ_window200kb.FarmCPUpeak_info	window200kb	LOC_Os02g58200			expressed protein	N	Y	Y	19	pipeline_score=19; farm_logP=8.94; max_variant=5; recommendation_score=19
QTL5	Chr2-35614433	8.94	*	LOC_Os02g58210	2:35624137-35630806	20	10	0	4.0	0.0	10.0	5.0	*	39.0	RAP_Step2_HNHZ_window200kb.FarmCPUpeak_info	window200kb	LOC_Os02g58210			jmjC domain containing protein, expressed	N	Y	Y	44	pipeline_score=39; farm_logP=8.94; max_variant=20; recommendation_score=44
QTL5	Chr2-35614433	8.94	*	LOC_Os02g58214	2:35633822-35636782	20	25	0	4.0	5.0	0.0	5.0	*	39.0	RAP_Step2_HNHZ_window200kb.FarmCPUpeak_info	window200kb	LOC_Os02g58214			expressed protein	N	Y	Y	44	pipeline_score=39; farm_logP=8.94; max_variant=25; recommendation_score=44
QTL5	Chr2-35614433	8.94	*	LOC_Os02g58220	2:35639745-35642575	15	10	10	4.0	0.0	0.0	5.0	*	24.0	RAP_Step2_HNHZ_window200kb.FarmCPUpeak_info	window200kb	LOC_Os02g58220	OsRPA2|OsRPA32-1	cell cycle	RPA2A - Putative single-stranded DNA binding complex subunit 2, expressed	N	Y	Y	34	pipeline_score=24; farm_logP=8.94; max_variant=15; symbol=OsRPA2|OsRPA32-1; keyword=cell cycle; recommendation_score=34
QTL5	Chr2-35614433	8.94	*	LOC_Os02g58230	2:35643004-35648165	5	10	20	4.0	0.0	0.0	15.0	*	39.0	RAP_Step2_HNHZ_window200kb.FarmCPUpeak_info	window200kb	LOC_Os02g58230			C2 domain containing protein, putative, expressed	N	Y	Y	44	pipeline_score=39; farm_logP=8.94; max_variant=20; recommendation_score=44
QTL5	Chr2-35614433	8.94	*	LOC_Os02g58240	2:35649990-35655785	25	25	25	4.0	0.0	0.0	22.0	*	51.0	RAP_Step2_HNHZ_window200kb.FarmCPUpeak_info	window200kb	LOC_Os02g58240			transposon protein, putative, unclassified, expressed	Y	Y	Y	56	pipeline_score=51; farm_logP=8.94; max_variant=25; recommendation_score=56
QTL5	Chr2-35614433	8.94	*	LOC_Os02g58250	2:35656792-35660536	20	25	20	4.0	0.0	0.0	10.0	*	39.0	RAP_Step2_HNHZ_window200kb.FarmCPUpeak_info	window200kb	LOC_Os02g58250			expressed protein	N	Y	Y	44	pipeline_score=39; farm_logP=8.94; max_variant=25; recommendation_score=44
QTL5	Chr2-35614433	8.94	*	LOC_Os02g58260	2:35660963-35663483	5	10	*	4.0	0.0	0.0	18.0	*	32.0	RAP_Step2_HNHZ_window200kb.FarmCPUpeak_info	window200kb	LOC_Os02g58260			metallo-beta-lactamase family protein, putative, expressed	N	Y	Y	35	pipeline_score=32; farm_logP=8.94; max_variant=10; recommendation_score=35
QTL5	Chr2-35614433	8.94	*	LOC_Os02g58270	2:35665166-35667491	5	10	*	4.0	0.0	0.0	22.0	*	36.0	RAP_Step2_HNHZ_window200kb.FarmCPUpeak_info	window200kb	LOC_Os02g58270			metallo-beta-lactamase family protein, putative, expressed	N	Y	Y	39	pipeline_score=36; farm_logP=8.94; max_variant=10; recommendation_score=39
QTL5	Chr2-35614433	8.94	*	LOC_Os02g58280	2:35668000-35671626	20	5	*	4.0	0.0	0.0	10.0	*	34.0	RAP_Step2_HNHZ_window200kb.FarmCPUpeak_info	window200kb	LOC_Os02g58280			expressed protein	N	Y	Y	39	pipeline_score=34; farm_logP=8.94; max_variant=20; recommendation_score=39
QTL5	Chr2-35614433	8.94	*	LOC_Os02g58290	2:35672915-35673286	*	5	*	4.0	0.0	0.0	10.0	*	19.0	RAP_Step2_HNHZ_window200kb.FarmCPUpeak_info	window200kb	LOC_Os02g58290			expressed protein	N	Y	Y	19	pipeline_score=19; farm_logP=8.94; max_variant=5; recommendation_score=19
QTL5	Chr2-35614433	8.94	*	LOC_Os02g58300	2:35674797-35676431	20	5	*	4.0	0.0	0.0	10.0	*	34.0	RAP_Step2_HNHZ_window200kb.FarmCPUpeak_info	window200kb	LOC_Os02g58300			expressed protein	N	Y	Y	39	pipeline_score=34; farm_logP=8.94; max_variant=20; recommendation_score=39
QTL5	Chr2-35614433	8.94	*	LOC_Os02g58310	2:35676788-35678078	5	25	10	4.0	0.0	0.0	22.0	*	51.0	RAP_Step2_HNHZ_window200kb.FarmCPUpeak_info	window200kb	LOC_Os02g58310			expressed protein	N	Y	Y	56	pipeline_score=51; farm_logP=8.94; max_variant=25; recommendation_score=56
QTL5	Chr2-35614433	8.94	*	Os02g0829900	2:35679730-35681439	*	10	*	4.0	0.0	0.0	5.0	*	19.0	RAP_Step2_HNHZ_window200kb.FarmCPUpeak_info	window200kb	Os02g0829900							22	pipeline_score=19; farm_logP=8.94; max_variant=10; recommendation_score=22
QTL5	Chr2-35614433	8.94	*	LOC_Os02g58330	2:35681629-35683776	5	10	0	4.0	0.0	0.0	5.0	*	19.0	RAP_Step2_HNHZ_window200kb.FarmCPUpeak_info	window200kb	LOC_Os02g58330			expressed protein	N	Y	Y	22	pipeline_score=19; farm_logP=8.94; max_variant=10; recommendation_score=22
QTL5	Chr2-35614433	8.94	*	LOC_Os02g58340	2:35682809-35688507	5	*	*	4.0	0.0	0.0	15.0	*	24.0	RAP_Step2_HNHZ_window200kb.FarmCPUpeak_info	window200kb	LOC_Os02g58340			oligopeptidase, putative, expressed	N	Y	Y	24	pipeline_score=24; farm_logP=8.94; max_variant=5; recommendation_score=24
QTL5	Chr2-35614433	8.94	*	LOC_Os02g58350	2:35689247-35690390	5	5	*	4.0	0.0	0.0	5.0	*	14.0	RAP_Step2_HNHZ_window200kb.FarmCPUpeak_info	window200kb	LOC_Os02g58350			OsRR3  type-A response regulator, expressed	N	Y	Y	14	pipeline_score=14; farm_logP=8.94; max_variant=5; recommendation_score=14
QTL5	Chr2-35614433	8.94	*	LOC_Os02g58360	2:35693609-35699417	18	25	5	4.0	0.0	0.0	15.0	*	44.0	RAP_Step2_HNHZ_window200kb.FarmCPUpeak_info	window200kb	LOC_Os02g58360			expressed protein	N	Y	Y	49	pipeline_score=44; farm_logP=8.94; max_variant=25; recommendation_score=49
QTL5	Chr2-35614433	8.94	*	LOC_Os02g58370	2:35700415-35702064	25	25	*	4.0	0.0	0.0	5.0	*	34.0	RAP_Step2_HNHZ_window200kb.FarmCPUpeak_info	window200kb	LOC_Os02g58370			expressed protein	N	Y	Y	39	pipeline_score=34; farm_logP=8.94; max_variant=25; recommendation_score=39
QTL5	Chr2-35614433	8.94	*	LOC_Os02g58380	2:35702657-35703491	5	10	*	4.0	0.0	0.0	5.0	*	19.0	RAP_Step2_HNHZ_window200kb.FarmCPUpeak_info	window200kb	LOC_Os02g58380			expressed protein	N	Y	Y	22	pipeline_score=19; farm_logP=8.94; max_variant=10; recommendation_score=22
QTL5	Chr2-35614433	8.94	*	LOC_Os02g58390	2:35705635-35710799	15	10	10	4.0	0.0	0.0	5.0	*	24.0	RAP_Step2_HNHZ_window200kb.FarmCPUpeak_info	window200kb	LOC_Os02g58390			inactive receptor kinase At2g26730 precursor, putative, expressed	N	Y	Y	27	pipeline_score=24; farm_logP=8.94; max_variant=15; recommendation_score=27
QTL5	Chr2-35614433	8.94	*	Os02g0830750	2:35709865-35710302	5	10	*	4.0	0.0	0.0	5.0	*	19.0	RAP_Step2_HNHZ_window200kb.FarmCPUpeak_info	window200kb	Os02g0830750							22	pipeline_score=19; farm_logP=8.94; max_variant=10; recommendation_score=22
QTL5	Chr2-35614433	8.94	*	LOC_Os02g58400	2:35712803-35714831	25	25	0	4.0	0.0	0.0	5.0	*	34.0	RAP_Step2_HNHZ_window200kb.FarmCPUpeak_info	window200kb	LOC_Os02g58400			expressed protein	N	Y	Y	39	pipeline_score=34; farm_logP=8.94; max_variant=25; recommendation_score=39
QTL5	Chr2-35614433	8.94	*	LOC_Os02g58410	2:35718050-35730564	20	10	5	4.0	0.0	0.0	10.0	*	34.0	RAP_Step2_HNHZ_window200kb.FarmCPUpeak_info	window200kb	LOC_Os02g58410			expressed protein	N	Y	Y	39	pipeline_score=34; farm_logP=8.94; max_variant=20; recommendation_score=39
QTL5	Chr2-35614433	8.94	*	LOC_Os02g58420	2:35731256-35731516	25	25	25	4.0	0.0	0.0	0.0	*	29.0	RAP_Step2_HNHZ_window200kb.FarmCPUpeak_info	window200kb	LOC_Os02g58420			hypothetical protein	N	N	Y	34	pipeline_score=29; farm_logP=8.94; max_variant=25; recommendation_score=34
QTL5	Chr2-35614433	8.94	*	LOC_Os02g58430	2:35732183-35737767	25	25	25	4.0	0.0	0.0	5.0	*	34.0	RAP_Step2_HNHZ_window200kb.FarmCPUpeak_info	window200kb	LOC_Os02g58430			transposon protein, putative, unclassified, expressed	Y	Y	Y	39	pipeline_score=34; farm_logP=8.94; max_variant=25; recommendation_score=39
QTL5	Chr2-35614433	8.94	*	LOC_Os02g58440	2:35738982-35743320	5	5	20	4.0	0.0	0.0	18.0	*	42.0	RAP_Step2_HNHZ_window200kb.FarmCPUpeak_info	window200kb	LOC_Os02g58440			zinc finger C-x8-C-x5-C-x3-H type family protein, expressed	N	Y	Y	47	pipeline_score=42; farm_logP=8.94; max_variant=20; recommendation_score=47
QTL5	Chr2-35614433	8.94	*	LOC_Os02g58450	2:35740805-35744662	20	25	5	4.0	0.0	0.0	10.0	*	39.0	RAP_Step2_HNHZ_window200kb.FarmCPUpeak_info	window200kb	LOC_Os02g58450			uncharacterized ACR, COG1399 family protein, expressed	N	Y	Y	44	pipeline_score=39; farm_logP=8.94; max_variant=25; recommendation_score=44
QTL5	Chr2-35614433	8.94	*	LOC_Os02g58460	2:35747230-35751292	5	5	*	4.0	0.0	0.0	10.0	*	19.0	RAP_Step2_HNHZ_window200kb.FarmCPUpeak_info	window200kb	LOC_Os02g58460			beta-catenin-like protein 1, putative, expressed	N	Y	Y	19	pipeline_score=19; farm_logP=8.94; max_variant=5; recommendation_score=19
QTL5	Chr2-35614433	8.94	*	LOC_Os02g58470	2:35751397-35753629	20	5	0	4.0	0.0	0.0	5.0	*	29.0	RAP_Step2_HNHZ_window200kb.FarmCPUpeak_info	window200kb	LOC_Os02g58470			expressed protein	N	Y	Y	34	pipeline_score=29; farm_logP=8.94; max_variant=20; recommendation_score=34
QTL5	Chr2-35614433	8.94	*	LOC_Os02g58480	2:35754946-35761781	20	5	10	4.0	0.0	0.0	5.0	*	29.0	RAP_Step2_HNHZ_window200kb.FarmCPUpeak_info	window200kb	LOC_Os02g58480			sucrose synthase, putative, expressed	N	Y	Y	34	pipeline_score=29; farm_logP=8.94; max_variant=20; recommendation_score=34
QTL5	Chr2-35614433	8.94	*	Os02g0831550	2:35756121-35760296	5	*	*	4.0	0.0	0.0	18.0	*	27.0	RAP_Step2_HNHZ_window200kb.FarmCPUpeak_info	window200kb	Os02g0831550							27	pipeline_score=27; farm_logP=8.94; max_variant=5; recommendation_score=27
QTL5	Chr2-35614433	8.94	*	LOC_Os02g58490	2:35761133-35768407	5	25	10	4.0	0.0	0.0	10.0	*	39.0	RAP_Step2_HNHZ_window200kb.FarmCPUpeak_info	window200kb	LOC_Os02g58490			PINHEAD, putative, expressed	N	Y	Y	44	pipeline_score=39; farm_logP=8.94; max_variant=25; recommendation_score=44
QTL5	Chr2-35614433	8.94	*	LOC_Os02g58500	2:35770614-35772124	5	10	*	4.0	0.0	0.0	18.0	*	32.0	RAP_Step2_HNHZ_window200kb.FarmCPUpeak_info	window200kb	LOC_Os02g58500			phospholipase A2, putative, expressed	N	Y	Y	35	pipeline_score=32; farm_logP=8.94; max_variant=10; recommendation_score=35
QTL5	Chr2-35614433	8.94	*	LOC_Os02g58510	2:35772233-35773369	1	5	*	4.0	0.0	0.0	10.0	*	19.0	RAP_Step2_HNHZ_window200kb.FarmCPUpeak_info	window200kb	LOC_Os02g58510			GHMP kinases ATP-binding protein, putative, expressed	N	Y	Y	19	pipeline_score=19; farm_logP=8.94; max_variant=5; recommendation_score=19
QTL5	Chr2-35614433	8.94	*	Os02g0831900	2:35774757-35776478	5	5	*	4.0	0.0	0.0	5.0	*	14.0	RAP_Step2_HNHZ_window200kb.FarmCPUpeak_info	window200kb	Os02g0831900							14	pipeline_score=14; farm_logP=8.94; max_variant=5; recommendation_score=14
QTL5	Chr2-35614433	8.94	*	LOC_Os02g58520	2:35775030-35777266	5	5	*	4.0	0.0	0.0	5.0	*	14.0	RAP_Step2_HNHZ_window200kb.FarmCPUpeak_info	window200kb	LOC_Os02g58520			CAMK_CAMK_like.16 - CAMK includes calcium/calmodulin depedent protein kinases, expressed	N	Y	Y	14	pipeline_score=14; farm_logP=8.94; max_variant=5; recommendation_score=14
QTL5	Chr2-35614433	8.94	*	LOC_Os02g58530	2:35779430-35781388	20	5	*	4.0	0.0	0.0	10.0	*	34.0	RAP_Step2_HNHZ_window200kb.FarmCPUpeak_info	window200kb	LOC_Os02g58530			transporter family protein, putative, expressed	N	Y	Y	39	pipeline_score=34; farm_logP=8.94; max_variant=20; recommendation_score=39
QTL5	Chr2-35614433	8.94	*	LOC_Os02g58540	2:35783284-35784146	5	10	5	4.0	0.0	0.0	10.0	*	24.0	RAP_Step2_HNHZ_window200kb.FarmCPUpeak_info	window200kb	LOC_Os02g58540			RING-H2 finger protein, putative, expressed	N	Y	Y	27	pipeline_score=24; farm_logP=8.94; max_variant=10; recommendation_score=27
QTL5	Chr2-35614433	8.94	*	LOC_Os02g58550	2:35784842-35787820	5	10	*	4.0	0.0	0.0	15.0	*	29.0	RAP_Step2_HNHZ_window200kb.FarmCPUpeak_info	window200kb	LOC_Os02g58550			chloroplast channel forming outer membrane protein, putative, expressed	N	Y	Y	32	pipeline_score=29; farm_logP=8.94; max_variant=10; recommendation_score=32
QTL5	Chr2-35614433	8.94	*	Os02g0832301	2:35790047-35790768	5	10	*	4.0	0.0	0.0	10.0	*	24.0	RAP_Step2_HNHZ_window200kb.FarmCPUpeak_info	window200kb	Os02g0832301							27	pipeline_score=24; farm_logP=8.94; max_variant=10; recommendation_score=27
QTL5	Chr2-35614433	8.94	*	LOC_Os02g58554	2:35790047-35797691	5	10	*	4.0	0.0	0.0	15.0	*	29.0	RAP_Step2_HNHZ_window200kb.FarmCPUpeak_info	window200kb	LOC_Os02g58554			expressed protein	N	Y	Y	32	pipeline_score=29; farm_logP=8.94; max_variant=10; recommendation_score=32
QTL5	Chr2-35614433	8.94	*	LOC_Os02g58560	2:35798349-35804500	5	5	*	4.0	0.0	0.0	15.0	*	24.0	RAP_Step2_HNHZ_window200kb.FarmCPUpeak_info	window200kb	LOC_Os02g58560			1,3-beta-glucan synthase component, putative, expressed	N	Y	Y	24	pipeline_score=24; farm_logP=8.94; max_variant=5; recommendation_score=24
QTL5	Chr2-35614433	8.94	*	LOC_Os02g58570	2:35804589-35806541	1	10	*	4.0	0.0	0.0	15.0	*	29.0	RAP_Step2_HNHZ_window200kb.FarmCPUpeak_info	window200kb	LOC_Os02g58570			PRLI-interacting factor A, putative, expressed	N	Y	Y	32	pipeline_score=29; farm_logP=8.94; max_variant=10; recommendation_score=32
QTL5	Chr2-35614433	8.94	*	LOC_Os02g58580	2:35807045-35812446	25	5	*	4.0	0.0	0.0	15.0	*	44.0	RAP_Step2_HNHZ_window200kb.FarmCPUpeak_info	window200kb	LOC_Os02g58580			cation efflux family protein, putative, expressed	N	Y	Y	49	pipeline_score=44; farm_logP=8.94; max_variant=25; recommendation_score=49
QTL5	Chr2-35614433	8.94	*	LOC_Os02g58590	2:35812497-35817776	5	5	*	4.0	0.0	0.0	15.0	*	24.0	RAP_Step2_HNHZ_window200kb.FarmCPUpeak_info	window200kb	LOC_Os02g58590	GnT1	cell wall; cellulose; cytokinin; reproductive; salt; salt stress; seed; seedling; tiller	N-acetylglucosaminyltransferase I, putative, expressed	N	Y	Y	31	pipeline_score=24; farm_logP=8.94; max_variant=5; symbol=GnT1; keyword=cell wall; cellulose; cytokinin; reproductive; salt; salt stress; seed; seedling; tiller; recommendation_score=31
QTL5	Chr2-35614433	8.94	*	Os02g0832833	2:35812768-35813226	*	*	*	4.0	0.0	0.0	10.0	*	14.0	RAP_Step2_HNHZ_window200kb.FarmCPUpeak_info	window200kb	Os02g0832833							14	pipeline_score=14; farm_logP=8.94; recommendation_score=14
QTL6	Chr3-1806649	25.35	*	LOC_Os03g03630	3:1608021-1609055	5	5	*	10.0	0.0	0.0	5.0	*	20.0	RAP_Step2_HNHZ_window200kb.FarmCPUpeak_info	window200kb	LOC_Os03g03630			expressed protein	N	Y	Y	20	pipeline_score=20; farm_logP=25.35; max_variant=5; recommendation_score=20
QTL6	Chr3-1806649	25.35	*	LOC_Os03g03640	3:1609791-1611740	20	5	5	10.0	0.0	0.0	18.0	*	48.0	RAP_Step2_HNHZ_window200kb.FarmCPUpeak_info	window200kb	LOC_Os03g03640			expressed protein	N	Y	Y	53	pipeline_score=48; farm_logP=25.35; max_variant=20; recommendation_score=53
QTL6	Chr3-1806649	25.35	*	LOC_Os03g03650	3:1612325-1616443	5	5	0	10.0	0.0	0.0	10.0	*	25.0	RAP_Step2_HNHZ_window200kb.FarmCPUpeak_info	window200kb	LOC_Os03g03650			POLD2 - Putative DNA polymerase delta complex subunit, expressed	N	Y	Y	25	pipeline_score=25; farm_logP=25.35; max_variant=5; recommendation_score=25
QTL6	Chr3-1806649	25.35	*	LOC_Os03g03654	3:1619519-1620294	5	5	5	10.0	0.0	0.0	0.0	*	15.0	RAP_Step2_HNHZ_window200kb.FarmCPUpeak_info	window200kb	LOC_Os03g03654			expressed protein	N	Y	Y	15	pipeline_score=15; farm_logP=25.35; max_variant=5; recommendation_score=15
QTL6	Chr3-1806649	25.35	*	LOC_Os03g03660	3:1624879-1629530	5	10	*	10.0	0.0	0.0	10.0	*	30.0	RAP_Step2_HNHZ_window200kb.FarmCPUpeak_info	window200kb	LOC_Os03g03660	OsCDPK1|OsCDPK11|OsCDPK12|OsCDPK13|OsCPK11	ga ;  xoo ; cold stress; development; disease; disease resistance; drought; dwarf; endosperm; flower; gibberellin; grain; grain size; grain yield; height; immunity; innate immunity; jasmonic; jasmonic acid; leaf; phosphatase; plant height; resistance; root; salicylic acid; salt; seed; seed development; seedling; sheath; starch; starch biosynthesis; stress; stress response; yield	CAMK_CAMK_like.17 - CAMK includes calcium/calmodulin depedent protein kinases, expressed	N	Y	Y	40	pipeline_score=30; farm_logP=25.35; max_variant=10; symbol=OsCDPK1|OsCDPK11|OsCDPK12|OsCDPK13|OsCPK11; keyword=ga ;  xoo ; cold stress; development; disease; disease resistance; drought; dwarf; endosperm; flower; gibberellin; grain; grain size; grain yield; height; immunity; innate immunity; jasmonic; jasmonic acid; leaf; phosphatase; plant height; resistance; root; salicylic acid; salt; seed; seed development; seedling; sheath; starch; starch biosynthesis; stress; stress response; yield; recommendation_score=40
QTL6	Chr3-1806649	25.35	*	LOC_Os03g03670	3:1630161-1631864	5	5	*	10.0	0.0	0.0	22.0	*	37.0	RAP_Step2_HNHZ_window200kb.FarmCPUpeak_info	window200kb	LOC_Os03g03670			expressed protein	N	Y	Y	37	pipeline_score=37; farm_logP=25.35; max_variant=5; recommendation_score=37
QTL6	Chr3-1806649	25.35	*	LOC_Os03g03680	3:1631964-1638192	20	5	0	10.0	0.0	0.0	22.0	*	52.0	RAP_Step2_HNHZ_window200kb.FarmCPUpeak_info	window200kb	LOC_Os03g03680			transporter family protein, putative, expressed	N	Y	Y	57	pipeline_score=52; farm_logP=25.35; max_variant=20; recommendation_score=57
QTL6	Chr3-1806649	25.35	*	Os03g0128866	3:1635847-1638066	20	5	*	10.0	0.0	0.0	15.0	*	45.0	RAP_Step2_HNHZ_window200kb.FarmCPUpeak_info	window200kb	Os03g0128866							50	pipeline_score=45; farm_logP=25.35; max_variant=20; recommendation_score=50
QTL6	Chr3-1806649	25.35	*	LOC_Os03g03690	3:1641569-1646416	5	10	*	10.0	0.0	0.0	15.0	*	35.0	RAP_Step2_HNHZ_window200kb.FarmCPUpeak_info	window200kb	LOC_Os03g03690			glycosylphosphatidylinositol anchor biosynthesis protein 11, putative, expressed	N	Y	Y	38	pipeline_score=35; farm_logP=25.35; max_variant=10; recommendation_score=38
QTL6	Chr3-1806649	25.35	*	LOC_Os03g03700	3:1644670-1648764	5	10	*	10.0	0.0	0.0	18.0	*	38.0	RAP_Step2_HNHZ_window200kb.FarmCPUpeak_info	window200kb	LOC_Os03g03700			MLO domain containing protein, putative, expressed	N	Y	Y	41	pipeline_score=38; farm_logP=25.35; max_variant=10; recommendation_score=41
QTL6	Chr3-1806649	25.35	*	LOC_Os03g03710	3:1653196-1661442	5	10	*	10.0	0.0	0.0	15.0	*	35.0	RAP_Step2_HNHZ_window200kb.FarmCPUpeak_info	window200kb	LOC_Os03g03710			ribonuclease protein, putative, expressed	N	Y	Y	38	pipeline_score=35; farm_logP=25.35; max_variant=10; recommendation_score=38
QTL6	Chr3-1806649	25.35	*	LOC_Os03g03720	3:1662172-1665576	*	10	*	10.0	0.0	0.0	18.0	*	38.0	RAP_Step2_HNHZ_window200kb.FarmCPUpeak_info	window200kb	LOC_Os03g03720	GADPH|OsGAPB	photosynthesis; stress; stress tolerance; tolerance; transcription factor; vegetative	glyceraldehyde-3-phosphate dehydrogenase, putative, expressed	N	Y	Y	48	pipeline_score=38; farm_logP=25.35; max_variant=10; symbol=GADPH|OsGAPB; keyword=photosynthesis; stress; stress tolerance; tolerance; transcription factor; vegetative; recommendation_score=48
QTL6	Chr3-1806649	25.35	*	LOC_Os03g03724	3:1667248-1667963	20	10	*	10.0	0.0	0.0	18.0	*	48.0	RAP_Step2_HNHZ_window200kb.FarmCPUpeak_info	window200kb	LOC_Os03g03724			expressed protein	N	Y	Y	53	pipeline_score=48; farm_logP=25.35; max_variant=20; recommendation_score=53
QTL6	Chr3-1806649	25.35	*	LOC_Os03g03730	3:1668201-1669268	5	5	5	10.0	0.0	0.0	20.0	*	35.0	RAP_Step2_HNHZ_window200kb.FarmCPUpeak_info	window200kb	LOC_Os03g03730			regulatory protein, putative, expressed	N	Y	Y	35	pipeline_score=35; farm_logP=25.35; max_variant=5; recommendation_score=35
QTL6	Chr3-1806649	25.35	*	LOC_Os03g03740	3:1669804-1670145	20	5	*	10.0	0.0	0.0	22.0	*	52.0	RAP_Step2_HNHZ_window200kb.FarmCPUpeak_info	window200kb	LOC_Os03g03740			retrotransposon protein, putative, unclassified, expressed	Y	Y	Y	57	pipeline_score=52; farm_logP=25.35; max_variant=20; recommendation_score=57
QTL6	Chr3-1806649	25.35	*	LOC_Os03g03750	3:1671027-1671435	20	10	*	10.0	0.0	0.0	20.0	*	50.0	RAP_Step2_HNHZ_window200kb.FarmCPUpeak_info	window200kb	LOC_Os03g03750			expressed protein	N	Y	Y	55	pipeline_score=50; farm_logP=25.35; max_variant=20; recommendation_score=55
QTL6	Chr3-1806649	25.35	*	LOC_Os03g03760	3:1672833-1677811	5	10	0	10.0	0.0	0.0	5.0	*	25.0	RAP_Step2_HNHZ_window200kb.FarmCPUpeak_info	window200kb	LOC_Os03g03760			MYB family transcription factor, putative, expressed	N	Y	Y	28	pipeline_score=25; farm_logP=25.35; max_variant=10; recommendation_score=28
QTL6	Chr3-1806649	25.35	*	Os03g0129850	3:1685260-1688385	5	10	0	10.0	0.0	0.0	5.0	*	25.0	RAP_Step2_HNHZ_window200kb.FarmCPUpeak_info	window200kb	Os03g0129850							28	pipeline_score=25; farm_logP=25.35; max_variant=10; recommendation_score=28
QTL6	Chr3-1806649	25.35	*	LOC_Os03g03770	3:1685487-1689540	5	10	0	10.0	0.0	0.0	10.0	*	30.0	RAP_Step2_HNHZ_window200kb.FarmCPUpeak_info	window200kb	LOC_Os03g03770			expressed protein	N	Y	Y	33	pipeline_score=30; farm_logP=25.35; max_variant=10; recommendation_score=33
QTL6	Chr3-1806649	25.35	*	LOC_Os03g03790	3:1706051-1708336	20	10	*	10.0	0.0	0.0	20.0	*	50.0	RAP_Step2_HNHZ_window200kb.FarmCPUpeak_info	window200kb	LOC_Os03g03790			AMP-binding domain containing protein, expressed	N	Y	Y	55	pipeline_score=50; farm_logP=25.35; max_variant=20; recommendation_score=55
QTL6	Chr3-1806649	25.35	*	LOC_Os03g03800	3:1711308-1712932	20	5	25	10.0	0.0	0.0	0.0	*	35.0	RAP_Step2_HNHZ_window200kb.FarmCPUpeak_info	window200kb	LOC_Os03g03800			expressed protein	N	Y	Y	40	pipeline_score=35; farm_logP=25.35; max_variant=25; recommendation_score=40
QTL6	Chr3-1806649	25.35	*	LOC_Os03g03810	3:1714572-1715230	1	5	5	10.0	0.0	0.0	5.0	*	20.0	RAP_Step2_HNHZ_window200kb.FarmCPUpeak_info	window200kb	LOC_Os03g03810	OsDEF8	antimicrobial activity	DEF8 - Defensin and Defensin-like DEFL family, expressed	N	Y	Y	27	pipeline_score=20; farm_logP=25.35; max_variant=5; symbol=OsDEF8; keyword=antimicrobial activity; recommendation_score=27
QTL6	Chr3-1806649	25.35	*	Os03g0130350	3:1715750-1716022	20	10	0	10.0	0.0	0.0	22.0	*	52.0	RAP_Step2_HNHZ_window200kb.FarmCPUpeak_info	window200kb	Os03g0130350							57	pipeline_score=52; farm_logP=25.35; max_variant=20; recommendation_score=57
QTL6	Chr3-1806649	25.35	*	LOC_Os03g03820	3:1716437-1719782	5	10	10	10.0	0.0	0.0	18.0	*	38.0	RAP_Step2_HNHZ_window200kb.FarmCPUpeak_info	window200kb	LOC_Os03g03820			adenylate kinase, putative, expressed	N	Y	Y	41	pipeline_score=38; farm_logP=25.35; max_variant=10; recommendation_score=41
QTL6	Chr3-1806649	25.35	*	LOC_Os03g03830	3:1720034-1727907	5	5	*	10.0	0.0	0.0	15.0	*	30.0	RAP_Step2_HNHZ_window200kb.FarmCPUpeak_info	window200kb	LOC_Os03g03830			EF hand family protein, putative, expressed	N	Y	Y	30	pipeline_score=30; farm_logP=25.35; max_variant=5; recommendation_score=30
QTL6	Chr3-1806649	25.35	*	Os03g0130550	3:1727228-1727770	5	5	*	10.0	0.0	0.0	5.0	*	20.0	RAP_Step2_HNHZ_window200kb.FarmCPUpeak_info	window200kb	Os03g0130550							20	pipeline_score=20; farm_logP=25.35; max_variant=5; recommendation_score=20
QTL6	Chr3-1806649	25.35	*	LOC_Os03g03840	3:1730513-1730713	20	25	5	10.0	0.0	0.0	5.0	*	40.0	RAP_Step2_HNHZ_window200kb.FarmCPUpeak_info	window200kb	LOC_Os03g03840			expressed protein	N	Y	Y	45	pipeline_score=40; farm_logP=25.35; max_variant=25; recommendation_score=45
QTL6	Chr3-1806649	25.35	*	LOC_Os03g03850	3:1733298-1734113	25	5	10	10.0	0.0	0.0	5.0	*	40.0	RAP_Step2_HNHZ_window200kb.FarmCPUpeak_info	window200kb	LOC_Os03g03850			GATA zinc finger domain containing protein, expressed	N	Y	Y	45	pipeline_score=40; farm_logP=25.35; max_variant=25; recommendation_score=45
QTL6	Chr3-1806649	25.35	*	LOC_Os03g03860	3:1737298-1742634	20	10	*	10.0	0.0	0.0	5.0	*	35.0	RAP_Step2_HNHZ_window200kb.FarmCPUpeak_info	window200kb	LOC_Os03g03860			expressed protein	N	Y	Y	40	pipeline_score=35; farm_logP=25.35; max_variant=20; recommendation_score=40
QTL6	Chr3-1806649	25.35	*	Os03g0130750	3:1745923-1748501	5	10	*	10.0	0.0	0.0	5.0	*	25.0	RAP_Step2_HNHZ_window200kb.FarmCPUpeak_info	window200kb	Os03g0130750							28	pipeline_score=25; farm_logP=25.35; max_variant=10; recommendation_score=28
QTL6	Chr3-1806649	25.35	*	LOC_Os03g03870	3:1752160-1758218	5	10	*	10.0	0.0	0.0	15.0	*	35.0	RAP_Step2_HNHZ_window200kb.FarmCPUpeak_info	window200kb	LOC_Os03g03870			DNA-binding bromodomain-containing protein, putative, expressed	N	Y	Y	38	pipeline_score=35; farm_logP=25.35; max_variant=10; recommendation_score=38
QTL6	Chr3-1806649	25.35	*	LOC_Os03g03880	3:1765300-1770693	5	10	10	10.0	0.0	0.0	10.0	*	30.0	RAP_Step2_HNHZ_window200kb.FarmCPUpeak_info	window200kb	LOC_Os03g03880			protein kinase, putative, expressed	N	Y	Y	33	pipeline_score=30; farm_logP=25.35; max_variant=10; recommendation_score=33
QTL6	Chr3-1806649	25.35	*	LOC_Os03g03890	3:1772819-1775682	5	10	*	10.0	0.0	0.0	18.0	*	38.0	RAP_Step2_HNHZ_window200kb.FarmCPUpeak_info	window200kb	LOC_Os03g03890			protein kinase family protein, putative, expressed	N	Y	Y	41	pipeline_score=38; farm_logP=25.35; max_variant=10; recommendation_score=41
QTL6	Chr3-1806649	25.35	*	Os03g0130950	3:1774391-1775646	5	10	*	10.0	0.0	0.0	5.0	*	25.0	RAP_Step2_HNHZ_window200kb.FarmCPUpeak_info	window200kb	Os03g0130950							28	pipeline_score=25; farm_logP=25.35; max_variant=10; recommendation_score=28
QTL6	Chr3-1806649	25.35	*	LOC_Os03g03900	3:1776271-1780899	5	10	*	10.0	0.0	0.0	18.0	*	38.0	RAP_Step2_HNHZ_window200kb.FarmCPUpeak_info	window200kb	LOC_Os03g03900	OsNLP1	grain; grain yield; nitrate; nucleus; plant growth; yield	NIN, putative, expressed	N	Y	Y	48	pipeline_score=38; farm_logP=25.35; max_variant=10; symbol=OsNLP1; keyword=grain; grain yield; nitrate; nucleus; plant growth; yield; recommendation_score=48
QTL6	Chr3-1806649	25.35	*	LOC_Os03g03910	3:1787648-1790957	5	5	25	10.0	0.0	10.0	22.0	*	67.0	RAP_Step2_HNHZ_window200kb.FarmCPUpeak_info	window200kb	LOC_Os03g03910	NOE1|OsCAT3|OsCATC	catalase; cell death; immunity; leaf; nitrate; starch	catalase domain containing protein, expressed	N	Y	Y	79	pipeline_score=67; farm_logP=25.35; max_variant=25; symbol=NOE1|OsCAT3|OsCATC; keyword=catalase; cell death; immunity; leaf; nitrate; starch; recommendation_score=79
QTL6	Chr3-1806649	25.35	*	LOC_Os03g03920	3:1791572-1796423	20	10	*	10.0	0.0	0.0	10.0	*	40.0	RAP_Step2_HNHZ_window200kb.FarmCPUpeak_info	window200kb	LOC_Os03g03920	OsDSK2a	GA; Gibberellin; ga; gibberellin; growth; plant growth; salt; salt stress; seedling; stress	Ubiquitin family domain containing protein, expressed	N	Y	Y	52	pipeline_score=40; farm_logP=25.35; max_variant=20; symbol=OsDSK2a; keyword=GA; Gibberellin; ga; gibberellin; growth; plant growth; salt; salt stress; seedling; stress; recommendation_score=52
QTL6	Chr3-1806649	25.35	*	Os03g0131333	3:1791678-1794014	20	10	10	10.0	0.0	0.0	5.0	*	35.0	RAP_Step2_HNHZ_window200kb.FarmCPUpeak_info	window200kb	Os03g0131333							40	pipeline_score=35; farm_logP=25.35; max_variant=20; recommendation_score=40
QTL6	Chr3-1806649	25.35	*	LOC_Os03g03930	3:1798696-1804326	5	5	15	10.0	0.0	0.0	10.0	*	35.0	RAP_Step2_HNHZ_window200kb.FarmCPUpeak_info	window200kb	LOC_Os03g03930			tRNA nucleotidyltransferase/polyA polymerase family protein, putative, expressed	N	Y	Y	38	pipeline_score=35; farm_logP=25.35; max_variant=15; recommendation_score=38
QTL6	Chr3-1806649	25.35	*	Os03g0131450	3:1799216-1803691	1	1	*	10.0	0.0	0.0	5.0	*	16.0	RAP_Step2_HNHZ_window200kb.FarmCPUpeak_info	window200kb	Os03g0131450							16	pipeline_score=16; farm_logP=25.35; max_variant=1; recommendation_score=16
QTL6	Chr3-1806649	25.35	*	LOC_Os03g03949	3:1804460-1813294	15	*	0	10.0	0.0	0.0	18.0	*	43.0	RAP_Step2_HNHZ_window200kb.FarmCPUpeak_info	window200kb	LOC_Os03g03949			electron carrier/ protein disulfide oxidoreductase, putative, expressed	N	Y	Y	46	pipeline_score=43; farm_logP=25.35; max_variant=15; recommendation_score=46
QTL6	Chr3-1806649	25.35	*	LOC_Os03g03970	3:1813473-1813841	20	10	*	10.0	0.0	0.0	0.0	*	30.0	RAP_Step2_HNHZ_window200kb.FarmCPUpeak_info	window200kb	LOC_Os03g03970			retrotransposon protein, putative, unclassified, expressed	Y	Y	Y	35	pipeline_score=30; farm_logP=25.35; max_variant=20; recommendation_score=35
QTL6	Chr3-1806649	25.35	*	Os03g0131825	3:1815383-1816503	15	*	*	10.0	0.0	0.0	15.0	*	40.0	RAP_Step2_HNHZ_window200kb.FarmCPUpeak_info	window200kb	Os03g0131825							43	pipeline_score=40; farm_logP=25.35; max_variant=15; recommendation_score=43
QTL6	Chr3-1806649	25.35	*	LOC_Os03g03980	3:1815439-1816490	15	10	*	10.0	0.0	0.0	15.0	*	40.0	RAP_Step2_HNHZ_window200kb.FarmCPUpeak_info	window200kb	LOC_Os03g03980			coiled-coil domain-containing protein 124, putative, expressed	N	Y	Y	43	pipeline_score=40; farm_logP=25.35; max_variant=15; recommendation_score=43
QTL6	Chr3-1806649	25.35	*	LOC_Os03g03990	3:1817496-1818855	5	10	0	10.0	0.0	0.0	10.0	*	30.0	RAP_Step2_HNHZ_window200kb.FarmCPUpeak_info	window200kb	LOC_Os03g03990	OscpSRP43|PGL3	chloroplast; growth; leaf; leaf senescence; map-based cloning; reactive oxygen species; senescence	signal recognition particle 43 kDa protein, chloroplast precursor, putative, expressed	N	Y	Y	40	pipeline_score=30; farm_logP=25.35; max_variant=10; symbol=OscpSRP43|PGL3; keyword=chloroplast; growth; leaf; leaf senescence; map-based cloning; reactive oxygen species; senescence; recommendation_score=40
QTL6	Chr3-1806649	25.35	*	Os03g0131950	3:1817620-1818990	5	*	*	10.0	0.0	0.0	5.0	*	20.0	RAP_Step2_HNHZ_window200kb.FarmCPUpeak_info	window200kb	Os03g0131950							20	pipeline_score=20; farm_logP=25.35; max_variant=5; recommendation_score=20
QTL6	Chr3-1806649	25.35	*	LOC_Os03g04000	3:1822239-1826140	5	10	0	10.0	0.0	0.0	15.0	*	35.0	RAP_Step2_HNHZ_window200kb.FarmCPUpeak_info	window200kb	LOC_Os03g04000			AMP-binding domain containing protein, expressed	N	Y	Y	38	pipeline_score=35; farm_logP=25.35; max_variant=10; recommendation_score=38
QTL6	Chr3-1806649	25.35	*	LOC_Os03g04010	3:1827223-1827617	5	10	*	10.0	0.0	0.0	5.0	*	25.0	RAP_Step2_HNHZ_window200kb.FarmCPUpeak_info	window200kb	LOC_Os03g04010			hypothetical protein	N	N	Y	28	pipeline_score=25; farm_logP=25.35; max_variant=10; recommendation_score=28
QTL6	Chr3-1806649	25.35	*	LOC_Os03g04020	3:1831332-1833506	20	10	*	10.0	0.0	0.0	10.0	*	40.0	RAP_Step2_HNHZ_window200kb.FarmCPUpeak_info	window200kb	LOC_Os03g04020	EXPLA1	Ubiquitin; nucleus; seed; seed size	expansin precursor, putative, expressed	N	Y	Y	52	pipeline_score=40; farm_logP=25.35; max_variant=20; symbol=EXPLA1; keyword=Ubiquitin; nucleus; seed; seed size; recommendation_score=52
QTL6	Chr3-1806649	25.35	*	Os03g0132250	3:1831422-1832828	20	10	*	10.0	0.0	0.0	10.0	*	40.0	RAP_Step2_HNHZ_window200kb.FarmCPUpeak_info	window200kb	Os03g0132250							45	pipeline_score=40; farm_logP=25.35; max_variant=20; recommendation_score=45
QTL6	Chr3-1806649	25.35	*	LOC_Os03g04030	3:1836607-1839781	5	5	5	10.0	0.0	0.0	10.0	*	25.0	RAP_Step2_HNHZ_window200kb.FarmCPUpeak_info	window200kb	LOC_Os03g04030			HVA22, putative, expressed	N	Y	Y	25	pipeline_score=25; farm_logP=25.35; max_variant=5; recommendation_score=25
QTL6	Chr3-1806649	25.35	*	LOC_Os03g04040	3:1844068-1845292	5	10	*	10.0	0.0	0.0	5.0	*	25.0	RAP_Step2_HNHZ_window200kb.FarmCPUpeak_info	window200kb	LOC_Os03g04040			expressed protein	N	Y	Y	28	pipeline_score=25; farm_logP=25.35; max_variant=10; recommendation_score=28
QTL6	Chr3-1806649	25.35	*	Os03g0132550	3:1844173-1845058	5	10	5	10.0	0.0	0.0	5.0	*	25.0	RAP_Step2_HNHZ_window200kb.FarmCPUpeak_info	window200kb	Os03g0132550							28	pipeline_score=25; farm_logP=25.35; max_variant=10; recommendation_score=28
QTL6	Chr3-1806649	25.35	*	LOC_Os03g04050	3:1852874-1857814	5	10	5	10.0	0.0	0.0	10.0	*	30.0	RAP_Step2_HNHZ_window200kb.FarmCPUpeak_info	window200kb	LOC_Os03g04050	OsBSK1-1	BR ; BR; Brassinosteroid; architecture; brassinosteroid; grain; grain length; grain size; plant architecture; plant height; tiller; tiller number	protein kinase family protein, putative, expressed	N	Y	Y	40	pipeline_score=30; farm_logP=25.35; max_variant=10; symbol=OsBSK1-1; keyword=BR ; BR; Brassinosteroid; architecture; brassinosteroid; grain; grain length; grain size; plant architecture; plant height; tiller; tiller number; recommendation_score=40
QTL6	Chr3-1806649	25.35	*	LOC_Os03g04060	3:1860427-1861786	20	5	10	10.0	0.0	0.0	22.0	*	52.0	RAP_Step2_HNHZ_window200kb.FarmCPUpeak_info	window200kb	LOC_Os03g04060	OsCHI11|chi11	tolerance	CHIT16 - Chitinase family protein precursor, expressed	N	Y	Y	64	pipeline_score=52; farm_logP=25.35; max_variant=20; symbol=OsCHI11|chi11; keyword=tolerance; recommendation_score=64
QTL6	Chr3-1806649	25.35	*	LOC_Os03g04070	3:1862352-1864245	5	*	*	10.0	0.0	0.0	18.0	*	33.0	RAP_Step2_HNHZ_window200kb.FarmCPUpeak_info	window200kb	LOC_Os03g04070	ONAC022	abscisic acid; drought; nucleus; salt; salt stress; salt tolerance; stress; stress tolerance; tolerance; transcription factor; transcriptional activator	no apical meristem protein, putative, expressed	N	Y	Y	40	pipeline_score=33; farm_logP=25.35; max_variant=5; symbol=ONAC022; keyword=abscisic acid; drought; nucleus; salt; salt stress; salt tolerance; stress; stress tolerance; tolerance; transcription factor; transcriptional activator; recommendation_score=40
QTL6	Chr3-1806649	25.35	*	Os03g0133050	3:1863550-1864094	*	*	*	10.0	0.0	0.0	15.0	*	25.0	RAP_Step2_HNHZ_window200kb.FarmCPUpeak_info	window200kb	Os03g0133050							25	pipeline_score=25; farm_logP=25.35; recommendation_score=25
QTL6	Chr3-1806649	25.35	*	LOC_Os03g04080	3:1870803-1871503	18	5	*	10.0	0.0	0.0	5.0	*	33.0	RAP_Step2_HNHZ_window200kb.FarmCPUpeak_info	window200kb	LOC_Os03g04080			expressed protein	N	Y	Y	36	pipeline_score=33; farm_logP=25.35; max_variant=18; recommendation_score=36
QTL6	Chr3-1806649	25.35	*	LOC_Os03g04100	3:1873281-1878450	5	10	*	10.0	0.0	0.0	15.0	*	35.0	RAP_Step2_HNHZ_window200kb.FarmCPUpeak_info	window200kb	LOC_Os03g04100	LAZY3	map-based cloning; shoot; tiller; tiller angle	expressed protein	N	Y	Y	45	pipeline_score=35; farm_logP=25.35; max_variant=10; symbol=LAZY3; keyword=map-based cloning; shoot; tiller; tiller angle; recommendation_score=45
QTL6	Chr3-1806649	25.35	*	LOC_Os03g04110	3:1878906-1881754	1	*	*	10.0	0.0	0.0	18.0	*	29.0	RAP_Step2_HNHZ_window200kb.FarmCPUpeak_info	window200kb	LOC_Os03g04110	CEBiP|OsCEBiP	blast; blight; cell death; cell wall; defense; defense response; disease; disease resistance; immune response; leaf; magnaporthe oryzae; nitrogen; oxidative	lysM domain-containing GPI-anchored protein precursor, putative, expressed	N	Y	Y	36	pipeline_score=29; farm_logP=25.35; max_variant=1; symbol=CEBiP|OsCEBiP; keyword=blast; blight; cell death; cell wall; defense; defense response; disease; disease resistance; immune response; leaf; magnaporthe oryzae; nitrogen; oxidative; recommendation_score=36
QTL6	Chr3-1806649	25.35	*	LOC_Os03g04120	3:1881834-1884078	5	5	*	10.0	0.0	0.0	10.0	*	25.0	RAP_Step2_HNHZ_window200kb.FarmCPUpeak_info	window200kb	LOC_Os03g04120	OsACS	development; ethylene; growth; lateral root; phosphate; root; root development; root elongation; seedlings	AMP-binding enzyme, putative, expressed	N	Y	Y	32	pipeline_score=25; farm_logP=25.35; max_variant=5; symbol=OsACS; keyword=development; ethylene; growth; lateral root; phosphate; root; root development; root elongation; seedlings; recommendation_score=32
QTL6	Chr3-1806649	25.35	*	Os03g0133650	3:1882278-1883708	5	5	*	10.0	0.0	0.0	10.0	*	25.0	RAP_Step2_HNHZ_window200kb.FarmCPUpeak_info	window200kb	Os03g0133650							25	pipeline_score=25; farm_logP=25.35; max_variant=5; recommendation_score=25
QTL6	Chr3-1806649	25.35	*	LOC_Os03g04130	3:1885975-1891309	5	10	10	10.0	0.0	0.0	10.0	*	30.0	RAP_Step2_HNHZ_window200kb.FarmCPUpeak_info	window200kb	LOC_Os03g04130			AMP-binding domain containing protein, expressed	N	Y	Y	33	pipeline_score=30; farm_logP=25.35; max_variant=10; recommendation_score=33
QTL6	Chr3-1806649	25.35	*	Os03g0133825	3:1886173-1887657	5	*	*	10.0	0.0	0.0	5.0	*	20.0	RAP_Step2_HNHZ_window200kb.FarmCPUpeak_info	window200kb	Os03g0133825							20	pipeline_score=20; farm_logP=25.35; max_variant=5; recommendation_score=20
QTL6	Chr3-1806649	25.35	*	Os03g0133850	3:1890575-1891309	5	10	5	10.0	0.0	0.0	5.0	*	25.0	RAP_Step2_HNHZ_window200kb.FarmCPUpeak_info	window200kb	Os03g0133850							28	pipeline_score=25; farm_logP=25.35; max_variant=10; recommendation_score=28
QTL6	Chr3-1806649	25.35	*	Os03g0133875	3:1892260-1892480	*	*	*	10.0	0.0	0.0	20.0	*	30.0	RAP_Step2_HNHZ_window200kb.FarmCPUpeak_info	window200kb	Os03g0133875							30	pipeline_score=30; farm_logP=25.35; recommendation_score=30
QTL6	Chr3-1806649	25.35	*	LOC_Os03g04140	3:1892824-1897309	5	5	20	10.0	0.0	0.0	18.0	*	48.0	RAP_Step2_HNHZ_window200kb.FarmCPUpeak_info	window200kb	LOC_Os03g04140			serine acetyltransferase protein, putative, expressed	N	Y	Y	53	pipeline_score=48; farm_logP=25.35; max_variant=20; recommendation_score=53
QTL6	Chr3-1806649	25.35	*	LOC_Os03g04150	3:1898917-1902195	5	10	25	10.0	0.0	0.0	5.0	*	40.0	RAP_Step2_HNHZ_window200kb.FarmCPUpeak_info	window200kb	LOC_Os03g04150			transposon protein, putative, Mutator sub-class, expressed	Y	Y	Y	45	pipeline_score=40; farm_logP=25.35; max_variant=25; recommendation_score=45
QTL6	Chr3-1806649	25.35	*	LOC_Os03g04169	3:1909201-1919541	5	10	0	10.0	0.0	0.0	15.0	*	35.0	RAP_Step2_HNHZ_window200kb.FarmCPUpeak_info	window200kb	LOC_Os03g04169			ATP phosphoribosyltransferase, putative, expressed	N	Y	Y	38	pipeline_score=35; farm_logP=25.35; max_variant=10; recommendation_score=38
QTL6	Chr3-1806649	25.35	*	LOC_Os03g04190	3:1920043-1921896	20	5	*	10.0	5.0	0.0	5.0	*	40.0	RAP_Step2_HNHZ_window200kb.FarmCPUpeak_info	window200kb	LOC_Os03g04190			cytochrome P450, putative, expressed	N	Y	Y	45	pipeline_score=40; farm_logP=25.35; max_variant=20; recommendation_score=45
QTL6	Chr3-1806649	25.35	*	Os03g0134550	3:1920124-1920663	5	5	*	10.0	0.0	0.0	5.0	*	20.0	RAP_Step2_HNHZ_window200kb.FarmCPUpeak_info	window200kb	Os03g0134550							20	pipeline_score=20; farm_logP=25.35; max_variant=5; recommendation_score=20
QTL6	Chr3-1806649	25.35	*	LOC_Os03g04195	3:1926259-1929765	5	25	5	10.0	0.0	0.0	0.0	*	35.0	RAP_Step2_HNHZ_window200kb.FarmCPUpeak_info	window200kb	LOC_Os03g04195			expressed protein	N	Y	Y	40	pipeline_score=35; farm_logP=25.35; max_variant=25; recommendation_score=40
QTL6	Chr3-1806649	25.35	*	LOC_Os03g04210	3:1936269-1937270	5	5	*	10.0	5.0	0.0	5.0	*	25.0	RAP_Step2_HNHZ_window200kb.FarmCPUpeak_info	window200kb	LOC_Os03g04210			IQ calmodulin-binding motif family protein, putative, expressed	N	Y	Y	25	pipeline_score=25; farm_logP=25.35; max_variant=5; recommendation_score=25
QTL6	Chr3-1806649	25.35	*	LOC_Os03g04220	3:1938202-1939691	5	5	5	10.0	0.0	0.0	5.0	*	20.0	RAP_Step2_HNHZ_window200kb.FarmCPUpeak_info	window200kb	LOC_Os03g04220			glutathione S-transferase, putative, expressed	N	Y	Y	20	pipeline_score=20; farm_logP=25.35; max_variant=5; recommendation_score=20
QTL6	Chr3-1806649	25.35	*	LOC_Os03g04230	3:1945502-1947389	20	25	25	10.0	0.0	0.0	5.0	*	40.0	RAP_Step2_HNHZ_window200kb.FarmCPUpeak_info	window200kb	LOC_Os03g04230			transposon protein, putative, unclassified, expressed	Y	Y	Y	45	pipeline_score=40; farm_logP=25.35; max_variant=25; recommendation_score=45
QTL6	Chr3-1806649	25.35	*	LOC_Os03g04240	3:1948315-1949543	18	10	*	10.0	0.0	0.0	5.0	*	33.0	RAP_Step2_HNHZ_window200kb.FarmCPUpeak_info	window200kb	LOC_Os03g04240			glutathione S-transferase, putative, expressed	N	Y	Y	36	pipeline_score=33; farm_logP=25.35; max_variant=18; recommendation_score=36
QTL6	Chr3-1806649	25.35	*	Os03g0135150	3:1948605-1949028	18	5	5	10.0	0.0	0.0	5.0	*	33.0	RAP_Step2_HNHZ_window200kb.FarmCPUpeak_info	window200kb	Os03g0135150							36	pipeline_score=33; farm_logP=25.35; max_variant=18; recommendation_score=36
QTL6	Chr3-1806649	25.35	*	LOC_Os03g04250	3:1952272-1953452	1	*	*	10.0	0.0	0.0	5.0	*	16.0	RAP_Step2_HNHZ_window200kb.FarmCPUpeak_info	window200kb	LOC_Os03g04250			glutathione S-transferase, putative, expressed	N	Y	Y	16	pipeline_score=16; farm_logP=25.35; max_variant=1; recommendation_score=16
QTL6	Chr3-1806649	25.35	*	LOC_Os03g04260	3:1954669-1955969	5	10	5	10.0	0.0	0.0	15.0	*	35.0	RAP_Step2_HNHZ_window200kb.FarmCPUpeak_info	window200kb	LOC_Os03g04260			glutathione S-transferase, putative, expressed	N	Y	Y	38	pipeline_score=35; farm_logP=25.35; max_variant=10; recommendation_score=38
QTL6	Chr3-1806649	25.35	*	LOC_Os03g04270	3:1956859-1959799	5	10	10	10.0	0.0	0.0	10.0	*	30.0	RAP_Step2_HNHZ_window200kb.FarmCPUpeak_info	window200kb	LOC_Os03g04270			OsFBL10 - F-box domain and LRR containing protein, expressed	N	Y	Y	33	pipeline_score=30; farm_logP=25.35; max_variant=10; recommendation_score=33
QTL6	Chr3-1806649	25.35	*	LOC_Os03g04290	3:1963554-1967163	25	25	25	10.0	0.0	0.0	0.0	*	35.0	RAP_Step2_HNHZ_window200kb.FarmCPUpeak_info	window200kb	LOC_Os03g04290			transposon protein, putative, unclassified, expressed	Y	Y	Y	40	pipeline_score=35; farm_logP=25.35; max_variant=25; recommendation_score=40
QTL6	Chr3-1806649	25.35	*	Os03g0135550	3:1970292-1971508	5	5	5	10.0	0.0	0.0	5.0	*	20.0	RAP_Step2_HNHZ_window200kb.FarmCPUpeak_info	window200kb	Os03g0135550							20	pipeline_score=20; farm_logP=25.35; max_variant=5; recommendation_score=20
QTL6	Chr3-1806649	25.35	*	LOC_Os03g04300	3:1970296-1979567	20	5	*	10.0	0.0	0.0	18.0	*	48.0	RAP_Step2_HNHZ_window200kb.FarmCPUpeak_info	window200kb	LOC_Os03g04300			ankyrin repeat domain containing protein, expressed	N	Y	Y	53	pipeline_score=48; farm_logP=25.35; max_variant=20; recommendation_score=53
QTL6	Chr3-1806649	25.35	*	LOC_Os03g04310	3:1983522-1985736	20	5	5	10.0	5.0	10.0	5.0	*	50.0	RAP_Step2_HNHZ_window200kb.FarmCPUpeak_info	window200kb	LOC_Os03g04310	RAI1	blast; defense; defense response; transcription factor	BHLH transcription factor, putative, expressed	N	Y	Y	62	pipeline_score=50; farm_logP=25.35; max_variant=20; symbol=RAI1; keyword=blast; defense; defense response; transcription factor; recommendation_score=62
QTL6	Chr3-1806649	25.35	*	LOC_Os03g04320	3:1990596-1996019	20	10	*	10.0	0.0	0.0	5.0	*	35.0	RAP_Step2_HNHZ_window200kb.FarmCPUpeak_info	window200kb	LOC_Os03g04320			expressed protein	N	Y	Y	40	pipeline_score=35; farm_logP=25.35; max_variant=20; recommendation_score=40
QTL6	Chr3-1806649	25.35	*	LOC_Os03g04330	3:1996943-1997425	20	10	*	10.0	0.0	0.0	0.0	*	30.0	RAP_Step2_HNHZ_window200kb.FarmCPUpeak_info	window200kb	LOC_Os03g04330			expressed protein	N	Y	Y	35	pipeline_score=30; farm_logP=25.35; max_variant=20; recommendation_score=35
QTL6	Chr3-1806649	25.35	*	LOC_Os03g04340	3:2003110-2004984	5	10	*	10.0	0.0	0.0	5.0	*	25.0	RAP_Step2_HNHZ_window200kb.FarmCPUpeak_info	window200kb	LOC_Os03g04340			C-methyltransferase, putative, expressed	N	Y	Y	28	pipeline_score=25; farm_logP=25.35; max_variant=10; recommendation_score=28
QTL7	Chr3-10371502	9.48	*	LOC_Os03g18160	3:10171789-10174514	18	5	5	4.0	0.0	0.0	18.0	*	40.0	RAP_Step2_HNHZ_window200kb.FarmCPUpeak_info	window200kb	LOC_Os03g18160			mitochondrial carrier protein, putative, expressed	N	Y	Y	48	pipeline_score=40; farm_logP=9.48; max_variant=18; supported_by_both_modes; recommendation_score=48
QTL7	Chr3-10371502	9.48	*	LOC_Os03g18170	3:10184582-10187474	20	5	*	4.0	0.0	0.0	10.0	*	34.0	RAP_Step2_HNHZ_window200kb.FarmCPUpeak_info	window200kb	LOC_Os03g18170			STE_MEKK_ste11_MAP3K.13 - STE kinases include homologs to sterile 7, sterile 11 and sterile 20 from yeast, expressed	N	Y	Y	44	pipeline_score=34; farm_logP=9.48; max_variant=20; supported_by_both_modes; recommendation_score=44
QTL7	Chr3-10371502	9.48	*	Os03g0292600	3:10184619-10185409	20	5	*	4.0	0.0	0.0	15.0	*	39.0	RAP_Step2_HNHZ_window200kb.FarmCPUpeak_info	window200kb	Os03g0292600							49	pipeline_score=39; farm_logP=9.48; max_variant=20; supported_by_both_modes; recommendation_score=49
QTL7	Chr3-10371502	9.48	*	LOC_Os03g18180	3:10187429-10190331	5	10	*	4.0	0.0	0.0	10.0	*	24.0	RAP_Step2_HNHZ_window200kb.FarmCPUpeak_info	window200kb	LOC_Os03g18180			ranBP1 domain containing protein, expressed	N	Y	Y	32	pipeline_score=24; farm_logP=9.48; max_variant=10; supported_by_both_modes; recommendation_score=32
QTL7	Chr3-10371502	9.48	*	LOC_Os03g18190	3:10192116-10202141	20	10	0	4.0	0.0	0.0	10.0	*	34.0	RAP_Step2_HNHZ_window200kb.FarmCPUpeak_info	window200kb	LOC_Os03g18190			importin subunit beta, putative, expressed	N	Y	Y	44	pipeline_score=34; farm_logP=9.48; max_variant=20; supported_by_both_modes; recommendation_score=44
QTL7	Chr3-10371502	9.48	*	LOC_Os03g18200	3:10204819-10210306	20	10	10	4.0	0.0	0.0	15.0	*	39.0	RAP_Step2_HNHZ_window200kb.FarmCPUpeak_info	window200kb	LOC_Os03g18200	OsERdj3A	root; seed	heat shock protein DnaJ, putative, expressed	N	Y	Y	56	pipeline_score=39; farm_logP=9.48; max_variant=20; supported_by_both_modes; symbol=OsERdj3A; keyword=root; seed; recommendation_score=56
QTL7	Chr3-10371502	9.48	*	LOC_Os03g18210	3:10212391-10215769	20	10	*	4.0	0.0	0.0	10.0	*	34.0	RAP_Step2_HNHZ_window200kb.FarmCPUpeak_info	window200kb	LOC_Os03g18210			basic helix-loop-helix, putative, expressed	N	Y	Y	44	pipeline_score=34; farm_logP=9.48; max_variant=20; supported_by_both_modes; recommendation_score=44
QTL7	Chr3-10371502	9.48	*	LOC_Os03g18220	3:10217796-10220748	20	10	10	4.0	0.0	0.0	10.0	*	34.0	RAP_Step2_HNHZ_window200kb.FarmCPUpeak_info	window200kb	LOC_Os03g18220			pyruvate decarboxylase isozyme 2, putative, expressed	N	Y	Y	44	pipeline_score=34; farm_logP=9.48; max_variant=20; supported_by_both_modes; recommendation_score=44
QTL7	Chr3-10371502	9.48	*	Os03g0293450	3:10217797-10220579	20	10	10	4.0	0.0	0.0	5.0	*	29.0	RAP_Step2_HNHZ_window200kb.FarmCPUpeak_info	window200kb	Os03g0293450							39	pipeline_score=29; farm_logP=9.48; max_variant=20; supported_by_both_modes; recommendation_score=39
QTL7	Chr3-10371502	9.48	*	LOC_Os03g18230	3:10224027-10225034	25	25	25	4.0	0.0	0.0	5.0	*	34.0	RAP_Step2_HNHZ_window200kb.FarmCPUpeak_info	window200kb	LOC_Os03g18230			expressed protein	N	Y	Y	44	pipeline_score=34; farm_logP=9.48; max_variant=25; supported_by_both_modes; recommendation_score=44
QTL7	Chr3-10371502	9.48	*	LOC_Os03g18250	3:10230612-10231357	20	10	25	4.0	5.0	0.0	5.0	*	39.0	RAP_Step2_HNHZ_window200kb.FarmCPUpeak_info	window200kb	LOC_Os03g18250			expressed protein	N	Y	Y	49	pipeline_score=39; farm_logP=9.48; max_variant=25; supported_by_both_modes; recommendation_score=49
QTL7	Chr3-10371502	9.48	*	LOC_Os03g18260	3:10233499-10234410	25	10	5	4.0	0.0	0.0	5.0	*	34.0	RAP_Step2_HNHZ_window200kb.FarmCPUpeak_info	window200kb	LOC_Os03g18260			expressed protein	N	Y	Y	44	pipeline_score=34; farm_logP=9.48; max_variant=25; supported_by_both_modes; recommendation_score=44
QTL7	Chr3-10371502	9.48	*	LOC_Os03g18264	3:10235548-10240442	5	10	*	4.0	0.0	0.0	15.0	*	29.0	RAP_Step2_HNHZ_window200kb.FarmCPUpeak_info	window200kb	LOC_Os03g18264			expressed protein	N	Y	Y	37	pipeline_score=29; farm_logP=9.48; max_variant=10; supported_by_both_modes; recommendation_score=37
QTL7	Chr3-10371502	9.48	*	LOC_Os03g18270	3:10241249-10246039	5	5	*	4.0	0.0	0.0	10.0	*	19.0	RAP_Step2_HNHZ_window200kb.FarmCPUpeak_info	window200kb	LOC_Os03g18270			expressed protein	N	Y	Y	24	pipeline_score=19; farm_logP=9.48; max_variant=5; supported_by_both_modes; recommendation_score=24
QTL7	Chr3-10371502	9.48	*	Os03g0294001	3:10244601-10245815	*	*	*	4.0	0.0	0.0	5.0	*	9.0	RAP_Step2_HNHZ_window200kb.FarmCPUpeak_info	window200kb	Os03g0294001							14	pipeline_score=9; farm_logP=9.48; supported_by_both_modes; recommendation_score=14
QTL7	Chr3-10371502	9.48	*	LOC_Os03g18290	3:10252143-10254061	20	*	*	4.0	0.0	0.0	10.0	*	34.0	RAP_Step2_HNHZ_window200kb.FarmCPUpeak_info	window200kb	LOC_Os03g18290			expressed protein	N	Y	Y	44	pipeline_score=34; farm_logP=9.48; max_variant=20; supported_by_both_modes; recommendation_score=44
QTL7	Chr3-10371502	9.48	*	LOC_Os03g18300	3:10255348-10257715	*	*	*	4.0	0.0	0.0	5.0	*	9.0	RAP_Step2_HNHZ_window200kb.FarmCPUpeak_info	window200kb	LOC_Os03g18300			chloroplast unusual positioning protein, putative, expressed	N	Y	Y	14	pipeline_score=9; farm_logP=9.48; supported_by_both_modes; recommendation_score=14
QTL7	Chr3-10371502	9.48	*	LOC_Os03g18310	3:10258610-10271173	20	10	*	4.0	0.0	0.0	15.0	*	39.0	RAP_Step2_HNHZ_window200kb.FarmCPUpeak_info	window200kb	LOC_Os03g18310	OsF2KP2	endosperm; energy metabolism; glycolytic pathway; grain; grain storage compound	6PF-2-K/Fru-2,6-P2ASE liver isozyme, putative, expressed	N	Y	Y	56	pipeline_score=39; farm_logP=9.48; max_variant=20; supported_by_both_modes; symbol=OsF2KP2; keyword=endosperm; energy metabolism; glycolytic pathway; grain; grain storage compound; recommendation_score=56
QTL7	Chr3-10371502	9.48	*	LOC_Os03g18320	3:10271289-10271774	5	10	0	4.0	0.0	0.0	0.0	*	14.0	RAP_Step2_HNHZ_window200kb.FarmCPUpeak_info	window200kb	LOC_Os03g18320			expressed protein	N	Y	Y	22	pipeline_score=14; farm_logP=9.48; max_variant=10; supported_by_both_modes; recommendation_score=22
QTL7	Chr3-10371502	9.48	*	LOC_Os03g18330	3:10274876-10275520	20	25	10	4.0	5.0	0.0	0.0	*	34.0	RAP_Step2_HNHZ_window200kb.FarmCPUpeak_info	window200kb	LOC_Os03g18330			transcription factor like protein, putative, expressed	N	Y	Y	44	pipeline_score=34; farm_logP=9.48; max_variant=25; supported_by_both_modes; recommendation_score=44
QTL7	Chr3-10371502	9.48	*	LOC_Os03g18340	3:10277042-10277809	5	10	*	4.0	0.0	0.0	5.0	*	19.0	RAP_Step2_HNHZ_window200kb.FarmCPUpeak_info	window200kb	LOC_Os03g18340			transcription factor like protein, putative, expressed	N	Y	Y	27	pipeline_score=19; farm_logP=9.48; max_variant=10; supported_by_both_modes; recommendation_score=27
QTL7	Chr3-10371502	9.48	*	LOC_Os03g18350	3:10279741-10283019	20	10	0	4.0	0.0	0.0	10.0	*	34.0	RAP_Step2_HNHZ_window200kb.FarmCPUpeak_info	window200kb	LOC_Os03g18350			importin subunit beta, putative, expressed	N	Y	Y	44	pipeline_score=34; farm_logP=9.48; max_variant=20; supported_by_both_modes; recommendation_score=44
QTL7	Chr3-10371502	9.48	*	Os03g0294650	3:10280144-10283019	20	*	*	4.0	0.0	0.0	5.0	*	29.0	RAP_Step2_HNHZ_window200kb.FarmCPUpeak_info	window200kb	Os03g0294650							39	pipeline_score=29; farm_logP=9.48; max_variant=20; supported_by_both_modes; recommendation_score=39
QTL7	Chr3-10371502	9.48	*	LOC_Os03g18360	3:10286812-10291004	25	10	10	4.0	0.0	10.0	10.0	*	49.0	RAP_Step2_HNHZ_window200kb.FarmCPUpeak_info	window200kb	LOC_Os03g18360	OsETOL1	abiotic stress; drought; drought stress; drought tolerance; ethylene; submergence; submergence tolerance	BTBT1 - Bric-a-Brac, Tramtrack, Broad Complex BTB domain with tetratricopeptide repeats, expressed	N	Y	Y	66	pipeline_score=49; farm_logP=9.48; max_variant=25; supported_by_both_modes; symbol=OsETOL1; keyword=abiotic stress; drought; drought stress; drought tolerance; ethylene; submergence; submergence tolerance; recommendation_score=66
QTL7	Chr3-10371502	9.48	*	LOC_Os03g18370	3:10292291-10295670	5	10	0	4.0	0.0	0.0	10.0	*	24.0	RAP_Step2_HNHZ_window200kb.FarmCPUpeak_info	window200kb	LOC_Os03g18370			MRH1, putative, expressed	N	Y	Y	32	pipeline_score=24; farm_logP=9.48; max_variant=10; supported_by_both_modes; recommendation_score=32
QTL7	Chr3-10371502	9.48	*	LOC_Os03g18380	3:10298971-10305413	20	10	*	4.0	0.0	0.0	10.0	*	34.0	RAP_Step2_HNHZ_window200kb.FarmCPUpeak_info	window200kb	LOC_Os03g18380			ubiquitin-activating enzyme, putative, expressed	N	Y	Y	44	pipeline_score=34; farm_logP=9.48; max_variant=20; supported_by_both_modes; recommendation_score=44
QTL7	Chr3-10371502	9.48	*	Os03g0294975	3:10299013-10305134	20	1	*	4.0	0.0	0.0	5.0	*	29.0	RAP_Step2_HNHZ_window200kb.FarmCPUpeak_info	window200kb	Os03g0294975							39	pipeline_score=29; farm_logP=9.48; max_variant=20; supported_by_both_modes; recommendation_score=39
QTL7	Chr3-10371502	9.48	*	LOC_Os03g18390	3:10312269-10313422	20	5	25	4.0	5.0	0.0	5.0	*	39.0	RAP_Step2_HNHZ_window200kb.FarmCPUpeak_info	window200kb	LOC_Os03g18390			hypothetical protein	N	N	Y	49	pipeline_score=39; farm_logP=9.48; max_variant=25; supported_by_both_modes; recommendation_score=49
QTL7	Chr3-10371502	9.48	*	LOC_Os03g18400	3:10314246-10316826	20	10	20	4.0	0.0	0.0	5.0	*	29.0	RAP_Step2_HNHZ_window200kb.FarmCPUpeak_info	window200kb	LOC_Os03g18400			expressed protein	N	Y	Y	39	pipeline_score=29; farm_logP=9.48; max_variant=20; supported_by_both_modes; recommendation_score=39
QTL7	Chr3-10371502	9.48	*	LOC_Os03g18410	3:10320222-10324857	5	5	*	4.0	0.0	0.0	15.0	*	24.0	RAP_Step2_HNHZ_window200kb.FarmCPUpeak_info	window200kb	LOC_Os03g18410			DNA-directed RNA polymerase subunit, putative, expressed	N	Y	Y	29	pipeline_score=24; farm_logP=9.48; max_variant=5; supported_by_both_modes; recommendation_score=29
QTL7	Chr3-10371502	9.48	*	LOC_Os03g18420	3:10324916-10330596	5	10	*	4.0	0.0	0.0	10.0	*	24.0	RAP_Step2_HNHZ_window200kb.FarmCPUpeak_info	window200kb	LOC_Os03g18420			CHCH domain containing protein, expressed	N	Y	Y	32	pipeline_score=24; farm_logP=9.48; max_variant=10; supported_by_both_modes; recommendation_score=32
QTL7	Chr3-10371502	9.48	*	LOC_Os03g18430	3:10333211-10336943	5	10	*	4.0	0.0	0.0	5.0	*	19.0	RAP_Step2_HNHZ_window200kb.FarmCPUpeak_info	window200kb	LOC_Os03g18430			protein kinase, putative, expressed	N	Y	Y	27	pipeline_score=19; farm_logP=9.48; max_variant=10; supported_by_both_modes; recommendation_score=27
QTL7	Chr3-10371502	9.48	*	LOC_Os03g18440	3:10344944-10356075	20	10	10	4.0	0.0	0.0	10.0	*	34.0	RAP_Step2_HNHZ_window200kb.FarmCPUpeak_info	window200kb	LOC_Os03g18440			expressed protein	N	Y	Y	44	pipeline_score=34; farm_logP=9.48; max_variant=20; supported_by_both_modes; recommendation_score=44
QTL7	Chr3-10371502	9.48	*	LOC_Os03g18454	3:10354623-10359349	5	10	0	4.0	0.0	0.0	15.0	*	29.0	RAP_Step2_HNHZ_window200kb.FarmCPUpeak_info	window200kb	LOC_Os03g18454			gamma-interferon-inducible lysosomal thiol reductase precursor, putative, expressed	N	Y	Y	37	pipeline_score=29; farm_logP=9.48; max_variant=10; supported_by_both_modes; recommendation_score=37
QTL7	Chr3-10371502	9.48	*	LOC_Os03g18470	3:10359847-10361451	20	5	*	4.0	0.0	0.0	15.0	*	39.0	RAP_Step2_HNHZ_window200kb.FarmCPUpeak_info	window200kb	LOC_Os03g18470			expressed protein	N	Y	Y	49	pipeline_score=39; farm_logP=9.48; max_variant=20; supported_by_both_modes; recommendation_score=49
QTL7	Chr3-10371502	9.48	*	Os03g0295932	3:10361089-10361467	20	5	*	4.0	0.0	0.0	5.0	*	29.0	RAP_Step2_HNHZ_window200kb.FarmCPUpeak_info	window200kb	Os03g0295932							39	pipeline_score=29; farm_logP=9.48; max_variant=20; supported_by_both_modes; recommendation_score=39
QTL7	Chr3-10371502	9.48	*	LOC_Os03g18480	3:10362913-10365264	5	10	*	4.0	0.0	0.0	5.0	*	19.0	RAP_Step2_HNHZ_window200kb.FarmCPUpeak_info	window200kb	LOC_Os03g18480	OsTDF1	cell death; development; tapetal; tapetum	MYB family transcription factor, putative, expressed	N	Y	Y	34	pipeline_score=19; farm_logP=9.48; max_variant=10; supported_by_both_modes; symbol=OsTDF1; keyword=cell death; development; tapetal; tapetum; recommendation_score=34
QTL7	Chr3-10371502	9.48	*	Os03g0296100	3:10363160-10363657	5	*	*	4.0	0.0	0.0	5.0	*	14.0	RAP_Step2_HNHZ_window200kb.FarmCPUpeak_info	window200kb	Os03g0296100							19	pipeline_score=14; farm_logP=9.48; max_variant=5; supported_by_both_modes; recommendation_score=19
QTL7	Chr3-10371502	9.48	*	LOC_Os03g18490	3:10366999-10368090	5	10	*	4.0	0.0	0.0	5.0	*	19.0	RAP_Step2_HNHZ_window200kb.FarmCPUpeak_info	window200kb	LOC_Os03g18490			RPGR, putative, expressed	N	Y	Y	27	pipeline_score=19; farm_logP=9.48; max_variant=10; supported_by_both_modes; recommendation_score=27
QTL7	Chr3-10371502	9.48	*	LOC_Os03g18500	3:10368888-10372608	5	10	*	4.0	0.0	0.0	15.0	*	29.0	RAP_Step2_HNHZ_window200kb.FarmCPUpeak_info	window200kb	LOC_Os03g18500			mitochondrial import inner membrane translocase subunit Tim17, putative, expressed	N	Y	Y	37	pipeline_score=29; farm_logP=9.48; max_variant=10; supported_by_both_modes; recommendation_score=37
QTL7	Chr3-10371502	9.48	*	LOC_Os03g18510	3:10372800-10376042	5	10	*	4.0	0.0	0.0	10.0	*	24.0	RAP_Step2_HNHZ_window200kb.FarmCPUpeak_info	window200kb	LOC_Os03g18510			expressed protein	N	Y	Y	32	pipeline_score=24; farm_logP=9.48; max_variant=10; supported_by_both_modes; recommendation_score=32
QTL7	Chr3-10371502	9.48	*	LOC_Os03g18520	3:10376685-10379534	20	5	*	4.0	0.0	0.0	5.0	*	29.0	RAP_Step2_HNHZ_window200kb.FarmCPUpeak_info	window200kb	LOC_Os03g18520			glucan endo-1,3-beta-glucosidase 9 precursor, putative, expressed	N	Y	Y	39	pipeline_score=29; farm_logP=9.48; max_variant=20; supported_by_both_modes; recommendation_score=39
QTL7	Chr3-10371502	9.48	*	LOC_Os03g18530	3:10380090-10380764	5	10	*	4.0	0.0	0.0	5.0	*	19.0	RAP_Step2_HNHZ_window200kb.FarmCPUpeak_info	window200kb	LOC_Os03g18530			ECAGL1 - ECA1 gametogenesis related family protein precursor, expressed	N	Y	Y	27	pipeline_score=19; farm_logP=9.48; max_variant=10; supported_by_both_modes; recommendation_score=27
QTL7	Chr3-10371502	9.48	*	LOC_Os03g18540	3:10381358-10387602	5	10	10	4.0	0.0	0.0	10.0	*	24.0	RAP_Step2_HNHZ_window200kb.FarmCPUpeak_info	window200kb	LOC_Os03g18540			expressed protein	N	Y	Y	32	pipeline_score=24; farm_logP=9.48; max_variant=10; supported_by_both_modes; recommendation_score=32
QTL7	Chr3-10371502	9.48	*	LOC_Os03g18550	3:10387991-10390923	25	10	*	4.0	0.0	0.0	18.0	*	47.0	RAP_Step2_HNHZ_window200kb.FarmCPUpeak_info	window200kb	LOC_Os03g18550	MIT	fertility; flower; growth; height; iron; mitochondria; seed; tiller; transporter; yield	mitochondrial carrier protein, putative, expressed	N	Y	Y	64	pipeline_score=47; farm_logP=9.48; max_variant=25; supported_by_both_modes; symbol=MIT; keyword=fertility; flower; growth; height; iron; mitochondria; seed; tiller; transporter; yield; recommendation_score=64
QTL7	Chr3-10371502	9.48	*	LOC_Os03g18560	3:10391657-10392766	5	10	*	4.0	0.0	0.0	20.0	*	34.0	RAP_Step2_HNHZ_window200kb.FarmCPUpeak_info	window200kb	LOC_Os03g18560			DUF538 domain containing protein, putative, expressed	N	Y	Y	42	pipeline_score=34; farm_logP=9.48; max_variant=10; supported_by_both_modes; recommendation_score=42
QTL7	Chr3-10371502	9.48	*	LOC_Os03g18570	3:10393654-10395829	*	10	*	4.0	0.0	0.0	15.0	*	29.0	RAP_Step2_HNHZ_window200kb.FarmCPUpeak_info	window200kb	LOC_Os03g18570			40S ribosomal protein S7, putative, expressed	N	Y	Y	37	pipeline_score=29; farm_logP=9.48; max_variant=10; supported_by_both_modes; recommendation_score=37
QTL7	Chr3-10371502	9.48	*	LOC_Os03g18580	3:10398117-10399770	15	10	10	4.0	0.0	0.0	10.0	*	29.0	RAP_Step2_HNHZ_window200kb.FarmCPUpeak_info	window200kb	LOC_Os03g18580			40S ribosomal protein S7, putative, expressed	N	Y	Y	37	pipeline_score=29; farm_logP=9.48; max_variant=15; supported_by_both_modes; recommendation_score=37
QTL7	Chr3-10371502	9.48	*	LOC_Os03g18590	3:10400748-10404295	5	10	10	4.0	0.0	0.0	15.0	*	29.0	RAP_Step2_HNHZ_window200kb.FarmCPUpeak_info	window200kb	LOC_Os03g18590			malonyl CoA-acyl carrier protein transacylase, mitochondrial precursor, putative, expressed	N	Y	Y	37	pipeline_score=29; farm_logP=9.48; max_variant=10; supported_by_both_modes; recommendation_score=37
QTL7	Chr3-10371502	9.48	*	LOC_Os03g18600	3:10418634-10419919	5	5	10	4.0	0.0	0.0	10.0	*	24.0	RAP_Step2_HNHZ_window200kb.FarmCPUpeak_info	window200kb	LOC_Os03g18600	OsPYL6	ABA; development; drought; drought tolerance; grain; grain yield; plant development; root; root length; seedlings; stress; stress tolerance; tolerance; yield	cyclase/dehydrase family protein, putative, expressed	N	Y	Y	39	pipeline_score=24; farm_logP=9.48; max_variant=10; supported_by_both_modes; symbol=OsPYL6; keyword=ABA; development; drought; drought tolerance; grain; grain yield; plant development; root; root length; seedlings; stress; stress tolerance; tolerance; yield; recommendation_score=39
QTL7	Chr3-10371502	9.48	*	LOC_Os03g18620	3:10428927-10433732	5	5	5	4.0	0.0	0.0	10.0	*	19.0	RAP_Step2_HNHZ_window200kb.FarmCPUpeak_info	window200kb	LOC_Os03g18620			PPR repeat domain containing protein, putative, expressed	N	Y	Y	24	pipeline_score=19; farm_logP=9.48; max_variant=5; supported_by_both_modes; recommendation_score=24
QTL7	Chr3-10371502	9.48	*	LOC_Os03g18630	3:10437714-10440502	5	10	5	4.0	0.0	0.0	5.0	*	19.0	RAP_Step2_HNHZ_window200kb.FarmCPUpeak_info	window200kb	LOC_Os03g18630			receptor-like kinase RHG1, putative, expressed	N	Y	Y	27	pipeline_score=19; farm_logP=9.48; max_variant=10; supported_by_both_modes; recommendation_score=27
QTL7	Chr3-10371502	9.48	*	Os03g0297850	3:10437835-10440086	5	5	*	4.0	0.0	0.0	5.0	*	14.0	RAP_Step2_HNHZ_window200kb.FarmCPUpeak_info	window200kb	Os03g0297850							19	pipeline_score=14; farm_logP=9.48; max_variant=5; supported_by_both_modes; recommendation_score=19
QTL7	Chr3-10371502	9.48	*	LOC_Os03g18640	3:10443252-10446023	5	5	*	4.0	0.0	0.0	5.0	*	14.0	RAP_Step2_HNHZ_window200kb.FarmCPUpeak_info	window200kb	LOC_Os03g18640			laccase precursor protein, putative, expressed	N	Y	Y	19	pipeline_score=14; farm_logP=9.48; max_variant=5; supported_by_both_modes; recommendation_score=19
QTL7	Chr3-10371502	9.48	*	LOC_Os03g18650	3:10450895-10451507	20	25	25	4.0	0.0	0.0	0.0	*	29.0	RAP_Step2_HNHZ_window200kb.FarmCPUpeak_info	window200kb	LOC_Os03g18650			hypothetical protein	Y	N	Y	39	pipeline_score=29; farm_logP=9.48; max_variant=25; supported_by_both_modes; recommendation_score=39
QTL7	Chr3-10371502	9.48	*	LOC_Os03g18660	3:10452251-10453278	20	10	20	4.0	0.0	0.0	5.0	*	29.0	RAP_Step2_HNHZ_window200kb.FarmCPUpeak_info	window200kb	LOC_Os03g18660			expressed protein	N	Y	Y	39	pipeline_score=29; farm_logP=9.48; max_variant=20; supported_by_both_modes; recommendation_score=39
QTL7	Chr3-10371502	9.48	*	LOC_Os03g18670	3:10453575-10455059	25	25	25	4.0	0.0	0.0	0.0	*	29.0	RAP_Step2_HNHZ_window200kb.FarmCPUpeak_info	window200kb	LOC_Os03g18670			expressed protein	N	Y	Y	39	pipeline_score=29; farm_logP=9.48; max_variant=25; supported_by_both_modes; recommendation_score=39
QTL7	Chr3-10371502	9.48	*	LOC_Os03g18680	3:10456984-10459670	5	25	5	4.0	0.0	0.0	10.0	*	39.0	RAP_Step2_HNHZ_window200kb.FarmCPUpeak_info	window200kb	LOC_Os03g18680			membrane associated DUF588 domain containing protein, putative, expressed	N	Y	Y	49	pipeline_score=39; farm_logP=9.48; max_variant=25; supported_by_both_modes; recommendation_score=49
QTL7	Chr3-10371502	9.48	*	LOC_Os03g18690	3:10462452-10466249	5	5	5	4.0	0.0	0.0	15.0	*	24.0	RAP_Step2_HNHZ_window200kb.FarmCPUpeak_info	window200kb	LOC_Os03g18690			26S protease regulatory subunit 4, putative, expressed	N	Y	Y	29	pipeline_score=24; farm_logP=9.48; max_variant=5; supported_by_both_modes; recommendation_score=29
QTL7	Chr3-10371502	9.48	*	Os03g0298501	3:10462470-10466136	*	1	*	4.0	0.0	0.0	10.0	*	15.0	RAP_Step2_HNHZ_window200kb.FarmCPUpeak_info	window200kb	Os03g0298501							20	pipeline_score=15; farm_logP=9.48; max_variant=1; supported_by_both_modes; recommendation_score=20
QTL7	Chr3-10371502	9.48	*	LOC_Os03g18700	3:10467371-10469883	5	10	*	4.0	0.0	0.0	15.0	*	29.0	RAP_Step2_HNHZ_window200kb.FarmCPUpeak_info	window200kb	LOC_Os03g18700			expressed protein	N	Y	Y	37	pipeline_score=29; farm_logP=9.48; max_variant=10; supported_by_both_modes; recommendation_score=37
QTL7	Chr3-10371502	9.48	*	LOC_Os03g18710	3:10470672-10477048	5	5	*	4.0	0.0	0.0	15.0	*	24.0	RAP_Step2_HNHZ_window200kb.FarmCPUpeak_info	window200kb	LOC_Os03g18710			expressed protein	N	Y	Y	29	pipeline_score=24; farm_logP=9.48; max_variant=5; supported_by_both_modes; recommendation_score=29
QTL7	Chr3-10371502	9.48	*	LOC_Os03g18720	3:10478135-10482626	5	10	*	4.0	0.0	0.0	10.0	*	24.0	RAP_Step2_HNHZ_window200kb.FarmCPUpeak_info	window200kb	LOC_Os03g18720			RNA recognition motif containing protein, putative, expressed	N	Y	Y	32	pipeline_score=24; farm_logP=9.48; max_variant=10; supported_by_both_modes; recommendation_score=32
QTL7	Chr3-10371502	9.48	*	Os03g0298850	3:10478626-10482567	1	*	*	4.0	0.0	0.0	5.0	*	10.0	RAP_Step2_HNHZ_window200kb.FarmCPUpeak_info	window200kb	Os03g0298850							15	pipeline_score=10; farm_logP=9.48; max_variant=1; supported_by_both_modes; recommendation_score=15
QTL7	Chr3-10371502	9.48	*	Os03g0298900	3:10483746-10485130	20	10	10	4.0	0.0	0.0	5.0	*	29.0	RAP_Step2_HNHZ_window200kb.FarmCPUpeak_info	window200kb	Os03g0298900							39	pipeline_score=29; farm_logP=9.48; max_variant=20; supported_by_both_modes; recommendation_score=39
QTL7	Chr3-10371502	9.48	*	LOC_Os03g18729	3:10484299-10484871	20	25	*	4.0	0.0	0.0	5.0	*	34.0	RAP_Step2_HNHZ_window200kb.FarmCPUpeak_info	window200kb	LOC_Os03g18729			expressed protein	N	Y	Y	44	pipeline_score=34; farm_logP=9.48; max_variant=25; supported_by_both_modes; recommendation_score=44
QTL7	Chr3-10371502	9.48	*	LOC_Os03g18740	3:10502015-10503455	5	5	5	4.0	0.0	0.0	10.0	*	19.0	RAP_Step2_HNHZ_window200kb.FarmCPUpeak_info	window200kb	LOC_Os03g18740			oxidoreductase, short chain dehydrogenase/reductase family, putative, expressed	N	Y	Y	19	pipeline_score=19; farm_logP=9.48; max_variant=5; recommendation_score=19
QTL7	Chr3-10371502	9.48	*	Os03g0299400	3:10502301-10503064	5	5	*	4.0	0.0	0.0	5.0	*	14.0	RAP_Step2_HNHZ_window200kb.FarmCPUpeak_info	window200kb	Os03g0299400							14	pipeline_score=14; farm_logP=9.48; max_variant=5; recommendation_score=14
QTL7	Chr3-10371502	9.48	*	LOC_Os03g18750	3:10510829-10511211	25	10	5	4.0	0.0	0.0	0.0	*	29.0	RAP_Step2_HNHZ_window200kb.FarmCPUpeak_info	window200kb	LOC_Os03g18750			hypothetical protein	N	N	Y	34	pipeline_score=29; farm_logP=9.48; max_variant=25; recommendation_score=34
QTL7	Chr3-10371502	9.48	*	LOC_Os03g18760	3:10513576-10514178	20	25	25	4.0	0.0	0.0	0.0	*	29.0	RAP_Step2_HNHZ_window200kb.FarmCPUpeak_info	window200kb	LOC_Os03g18760			hypothetical protein	N	N	Y	34	pipeline_score=29; farm_logP=9.48; max_variant=25; recommendation_score=34
QTL7	Chr3-10371502	9.48	*	LOC_Os03g18770	3:10517108-10518361	5	10	*	4.0	0.0	0.0	10.0	*	24.0	RAP_Step2_HNHZ_window200kb.FarmCPUpeak_info	window200kb	LOC_Os03g18770			wound-induced protein WI12, putative, expressed	N	Y	Y	27	pipeline_score=24; farm_logP=9.48; max_variant=10; recommendation_score=27
QTL7	Chr3-10371502	9.48	*	LOC_Os03g18779	3:10518910-10520197	20	25	*	4.0	0.0	0.0	15.0	*	44.0	RAP_Step2_HNHZ_window200kb.FarmCPUpeak_info	window200kb	LOC_Os03g18779			expressed protein	N	Y	Y	49	pipeline_score=44; farm_logP=9.48; max_variant=25; recommendation_score=49
QTL7	Chr3-10371502	9.48	*	LOC_Os03g18790	3:10525758-10531377	20	10	5	4.0	0.0	0.0	10.0	*	34.0	RAP_Step2_HNHZ_window200kb.FarmCPUpeak_info	window200kb	LOC_Os03g18790			SAG20, putative, expressed	N	Y	Y	39	pipeline_score=34; farm_logP=9.48; max_variant=20; recommendation_score=39
QTL7	Chr3-10371502	9.48	*	LOC_Os03g18800	3:10536678-10537013	20	10	*	4.0	0.0	0.0	5.0	*	29.0	RAP_Step2_HNHZ_window200kb.FarmCPUpeak_info	window200kb	LOC_Os03g18800			retrotransposon protein, putative, Ty3-gypsy subclass	Y	N	Y	34	pipeline_score=29; farm_logP=9.48; max_variant=20; recommendation_score=34
QTL7	Chr3-10371502	9.48	*	LOC_Os03g18810	3:10542847-10546261	5	10	*	4.0	0.0	0.0	15.0	*	29.0	RAP_Step2_HNHZ_window200kb.FarmCPUpeak_info	window200kb	LOC_Os03g18810			aminotransferase, classes I and II, domain containing protein, expressed	N	Y	Y	32	pipeline_score=29; farm_logP=9.48; max_variant=10; recommendation_score=32
QTL7	Chr3-10371502	9.48	*	LOC_Os03g18820	3:10547028-10549514	20	5	5	4.0	0.0	0.0	10.0	*	34.0	RAP_Step2_HNHZ_window200kb.FarmCPUpeak_info	window200kb	LOC_Os03g18820	OsXXT1	cell wall; growth; root; root epidermal cells; root hair	glycosyltransferase, putative, expressed	N	Y	Y	46	pipeline_score=34; farm_logP=9.48; max_variant=20; symbol=OsXXT1; keyword=cell wall; growth; root; root epidermal cells; root hair; recommendation_score=46
QTL7	Chr3-10371502	9.48	*	Os03g0300100	3:10547697-10550188	20	25	*	4.0	0.0	0.0	5.0	*	34.0	RAP_Step2_HNHZ_window200kb.FarmCPUpeak_info	window200kb	Os03g0300100							39	pipeline_score=34; farm_logP=9.48; max_variant=25; recommendation_score=39
QTL7	Chr3-10371502	9.48	*	LOC_Os03g18830	3:10551741-10556172	15	5	*	4.0	0.0	0.0	10.0	*	29.0	RAP_Step2_HNHZ_window200kb.FarmCPUpeak_info	window200kb	LOC_Os03g18830			programmed cell death protein 2, putative, expressed	N	Y	Y	32	pipeline_score=29; farm_logP=9.48; max_variant=15; recommendation_score=32
QTL7	Chr3-10371502	9.48	*	LOC_Os03g18840	3:10556232-10561845	20	5	*	4.0	0.0	0.0	10.0	*	34.0	RAP_Step2_HNHZ_window200kb.FarmCPUpeak_info	window200kb	LOC_Os03g18840			NUC189 domain containing protein, expressed	N	Y	Y	39	pipeline_score=34; farm_logP=9.48; max_variant=20; recommendation_score=39
QTL7	Chr3-10371502	9.48	*	LOC_Os03g18850	3:10562231-10563279	*	10	*	4.0	0.0	0.0	20.0	*	34.0	RAP_Step2_HNHZ_window200kb.FarmCPUpeak_info	window200kb	LOC_Os03g18850	JIOsPR10|OsPR10	abiotic stress; biotic stress; blast; defence; defence response; defense; development; drought; drought stress; ethylene; flower; jasmonate; jasmonic; jasmonic acid; oxidative; oxidative stress; palea; root; root development; salt; seedling; shoot; stress; tolerance	pathogenesis-related Bet v I family protein, putative, expressed	N	Y	Y	44	pipeline_score=34; farm_logP=9.48; max_variant=10; symbol=JIOsPR10|OsPR10; keyword=abiotic stress; biotic stress; blast; defence; defence response; defense; development; drought; drought stress; ethylene; flower; jasmonate; jasmonic; jasmonic acid; oxidative; oxidative stress; palea; root; root development; salt; seedling; shoot; stress; tolerance; recommendation_score=44
QTL7	Chr3-10371502	9.48	*	LOC_Os03g18860	3:10564710-10566806	5	10	20	4.0	5.0	0.0	5.0	*	34.0	RAP_Step2_HNHZ_window200kb.FarmCPUpeak_info	window200kb	LOC_Os03g18860			pectinesterase, putative, expressed	N	Y	Y	39	pipeline_score=34; farm_logP=9.48; max_variant=20; recommendation_score=39
QTL8	Chr3-32939969	31.79	Chr3-32894813-15.475085359235539	LOC_Os03g57420	3:32739717-32742759	5	10	*	15.0	0.0	0.0	10.0	*	35.0	RAP_Step2_HNHZ_window200kb.FarmCPUpeak_info	window200kb	LOC_Os03g57420			ML domain protein, putative, expressed	N	Y	Y	43	pipeline_score=35; farm_logP=31.79; max_variant=10; supported_by_both_modes; recommendation_score=43
QTL8	Chr3-32939969	31.79	Chr3-32894813-15.475085359235539	LOC_Os03g57425	3:32743434-32744563	20	10	*	15.0	0.0	0.0	5.0	*	40.0	RAP_Step2_HNHZ_window200kb.FarmCPUpeak_info	window200kb	LOC_Os03g57425			expressed protein	N	Y	Y	50	pipeline_score=40; farm_logP=31.79; max_variant=20; supported_by_both_modes; recommendation_score=50
QTL8	Chr3-32939969	31.79	Chr3-32894813-15.475085359235539	LOC_Os03g57430	3:32744711-32751063	20	5	*	15.0	0.0	0.0	10.0	*	45.0	RAP_Step2_HNHZ_window200kb.FarmCPUpeak_info	window200kb	LOC_Os03g57430			expressed protein	N	Y	Y	55	pipeline_score=45; farm_logP=31.79; max_variant=20; supported_by_both_modes; recommendation_score=55
QTL8	Chr3-32939969	31.79	Chr3-32894813-15.475085359235539	Os03g0788400	3:32748694-32750265	20	10	*	15.0	0.0	0.0	5.0	*	40.0	RAP_Step2_HNHZ_window200kb.FarmCPUpeak_info	window200kb	Os03g0788400							50	pipeline_score=40; farm_logP=31.79; max_variant=20; supported_by_both_modes; recommendation_score=50
QTL8	Chr3-32939969	31.79	Chr3-32894813-15.475085359235539	LOC_Os03g57450	3:32751649-32755670	5	10	*	15.0	0.0	0.0	15.0	*	40.0	RAP_Step2_HNHZ_window200kb.FarmCPUpeak_info	window200kb	LOC_Os03g57450	OsCPK10	Kinase; abiotic stress; biotic stress; blast; blast disease; defense; defense response; disease; disease resistance; drought; drought tolerance; plasma membrane; protein kinase; reactive oxygen species; resistance; tolerance	CAMK_CAMK_like.2 - CAMK includes calcium/calmodulin depedent protein kinases, expressed	N	Y	Y	55	pipeline_score=40; farm_logP=31.79; max_variant=10; supported_by_both_modes; symbol=OsCPK10; keyword=Kinase; abiotic stress; biotic stress; blast; blast disease; defense; defense response; disease; disease resistance; drought; drought tolerance; plasma membrane; protein kinase; reactive oxygen species; resistance; tolerance; recommendation_score=55
QTL8	Chr3-32939969	31.79	Chr3-32894813-15.475085359235539	Os03g0788550	3:32752656-32755170	5	10	10	15.0	0.0	0.0	10.0	*	35.0	RAP_Step2_HNHZ_window200kb.FarmCPUpeak_info	window200kb	Os03g0788550							43	pipeline_score=35; farm_logP=31.79; max_variant=10; supported_by_both_modes; recommendation_score=43
QTL8	Chr3-32939969	31.79	Chr3-32894813-15.475085359235539	LOC_Os03g57460	3:32757006-32760635	15	10	10	15.0	0.0	0.0	5.0	*	35.0	RAP_Step2_HNHZ_window200kb.FarmCPUpeak_info	window200kb	LOC_Os03g57460			fasciclin domain containing protein, expressed	N	Y	Y	43	pipeline_score=35; farm_logP=31.79; max_variant=15; supported_by_both_modes; recommendation_score=43
QTL8	Chr3-32939969	31.79	Chr3-32894813-15.475085359235539	Os03g0788650	3:32757381-32760425	15	10	10	15.0	0.0	0.0	5.0	*	35.0	RAP_Step2_HNHZ_window200kb.FarmCPUpeak_info	window200kb	Os03g0788650							43	pipeline_score=35; farm_logP=31.79; max_variant=15; supported_by_both_modes; recommendation_score=43
QTL8	Chr3-32939969	31.79	Chr3-32894813-15.475085359235539	LOC_Os03g57470	3:32763160-32766300	25	25	25	15.0	0.0	0.0	0.0	*	40.0	RAP_Step2_HNHZ_window200kb.FarmCPUpeak_info	window200kb	LOC_Os03g57470			retrotransposon protein, putative, unclassified, expressed	Y	Y	Y	50	pipeline_score=40; farm_logP=31.79; max_variant=25; supported_by_both_modes; recommendation_score=50
QTL8	Chr3-32939969	31.79	Chr3-32894813-15.475085359235539	LOC_Os03g57480	3:32766960-32773050	25	25	25	15.0	0.0	0.0	22.0	*	62.0	RAP_Step2_HNHZ_window200kb.FarmCPUpeak_info	window200kb	LOC_Os03g57480			retrotransposon protein, putative, unclassified, expressed	Y	Y	Y	72	pipeline_score=62; farm_logP=31.79; max_variant=25; supported_by_both_modes; recommendation_score=72
QTL8	Chr3-32939969	31.79	Chr3-32894813-15.475085359235539	LOC_Os03g57490	3:32778387-32782857	18	10	20	15.0	0.0	0.0	5.0	*	40.0	RAP_Step2_HNHZ_window200kb.FarmCPUpeak_info	window200kb	LOC_Os03g57490			fasciclin domain containing protein, expressed	N	Y	Y	50	pipeline_score=40; farm_logP=31.79; max_variant=20; supported_by_both_modes; recommendation_score=50
QTL8	Chr3-32939969	31.79	Chr3-32894813-15.475085359235539	LOC_Os03g57500	3:32783306-32787320	20	10	20	15.0	0.0	0.0	18.0	*	53.0	RAP_Step2_HNHZ_window200kb.FarmCPUpeak_info	window200kb	LOC_Os03g57500			zinc finger, C3HC4 type domain containing protein, expressed	N	Y	Y	63	pipeline_score=53; farm_logP=31.79; max_variant=20; supported_by_both_modes; recommendation_score=63
QTL8	Chr3-32939969	31.79	Chr3-32894813-15.475085359235539	LOC_Os03g57510	3:32791645-32794990	5	5	*	15.0	0.0	0.0	18.0	*	38.0	RAP_Step2_HNHZ_window200kb.FarmCPUpeak_info	window200kb	LOC_Os03g57510			CAMK_CAMK_like.23 - CAMK includes calcium/calmodulin depedent protein kinases, expressed	N	Y	Y	43	pipeline_score=38; farm_logP=31.79; max_variant=5; supported_by_both_modes; recommendation_score=43
QTL8	Chr3-32939969	31.79	Chr3-32894813-15.475085359235539	LOC_Os03g57520	3:32798003-32798506	1	5	*	15.0	5.0	0.0	22.0	*	47.0	RAP_Step2_HNHZ_window200kb.FarmCPUpeak_info	window200kb	LOC_Os03g57520			VQ domain containing protein, putative, expressed	N	Y	Y	52	pipeline_score=47; farm_logP=31.79; max_variant=5; supported_by_both_modes; recommendation_score=52
QTL8	Chr3-32939969	31.79	Chr3-32894813-15.475085359235539	LOC_Os03g57530	3:32800592-32802990	20	10	*	15.0	0.0	0.0	10.0	*	45.0	RAP_Step2_HNHZ_window200kb.FarmCPUpeak_info	window200kb	LOC_Os03g57530			DUF593 domain containing protein, expressed	N	Y	Y	55	pipeline_score=45; farm_logP=31.79; max_variant=20; supported_by_both_modes; recommendation_score=55
QTL8	Chr3-32939969	31.79	Chr3-32894813-15.475085359235539	LOC_Os03g57540	3:32810260-32810682	25	25	25	15.0	0.0	0.0	5.0	*	45.0	RAP_Step2_HNHZ_window200kb.FarmCPUpeak_info	window200kb	LOC_Os03g57540			expressed protein	N	Y	Y	55	pipeline_score=45; farm_logP=31.79; max_variant=25; supported_by_both_modes; recommendation_score=55
QTL8	Chr3-32939969	31.79	Chr3-32894813-15.475085359235539	LOC_Os03g57545	3:32811142-32811857	5	10	25	15.0	0.0	0.0	18.0	*	58.0	RAP_Step2_HNHZ_window200kb.FarmCPUpeak_info	window200kb	LOC_Os03g57545			expressed protein	N	Y	Y	68	pipeline_score=58; farm_logP=31.79; max_variant=25; supported_by_both_modes; recommendation_score=68
QTL8	Chr3-32939969	31.79	Chr3-32894813-15.475085359235539	LOC_Os03g57560	3:32813980-32822980	20	25	10	15.0	0.0	0.0	18.0	*	58.0	RAP_Step2_HNHZ_window200kb.FarmCPUpeak_info	window200kb	LOC_Os03g57560			piwi domain containing protein, expressed	N	Y	Y	68	pipeline_score=58; farm_logP=31.79; max_variant=25; supported_by_both_modes; recommendation_score=68
QTL8	Chr3-32939969	31.79	Chr3-32894813-15.475085359235539	LOC_Os03g57569	3:32824996-32828545	20	25	20	15.0	0.0	0.0	10.0	*	50.0	RAP_Step2_HNHZ_window200kb.FarmCPUpeak_info	window200kb	LOC_Os03g57569			expressed protein	N	Y	Y	60	pipeline_score=50; farm_logP=31.79; max_variant=25; supported_by_both_modes; recommendation_score=60
QTL8	Chr3-32939969	31.79	Chr3-32894813-15.475085359235539	LOC_Os03g57580	3:32829131-32832506	20	5	*	15.0	0.0	0.0	18.0	*	53.0	RAP_Step2_HNHZ_window200kb.FarmCPUpeak_info	window200kb	LOC_Os03g57580			expressed protein	N	Y	Y	63	pipeline_score=53; farm_logP=31.79; max_variant=20; supported_by_both_modes; recommendation_score=63
QTL8	Chr3-32939969	31.79	Chr3-32894813-15.475085359235539	LOC_Os03g57600	3:32832645-32834923	20	25	5	15.0	0.0	0.0	10.0	*	50.0	RAP_Step2_HNHZ_window200kb.FarmCPUpeak_info	window200kb	LOC_Os03g57600			expressed protein	N	Y	Y	60	pipeline_score=50; farm_logP=31.79; max_variant=25; supported_by_both_modes; recommendation_score=60
QTL8	Chr3-32939969	31.79	Chr3-32894813-15.475085359235539	Os03g0790000	3:32833204-32834919	20	25	*	15.0	0.0	0.0	5.0	*	45.0	RAP_Step2_HNHZ_window200kb.FarmCPUpeak_info	window200kb	Os03g0790000							55	pipeline_score=45; farm_logP=31.79; max_variant=25; supported_by_both_modes; recommendation_score=55
QTL8	Chr3-32939969	31.79	Chr3-32894813-15.475085359235539	LOC_Os03g57620	3:32845909-32847980	20	5	*	15.0	0.0	0.0	0.0	*	35.0	RAP_Step2_HNHZ_window200kb.FarmCPUpeak_info	window200kb	LOC_Os03g57620			expressed protein	N	Y	Y	45	pipeline_score=35; farm_logP=31.79; max_variant=20; supported_by_both_modes; recommendation_score=45
QTL8	Chr3-32939969	31.79	Chr3-32894813-15.475085359235539	LOC_Os03g57630	3:32849295-32849976	5	5	*	15.0	0.0	0.0	0.0	*	20.0	RAP_Step2_HNHZ_window200kb.FarmCPUpeak_info	window200kb	LOC_Os03g57630			hypothetical protein	N	N	Y	25	pipeline_score=20; farm_logP=31.79; max_variant=5; supported_by_both_modes; recommendation_score=25
QTL8	Chr3-32939969	31.79	Chr3-32894813-15.475085359235539	LOC_Os03g57640	3:32851425-32852782	20	5	*	15.0	0.0	0.0	18.0	*	53.0	RAP_Step2_HNHZ_window200kb.FarmCPUpeak_info	window200kb	LOC_Os03g57640			gibberellin receptor GID1L2, putative, expressed	N	Y	Y	63	pipeline_score=53; farm_logP=31.79; max_variant=20; supported_by_both_modes; recommendation_score=63
QTL8	Chr3-32939969	31.79	Chr3-32894813-15.475085359235539	LOC_Os03g57660	3:32859060-32866608	20	10	20	15.0	0.0	10.0	10.0	*	55.0	RAP_Step2_HNHZ_window200kb.FarmCPUpeak_info	window200kb	LOC_Os03g57660			peptidase, putative, expressed	N	Y	Y	65	pipeline_score=55; farm_logP=31.79; max_variant=20; supported_by_both_modes; recommendation_score=65
QTL8	Chr3-32939969	31.79	Chr3-32894813-15.475085359235539	Os03g0790551	3:32859108-32866526	20	5	*	15.0	0.0	0.0	5.0	*	40.0	RAP_Step2_HNHZ_window200kb.FarmCPUpeak_info	window200kb	Os03g0790551							50	pipeline_score=40; farm_logP=31.79; max_variant=20; supported_by_both_modes; recommendation_score=50
QTL8	Chr3-32939969	31.79	Chr3-32894813-15.475085359235539	LOC_Os03g57670	3:32867637-32869003	5	5	*	15.0	0.0	0.0	5.0	*	25.0	RAP_Step2_HNHZ_window200kb.FarmCPUpeak_info	window200kb	LOC_Os03g57670			DUF260 domain containing protein, putative, expressed	N	Y	Y	30	pipeline_score=25; farm_logP=31.79; max_variant=5; supported_by_both_modes; recommendation_score=30
QTL8	Chr3-32939969	31.79	Chr3-32894813-15.475085359235539	LOC_Os03g57680	3:32869482-32877206	15	25	0	15.0	0.0	0.0	18.0	*	58.0	RAP_Step2_HNHZ_window200kb.FarmCPUpeak_info	window200kb	LOC_Os03g57680			aldehyde oxidase, putative, expressed	N	Y	Y	68	pipeline_score=58; farm_logP=31.79; max_variant=25; supported_by_both_modes; recommendation_score=68
QTL8	Chr3-32939969	31.79	Chr3-32894813-15.475085359235539	Os03g0790801	3:32873016-32873925	15	5	5	15.0	0.0	0.0	10.0	*	40.0	RAP_Step2_HNHZ_window200kb.FarmCPUpeak_info	window200kb	Os03g0790801							48	pipeline_score=40; farm_logP=31.79; max_variant=15; supported_by_both_modes; recommendation_score=48
QTL8	Chr3-32939969	31.79	Chr3-32894813-15.475085359235539	LOC_Os03g57690	3:32879566-32886266	20	5	5	15.0	0.0	0.0	18.0	*	53.0	RAP_Step2_HNHZ_window200kb.FarmCPUpeak_info	window200kb	LOC_Os03g57690			aldehyde oxidase, putative, expressed	N	Y	Y	63	pipeline_score=53; farm_logP=31.79; max_variant=20; supported_by_both_modes; recommendation_score=63
QTL8	Chr3-32939969	31.79	Chr3-32894813-15.475085359235539	Os03g0791050	3:32883443-32884361	5	*	*	15.0	0.0	0.0	10.0	*	30.0	RAP_Step2_HNHZ_window200kb.FarmCPUpeak_info	window200kb	Os03g0791050							35	pipeline_score=30; farm_logP=31.79; max_variant=5; supported_by_both_modes; recommendation_score=35
QTL8	Chr3-32939969	31.79	Chr3-32894813-15.475085359235539	LOC_Os03g57720	3:32897405-32898513	20	25	0	15.0	0.0	0.0	5.0	*	45.0	RAP_Step2_HNHZ_window200kb.FarmCPUpeak_info	window200kb	LOC_Os03g57720			aldehyde oxidase 2, putative, expressed	N	Y	Y	55	pipeline_score=45; farm_logP=31.79; max_variant=25; supported_by_both_modes; recommendation_score=55
QTL8	Chr3-32939969	31.79	Chr3-32894813-15.475085359235539	LOC_Os03g57730	3:32902895-32903400	5	10	5	15.0	5.0	0.0	0.0	abnormal	30.0	RAP_Step2_HNHZ_window200kb.FarmCPUpeak_info	window200kb	LOC_Os03g57730			uclacyanin-2 precursor, putative, expressed	N	Y	Y	41	pipeline_score=30; farm_logP=31.79; max_variant=10; supported_by_both_modes; match=abnormal; recommendation_score=41
QTL8	Chr3-32939969	31.79	Chr3-32894813-15.475085359235539	LOC_Os03g57740	3:32907101-32907737	5	25	*	15.0	0.0	0.0	0.0	*	40.0	RAP_Step2_HNHZ_window200kb.FarmCPUpeak_info	window200kb	LOC_Os03g57740			plastocyanin-like domain containing protein, putative, expressed	N	Y	Y	50	pipeline_score=40; farm_logP=31.79; max_variant=25; supported_by_both_modes; recommendation_score=50
QTL8	Chr3-32939969	31.79	Chr3-32894813-15.475085359235539	LOC_Os03g57750	3:32909844-32910753	*	10	*	15.0	0.0	0.0	10.0	*	35.0	RAP_Step2_HNHZ_window200kb.FarmCPUpeak_info	window200kb	LOC_Os03g57750			expressed protein	N	Y	Y	43	pipeline_score=35; farm_logP=31.79; max_variant=10; supported_by_both_modes; recommendation_score=43
QTL8	Chr3-32939969	31.79	Chr3-32894813-15.475085359235539	LOC_Os03g57760	3:32911203-32915158	20	5	*	15.0	0.0	0.0	15.0	*	50.0	RAP_Step2_HNHZ_window200kb.FarmCPUpeak_info	window200kb	LOC_Os03g57760			25.3 kDa vesicle transport protein, putative, expressed	N	Y	Y	60	pipeline_score=50; farm_logP=31.79; max_variant=20; supported_by_both_modes; recommendation_score=60
QTL8	Chr3-32939969	31.79	Chr3-32894813-15.475085359235539	LOC_Os03g57770	3:32919546-32920235	20	10	25	15.0	0.0	0.0	15.0	*	55.0	RAP_Step2_HNHZ_window200kb.FarmCPUpeak_info	window200kb	LOC_Os03g57770			expressed protein	N	Y	Y	65	pipeline_score=55; farm_logP=31.79; max_variant=25; supported_by_both_modes; recommendation_score=65
QTL8	Chr3-32939969	31.79	Chr3-32894813-15.475085359235539	LOC_Os03g57780	3:32925684-32930693	20	10	*	15.0	0.0	0.0	5.0	*	40.0	RAP_Step2_HNHZ_window200kb.FarmCPUpeak_info	window200kb	LOC_Os03g57780			protein kinase, putative, expressed	N	Y	Y	50	pipeline_score=40; farm_logP=31.79; max_variant=20; supported_by_both_modes; recommendation_score=50
QTL8	Chr3-32939969	31.79	Chr3-32894813-15.475085359235539	LOC_Os03g57790	3:32929811-32935513	5	10	0	15.0	0.0	10.0	15.0	*	50.0	RAP_Step2_HNHZ_window200kb.FarmCPUpeak_info	window200kb	LOC_Os03g57790	OsRad6	cell cycle; meristem; shoot; shoot apical meristem	ubiquitin-conjugating enzyme, putative, expressed	N	Y	Y	65	pipeline_score=50; farm_logP=31.79; max_variant=10; supported_by_both_modes; symbol=OsRad6; keyword=cell cycle; meristem; shoot; shoot apical meristem; recommendation_score=65
QTL8	Chr3-32939969	31.79	Chr3-32894813-15.475085359235539	LOC_Os03g57799	3:32938248-32939508	25	25	25	15.0	0.0	0.0	0.0	*	40.0	RAP_Step2_HNHZ_window200kb.FarmCPUpeak_info	window200kb	LOC_Os03g57799			transposon protein, putative, CACTA, En/Spm sub-class, expressed	Y	Y	Y	50	pipeline_score=40; farm_logP=31.79; max_variant=25; supported_by_both_modes; recommendation_score=50
QTL8	Chr3-32939969	31.79	Chr3-32894813-15.475085359235539	LOC_Os03g57808	3:32939659-32941437	25	25	0	15.0	0.0	0.0	5.0	*	45.0	RAP_Step2_HNHZ_window200kb.FarmCPUpeak_info	window200kb	LOC_Os03g57808			transposon protein, putative, CACTA, En/Spm sub-class, expressed	Y	Y	Y	55	pipeline_score=45; farm_logP=31.79; max_variant=25; supported_by_both_modes; recommendation_score=55
QTL8	Chr3-32939969	31.79	Chr3-32894813-15.475085359235539	LOC_Os03g57820	3:32944341-32947435	25	25	*	15.0	0.0	0.0	0.0	*	40.0	RAP_Step2_HNHZ_window200kb.FarmCPUpeak_info	window200kb	LOC_Os03g57820			transposon protein, putative, CACTA, En/Spm sub-class, expressed	Y	Y	Y	50	pipeline_score=40; farm_logP=31.79; max_variant=25; supported_by_both_modes; recommendation_score=50
QTL8	Chr3-32939969	31.79	Chr3-32894813-15.475085359235539	LOC_Os03g57830	3:32948214-32950895	20	10	*	15.0	0.0	0.0	0.0	*	35.0	RAP_Step2_HNHZ_window200kb.FarmCPUpeak_info	window200kb	LOC_Os03g57830			expressed protein	N	Y	Y	45	pipeline_score=35; farm_logP=31.79; max_variant=20; supported_by_both_modes; recommendation_score=45
QTL8	Chr3-32939969	31.79	Chr3-32894813-15.475085359235539	LOC_Os03g57840	3:32951544-32956889	5	25	*	15.0	0.0	0.0	10.0	*	50.0	RAP_Step2_HNHZ_window200kb.FarmCPUpeak_info	window200kb	LOC_Os03g57840			peptidase M50, mammalian sterol-regulatory element binding protein, putative, expressed	N	Y	Y	60	pipeline_score=50; farm_logP=31.79; max_variant=25; supported_by_both_modes; recommendation_score=60
QTL8	Chr3-32939969	31.79	Chr3-32894813-15.475085359235539	LOC_Os03g57854	3:32957898-32964626	5	10	10	15.0	0.0	0.0	15.0	*	40.0	RAP_Step2_HNHZ_window200kb.FarmCPUpeak_info	window200kb	LOC_Os03g57854			MBTB3 - Bric-a-Brac, Tramtrack, Broad Complex BTB domain with Meprin and TRAF Homology MATH domain, expressed	N	Y	Y	48	pipeline_score=40; farm_logP=31.79; max_variant=10; supported_by_both_modes; recommendation_score=48
QTL8	Chr3-32939969	31.79	Chr3-32894813-15.475085359235539	LOC_Os03g57870	3:32964011-32967777	5	10	*	15.0	0.0	0.0	10.0	*	35.0	RAP_Step2_HNHZ_window200kb.FarmCPUpeak_info	window200kb	LOC_Os03g57870			RFC3 - Putative clamp loader of PCNA, replication factor C subunit 3, expressed	N	Y	Y	43	pipeline_score=35; farm_logP=31.79; max_variant=10; supported_by_both_modes; recommendation_score=43
QTL8	Chr3-32939969	31.79	Chr3-32894813-15.475085359235539	LOC_Os03g57880	3:32970882-32973317	5	10	*	15.0	0.0	0.0	5.0	*	30.0	RAP_Step2_HNHZ_window200kb.FarmCPUpeak_info	window200kb	LOC_Os03g57880			glucan endo-1,3-beta-glucosidase precursor, putative, expressed	N	Y	Y	38	pipeline_score=30; farm_logP=31.79; max_variant=10; supported_by_both_modes; recommendation_score=38
QTL8	Chr3-32939969	31.79	Chr3-32894813-15.475085359235539	Os03g0792850	3:32971897-32972962	5	10	*	15.0	0.0	0.0	5.0	*	30.0	RAP_Step2_HNHZ_window200kb.FarmCPUpeak_info	window200kb	Os03g0792850							38	pipeline_score=30; farm_logP=31.79; max_variant=10; supported_by_both_modes; recommendation_score=38
QTL8	Chr3-32939969	31.79	Chr3-32894813-15.475085359235539	LOC_Os03g57890	3:32974276-32976913	5	10	*	15.0	0.0	0.0	15.0	*	40.0	RAP_Step2_HNHZ_window200kb.FarmCPUpeak_info	window200kb	LOC_Os03g57890	OsSAP6	alkaline stress; alkaline tolerance; breeding; cytoplasm; growth; height; homeostasis; nucleus; plant height; root; root length; salinity; salinity stress; seedling; stress; stress tolerance; tolerance	zinc finger A20 and AN1 domain-containing stress-associated protein, putative, expressed	N	Y	Y	55	pipeline_score=40; farm_logP=31.79; max_variant=10; supported_by_both_modes; symbol=OsSAP6; keyword=alkaline stress; alkaline tolerance; breeding; cytoplasm; growth; height; homeostasis; nucleus; plant height; root; root length; salinity; salinity stress; seedling; stress; stress tolerance; tolerance; recommendation_score=55
QTL8	Chr3-32939969	31.79	Chr3-32894813-15.475085359235539	LOC_Os03g57900	3:32982032-32982969	5	5	5	15.0	0.0	0.0	10.0	*	30.0	RAP_Step2_HNHZ_window200kb.FarmCPUpeak_info	window200kb	LOC_Os03g57900	OsiSAP7	ABA; Ubiquitin; abiotic stress; biotic stress; nucleus; stress; stress response	zinc finger A20 and AN1 domain-containing stress-associated protein, putative, expressed	N	Y	Y	42	pipeline_score=30; farm_logP=31.79; max_variant=5; supported_by_both_modes; symbol=OsiSAP7; keyword=ABA; Ubiquitin; abiotic stress; biotic stress; nucleus; stress; stress response; recommendation_score=42
QTL8	Chr3-32939969	31.79	Chr3-32894813-15.475085359235539	LOC_Os03g57910	3:32984514-32986166	25	25	20	15.0	0.0	0.0	10.0	*	50.0	RAP_Step2_HNHZ_window200kb.FarmCPUpeak_info	window200kb	LOC_Os03g57910			expressed protein	N	Y	Y	60	pipeline_score=50; farm_logP=31.79; max_variant=25; supported_by_both_modes; recommendation_score=60
QTL8	Chr3-32939969	31.79	Chr3-32894813-15.475085359235539	LOC_Os03g57920	3:32987043-32988118	15	5	5	15.0	0.0	0.0	0.0	*	30.0	RAP_Step2_HNHZ_window200kb.FarmCPUpeak_info	window200kb	LOC_Os03g57920			AN1-like zinc finger domain containing protein, expressed	N	Y	Y	38	pipeline_score=30; farm_logP=31.79; max_variant=15; supported_by_both_modes; recommendation_score=38
QTL8	Chr3-32939969	31.79	Chr3-32894813-15.475085359235539	LOC_Os03g57930	3:32989034-32989915	15	25	0	15.0	0.0	0.0	0.0	*	40.0	RAP_Step2_HNHZ_window200kb.FarmCPUpeak_info	window200kb	LOC_Os03g57930			expressed protein	N	Y	Y	50	pipeline_score=40; farm_logP=31.79; max_variant=25; supported_by_both_modes; recommendation_score=50
QTL8	Chr3-32939969	31.79	Chr3-32894813-15.475085359235539	Os03g0793450	3:32994431-32996265	20	5	*	15.0	0.0	0.0	5.0	*	40.0	RAP_Step2_HNHZ_window200kb.FarmCPUpeak_info	window200kb	Os03g0793450							50	pipeline_score=40; farm_logP=31.79; max_variant=20; supported_by_both_modes; recommendation_score=50
QTL8	Chr3-32939969	31.79	Chr3-32894813-15.475085359235539	LOC_Os03g57940	3:32999502-33006898	20	10	5	15.0	0.0	0.0	15.0	*	50.0	RAP_Step2_HNHZ_window200kb.FarmCPUpeak_info	window200kb	LOC_Os03g57940	CKI|EL1|Hd16	GA; Kinase; anther; anther development; development; dwarf; fertility; flower; flowering time; ga; gibberellin; grain; grain yield; heading date; meiosis; seed; spikelet; sterile; transcription factor; transcriptional regulator; yield	CK1_CaseinKinase_1a.4 - CK1 includes the casein kinase 1 kinases, expressed	N	Y	Y	67	pipeline_score=50; farm_logP=31.79; max_variant=20; supported_by_both_modes; symbol=CKI|EL1|Hd16; keyword=GA; Kinase; anther; anther development; development; dwarf; fertility; flower; flowering time; ga; gibberellin; grain; grain yield; heading date; meiosis; seed; spikelet; sterile; transcription factor; transcriptional regulator; yield; recommendation_score=67
QTL8	Chr3-32939969	31.79	Chr3-32894813-15.475085359235539	Os03g0793550	3:33001509-33004482	20	*	*	15.0	0.0	0.0	5.0	*	40.0	RAP_Step2_HNHZ_window200kb.FarmCPUpeak_info	window200kb	Os03g0793550							50	pipeline_score=40; farm_logP=31.79; max_variant=20; supported_by_both_modes; recommendation_score=50
QTL8	Chr3-32939969	31.79	Chr3-32894813-15.475085359235539	LOC_Os03g57950	3:33010955-33014396	5	10	*	15.0	0.0	0.0	15.0	*	40.0	RAP_Step2_HNHZ_window200kb.FarmCPUpeak_info	window200kb	LOC_Os03g57950			type I inositol-1,4,5-trisphosphate 5-phosphatase, putative, expressed	N	Y	Y	48	pipeline_score=40; farm_logP=31.79; max_variant=10; supported_by_both_modes; recommendation_score=48
QTL8	Chr3-32939969	31.79	Chr3-32894813-15.475085359235539	LOC_Os03g57960	3:33020035-33022949	20	25	5	15.0	0.0	0.0	5.0	*	45.0	RAP_Step2_HNHZ_window200kb.FarmCPUpeak_info	window200kb	LOC_Os03g57960			cupin domain containing protein, expressed	N	Y	Y	55	pipeline_score=45; farm_logP=31.79; max_variant=25; supported_by_both_modes; recommendation_score=55
QTL8	Chr3-32939969	31.79	Chr3-32894813-15.475085359235539	LOC_Os03g57970	3:33022996-33024100	5	5	0	15.0	0.0	0.0	5.0	*	25.0	RAP_Step2_HNHZ_window200kb.FarmCPUpeak_info	window200kb	LOC_Os03g57970			LTPL73 - Protease inhibitor/seed storage/LTP family protein precursor, expressed	N	Y	Y	30	pipeline_score=25; farm_logP=31.79; max_variant=5; supported_by_both_modes; recommendation_score=30
QTL8	Chr3-32939969	31.79	Chr3-32894813-15.475085359235539	LOC_Os03g57980	3:33025902-33027430	5	10	0	15.0	0.0	0.0	5.0	*	30.0	RAP_Step2_HNHZ_window200kb.FarmCPUpeak_info	window200kb	LOC_Os03g57980			LTPL99 - Protease inhibitor/seed storage/LTP family protein precursor, expressed	N	Y	Y	38	pipeline_score=30; farm_logP=31.79; max_variant=10; supported_by_both_modes; recommendation_score=38
QTL8	Chr3-32939969	31.79	Chr3-32894813-15.475085359235539	Os03g0793950	3:33027987-33028460	5	5	*	15.0	0.0	0.0	5.0	*	25.0	RAP_Step2_HNHZ_window200kb.FarmCPUpeak_info	window200kb	Os03g0793950							30	pipeline_score=25; farm_logP=31.79; max_variant=5; supported_by_both_modes; recommendation_score=30
QTL8	Chr3-32939969	31.79	Chr3-32894813-15.475085359235539	LOC_Os03g57990	3:33028009-33029181	20	10	10	15.0	0.0	0.0	5.0	*	40.0	RAP_Step2_HNHZ_window200kb.FarmCPUpeak_info	window200kb	LOC_Os03g57990			LTPL74 - Protease inhibitor/seed storage/LTP family protein precursor, expressed	N	Y	Y	50	pipeline_score=40; farm_logP=31.79; max_variant=20; supported_by_both_modes; recommendation_score=50
QTL8	Chr3-32939969	31.79	Chr3-32894813-15.475085359235539	LOC_Os03g58000	3:33031121-33032581	20	25	25	15.0	5.0	0.0	20.0	*	65.0	RAP_Step2_HNHZ_window200kb.FarmCPUpeak_info	window200kb	LOC_Os03g58000			expressed protein	N	Y	Y	75	pipeline_score=65; farm_logP=31.79; max_variant=25; supported_by_both_modes; recommendation_score=75
QTL8	Chr3-32939969	31.79	Chr3-32894813-15.475085359235539	LOC_Os03g58010	3:33034668-33035629	5	10	5	15.0	0.0	0.0	22.0	*	47.0	RAP_Step2_HNHZ_window200kb.FarmCPUpeak_info	window200kb	LOC_Os03g58010			acetyltransferase, GNAT family, putative, expressed	N	Y	Y	55	pipeline_score=47; farm_logP=31.79; max_variant=10; supported_by_both_modes; recommendation_score=55
QTL8	Chr3-32939969	31.79	Chr3-32894813-15.475085359235539	LOC_Os03g58020	3:33036315-33037134	5	10	0	15.0	0.0	0.0	18.0	*	43.0	RAP_Step2_HNHZ_window200kb.FarmCPUpeak_info	window200kb	LOC_Os03g58020			acetyltransferase, GNAT family, putative, expressed	N	Y	Y	51	pipeline_score=43; farm_logP=31.79; max_variant=10; supported_by_both_modes; recommendation_score=51
QTL8	Chr3-32939969	31.79	Chr3-32894813-15.475085359235539	LOC_Os03g58030	3:33037473-33037982	5	10	5	15.0	0.0	0.0	5.0	*	30.0	RAP_Step2_HNHZ_window200kb.FarmCPUpeak_info	window200kb	LOC_Os03g58030			acetyltransferase, GNAT family, putative, expressed	N	Y	Y	38	pipeline_score=30; farm_logP=31.79; max_variant=10; supported_by_both_modes; recommendation_score=38
QTL8	Chr3-32939969	31.79	Chr3-32894813-15.475085359235539	LOC_Os03g58040	3:33038041-33043335	5	10	*	15.0	0.0	0.0	15.0	*	40.0	RAP_Step2_HNHZ_window200kb.FarmCPUpeak_info	window200kb	LOC_Os03g58040			glutamate dehydrogenase protein, putative, expressed	N	Y	Y	48	pipeline_score=40; farm_logP=31.79; max_variant=10; supported_by_both_modes; recommendation_score=48
QTL8	Chr3-32939969	31.79	Chr3-32894813-15.475085359235539	LOC_Os03g58050	3:33045522-33047410	5	10	0	15.0	0.0	0.0	10.0	*	35.0	RAP_Step2_HNHZ_window200kb.FarmCPUpeak_info	window200kb	LOC_Os03g58050			ribosomal protein S13p/S18e, putative, expressed	N	Y	Y	43	pipeline_score=35; farm_logP=31.79; max_variant=10; supported_by_both_modes; recommendation_score=43
QTL8	Chr3-32939969	31.79	Chr3-32894813-15.475085359235539	LOC_Os03g58060	3:33049333-33060421	20	10	5	15.0	0.0	0.0	15.0	*	50.0	RAP_Step2_HNHZ_window200kb.FarmCPUpeak_info	window200kb	LOC_Os03g58060			XRN 5'-3' exonuclease N-terminus domain containing protein, expressed	N	Y	Y	60	pipeline_score=50; farm_logP=31.79; max_variant=20; supported_by_both_modes; recommendation_score=60
QTL8	Chr3-32939969	31.79	Chr3-32894813-15.475085359235539	LOC_Os03g58070	3:33061357-33065192	20	25	0	15.0	0.0	0.0	10.0	*	50.0	RAP_Step2_HNHZ_window200kb.FarmCPUpeak_info	window200kb	LOC_Os03g58070			frigida, putative, expressed	N	Y	Y	60	pipeline_score=50; farm_logP=31.79; max_variant=25; supported_by_both_modes; recommendation_score=60
QTL8	Chr3-32939969	31.79	Chr3-32894813-15.475085359235539	LOC_Os03g58080	3:33065377-33070874	20	10	*	15.0	0.0	0.0	18.0	*	53.0	RAP_Step2_HNHZ_window200kb.FarmCPUpeak_info	window200kb	LOC_Os03g58080			BT1 family protein, putative, expressed	N	Y	Y	63	pipeline_score=53; farm_logP=31.79; max_variant=20; supported_by_both_modes; recommendation_score=63
QTL8	Chr3-32939969	31.79	Chr3-32894813-15.475085359235539	LOC_Os03g58090	3:33071716-33074593	20	25	10	15.0	0.0	0.0	20.0	*	60.0	RAP_Step2_HNHZ_window200kb.FarmCPUpeak_info	window200kb	LOC_Os03g58090			expressed protein	N	Y	Y	70	pipeline_score=60; farm_logP=31.79; max_variant=25; supported_by_both_modes; recommendation_score=70
QTL8	Chr3-32939969	31.79	Chr3-32894813-15.475085359235539	LOC_Os03g58100	3:33078794-33080823	5	10	10	15.0	0.0	0.0	15.0	*	40.0	RAP_Step2_HNHZ_window200kb.FarmCPUpeak_info	window200kb	LOC_Os03g58100			pentatricopeptide, putative, expressed	N	Y	Y	48	pipeline_score=40; farm_logP=31.79; max_variant=10; supported_by_both_modes; recommendation_score=48
QTL8	Chr3-32939969	31.79	Chr3-32894813-15.475085359235539	LOC_Os03g58110	3:33083781-33085552	20	5	*	15.0	0.0	0.0	18.0	*	53.0	RAP_Step2_HNHZ_window200kb.FarmCPUpeak_info	window200kb	LOC_Os03g58110			uncharacterized protein At4g06744 precursor, putative, expressed	N	Y	Y	63	pipeline_score=53; farm_logP=31.79; max_variant=20; supported_by_both_modes; recommendation_score=63
QTL8	Chr3-32939969	31.79	Chr3-32894813-15.475085359235539	Os03g0795350	3:33084045-33085424	20	5	*	15.0	0.0	0.0	5.0	*	40.0	RAP_Step2_HNHZ_window200kb.FarmCPUpeak_info	window200kb	Os03g0795350							50	pipeline_score=40; farm_logP=31.79; max_variant=20; supported_by_both_modes; recommendation_score=50
QTL8	Chr3-32939969	31.79	Chr3-32894813-15.475085359235539	LOC_Os03g58120	3:33091454-33095134	20	5	*	15.0	0.0	0.0	15.0	*	50.0	RAP_Step2_HNHZ_window200kb.FarmCPUpeak_info	window200kb	LOC_Os03g58120			PPR repeat domain containing protein, putative, expressed	N	Y	Y	60	pipeline_score=50; farm_logP=31.79; max_variant=20; supported_by_both_modes; recommendation_score=60
QTL8	Chr3-32939969	31.79	Chr3-32894813-15.475085359235539	LOC_Os03g58130	3:33096171-33099765	5	5	*	15.0	0.0	0.0	15.0	*	35.0	RAP_Step2_HNHZ_window200kb.FarmCPUpeak_info	window200kb	LOC_Os03g58130			thioredoxin, putative, expressed	N	Y	Y	40	pipeline_score=35; farm_logP=31.79; max_variant=5; supported_by_both_modes; recommendation_score=40
QTL8	Chr3-32939969	31.79	Chr3-32894813-15.475085359235539	LOC_Os03g58140	3:33098873-33101484	20	10	*	15.0	0.0	0.0	10.0	*	45.0	RAP_Step2_HNHZ_window200kb.FarmCPUpeak_info	window200kb	LOC_Os03g58140			transmembrane BAX inhibitor motif-containing protein, putative, expressed	N	Y	Y	55	pipeline_score=45; farm_logP=31.79; max_variant=20; supported_by_both_modes; recommendation_score=55
QTL8	Chr3-32939969	31.79	Chr3-32894813-15.475085359235539	LOC_Os03g58150	3:33103022-33105443	5	10	*	15.0	0.0	0.0	15.0	*	40.0	RAP_Step2_HNHZ_window200kb.FarmCPUpeak_info	window200kb	LOC_Os03g58150			transmembrane BAX inhibitor motif-containing protein, putative, expressed	N	Y	Y	48	pipeline_score=40; farm_logP=31.79; max_variant=10; supported_by_both_modes; recommendation_score=48
QTL8	Chr3-32939969	31.79	Chr3-32894813-15.475085359235539	LOC_Os03g58160	3:33105828-33109091	1	10	*	15.0	0.0	0.0	10.0	*	35.0	RAP_Step2_HNHZ_window200kb.FarmCPUpeak_info	window200kb	LOC_Os03g58160	OsHsfA2e	breeding; seedling; temperature; transcription factor	heat stress transcription factor, putative, expressed	N	Y	Y	50	pipeline_score=35; farm_logP=31.79; max_variant=10; supported_by_both_modes; symbol=OsHsfA2e; keyword=breeding; seedling; temperature; transcription factor; recommendation_score=50
QTL8	Chr3-32939969	31.79	Chr3-32894813-15.475085359235539	LOC_Os03g58170	3:33110648-33118318	18	10	10	15.0	0.0	0.0	10.0	*	43.0	RAP_Step2_HNHZ_window200kb.FarmCPUpeak_info	window200kb	LOC_Os03g58170			stem-specific protein TSJT1, putative, expressed	N	Y	Y	51	pipeline_score=43; farm_logP=31.79; max_variant=18; supported_by_both_modes; recommendation_score=51
QTL8	Chr3-32939969	31.79	Chr3-32894813-15.475085359235539	LOC_Os03g58180	3:33137576-33138019	5	5	0	15.0	0.0	0.0	5.0	*	25.0	RAP_Step2_HNHZ_window200kb.FarmCPUpeak_info	window200kb	LOC_Os03g58180			basic proline-rich protein precursor, putative, expressed	N	Y	Y	30	pipeline_score=25; farm_logP=31.79; max_variant=5; supported_by_both_modes; recommendation_score=30
QTL8	Chr3-32939969	31.79	Chr3-32894813-15.475085359235539	LOC_Os03g58190	3:33138564-33141520	20	10	*	15.0	0.0	0.0	18.0	*	53.0	RAP_Step2_HNHZ_window200kb.FarmCPUpeak_info	window200kb	LOC_Os03g58190			expressed protein	N	Y	Y	63	pipeline_score=53; farm_logP=31.79; max_variant=20; supported_by_both_modes; recommendation_score=63
QTL9	Chr4-3158226	8.77	*	LOC_Os04g05760	4:2956309-2958247	20	5	20	2.0	0.0	0.0	0.0	*	22.0	RAP_Step2_HNHZ_window200kb.FarmCPUpeak_info	window200kb	LOC_Os04g05760			expressed protein	N	Y	Y	27	pipeline_score=22; farm_logP=8.77; max_variant=20; recommendation_score=27
QTL9	Chr4-3158226	8.77	*	LOC_Os04g05770	4:2959557-2963815	20	25	25	2.0	0.0	0.0	15.0	*	42.0	RAP_Step2_HNHZ_window200kb.FarmCPUpeak_info	window200kb	LOC_Os04g05770			expressed protein	N	Y	Y	47	pipeline_score=42; farm_logP=8.77; max_variant=25; recommendation_score=47
QTL9	Chr4-3158226	8.77	*	Os04g0143566	4:2959879-2961549	20	5	*	2.0	0.0	0.0	5.0	*	27.0	RAP_Step2_HNHZ_window200kb.FarmCPUpeak_info	window200kb	Os04g0143566							32	pipeline_score=27; farm_logP=8.77; max_variant=20; recommendation_score=32
QTL9	Chr4-3158226	8.77	*	LOC_Os04g05780	4:2966189-2968522	20	25	25	2.0	0.0	0.0	0.0	*	27.0	RAP_Step2_HNHZ_window200kb.FarmCPUpeak_info	window200kb	LOC_Os04g05780			expressed protein	N	Y	Y	32	pipeline_score=27; farm_logP=8.77; max_variant=25; recommendation_score=32
QTL9	Chr4-3158226	8.77	*	LOC_Os04g05790	4:2971881-2973962	25	5	*	2.0	0.0	0.0	0.0	*	27.0	RAP_Step2_HNHZ_window200kb.FarmCPUpeak_info	window200kb	LOC_Os04g05790			retrotransposon protein, putative, unclassified	Y	N	Y	32	pipeline_score=27; farm_logP=8.77; max_variant=25; recommendation_score=32
QTL9	Chr4-3158226	8.77	*	LOC_Os04g05800	4:2975226-2981383	25	25	5	2.0	0.0	0.0	0.0	*	27.0	RAP_Step2_HNHZ_window200kb.FarmCPUpeak_info	window200kb	LOC_Os04g05800			retrotransposon protein, putative, unclassified, expressed	Y	Y	Y	32	pipeline_score=27; farm_logP=8.77; max_variant=25; recommendation_score=32
QTL9	Chr4-3158226	8.77	*	Os04g0143932	4:2983918-2984361	20	5	*	2.0	0.0	0.0	0.0	*	22.0	RAP_Step2_HNHZ_window200kb.FarmCPUpeak_info	window200kb	Os04g0143932							27	pipeline_score=22; farm_logP=8.77; max_variant=20; recommendation_score=27
QTL9	Chr4-3158226	8.77	*	LOC_Os04g05810	4:2984483-2985224	25	25	*	2.0	0.0	0.0	0.0	*	27.0	RAP_Step2_HNHZ_window200kb.FarmCPUpeak_info	window200kb	LOC_Os04g05810			retrotransposon protein, putative, unclassified	Y	N	Y	32	pipeline_score=27; farm_logP=8.77; max_variant=25; recommendation_score=32
QTL9	Chr4-3158226	8.77	*	LOC_Os04g05820	4:2989681-2993684	25	25	25	2.0	0.0	0.0	0.0	*	27.0	RAP_Step2_HNHZ_window200kb.FarmCPUpeak_info	window200kb	LOC_Os04g05820			retrotransposon protein, putative, unclassified, expressed	Y	Y	Y	32	pipeline_score=27; farm_logP=8.77; max_variant=25; recommendation_score=32
QTL9	Chr4-3158226	8.77	*	LOC_Os04g05830	4:2995663-2996175	5	5	25	2.0	0.0	0.0	0.0	*	27.0	RAP_Step2_HNHZ_window200kb.FarmCPUpeak_info	window200kb	LOC_Os04g05830			retrotransposon, putative, centromere-specific	Y	N	Y	32	pipeline_score=27; farm_logP=8.77; max_variant=25; recommendation_score=32
QTL9	Chr4-3158226	8.77	*	LOC_Os04g05840	4:2999056-3003624	20	5	*	2.0	0.0	0.0	0.0	*	22.0	RAP_Step2_HNHZ_window200kb.FarmCPUpeak_info	window200kb	LOC_Os04g05840			retrotransposon protein, putative, unclassified, expressed	Y	Y	Y	27	pipeline_score=22; farm_logP=8.77; max_variant=20; recommendation_score=27
QTL9	Chr4-3158226	8.77	*	LOC_Os04g05850	4:3006511-3007140	25	25	*	2.0	0.0	0.0	0.0	*	27.0	RAP_Step2_HNHZ_window200kb.FarmCPUpeak_info	window200kb	LOC_Os04g05850			hypothetical protein	Y	N	Y	32	pipeline_score=27; farm_logP=8.77; max_variant=25; recommendation_score=32
QTL9	Chr4-3158226	8.77	*	LOC_Os04g05860	4:3014189-3015983	5	5	*	2.0	0.0	0.0	0.0	*	7.0	RAP_Step2_HNHZ_window200kb.FarmCPUpeak_info	window200kb	LOC_Os04g05860			transposon protein, putative, CACTA, En/Spm sub-class, expressed	Y	Y	Y	7	pipeline_score=7; farm_logP=8.77; max_variant=5; recommendation_score=7
QTL9	Chr4-3158226	8.77	*	LOC_Os04g05870	4:3018535-3018831	25	25	*	2.0	0.0	0.0	0.0	*	27.0	RAP_Step2_HNHZ_window200kb.FarmCPUpeak_info	window200kb	LOC_Os04g05870			expressed protein	N	Y	Y	32	pipeline_score=27; farm_logP=8.77; max_variant=25; recommendation_score=32
QTL9	Chr4-3158226	8.77	*	LOC_Os04g05880	4:3023381-3036511	25	25	*	2.0	0.0	0.0	5.0	*	32.0	RAP_Step2_HNHZ_window200kb.FarmCPUpeak_info	window200kb	LOC_Os04g05880			transposon protein, putative, CACTA, En/Spm sub-class, expressed	Y	Y	Y	37	pipeline_score=32; farm_logP=8.77; max_variant=25; recommendation_score=37
QTL9	Chr4-3158226	8.77	*	LOC_Os04g05890	4:3043319-3046347	25	25	*	2.0	0.0	0.0	0.0	*	27.0	RAP_Step2_HNHZ_window200kb.FarmCPUpeak_info	window200kb	LOC_Os04g05890			retrotransposon protein, putative, unclassified, expressed	Y	Y	Y	32	pipeline_score=27; farm_logP=8.77; max_variant=25; recommendation_score=32
QTL9	Chr4-3158226	8.77	*	LOC_Os04g05900	4:3050653-3056358	25	25	*	2.0	0.0	0.0	5.0	*	32.0	RAP_Step2_HNHZ_window200kb.FarmCPUpeak_info	window200kb	LOC_Os04g05900			retrotransposon protein, putative, Ty3-gypsy subclass, expressed	Y	Y	Y	37	pipeline_score=32; farm_logP=8.77; max_variant=25; recommendation_score=37
QTL9	Chr4-3158226	8.77	*	LOC_Os04g05910	4:3056884-3057108	20	25	*	2.0	0.0	0.0	0.0	*	27.0	RAP_Step2_HNHZ_window200kb.FarmCPUpeak_info	window200kb	LOC_Os04g05910			expressed protein	N	Y	Y	32	pipeline_score=27; farm_logP=8.77; max_variant=25; recommendation_score=32
QTL9	Chr4-3158226	8.77	*	LOC_Os04g05920	4:3063800-3066392	25	25	0	2.0	0.0	0.0	0.0	*	27.0	RAP_Step2_HNHZ_window200kb.FarmCPUpeak_info	window200kb	LOC_Os04g05920			transposon protein, putative, CACTA, En/Spm sub-class, expressed	Y	Y	Y	32	pipeline_score=27; farm_logP=8.77; max_variant=25; recommendation_score=32
QTL9	Chr4-3158226	8.77	*	LOC_Os04g05930	4:3068001-3069700	25	25	*	2.0	0.0	0.0	0.0	*	27.0	RAP_Step2_HNHZ_window200kb.FarmCPUpeak_info	window200kb	LOC_Os04g05930			transposon protein, putative, CACTA, En/Spm sub-class	Y	N	Y	32	pipeline_score=27; farm_logP=8.77; max_variant=25; recommendation_score=32
QTL9	Chr4-3158226	8.77	*	LOC_Os04g05940	4:3070040-3071674	25	25	25	2.0	0.0	0.0	0.0	*	27.0	RAP_Step2_HNHZ_window200kb.FarmCPUpeak_info	window200kb	LOC_Os04g05940			transposon protein, putative, CACTA, En/Spm sub-class, expressed	Y	Y	Y	32	pipeline_score=27; farm_logP=8.77; max_variant=25; recommendation_score=32
QTL9	Chr4-3158226	8.77	*	LOC_Os04g05950	4:3082133-3083457	20	25	*	2.0	0.0	0.0	5.0	*	32.0	RAP_Step2_HNHZ_window200kb.FarmCPUpeak_info	window200kb	LOC_Os04g05950			expressed protein	N	Y	Y	37	pipeline_score=32; farm_logP=8.77; max_variant=25; recommendation_score=37
QTL9	Chr4-3158226	8.77	*	LOC_Os04g05960	4:3085870-3088622	25	25	*	2.0	0.0	0.0	0.0	*	27.0	RAP_Step2_HNHZ_window200kb.FarmCPUpeak_info	window200kb	LOC_Os04g05960			retrotransposon protein, putative, Ty3-gypsy subclass	Y	N	Y	32	pipeline_score=27; farm_logP=8.77; max_variant=25; recommendation_score=32
QTL9	Chr4-3158226	8.77	*	LOC_Os04g05970	4:3088888-3093309	25	25	*	2.0	0.0	0.0	5.0	*	32.0	RAP_Step2_HNHZ_window200kb.FarmCPUpeak_info	window200kb	LOC_Os04g05970			retrotransposon protein, putative, Ty3-gypsy subclass, expressed	Y	Y	Y	37	pipeline_score=32; farm_logP=8.77; max_variant=25; recommendation_score=37
QTL9	Chr4-3158226	8.77	*	LOC_Os04g05980	4:3097133-3099347	25	25	*	2.0	0.0	0.0	0.0	*	27.0	RAP_Step2_HNHZ_window200kb.FarmCPUpeak_info	window200kb	LOC_Os04g05980			transposon protein, putative, CACTA, En/Spm sub-class, expressed	Y	Y	Y	32	pipeline_score=27; farm_logP=8.77; max_variant=25; recommendation_score=32
QTL9	Chr4-3158226	8.77	*	LOC_Os04g05990	4:3099840-3100871	25	25	*	2.0	0.0	0.0	0.0	*	27.0	RAP_Step2_HNHZ_window200kb.FarmCPUpeak_info	window200kb	LOC_Os04g05990			transposon protein, putative, CACTA, En/Spm sub-class	Y	N	Y	32	pipeline_score=27; farm_logP=8.77; max_variant=25; recommendation_score=32
QTL9	Chr4-3158226	8.77	*	LOC_Os04g06000	4:3103481-3112586	25	25	*	2.0	0.0	0.0	5.0	*	32.0	RAP_Step2_HNHZ_window200kb.FarmCPUpeak_info	window200kb	LOC_Os04g06000			transposon protein, putative, CACTA, En/Spm sub-class, expressed	Y	Y	Y	37	pipeline_score=32; farm_logP=8.77; max_variant=25; recommendation_score=37
QTL9	Chr4-3158226	8.77	*	Os04g0144266	4:3113203-3113392	*	*	*	2.0	0.0	0.0	0.0	*	2.0	RAP_Step2_HNHZ_window200kb.FarmCPUpeak_info	window200kb	Os04g0144266							2	pipeline_score=2; farm_logP=8.77; recommendation_score=2
QTL9	Chr4-3158226	8.77	*	LOC_Os04g06010	4:3115620-3118952	20	25	*	2.0	0.0	0.0	5.0	*	32.0	RAP_Step2_HNHZ_window200kb.FarmCPUpeak_info	window200kb	LOC_Os04g06010			transposon protein, putative, CACTA, En/Spm sub-class, expressed	Y	Y	Y	37	pipeline_score=32; farm_logP=8.77; max_variant=25; recommendation_score=37
QTL9	Chr4-3158226	8.77	*	LOC_Os04g06020	4:3122004-3122907	5	10	10	2.0	0.0	0.0	0.0	*	12.0	RAP_Step2_HNHZ_window200kb.FarmCPUpeak_info	window200kb	LOC_Os04g06020			transposon protein, putative, CACTA, En/Spm sub-class	Y	N	Y	15	pipeline_score=12; farm_logP=8.77; max_variant=10; recommendation_score=15
QTL9	Chr4-3158226	8.77	*	LOC_Os04g06030	4:3125753-3128696	25	25	*	2.0	0.0	0.0	5.0	*	32.0	RAP_Step2_HNHZ_window200kb.FarmCPUpeak_info	window200kb	LOC_Os04g06030			transposon protein, putative, CACTA, En/Spm sub-class, expressed	Y	Y	Y	37	pipeline_score=32; farm_logP=8.77; max_variant=25; recommendation_score=37
QTL9	Chr4-3158226	8.77	*	LOC_Os04g06050	4:3139438-3141318	25	25	*	2.0	0.0	0.0	0.0	*	27.0	RAP_Step2_HNHZ_window200kb.FarmCPUpeak_info	window200kb	LOC_Os04g06050			expressed protein	N	Y	Y	32	pipeline_score=27; farm_logP=8.77; max_variant=25; recommendation_score=32
QTL9	Chr4-3158226	8.77	*	LOC_Os04g06070	4:3150930-3157620	25	25	*	2.0	0.0	0.0	5.0	*	32.0	RAP_Step2_HNHZ_window200kb.FarmCPUpeak_info	window200kb	LOC_Os04g06070			retrotransposon protein, putative, Ty3-gypsy subclass, expressed	Y	Y	Y	37	pipeline_score=32; farm_logP=8.77; max_variant=25; recommendation_score=37
QTL9	Chr4-3158226	8.77	*	LOC_Os04g06080	4:3157905-3162338	25	25	*	2.0	0.0	0.0	5.0	*	32.0	RAP_Step2_HNHZ_window200kb.FarmCPUpeak_info	window200kb	LOC_Os04g06080			retrotransposon protein, putative, Ty3-gypsy subclass, expressed	Y	Y	Y	37	pipeline_score=32; farm_logP=8.77; max_variant=25; recommendation_score=37
QTL9	Chr4-3158226	8.77	*	LOC_Os04g06090	4:3165209-3166884	20	25	*	2.0	0.0	0.0	0.0	*	27.0	RAP_Step2_HNHZ_window200kb.FarmCPUpeak_info	window200kb	LOC_Os04g06090			cysteine-rich receptor-like protein kinase 37 precursor, putative, expressed	N	Y	Y	32	pipeline_score=27; farm_logP=8.77; max_variant=25; recommendation_score=32
QTL9	Chr4-3158226	8.77	*	LOC_Os04g06100	4:3167317-3170383	25	25	*	2.0	0.0	0.0	0.0	*	27.0	RAP_Step2_HNHZ_window200kb.FarmCPUpeak_info	window200kb	LOC_Os04g06100			transposon protein, putative, CACTA, En/Spm sub-class	Y	N	Y	32	pipeline_score=27; farm_logP=8.77; max_variant=25; recommendation_score=32
QTL9	Chr4-3158226	8.77	*	LOC_Os04g06110	4:3172266-3176786	25	25	*	2.0	0.0	0.0	0.0	*	27.0	RAP_Step2_HNHZ_window200kb.FarmCPUpeak_info	window200kb	LOC_Os04g06110			retrotransposon protein, putative, Ty3-gypsy subclass, expressed	Y	Y	Y	32	pipeline_score=27; farm_logP=8.77; max_variant=25; recommendation_score=32
QTL9	Chr4-3158226	8.77	*	LOC_Os04g06120	4:3181860-3183062	25	25	*	2.0	0.0	0.0	0.0	*	27.0	RAP_Step2_HNHZ_window200kb.FarmCPUpeak_info	window200kb	LOC_Os04g06120			retrotransposon protein, putative, Ty3-gypsy subclass, expressed	Y	Y	Y	32	pipeline_score=27; farm_logP=8.77; max_variant=25; recommendation_score=32
QTL9	Chr4-3158226	8.77	*	LOC_Os04g06130	4:3184595-3192078	25	25	*	2.0	0.0	0.0	5.0	*	32.0	RAP_Step2_HNHZ_window200kb.FarmCPUpeak_info	window200kb	LOC_Os04g06130			retrotransposon protein, putative, Ty3-gypsy subclass, expressed	Y	Y	Y	37	pipeline_score=32; farm_logP=8.77; max_variant=25; recommendation_score=37
QTL9	Chr4-3158226	8.77	*	LOC_Os04g06144	4:3193463-3206081	25	25	*	2.0	0.0	0.0	5.0	*	32.0	RAP_Step2_HNHZ_window200kb.FarmCPUpeak_info	window200kb	LOC_Os04g06144			retrotransposon protein, putative, Ty3-gypsy subclass, expressed	Y	Y	Y	37	pipeline_score=32; farm_logP=8.77; max_variant=25; recommendation_score=37
QTL9	Chr4-3158226	8.77	*	LOC_Os04g06160	4:3207212-3208166	20	25	*	2.0	0.0	0.0	5.0	*	32.0	RAP_Step2_HNHZ_window200kb.FarmCPUpeak_info	window200kb	LOC_Os04g06160			retrotransposon protein, putative, Ty3-gypsy subclass, expressed	Y	Y	Y	37	pipeline_score=32; farm_logP=8.77; max_variant=25; recommendation_score=37
QTL9	Chr4-3158226	8.77	*	LOC_Os04g06170	4:3212747-3213232	25	25	25	2.0	0.0	0.0	0.0	*	27.0	RAP_Step2_HNHZ_window200kb.FarmCPUpeak_info	window200kb	LOC_Os04g06170			expressed protein	Y	Y	Y	32	pipeline_score=27; farm_logP=8.77; max_variant=25; recommendation_score=32
QTL9	Chr4-3158226	8.77	*	LOC_Os04g06180	4:3213709-3214746	25	25	5	2.0	0.0	0.0	5.0	*	32.0	RAP_Step2_HNHZ_window200kb.FarmCPUpeak_info	window200kb	LOC_Os04g06180			transposon protein, putative, CACTA, En/Spm sub-class	Y	N	Y	37	pipeline_score=32; farm_logP=8.77; max_variant=25; recommendation_score=37
QTL9	Chr4-3158226	8.77	*	LOC_Os04g06190	4:3216908-3217966	25	25	*	2.0	0.0	0.0	0.0	*	27.0	RAP_Step2_HNHZ_window200kb.FarmCPUpeak_info	window200kb	LOC_Os04g06190			transposon protein, putative, CACTA, En/Spm sub-class, expressed	Y	Y	Y	32	pipeline_score=27; farm_logP=8.77; max_variant=25; recommendation_score=32
QTL9	Chr4-3158226	8.77	*	LOC_Os04g06200	4:3221245-3222582	25	25	*	2.0	0.0	0.0	0.0	*	27.0	RAP_Step2_HNHZ_window200kb.FarmCPUpeak_info	window200kb	LOC_Os04g06200			transposon protein, putative, CACTA, En/Spm sub-class	Y	N	Y	32	pipeline_score=27; farm_logP=8.77; max_variant=25; recommendation_score=32
QTL9	Chr4-3158226	8.77	*	LOC_Os04g06210	4:3222826-3223469	20	25	*	2.0	0.0	0.0	0.0	*	27.0	RAP_Step2_HNHZ_window200kb.FarmCPUpeak_info	window200kb	LOC_Os04g06210			cysteine-rich receptor-like protein kinase 36 precursor, putative, expressed	N	Y	Y	32	pipeline_score=27; farm_logP=8.77; max_variant=25; recommendation_score=32
QTL9	Chr4-3158226	8.77	*	LOC_Os04g06220	4:3225122-3230552	20	5	*	2.0	0.0	0.0	5.0	*	27.0	RAP_Step2_HNHZ_window200kb.FarmCPUpeak_info	window200kb	LOC_Os04g06220			retrotransposon protein, putative, Ty1-copia subclass, expressed	Y	Y	Y	32	pipeline_score=27; farm_logP=8.77; max_variant=20; recommendation_score=32
QTL9	Chr4-3158226	8.77	*	LOC_Os04g06230	4:3232982-3235435	25	25	0	2.0	0.0	0.0	5.0	*	32.0	RAP_Step2_HNHZ_window200kb.FarmCPUpeak_info	window200kb	LOC_Os04g06230			transposon protein, putative, CACTA, En/Spm sub-class	Y	N	Y	37	pipeline_score=32; farm_logP=8.77; max_variant=25; recommendation_score=37
QTL9	Chr4-3158226	8.77	*	LOC_Os04g06244	4:3238814-3242935	18	25	0	2.0	0.0	0.0	0.0	*	27.0	RAP_Step2_HNHZ_window200kb.FarmCPUpeak_info	window200kb	LOC_Os04g06244			kinase, putative, expressed	N	Y	Y	32	pipeline_score=27; farm_logP=8.77; max_variant=25; recommendation_score=32
QTL9	Chr4-3158226	8.77	*	LOC_Os04g06260	4:3257801-3260653	20	25	*	2.0	0.0	0.0	0.0	*	27.0	RAP_Step2_HNHZ_window200kb.FarmCPUpeak_info	window200kb	LOC_Os04g06260			transposon protein, putative, CACTA, En/Spm sub-class	Y	N	Y	32	pipeline_score=27; farm_logP=8.77; max_variant=25; recommendation_score=32
QTL9	Chr4-3158226	8.77	*	LOC_Os04g06270	4:3262849-3264044	20	25	*	2.0	0.0	0.0	0.0	*	27.0	RAP_Step2_HNHZ_window200kb.FarmCPUpeak_info	window200kb	LOC_Os04g06270			hypothetical protein	Y	N	Y	32	pipeline_score=27; farm_logP=8.77; max_variant=25; recommendation_score=32
QTL9	Chr4-3158226	8.77	*	LOC_Os04g06280	4:3264732-3277851	25	25	5	2.0	0.0	0.0	15.0	*	42.0	RAP_Step2_HNHZ_window200kb.FarmCPUpeak_info	window200kb	LOC_Os04g06280			expressed protein	Y	Y	Y	47	pipeline_score=42; farm_logP=8.77; max_variant=25; recommendation_score=47
QTL9	Chr4-3158226	8.77	*	LOC_Os04g06290	4:3288536-3294156	25	5	*	2.0	0.0	0.0	5.0	*	32.0	RAP_Step2_HNHZ_window200kb.FarmCPUpeak_info	window200kb	LOC_Os04g06290			retrotransposon protein, putative, unclassified, expressed	Y	Y	Y	37	pipeline_score=32; farm_logP=8.77; max_variant=25; recommendation_score=37
QTL9	Chr4-3158226	8.77	*	LOC_Os04g06300	4:3295899-3299480	15	10	*	2.0	0.0	0.0	0.0	*	17.0	RAP_Step2_HNHZ_window200kb.FarmCPUpeak_info	window200kb	LOC_Os04g06300			expressed protein	N	Y	Y	20	pipeline_score=17; farm_logP=8.77; max_variant=15; recommendation_score=20
QTL9	Chr4-3158226	8.77	*	LOC_Os04g06310	4:3303353-3304931	25	25	*	2.0	0.0	0.0	0.0	*	27.0	RAP_Step2_HNHZ_window200kb.FarmCPUpeak_info	window200kb	LOC_Os04g06310			retrotransposon protein, putative, unclassified, expressed	Y	Y	Y	32	pipeline_score=27; farm_logP=8.77; max_variant=25; recommendation_score=32
QTL9	Chr4-3158226	8.77	*	LOC_Os04g06320	4:3306208-3308061	25	25	*	2.0	0.0	0.0	0.0	*	27.0	RAP_Step2_HNHZ_window200kb.FarmCPUpeak_info	window200kb	LOC_Os04g06320			retrotransposon, putative, centromere-specific, expressed	Y	Y	Y	32	pipeline_score=27; farm_logP=8.77; max_variant=25; recommendation_score=32
QTL9	Chr4-3158226	8.77	*	LOC_Os04g06330	4:3309185-3309664	25	25	*	2.0	0.0	0.0	0.0	*	27.0	RAP_Step2_HNHZ_window200kb.FarmCPUpeak_info	window200kb	LOC_Os04g06330			retrotransposon, putative, centromere-specific	Y	N	Y	32	pipeline_score=27; farm_logP=8.77; max_variant=25; recommendation_score=32
QTL9	Chr4-3158226	8.77	*	LOC_Os04g06340	4:3310335-3310831	25	5	*	2.0	0.0	0.0	15.0	*	42.0	RAP_Step2_HNHZ_window200kb.FarmCPUpeak_info	window200kb	LOC_Os04g06340			MEGL11 - Maternally expressed gene MEG family protein precursor, expressed	N	Y	Y	47	pipeline_score=42; farm_logP=8.77; max_variant=25; recommendation_score=47
QTL9	Chr4-3158226	8.77	*	LOC_Os04g06350	4:3312120-3312690	*	5	*	2.0	0.0	0.0	5.0	*	12.0	RAP_Step2_HNHZ_window200kb.FarmCPUpeak_info	window200kb	LOC_Os04g06350			expressed protein	N	Y	Y	12	pipeline_score=12; farm_logP=8.77; max_variant=5; recommendation_score=12
QTL9	Chr4-3158226	8.77	*	LOC_Os04g06360	4:3314300-3326355	25	25	*	2.0	0.0	0.0	5.0	*	32.0	RAP_Step2_HNHZ_window200kb.FarmCPUpeak_info	window200kb	LOC_Os04g06360			retrotransposon protein, putative, Ty3-gypsy subclass, expressed	Y	Y	Y	37	pipeline_score=32; farm_logP=8.77; max_variant=25; recommendation_score=37
QTL9	Chr4-3158226	8.77	*	LOC_Os04g06374	4:3333870-3336469	25	25	*	2.0	0.0	0.0	0.0	*	27.0	RAP_Step2_HNHZ_window200kb.FarmCPUpeak_info	window200kb	LOC_Os04g06374			retrotransposon protein, putative, Ty3-gypsy subclass, expressed	Y	Y	Y	32	pipeline_score=27; farm_logP=8.77; max_variant=25; recommendation_score=32
QTL9	Chr4-3158226	8.77	*	LOC_Os04g06388	4:3337853-3338815	25	25	*	2.0	0.0	0.0	5.0	*	32.0	RAP_Step2_HNHZ_window200kb.FarmCPUpeak_info	window200kb	LOC_Os04g06388			retrotransposon protein, putative, unclassified	Y	N	Y	37	pipeline_score=32; farm_logP=8.77; max_variant=25; recommendation_score=37
QTL9	Chr4-3158226	8.77	*	LOC_Os04g06402	4:3341011-3343815	25	25	15	2.0	0.0	0.0	0.0	*	27.0	RAP_Step2_HNHZ_window200kb.FarmCPUpeak_info	window200kb	LOC_Os04g06402			retrotransposon protein, putative, unclassified	Y	N	Y	32	pipeline_score=27; farm_logP=8.77; max_variant=25; recommendation_score=32
QTL9	Chr4-3158226	8.77	*	LOC_Os04g06420	4:3346272-3349917	25	25	25	2.0	0.0	0.0	0.0	*	27.0	RAP_Step2_HNHZ_window200kb.FarmCPUpeak_info	window200kb	LOC_Os04g06420			retrotransposon protein, putative, unclassified, expressed	Y	Y	Y	32	pipeline_score=27; farm_logP=8.77; max_variant=25; recommendation_score=32
QTL9	Chr4-3158226	8.77	*	LOC_Os04g06400	4:3358080-3360780	25	25	25	2.0	0.0	0.0	0.0	*	27.0	RAP_Step2_HNHZ_window200kb.FarmCPUpeak_info	window200kb	LOC_Os04g06400			retrotransposon protein, putative, unclassified	Y	N	Y	32	pipeline_score=27; farm_logP=8.77; max_variant=25; recommendation_score=32
QTL10	Chr4-17859529	11.38	*	LOC_Os04g29680	4:17667855-17671411	5	25	10	6.0	0.0	0.0	10.0	*	41.0	RAP_Step2_HNHZ_window200kb.FarmCPUpeak_info	window200kb	LOC_Os04g29680			OsWAK38 - OsWAK receptor-like protein kinase, expressed	N	Y	Y	46	pipeline_score=41; farm_logP=11.38; max_variant=25; recommendation_score=46
QTL10	Chr4-17859529	11.38	*	LOC_Os04g29700	4:17686112-17692394	25	25	*	6.0	0.0	0.0	0.0	*	31.0	RAP_Step2_HNHZ_window200kb.FarmCPUpeak_info	window200kb	LOC_Os04g29700			retrotransposon protein, putative, Ty3-gypsy subclass, expressed	Y	Y	Y	36	pipeline_score=31; farm_logP=11.38; max_variant=25; recommendation_score=36
QTL10	Chr4-17859529	11.38	*	LOC_Os04g29730	4:17718520-17719438	25	5	*	6.0	0.0	0.0	0.0	*	31.0	RAP_Step2_HNHZ_window200kb.FarmCPUpeak_info	window200kb	LOC_Os04g29730			expressed protein	N	Y	Y	36	pipeline_score=31; farm_logP=11.38; max_variant=25; recommendation_score=36
QTL10	Chr4-17859529	11.38	*	LOC_Os04g29740	4:17721832-17727500	25	5	20	6.0	0.0	0.0	0.0	*	31.0	RAP_Step2_HNHZ_window200kb.FarmCPUpeak_info	window200kb	LOC_Os04g29740			OsWAK39 - OsWAK receptor-like protein kinase, expressed	N	Y	Y	36	pipeline_score=31; farm_logP=11.38; max_variant=25; recommendation_score=36
QTL10	Chr4-17859529	11.38	*	Os04g0366200	4:17723870-17724941	25	10	*	6.0	0.0	0.0	0.0	*	31.0	RAP_Step2_HNHZ_window200kb.FarmCPUpeak_info	window200kb	Os04g0366200							36	pipeline_score=31; farm_logP=11.38; max_variant=25; recommendation_score=36
QTL10	Chr4-17859529	11.38	*	LOC_Os04g29750	4:17729645-17730724	*	5	25	6.0	5.0	0.0	0.0	*	36.0	RAP_Step2_HNHZ_window200kb.FarmCPUpeak_info	window200kb	LOC_Os04g29750			expressed protein	N	Y	Y	41	pipeline_score=36; farm_logP=11.38; max_variant=25; recommendation_score=41
QTL10	Chr4-17859529	11.38	*	LOC_Os04g29760	4:17734167-17734784	25	25	25	6.0	5.0	0.0	0.0	*	36.0	RAP_Step2_HNHZ_window200kb.FarmCPUpeak_info	window200kb	LOC_Os04g29760			expressed protein	N	Y	Y	41	pipeline_score=36; farm_logP=11.38; max_variant=25; recommendation_score=41
QTL10	Chr4-17859529	11.38	*	LOC_Os04g29770	4:17739613-17741879	25	25	25	6.0	0.0	0.0	22.0	*	53.0	RAP_Step2_HNHZ_window200kb.FarmCPUpeak_info	window200kb	LOC_Os04g29770			wall-associated receptor kinase-like 3 precursor, putative, expressed	N	Y	Y	58	pipeline_score=53; farm_logP=11.38; max_variant=25; recommendation_score=58
QTL10	Chr4-17859529	11.38	*	LOC_Os04g29780	4:17746512-17748531	25	25	25	6.0	0.0	0.0	20.0	*	51.0	RAP_Step2_HNHZ_window200kb.FarmCPUpeak_info	window200kb	LOC_Os04g29780			retrotransposon protein, putative, Ty1-copia subclass, expressed	Y	Y	Y	56	pipeline_score=51; farm_logP=11.38; max_variant=25; recommendation_score=56
QTL10	Chr4-17859529	11.38	*	LOC_Os04g29790	4:17752241-17756509	5	*	25	6.0	0.0	0.0	22.0	*	53.0	RAP_Step2_HNHZ_window200kb.FarmCPUpeak_info	window200kb	LOC_Os04g29790			OsWAK40 - OsWAK receptor-like  protein OsWAK-RLP, expressed	N	Y	Y	58	pipeline_score=53; farm_logP=11.38; max_variant=25; recommendation_score=58
QTL10	Chr4-17859529	11.38	*	LOC_Os04g29800	4:17758605-17762287	1	25	25	6.0	0.0	0.0	22.0	*	53.0	RAP_Step2_HNHZ_window200kb.FarmCPUpeak_info	window200kb	LOC_Os04g29800			retrotransposon protein, putative, Ty1-copia subclass, expressed	Y	Y	Y	58	pipeline_score=53; farm_logP=11.38; max_variant=25; recommendation_score=58
QTL10	Chr4-17859529	11.38	*	LOC_Os04g29810	4:17765039-17766782	10	10	25	6.0	0.0	0.0	22.0	*	53.0	RAP_Step2_HNHZ_window200kb.FarmCPUpeak_info	window200kb	LOC_Os04g29810			expressed protein	N	Y	Y	58	pipeline_score=53; farm_logP=11.38; max_variant=25; recommendation_score=58
QTL10	Chr4-17859529	11.38	*	LOC_Os04g29820	4:17774493-17778228	25	25	25	6.0	0.0	0.0	0.0	*	31.0	RAP_Step2_HNHZ_window200kb.FarmCPUpeak_info	window200kb	LOC_Os04g29820			transposon protein, putative, CACTA, En/Spm sub-class	Y	N	Y	36	pipeline_score=31; farm_logP=11.38; max_variant=25; recommendation_score=36
QTL10	Chr4-17859529	11.38	*	LOC_Os04g29830	4:17781037-17784479	25	25	25	6.0	0.0	0.0	5.0	*	36.0	RAP_Step2_HNHZ_window200kb.FarmCPUpeak_info	window200kb	LOC_Os04g29830			transposon protein, putative, CACTA, En/Spm sub-class, expressed	Y	Y	Y	41	pipeline_score=36; farm_logP=11.38; max_variant=25; recommendation_score=41
QTL10	Chr4-17859529	11.38	*	LOC_Os04g29840	4:17790978-17791607	25	25	25	6.0	0.0	0.0	22.0	*	53.0	RAP_Step2_HNHZ_window200kb.FarmCPUpeak_info	window200kb	LOC_Os04g29840			expressed protein	N	Y	Y	58	pipeline_score=53; farm_logP=11.38; max_variant=25; recommendation_score=58
QTL10	Chr4-17859529	11.38	*	LOC_Os04g29850	4:17795532-17795762	25	25	25	6.0	0.0	0.0	22.0	*	53.0	RAP_Step2_HNHZ_window200kb.FarmCPUpeak_info	window200kb	LOC_Os04g29850			retrotransposon protein, putative, Ty3-gypsy subclass	Y	N	Y	58	pipeline_score=53; farm_logP=11.38; max_variant=25; recommendation_score=58
QTL10	Chr4-17859529	11.38	*	LOC_Os04g29860	4:17799275-17799721	15	5	25	6.0	0.0	0.0	18.0	*	49.0	RAP_Step2_HNHZ_window200kb.FarmCPUpeak_info	window200kb	LOC_Os04g29860			expressed protein	N	Y	Y	54	pipeline_score=49; farm_logP=11.38; max_variant=25; recommendation_score=54
QTL10	Chr4-17859529	11.38	*	LOC_Os04g29870	4:17802358-17809630	25	25	25	6.0	0.0	0.0	0.0	*	31.0	RAP_Step2_HNHZ_window200kb.FarmCPUpeak_info	window200kb	LOC_Os04g29870			retrotransposon protein, putative, unclassified, expressed	Y	Y	Y	36	pipeline_score=31; farm_logP=11.38; max_variant=25; recommendation_score=36
QTL10	Chr4-17859529	11.38	*	LOC_Os04g29880	4:17816005-17818582	20	25	25	6.0	5.0	0.0	0.0	*	36.0	RAP_Step2_HNHZ_window200kb.FarmCPUpeak_info	window200kb	LOC_Os04g29880			OsWAK41 - OsWAK receptor-like  protein OsWAK-RLP, expressed	N	Y	Y	41	pipeline_score=36; farm_logP=11.38; max_variant=25; recommendation_score=41
QTL10	Chr4-17859529	11.38	*	LOC_Os04g29890	4:17819354-17823540	25	25	25	6.0	0.0	0.0	5.0	*	36.0	RAP_Step2_HNHZ_window200kb.FarmCPUpeak_info	window200kb	LOC_Os04g29890			transposon protein, putative, CACTA, En/Spm sub-class, expressed	Y	Y	Y	41	pipeline_score=36; farm_logP=11.38; max_variant=25; recommendation_score=41
QTL10	Chr4-17859529	11.38	*	LOC_Os04g29900	4:17826095-17827354	25	25	25	6.0	0.0	0.0	0.0	*	31.0	RAP_Step2_HNHZ_window200kb.FarmCPUpeak_info	window200kb	LOC_Os04g29900			transposon protein, putative, CACTA, En/Spm sub-class, expressed	Y	Y	Y	36	pipeline_score=31; farm_logP=11.38; max_variant=25; recommendation_score=36
QTL10	Chr4-17859529	11.38	*	LOC_Os04g29910	4:17827584-17829791	25	25	25	6.0	0.0	0.0	5.0	*	36.0	RAP_Step2_HNHZ_window200kb.FarmCPUpeak_info	window200kb	LOC_Os04g29910			transposon protein, putative, CACTA, En/Spm sub-class, expressed	Y	Y	Y	41	pipeline_score=36; farm_logP=11.38; max_variant=25; recommendation_score=41
QTL10	Chr4-17859529	11.38	*	LOC_Os04g29920	4:17838006-17839902	20	25	20	6.0	0.0	0.0	10.0	*	41.0	RAP_Step2_HNHZ_window200kb.FarmCPUpeak_info	window200kb	LOC_Os04g29920			reticulon domain containing protein, putative, expressed	N	Y	Y	46	pipeline_score=41; farm_logP=11.38; max_variant=25; recommendation_score=46
QTL10	Chr4-17859529	11.38	*	LOC_Os04g29930	4:17846050-17850215	25	25	25	6.0	0.0	0.0	5.0	*	36.0	RAP_Step2_HNHZ_window200kb.FarmCPUpeak_info	window200kb	LOC_Os04g29930			OsWAK42 - OsWAK receptor-like protein kinase, expressed	N	Y	Y	41	pipeline_score=36; farm_logP=11.38; max_variant=25; recommendation_score=41
QTL10	Chr4-17859529	11.38	*	LOC_Os04g29940	4:17858206-17864133	25	25	25	6.0	0.0	0.0	5.0	*	36.0	RAP_Step2_HNHZ_window200kb.FarmCPUpeak_info	window200kb	LOC_Os04g29940			transposon protein, putative, unclassified, expressed	Y	Y	Y	41	pipeline_score=36; farm_logP=11.38; max_variant=25; recommendation_score=41
QTL10	Chr4-17859529	11.38	*	Os04g0367800	4:17865296-17867466	5	5	20	6.0	0.0	0.0	5.0	*	31.0	RAP_Step2_HNHZ_window200kb.FarmCPUpeak_info	window200kb	Os04g0367800							36	pipeline_score=31; farm_logP=11.38; max_variant=20; recommendation_score=36
QTL10	Chr4-17859529	11.38	*	LOC_Os04g29950	4:17865375-17868771	25	25	25	6.0	0.0	0.0	15.0	*	46.0	RAP_Step2_HNHZ_window200kb.FarmCPUpeak_info	window200kb	LOC_Os04g29950			wall-associated receptor kinase, putative, expressed	N	Y	Y	51	pipeline_score=46; farm_logP=11.38; max_variant=25; recommendation_score=51
QTL10	Chr4-17859529	11.38	*	LOC_Os04g29960	4:17874313-17877280	25	10	10	6.0	0.0	0.0	22.0	*	53.0	RAP_Step2_HNHZ_window200kb.FarmCPUpeak_info	window200kb	LOC_Os04g29960			OsWAK43 - OsWAK receptor-like protein kinase, expressed	N	Y	Y	58	pipeline_score=53; farm_logP=11.38; max_variant=25; recommendation_score=58
QTL10	Chr4-17859529	11.38	*	LOC_Os04g29970	4:17881730-17882582	25	25	20	6.0	0.0	0.0	5.0	*	36.0	RAP_Step2_HNHZ_window200kb.FarmCPUpeak_info	window200kb	LOC_Os04g29970			expressed protein	N	Y	Y	41	pipeline_score=36; farm_logP=11.38; max_variant=25; recommendation_score=41
QTL10	Chr4-17859529	11.38	*	LOC_Os04g29980	4:17884707-17885924	25	25	20	6.0	0.0	0.0	0.0	*	31.0	RAP_Step2_HNHZ_window200kb.FarmCPUpeak_info	window200kb	LOC_Os04g29980			transposon protein, putative, CACTA, En/Spm sub-class, expressed	Y	Y	Y	36	pipeline_score=31; farm_logP=11.38; max_variant=25; recommendation_score=36
QTL10	Chr4-17859529	11.38	*	LOC_Os04g29990	4:17888146-17891574	25	25	*	6.0	0.0	0.0	0.0	*	31.0	RAP_Step2_HNHZ_window200kb.FarmCPUpeak_info	window200kb	LOC_Os04g29990			OsWAK44 - OsWAK receptor-like protein kinase, expressed	N	Y	Y	36	pipeline_score=31; farm_logP=11.38; max_variant=25; recommendation_score=36
QTL10	Chr4-17859529	11.38	*	LOC_Os04g30000	4:17903924-17904497	25	25	*	6.0	0.0	0.0	0.0	*	31.0	RAP_Step2_HNHZ_window200kb.FarmCPUpeak_info	window200kb	LOC_Os04g30000			expressed protein	N	Y	Y	36	pipeline_score=31; farm_logP=11.38; max_variant=25; recommendation_score=36
QTL10	Chr4-17859529	11.38	*	LOC_Os04g30010	4:17906097-17909802	25	25	*	6.0	5.0	0.0	22.0	*	58.0	RAP_Step2_HNHZ_window200kb.FarmCPUpeak_info	window200kb	LOC_Os04g30010			OsWAK45 - OsWAK receptor-like protein kinase, expressed	N	Y	Y	63	pipeline_score=58; farm_logP=11.38; max_variant=25; recommendation_score=63
QTL10	Chr4-17859529	11.38	*	LOC_Os04g30020	4:17912533-17912935	25	25	*	6.0	5.0	0.0	0.0	*	36.0	RAP_Step2_HNHZ_window200kb.FarmCPUpeak_info	window200kb	LOC_Os04g30020			expressed protein	N	Y	Y	41	pipeline_score=36; farm_logP=11.38; max_variant=25; recommendation_score=41
QTL10	Chr4-17859529	11.38	*	LOC_Os04g30030	4:17913437-17916778	20	25	*	6.0	5.0	0.0	22.0	*	58.0	RAP_Step2_HNHZ_window200kb.FarmCPUpeak_info	window200kb	LOC_Os04g30030			cysteine-rich receptor-like protein kinase 12 precursor, putative, expressed	N	Y	Y	63	pipeline_score=58; farm_logP=11.38; max_variant=25; recommendation_score=63
QTL10	Chr4-17859529	11.38	*	Os04g0369033	4:17913568-17916709	20	5	*	6.0	0.0	0.0	5.0	*	31.0	RAP_Step2_HNHZ_window200kb.FarmCPUpeak_info	window200kb	Os04g0369033							36	pipeline_score=31; farm_logP=11.38; max_variant=20; recommendation_score=36
QTL10	Chr4-17859529	11.38	*	LOC_Os04g30040	4:17929442-17940490	20	*	*	6.0	0.0	0.0	22.0	*	48.0	RAP_Step2_HNHZ_window200kb.FarmCPUpeak_info	window200kb	LOC_Os04g30040			jacalin-like lectin domain containing protein, expressed	N	Y	Y	53	pipeline_score=48; farm_logP=11.38; max_variant=20; recommendation_score=53
QTL10	Chr4-17859529	11.38	*	LOC_Os04g30050	4:17943865-17944379	*	*	*	6.0	0.0	0.0	22.0	*	28.0	RAP_Step2_HNHZ_window200kb.FarmCPUpeak_info	window200kb	LOC_Os04g30050			expressed protein	N	Y	Y	28	pipeline_score=28; farm_logP=11.38; recommendation_score=28
QTL10	Chr4-17859529	11.38	*	LOC_Os04g30060	4:17944768-17945805	20	25	*	6.0	0.0	0.0	22.0	*	53.0	RAP_Step2_HNHZ_window200kb.FarmCPUpeak_info	window200kb	LOC_Os04g30060			wall-associated receptor kinase-like 10 precursor, putative, expressed	N	Y	Y	58	pipeline_score=53; farm_logP=11.38; max_variant=25; recommendation_score=58
QTL10	Chr4-17859529	11.38	*	LOC_Os04g30070	4:17946960-17947301	5	*	*	6.0	0.0	0.0	0.0	*	11.0	RAP_Step2_HNHZ_window200kb.FarmCPUpeak_info	window200kb	LOC_Os04g30070			expressed protein	N	Y	Y	11	pipeline_score=11; farm_logP=11.38; max_variant=5; recommendation_score=11
QTL10	Chr4-17859529	11.38	*	LOC_Os04g30080	4:17951052-17951282	25	25	*	6.0	0.0	0.0	22.0	*	53.0	RAP_Step2_HNHZ_window200kb.FarmCPUpeak_info	window200kb	LOC_Os04g30080			retrotransposon protein, putative, Ty3-gypsy subclass	Y	N	Y	58	pipeline_score=53; farm_logP=11.38; max_variant=25; recommendation_score=58
QTL10	Chr4-17859529	11.38	*	LOC_Os04g30090	4:17955526-17956843	25	25	*	6.0	0.0	0.0	22.0	*	53.0	RAP_Step2_HNHZ_window200kb.FarmCPUpeak_info	window200kb	LOC_Os04g30090			retrotransposon protein, putative, unclassified, expressed	Y	Y	Y	58	pipeline_score=53; farm_logP=11.38; max_variant=25; recommendation_score=58
QTL10	Chr4-17859529	11.38	*	LOC_Os04g30100	4:17959840-17960613	*	5	*	6.0	0.0	0.0	22.0	*	33.0	RAP_Step2_HNHZ_window200kb.FarmCPUpeak_info	window200kb	LOC_Os04g30100			transposon protein, putative, CACTA, En/Spm sub-class	Y	N	Y	33	pipeline_score=33; farm_logP=11.38; max_variant=5; recommendation_score=33
QTL10	Chr4-17859529	11.38	*	LOC_Os04g30110	4:17961848-17962684	5	5	*	6.0	5.0	0.0	22.0	*	38.0	RAP_Step2_HNHZ_window200kb.FarmCPUpeak_info	window200kb	LOC_Os04g30110			wall-associated receptor kinase 3 precursor, putative, expressed	N	Y	Y	38	pipeline_score=38; farm_logP=11.38; max_variant=5; recommendation_score=38
QTL10	Chr4-17859529	11.38	*	LOC_Os04g30130	4:17971274-17977218	5	5	*	6.0	0.0	0.0	0.0	*	11.0	RAP_Step2_HNHZ_window200kb.FarmCPUpeak_info	window200kb	LOC_Os04g30130			retrotransposon protein, putative, unclassified, expressed	Y	Y	Y	11	pipeline_score=11; farm_logP=11.38; max_variant=5; recommendation_score=11
QTL10	Chr4-17859529	11.38	*	LOC_Os04g30140	4:17980503-17980975	5	5	*	6.0	0.0	0.0	0.0	*	11.0	RAP_Step2_HNHZ_window200kb.FarmCPUpeak_info	window200kb	LOC_Os04g30140			expressed protein	N	Y	Y	11	pipeline_score=11; farm_logP=11.38; max_variant=5; recommendation_score=11
QTL10	Chr4-17859529	11.38	*	LOC_Os04g30150	4:17985650-17989873	25	5	*	6.0	0.0	0.0	0.0	*	31.0	RAP_Step2_HNHZ_window200kb.FarmCPUpeak_info	window200kb	LOC_Os04g30150			retrotransposon protein, putative, unclassified	Y	N	Y	36	pipeline_score=31; farm_logP=11.38; max_variant=25; recommendation_score=36
QTL10	Chr4-17859529	11.38	*	LOC_Os04g30160	4:18001019-18005396	20	25	*	6.0	5.0	0.0	22.0	*	58.0	RAP_Step2_HNHZ_window200kb.FarmCPUpeak_info	window200kb	LOC_Os04g30160			OsWAK46 - OsWAK receptor-like protein kinase, expressed	N	Y	Y	63	pipeline_score=58; farm_logP=11.38; max_variant=25; recommendation_score=63
QTL10	Chr4-17859529	11.38	*	LOC_Os04g30170	4:18011256-18011871	20	*	*	6.0	0.0	0.0	0.0	*	26.0	RAP_Step2_HNHZ_window200kb.FarmCPUpeak_info	window200kb	LOC_Os04g30170			expressed protein	N	Y	Y	31	pipeline_score=26; farm_logP=11.38; max_variant=20; recommendation_score=31
QTL10	Chr4-17859529	11.38	*	LOC_Os04g30180	4:18012199-18015102	25	5	*	6.0	0.0	0.0	15.0	*	46.0	RAP_Step2_HNHZ_window200kb.FarmCPUpeak_info	window200kb	LOC_Os04g30180			F-box/LRR-repeat protein 14, putative, expressed	N	Y	Y	51	pipeline_score=46; farm_logP=11.38; max_variant=25; recommendation_score=51
QTL10	Chr4-17859529	11.38	*	LOC_Os04g30190	4:18017180-18022925	25	25	*	6.0	0.0	0.0	5.0	*	36.0	RAP_Step2_HNHZ_window200kb.FarmCPUpeak_info	window200kb	LOC_Os04g30190			transposon protein, putative, unclassified, expressed	Y	Y	Y	41	pipeline_score=36; farm_logP=11.38; max_variant=25; recommendation_score=41
QTL10	Chr4-17859529	11.38	*	LOC_Os04g30200	4:18023678-18026030	25	5	*	6.0	0.0	0.0	5.0	*	36.0	RAP_Step2_HNHZ_window200kb.FarmCPUpeak_info	window200kb	LOC_Os04g30200			OsFBL14 - F-box domain and LRR containing protein, expressed	N	Y	Y	41	pipeline_score=36; farm_logP=11.38; max_variant=25; recommendation_score=41
QTL10	Chr4-17859529	11.38	*	LOC_Os04g30210	4:18027688-18030495	20	10	*	6.0	0.0	0.0	10.0	*	36.0	RAP_Step2_HNHZ_window200kb.FarmCPUpeak_info	window200kb	LOC_Os04g30210			OsFBL15 - F-box domain and LRR containing protein, expressed	N	Y	Y	41	pipeline_score=36; farm_logP=11.38; max_variant=20; recommendation_score=41
QTL10	Chr4-17859529	11.38	*	LOC_Os04g30220	4:18032077-18032454	25	5	*	6.0	0.0	0.0	0.0	*	31.0	RAP_Step2_HNHZ_window200kb.FarmCPUpeak_info	window200kb	LOC_Os04g30220			expressed protein	N	Y	Y	36	pipeline_score=31; farm_logP=11.38; max_variant=25; recommendation_score=36
QTL10	Chr4-17859529	11.38	*	LOC_Os04g30230	4:18037818-18039590	18	10	*	6.0	5.0	0.0	5.0	*	34.0	RAP_Step2_HNHZ_window200kb.FarmCPUpeak_info	window200kb	LOC_Os04g30230			F-box/LRR-repeat protein 14, putative, expressed	N	Y	Y	37	pipeline_score=34; farm_logP=11.38; max_variant=18; recommendation_score=37
QTL10	Chr4-17859529	11.38	*	LOC_Os04g30240	4:18042129-18049438	20	25	*	6.0	0.0	0.0	22.0	*	53.0	RAP_Step2_HNHZ_window200kb.FarmCPUpeak_info	window200kb	LOC_Os04g30240			OsWAK60 - OsWAK receptor-like protein kinase, expressed	N	Y	Y	58	pipeline_score=53; farm_logP=11.38; max_variant=25; recommendation_score=58
QTL10	Chr4-17859529	11.38	*	LOC_Os04g30250	4:18053116-18057610	20	25	15	6.0	0.0	0.0	22.0	*	53.0	RAP_Step2_HNHZ_window200kb.FarmCPUpeak_info	window200kb	LOC_Os04g30250			wall-associated receptor kinase-like 5 precursor, putative, expressed	N	Y	Y	58	pipeline_score=53; farm_logP=11.38; max_variant=25; recommendation_score=58
QTL11	Chr4-30832683	13.07	*	LOC_Os04g51700	4:30629646-30638800	5	5	*	8.0	0.0	0.0	15.0	*	28.0	RAP_Step2_HNHZ_window200kb.FarmCPUpeak_info	window200kb	LOC_Os04g51700			DNA ligase I, ATP-dependent family protein, expressed	N	Y	Y	28	pipeline_score=28; farm_logP=13.07; max_variant=5; recommendation_score=28
QTL11	Chr4-30832683	13.07	*	LOC_Os04g51710	4:30642096-30645845	5	10	10	8.0	0.0	0.0	5.0	*	23.0	RAP_Step2_HNHZ_window200kb.FarmCPUpeak_info	window200kb	LOC_Os04g51710			expressed protein	N	Y	Y	26	pipeline_score=23; farm_logP=13.07; max_variant=10; recommendation_score=26
QTL11	Chr4-30832683	13.07	*	LOC_Os04g51720	4:30649187-30652398	25	25	25	8.0	0.0	0.0	5.0	*	38.0	RAP_Step2_HNHZ_window200kb.FarmCPUpeak_info	window200kb	LOC_Os04g51720			retrotransposon protein, putative, unclassified, expressed	Y	Y	Y	43	pipeline_score=38; farm_logP=13.07; max_variant=25; recommendation_score=43
QTL11	Chr4-30832683	13.07	*	LOC_Os04g51730	4:30653189-30655189	25	25	25	8.0	0.0	0.0	5.0	*	38.0	RAP_Step2_HNHZ_window200kb.FarmCPUpeak_info	window200kb	LOC_Os04g51730			retrotransposon protein, putative, unclassified, expressed	Y	Y	Y	43	pipeline_score=38; farm_logP=13.07; max_variant=25; recommendation_score=43
QTL11	Chr4-30832683	13.07	*	LOC_Os04g51740	4:30657379-30663284	25	25	25	8.0	0.0	0.0	5.0	*	38.0	RAP_Step2_HNHZ_window200kb.FarmCPUpeak_info	window200kb	LOC_Os04g51740			retrotransposon protein, putative, Ty3-gypsy subclass	Y	N	Y	43	pipeline_score=38; farm_logP=13.07; max_variant=25; recommendation_score=43
QTL11	Chr4-30832683	13.07	*	LOC_Os04g51750	4:30666403-30670368	25	25	25	8.0	0.0	0.0	5.0	*	38.0	RAP_Step2_HNHZ_window200kb.FarmCPUpeak_info	window200kb	LOC_Os04g51750			retrotransposon protein, putative, unclassified, expressed	Y	Y	Y	43	pipeline_score=38; farm_logP=13.07; max_variant=25; recommendation_score=43
QTL11	Chr4-30832683	13.07	*	LOC_Os04g51760	4:30671846-30673888	20	25	25	8.0	0.0	0.0	5.0	*	38.0	RAP_Step2_HNHZ_window200kb.FarmCPUpeak_info	window200kb	LOC_Os04g51760			expressed protein	N	Y	Y	43	pipeline_score=38; farm_logP=13.07; max_variant=25; recommendation_score=43
QTL11	Chr4-30832683	13.07	*	Os04g0606601	4:30673925-30674285	20	5	20	8.0	0.0	0.0	0.0	*	28.0	RAP_Step2_HNHZ_window200kb.FarmCPUpeak_info	window200kb	Os04g0606601							33	pipeline_score=28; farm_logP=13.07; max_variant=20; recommendation_score=33
QTL11	Chr4-30832683	13.07	*	LOC_Os04g51770	4:30678806-30681800	20	10	*	8.0	0.0	0.0	10.0	*	38.0	RAP_Step2_HNHZ_window200kb.FarmCPUpeak_info	window200kb	LOC_Os04g51770			expressed protein	N	Y	Y	43	pipeline_score=38; farm_logP=13.07; max_variant=20; recommendation_score=43
QTL11	Chr4-30832683	13.07	*	LOC_Os04g51780	4:30682174-30685313	5	10	*	8.0	0.0	0.0	15.0	*	33.0	RAP_Step2_HNHZ_window200kb.FarmCPUpeak_info	window200kb	LOC_Os04g51780			expressed protein	N	Y	Y	36	pipeline_score=33; farm_logP=13.07; max_variant=10; recommendation_score=36
QTL11	Chr4-30832683	13.07	*	LOC_Os04g51786	4:30685422-30687861	5	*	*	8.0	0.0	0.0	15.0	*	28.0	RAP_Step2_HNHZ_window200kb.FarmCPUpeak_info	window200kb	LOC_Os04g51786			containing DUF163, putative, expressed	N	Y	Y	28	pipeline_score=28; farm_logP=13.07; max_variant=5; recommendation_score=28
QTL11	Chr4-30832683	13.07	*	LOC_Os04g51792	4:30688097-30689790	5	10	*	8.0	0.0	0.0	18.0	*	36.0	RAP_Step2_HNHZ_window200kb.FarmCPUpeak_info	window200kb	LOC_Os04g51792			PAP fibrillin family domain containing protein, expressed	N	Y	Y	39	pipeline_score=36; farm_logP=13.07; max_variant=10; recommendation_score=39
QTL11	Chr4-30832683	13.07	*	LOC_Os04g51794	4:30690623-30696691	5	10	10	8.0	0.0	0.0	15.0	*	33.0	RAP_Step2_HNHZ_window200kb.FarmCPUpeak_info	window200kb	LOC_Os04g51794			DNA binding protein, putative, expressed	N	Y	Y	36	pipeline_score=33; farm_logP=13.07; max_variant=10; recommendation_score=36
QTL11	Chr4-30832683	13.07	*	LOC_Os04g51796	4:30697527-30701645	20	5	*	8.0	0.0	0.0	5.0	*	33.0	RAP_Step2_HNHZ_window200kb.FarmCPUpeak_info	window200kb	LOC_Os04g51796			DNA repair ATPase-related, putative, expressed	N	Y	Y	38	pipeline_score=33; farm_logP=13.07; max_variant=20; recommendation_score=38
QTL11	Chr4-30832683	13.07	*	LOC_Os04g51800	4:30702497-30710998	20	25	10	8.0	0.0	0.0	15.0	*	48.0	RAP_Step2_HNHZ_window200kb.FarmCPUpeak_info	window200kb	LOC_Os04g51800			MYB protein, putative, expressed	N	Y	Y	53	pipeline_score=48; farm_logP=13.07; max_variant=25; recommendation_score=53
QTL11	Chr4-30832683	13.07	*	Os04g0607250	4:30711791-30712483	*	*	*	8.0	0.0	0.0	5.0	*	13.0	RAP_Step2_HNHZ_window200kb.FarmCPUpeak_info	window200kb	Os04g0607250							13	pipeline_score=13; farm_logP=13.07; recommendation_score=13
QTL11	Chr4-30832683	13.07	*	LOC_Os04g51809	4:30716167-30722227	25	25	10	8.0	0.0	0.0	10.0	*	43.0	RAP_Step2_HNHZ_window200kb.FarmCPUpeak_info	window200kb	LOC_Os04g51809			expressed protein	N	Y	Y	48	pipeline_score=43; farm_logP=13.07; max_variant=25; recommendation_score=48
QTL11	Chr4-30832683	13.07	*	Os04g0607450	4:30723898-30724911	*	25	*	8.0	0.0	0.0	5.0	*	38.0	RAP_Step2_HNHZ_window200kb.FarmCPUpeak_info	window200kb	Os04g0607450							43	pipeline_score=38; farm_logP=13.07; max_variant=25; recommendation_score=43
QTL11	Chr4-30832683	13.07	*	LOC_Os04g51820	4:30724244-30727084	5	25	10	8.0	0.0	0.0	22.0	*	55.0	RAP_Step2_HNHZ_window200kb.FarmCPUpeak_info	window200kb	LOC_Os04g51820	OsHKT1;1|OsHKT4	Salt Sensitivity; leaf; phloem; root; salt; salt stress; salt tolerance; shoot; stress; tolerance; transcription factor; transporter	OsHKT1;1 - Na+ transporter, expressed	N	Y	Y	67	pipeline_score=55; farm_logP=13.07; max_variant=25; symbol=OsHKT1;1|OsHKT4; keyword=Salt Sensitivity; leaf; phloem; root; salt; salt stress; salt tolerance; shoot; stress; tolerance; transcription factor; transporter; recommendation_score=67
QTL11	Chr4-30832683	13.07	*	Os04g0607566	4:30730362-30735354	5	5	10	8.0	0.0	0.0	5.0	*	23.0	RAP_Step2_HNHZ_window200kb.FarmCPUpeak_info	window200kb	Os04g0607566							26	pipeline_score=23; farm_logP=13.07; max_variant=10; recommendation_score=26
QTL11	Chr4-30832683	13.07	*	Os04g0607583	4:30731003-30733533	5	*	*	8.0	0.0	0.0	5.0	*	18.0	RAP_Step2_HNHZ_window200kb.FarmCPUpeak_info	window200kb	Os04g0607583							18	pipeline_score=18; farm_logP=13.07; max_variant=5; recommendation_score=18
QTL11	Chr4-30832683	13.07	*	LOC_Os04g51830	4:30734183-30739334	5	10	0	8.0	0.0	0.0	10.0	*	28.0	RAP_Step2_HNHZ_window200kb.FarmCPUpeak_info	window200kb	LOC_Os04g51830	OsHKT1;4	growth; leaf; reproductive; reproductive growth; salinity; salinity stress; salt; salt stress; salt tolerance; sheath; stem; stress; tolerance; transporter; vegetative; xylem; xylem parenchyma	OsHKT1;4 - Na+ transporter, expressed	N	Y	Y	38	pipeline_score=28; farm_logP=13.07; max_variant=10; symbol=OsHKT1;4; keyword=growth; leaf; reproductive; reproductive growth; salinity; salinity stress; salt; salt stress; salt tolerance; sheath; stem; stress; tolerance; transporter; vegetative; xylem; xylem parenchyma; recommendation_score=38
QTL11	Chr4-30832683	13.07	*	LOC_Os04g51840	4:30743569-30746658	25	25	5	8.0	0.0	0.0	5.0	*	38.0	RAP_Step2_HNHZ_window200kb.FarmCPUpeak_info	window200kb	LOC_Os04g51840			transposon protein, putative, CACTA, En/Spm sub-class, expressed	Y	Y	Y	43	pipeline_score=38; farm_logP=13.07; max_variant=25; recommendation_score=43
QTL11	Chr4-30832683	13.07	*	LOC_Os04g51850	4:30748145-30749936	25	25	*	8.0	0.0	0.0	0.0	*	33.0	RAP_Step2_HNHZ_window200kb.FarmCPUpeak_info	window200kb	LOC_Os04g51850			transposon protein, putative, CACTA, En/Spm sub-class	Y	N	Y	38	pipeline_score=33; farm_logP=13.07; max_variant=25; recommendation_score=38
QTL11	Chr4-30832683	13.07	*	LOC_Os04g51860	4:30750766-30752159	25	25	*	8.0	0.0	0.0	5.0	*	38.0	RAP_Step2_HNHZ_window200kb.FarmCPUpeak_info	window200kb	LOC_Os04g51860			transposon protein, putative, CACTA, En/Spm sub-class, expressed	Y	Y	Y	43	pipeline_score=38; farm_logP=13.07; max_variant=25; recommendation_score=43
QTL11	Chr4-30832683	13.07	*	LOC_Os04g51870	4:30756745-30757776	20	25	25	8.0	0.0	0.0	5.0	*	38.0	RAP_Step2_HNHZ_window200kb.FarmCPUpeak_info	window200kb	LOC_Os04g51870			retrotransposon protein, putative, unclassified, expressed	Y	Y	Y	43	pipeline_score=38; farm_logP=13.07; max_variant=25; recommendation_score=43
QTL11	Chr4-30832683	13.07	*	LOC_Os04g51880	4:30764486-30770723	5	10	5	8.0	0.0	0.0	10.0	*	28.0	RAP_Step2_HNHZ_window200kb.FarmCPUpeak_info	window200kb	LOC_Os04g51880			GHMP kinases ATP-binding protein, putative, expressed	N	Y	Y	31	pipeline_score=28; farm_logP=13.07; max_variant=10; recommendation_score=31
QTL11	Chr4-30832683	13.07	*	LOC_Os04g51890	4:30783636-30784530	5	5	*	8.0	0.0	0.0	15.0	*	28.0	RAP_Step2_HNHZ_window200kb.FarmCPUpeak_info	window200kb	LOC_Os04g51890			OsSAUR20 - Auxin-responsive SAUR gene family member, expressed	N	Y	Y	28	pipeline_score=28; farm_logP=13.07; max_variant=5; recommendation_score=28
QTL11	Chr4-30832683	13.07	*	Os04g0608201	4:30783768-30784121	5	5	10	8.0	0.0	0.0	5.0	*	23.0	RAP_Step2_HNHZ_window200kb.FarmCPUpeak_info	window200kb	Os04g0608201							26	pipeline_score=23; farm_logP=13.07; max_variant=10; recommendation_score=26
QTL11	Chr4-30832683	13.07	*	Os04g0608450	4:30791807-30797582	20	25	0	8.0	0.0	0.0	5.0	*	38.0	RAP_Step2_HNHZ_window200kb.FarmCPUpeak_info	window200kb	Os04g0608450							43	pipeline_score=38; farm_logP=13.07; max_variant=25; recommendation_score=43
QTL11	Chr4-30832683	13.07	*	LOC_Os04g51900	4:30791816-30797525	20	5	5	8.0	0.0	0.0	15.0	*	43.0	RAP_Step2_HNHZ_window200kb.FarmCPUpeak_info	window200kb	LOC_Os04g51900			expressed protein	N	Y	Y	48	pipeline_score=43; farm_logP=13.07; max_variant=20; recommendation_score=48
QTL11	Chr4-30832683	13.07	*	LOC_Os04g51910	4:30798724-30803061	5	5	*	8.0	0.0	0.0	10.0	*	23.0	RAP_Step2_HNHZ_window200kb.FarmCPUpeak_info	window200kb	LOC_Os04g51910			proteasome/cyclosome repeat containing protein, expressed	N	Y	Y	23	pipeline_score=23; farm_logP=13.07; max_variant=5; recommendation_score=23
QTL11	Chr4-30832683	13.07	*	LOC_Os04g51920	4:30805662-30808467	25	25	0	8.0	0.0	0.0	18.0	*	51.0	RAP_Step2_HNHZ_window200kb.FarmCPUpeak_info	window200kb	LOC_Os04g51920			protein disulfide isomerase, putative, expressed	N	Y	Y	56	pipeline_score=51; farm_logP=13.07; max_variant=25; recommendation_score=56
QTL11	Chr4-30832683	13.07	*	LOC_Os04g51930	4:30811261-30816943	25	25	25	8.0	0.0	0.0	5.0	*	38.0	RAP_Step2_HNHZ_window200kb.FarmCPUpeak_info	window200kb	LOC_Os04g51930			retrotransposon protein, putative, LINE subclass, expressed	Y	Y	Y	43	pipeline_score=38; farm_logP=13.07; max_variant=25; recommendation_score=43
QTL11	Chr4-30832683	13.07	*	LOC_Os04g51940	4:30821130-30825520	20	10	*	8.0	0.0	0.0	18.0	*	46.0	RAP_Step2_HNHZ_window200kb.FarmCPUpeak_info	window200kb	LOC_Os04g51940			YT521-B, putative, expressed	N	Y	Y	51	pipeline_score=46; farm_logP=13.07; max_variant=20; recommendation_score=51
QTL11	Chr4-30832683	13.07	*	Os04g0608850	4:30824029-30824837	*	*	*	8.0	0.0	0.0	10.0	*	18.0	RAP_Step2_HNHZ_window200kb.FarmCPUpeak_info	window200kb	Os04g0608850							18	pipeline_score=18; farm_logP=13.07; recommendation_score=18
QTL11	Chr4-30832683	13.07	*	LOC_Os04g51950	4:30825556-30829581	5	25	5	8.0	0.0	0.0	10.0	*	43.0	RAP_Step2_HNHZ_window200kb.FarmCPUpeak_info	window200kb	LOC_Os04g51950			serine/threonine-protein kinase HT1, putative, expressed	N	Y	Y	48	pipeline_score=43; farm_logP=13.07; max_variant=25; recommendation_score=48
QTL11	Chr4-30832683	13.07	*	Os04g0609000	4:30826050-30829146	5	5	*	8.0	0.0	0.0	5.0	*	18.0	RAP_Step2_HNHZ_window200kb.FarmCPUpeak_info	window200kb	Os04g0609000							18	pipeline_score=18; farm_logP=13.07; max_variant=5; recommendation_score=18
QTL11	Chr4-30832683	13.07	*	LOC_Os04g51960	4:30843035-30845776	20	10	15	8.0	0.0	0.0	10.0	*	38.0	RAP_Step2_HNHZ_window200kb.FarmCPUpeak_info	window200kb	LOC_Os04g51960			expressed protein	N	Y	Y	43	pipeline_score=38; farm_logP=13.07; max_variant=20; recommendation_score=43
QTL11	Chr4-30832683	13.07	*	LOC_Os04g51970	4:30852287-30856049	5	10	*	8.0	0.0	0.0	15.0	*	33.0	RAP_Step2_HNHZ_window200kb.FarmCPUpeak_info	window200kb	LOC_Os04g51970			synaptic vesicle 2-related protein, putative, expressed	N	Y	Y	36	pipeline_score=33; farm_logP=13.07; max_variant=10; recommendation_score=36
QTL11	Chr4-30832683	13.07	*	LOC_Os04g51980	4:30860607-30863364	20	5	*	8.0	5.0	0.0	5.0	*	38.0	RAP_Step2_HNHZ_window200kb.FarmCPUpeak_info	window200kb	LOC_Os04g51980			transferase family domain containing protein, expressed	N	Y	Y	43	pipeline_score=38; farm_logP=13.07; max_variant=20; recommendation_score=43
QTL11	Chr4-30832683	13.07	*	Os04g0609400	4:30860633-30863114	20	5	*	8.0	0.0	0.0	5.0	*	33.0	RAP_Step2_HNHZ_window200kb.FarmCPUpeak_info	window200kb	Os04g0609400							38	pipeline_score=33; farm_logP=13.07; max_variant=20; recommendation_score=38
QTL11	Chr4-30832683	13.07	*	Os04g0609525	4:30869621-30871743	18	5	5	8.0	0.0	0.0	5.0	*	31.0	RAP_Step2_HNHZ_window200kb.FarmCPUpeak_info	window200kb	Os04g0609525							34	pipeline_score=31; farm_logP=13.07; max_variant=18; recommendation_score=34
QTL11	Chr4-30832683	13.07	*	LOC_Os04g51990	4:30869666-30871743	18	10	10	8.0	5.0	0.0	5.0	*	36.0	RAP_Step2_HNHZ_window200kb.FarmCPUpeak_info	window200kb	LOC_Os04g51990			transferase family domain containing protein, expressed	N	Y	Y	39	pipeline_score=36; farm_logP=13.07; max_variant=18; recommendation_score=39
QTL11	Chr4-30832683	13.07	*	LOC_Os04g52000	4:30875218-30879563	5	10	*	8.0	0.0	0.0	10.0	*	28.0	RAP_Step2_HNHZ_window200kb.FarmCPUpeak_info	window200kb	LOC_Os04g52000			protein phosphatase 2C, putative, expressed	N	Y	Y	31	pipeline_score=28; farm_logP=13.07; max_variant=10; recommendation_score=31
QTL11	Chr4-30832683	13.07	*	LOC_Os04g52020	4:30888156-30903920	5	*	*	8.0	0.0	0.0	15.0	*	28.0	RAP_Step2_HNHZ_window200kb.FarmCPUpeak_info	window200kb	LOC_Os04g52020			PHD-finger domain containing protein, putative, expressed	N	Y	Y	33	pipeline_score=28; farm_logP=13.07; max_variant=5; supported_by_both_modes; recommendation_score=33
QTL11	Chr4-30832683	13.07	*	LOC_Os04g52030	4:30904539-30907663	20	25	*	8.0	0.0	0.0	10.0	*	43.0	RAP_Step2_HNHZ_window200kb.FarmCPUpeak_info	window200kb	LOC_Os04g52030			zinc finger domain, LSD1 subclass family protein, expressed	N	Y	Y	53	pipeline_score=43; farm_logP=13.07; max_variant=25; supported_by_both_modes; recommendation_score=53
QTL11	Chr4-30832683	13.07	*	LOC_Os04g52040	4:30908422-30913702	20	5	*	8.0	0.0	0.0	15.0	*	43.0	RAP_Step2_HNHZ_window200kb.FarmCPUpeak_info	window200kb	LOC_Os04g52040			TNP1, putative, expressed	Y	Y	Y	53	pipeline_score=43; farm_logP=13.07; max_variant=20; supported_by_both_modes; recommendation_score=53
QTL11	Chr4-30832683	13.07	*	LOC_Os04g52050	4:30914219-30919318	20	5	5	8.0	0.0	0.0	15.0	*	43.0	RAP_Step2_HNHZ_window200kb.FarmCPUpeak_info	window200kb	LOC_Os04g52050			TNP1, putative, expressed	Y	Y	Y	53	pipeline_score=43; farm_logP=13.07; max_variant=20; supported_by_both_modes; recommendation_score=53
QTL11	Chr4-30832683	13.07	*	LOC_Os04g52060	4:30920554-30925574	20	5	*	8.0	0.0	0.0	15.0	*	43.0	RAP_Step2_HNHZ_window200kb.FarmCPUpeak_info	window200kb	LOC_Os04g52060			transposable element protein, putative, containing Pfam profile: PF03004, Transposase_24, expressed	Y	Y	Y	53	pipeline_score=43; farm_logP=13.07; max_variant=20; supported_by_both_modes; recommendation_score=53
QTL11	Chr4-30832683	13.07	*	LOC_Os04g52074	4:30927631-30934100	5	5	*	8.0	0.0	0.0	10.0	*	23.0	RAP_Step2_HNHZ_window200kb.FarmCPUpeak_info	window200kb	LOC_Os04g52074			expressed protein	Y	Y	Y	28	pipeline_score=23; farm_logP=13.07; max_variant=5; supported_by_both_modes; recommendation_score=28
QTL11	Chr4-30832683	13.07	*	Os04g0610301	4:30934307-30934574	*	*	*	8.0	0.0	0.0	20.0	*	28.0	RAP_Step2_HNHZ_window200kb.FarmCPUpeak_info	window200kb	Os04g0610301							33	pipeline_score=28; farm_logP=13.07; supported_by_both_modes; recommendation_score=33
QTL11	Chr4-30832683	13.07	*	LOC_Os04g52090	4:30939177-30940275	5	10	0	8.0	0.0	0.0	10.0	*	28.0	RAP_Step2_HNHZ_window200kb.FarmCPUpeak_info	window200kb	LOC_Os04g52090	OsAP2-39	ABA ;  ga ; ABA; GA; abscisic acid; biomass; development; drought; drought tolerance; ethylene; ga; gibberellin; growth; height; nucleus; plant height; seed; transcription activator; transcription factor; yield	AP2 domain containing protein, expressed	N	Y	Y	43	pipeline_score=28; farm_logP=13.07; max_variant=10; supported_by_both_modes; symbol=OsAP2-39; keyword=ABA ;  ga ; ABA; GA; abscisic acid; biomass; development; drought; drought tolerance; ethylene; ga; gibberellin; growth; height; nucleus; plant height; seed; transcription activator; transcription factor; yield; recommendation_score=43
QTL11	Chr4-30832683	13.07	*	LOC_Os04g52100	4:30945118-30948691	5	10	*	8.0	0.0	0.0	10.0	*	28.0	RAP_Step2_HNHZ_window200kb.FarmCPUpeak_info	window200kb	LOC_Os04g52100			peptidase, M24 family protein, putative, expressed	N	Y	Y	36	pipeline_score=28; farm_logP=13.07; max_variant=10; supported_by_both_modes; recommendation_score=36
QTL11	Chr4-30832683	13.07	*	LOC_Os04g52110	4:30950939-30952114	1	10	*	8.0	0.0	0.0	5.0	*	23.0	RAP_Step2_HNHZ_window200kb.FarmCPUpeak_info	window200kb	LOC_Os04g52110			late embryogenesis abundant protein, group 3, putative, expressed	N	Y	Y	31	pipeline_score=23; farm_logP=13.07; max_variant=10; supported_by_both_modes; recommendation_score=31
QTL11	Chr4-30832683	13.07	*	LOC_Os04g52120	4:30952498-30957619	5	10	0	8.0	0.0	0.0	15.0	*	33.0	RAP_Step2_HNHZ_window200kb.FarmCPUpeak_info	window200kb	LOC_Os04g52120			potassium transporter, putative, expressed	N	Y	Y	41	pipeline_score=33; farm_logP=13.07; max_variant=10; supported_by_both_modes; recommendation_score=41
QTL11	Chr4-30832683	13.07	*	LOC_Os04g52130	4:30961604-30965503	5	5	5	8.0	0.0	0.0	10.0	*	23.0	RAP_Step2_HNHZ_window200kb.FarmCPUpeak_info	window200kb	LOC_Os04g52130			coproporphyrinogen III oxidase, chloroplast precursor, putative, expressed	N	Y	Y	28	pipeline_score=23; farm_logP=13.07; max_variant=5; supported_by_both_modes; recommendation_score=28
QTL11	Chr4-30832683	13.07	*	LOC_Os04g52140	4:30974112-30979849	20	10	*	8.0	0.0	0.0	5.0	*	33.0	RAP_Step2_HNHZ_window200kb.FarmCPUpeak_info	window200kb	LOC_Os04g52140			protein kinase domain containing protein, expressed	N	Y	Y	43	pipeline_score=33; farm_logP=13.07; max_variant=20; supported_by_both_modes; recommendation_score=43
QTL11	Chr4-30832683	13.07	*	Os04g0611000	4:30976652-30984103	20	5	*	8.0	0.0	0.0	5.0	*	33.0	RAP_Step2_HNHZ_window200kb.FarmCPUpeak_info	window200kb	Os04g0611000							43	pipeline_score=33; farm_logP=13.07; max_variant=20; supported_by_both_modes; recommendation_score=43
QTL11	Chr4-30832683	13.07	*	Os04g0611050	4:30982454-30983508	20	5	*	8.0	0.0	0.0	5.0	*	33.0	RAP_Step2_HNHZ_window200kb.FarmCPUpeak_info	window200kb	Os04g0611050							43	pipeline_score=33; farm_logP=13.07; max_variant=20; supported_by_both_modes; recommendation_score=43
QTL11	Chr4-30832683	13.07	*	LOC_Os04g52164	4:30995338-30999600	5	5	10	8.0	0.0	0.0	5.0	*	23.0	RAP_Step2_HNHZ_window200kb.FarmCPUpeak_info	window200kb	LOC_Os04g52164	OsCER2|OsHMS1I	fatty acid biosynthesis; male sterility	transferase family protein, putative, expressed	N	Y	Y	38	pipeline_score=23; farm_logP=13.07; max_variant=10; supported_by_both_modes; symbol=OsCER2|OsHMS1I; keyword=fatty acid biosynthesis; male sterility; recommendation_score=38
QTL11	Chr4-30832683	13.07	*	Os04g0611233	4:30995900-30997072	*	*	*	8.0	0.0	0.0	5.0	*	13.0	RAP_Step2_HNHZ_window200kb.FarmCPUpeak_info	window200kb	Os04g0611233							18	pipeline_score=13; farm_logP=13.07; supported_by_both_modes; recommendation_score=18
QTL11	Chr4-30832683	13.07	*	LOC_Os04g52180	4:31000118-31001986	20	5	*	8.0	0.0	0.0	10.0	*	38.0	RAP_Step2_HNHZ_window200kb.FarmCPUpeak_info	window200kb	LOC_Os04g52180			expressed protein	N	Y	Y	48	pipeline_score=38; farm_logP=13.07; max_variant=20; supported_by_both_modes; recommendation_score=48
QTL11	Chr4-30832683	13.07	*	Os04g0611266	4:31000205-31001587	20	10	*	8.0	0.0	0.0	5.0	*	33.0	RAP_Step2_HNHZ_window200kb.FarmCPUpeak_info	window200kb	Os04g0611266							43	pipeline_score=33; farm_logP=13.07; max_variant=20; supported_by_both_modes; recommendation_score=43
QTL11	Chr4-30832683	13.07	*	LOC_Os04g52190	4:31003843-31008092	20	25	*	8.0	0.0	0.0	22.0	*	55.0	RAP_Step2_HNHZ_window200kb.FarmCPUpeak_info	window200kb	LOC_Os04g52190			vacuolar-sorting receptor precursor, putative, expressed	N	Y	Y	65	pipeline_score=55; farm_logP=13.07; max_variant=25; supported_by_both_modes; recommendation_score=65
QTL11	Chr4-30832683	13.07	*	LOC_Os04g52200	4:31007297-31013915	20	5	0	8.0	0.0	0.0	15.0	*	43.0	RAP_Step2_HNHZ_window200kb.FarmCPUpeak_info	window200kb	LOC_Os04g52200			RNA recognition motif containing protein, putative, expressed	N	Y	Y	53	pipeline_score=43; farm_logP=13.07; max_variant=20; supported_by_both_modes; recommendation_score=53
QTL11	Chr4-30832683	13.07	*	LOC_Os04g52210	4:31019367-31024260	20	25	25	8.0	0.0	0.0	5.0	*	38.0	RAP_Step2_HNHZ_window200kb.FarmCPUpeak_info	window200kb	LOC_Os04g52210			terpene synthase, putative, expressed	N	Y	Y	48	pipeline_score=38; farm_logP=13.07; max_variant=25; supported_by_both_modes; recommendation_score=48
QTL11	Chr4-30832683	13.07	*	LOC_Os04g52220	4:31024637-31025064	20	5	20	8.0	5.0	0.0	0.0	*	33.0	RAP_Step2_HNHZ_window200kb.FarmCPUpeak_info	window200kb	LOC_Os04g52220			expressed protein	N	Y	Y	43	pipeline_score=33; farm_logP=13.07; max_variant=20; supported_by_both_modes; recommendation_score=43
QTL11	Chr4-30832683	13.07	*	LOC_Os04g52230	4:31026617-31031248	25	25	0	8.0	0.0	0.0	10.0	*	43.0	RAP_Step2_HNHZ_window200kb.FarmCPUpeak_info	window200kb	LOC_Os04g52230	OsKS1	dwarf; ga; gibberellin; growth; root; seed; seedling; stem	ent-kaurene synthase, chloroplast precursor, putative, expressed	N	Y	Y	60	pipeline_score=43; farm_logP=13.07; max_variant=25; supported_by_both_modes; symbol=OsKS1; keyword=dwarf; ga; gibberellin; growth; root; seed; seedling; stem; recommendation_score=60
QTL12	Chr5-1175327	26.06	*	LOC_Os05g02720	5:975539-976791	20	25	25	10.0	5.0	0.0	5.0	*	45.0	RAP_Step2_HNHZ_window200kb.FarmCPUpeak_info	window200kb	LOC_Os05g02720			expressed protein	N	Y	Y	50	pipeline_score=45; farm_logP=26.06; max_variant=25; recommendation_score=50
QTL12	Chr5-1175327	26.06	*	LOC_Os05g02730	5:977812-978752	5	5	20	10.0	5.0	0.0	5.0	*	40.0	RAP_Step2_HNHZ_window200kb.FarmCPUpeak_info	window200kb	LOC_Os05g02730	GL1|GLR1|LSY1|OsWOX3B	breeding; development; leaf; leaf development; transcription factor	homeobox domain containing protein, expressed	N	Y	Y	52	pipeline_score=40; farm_logP=26.06; max_variant=20; symbol=GL1|GLR1|LSY1|OsWOX3B; keyword=breeding; development; leaf; leaf development; transcription factor; recommendation_score=52
QTL12	Chr5-1175327	26.06	*	LOC_Os05g02740	5:986271-988521	5	5	5	10.0	0.0	0.0	10.0	*	25.0	RAP_Step2_HNHZ_window200kb.FarmCPUpeak_info	window200kb	LOC_Os05g02740			expressed protein	N	Y	Y	25	pipeline_score=25; farm_logP=26.06; max_variant=5; recommendation_score=25
QTL12	Chr5-1175327	26.06	*	LOC_Os05g02754	5:989398-991267	5	5	0	10.0	0.0	0.0	10.0	*	25.0	RAP_Step2_HNHZ_window200kb.FarmCPUpeak_info	window200kb	LOC_Os05g02754			expressed protein	N	Y	Y	25	pipeline_score=25; farm_logP=26.06; max_variant=5; recommendation_score=25
QTL12	Chr5-1175327	26.06	*	LOC_Os05g02750	5:989743-990588	5	5	*	10.0	5.0	0.0	5.0	*	25.0	RAP_Step2_HNHZ_window200kb.FarmCPUpeak_info	window200kb	LOC_Os05g02750	STAR2	Al tolerance; root; transporter	ABC transporter, membrane-spanning/permease subunit, putative, expressed	N	Y	Y	32	pipeline_score=25; farm_logP=26.06; max_variant=5; symbol=STAR2; keyword=Al tolerance; root; transporter; recommendation_score=32
QTL12	Chr5-1175327	26.06	*	LOC_Os05g02760	5:991439-994133	20	10	*	10.0	0.0	0.0	10.0	*	40.0	RAP_Step2_HNHZ_window200kb.FarmCPUpeak_info	window200kb	LOC_Os05g02760			expressed protein	N	Y	Y	45	pipeline_score=40; farm_logP=26.06; max_variant=20; recommendation_score=45
QTL12	Chr5-1175327	26.06	*	LOC_Os05g02770	5:997541-999371	5	10	*	10.0	0.0	0.0	15.0	*	35.0	RAP_Step2_HNHZ_window200kb.FarmCPUpeak_info	window200kb	LOC_Os05g02770	OsGPRP3	grain; grain quality; grain size; grain weight; grain width; quality; seed; spikelet	glycine-rich cell wall structural protein precursor, putative, expressed	N	Y	Y	45	pipeline_score=35; farm_logP=26.06; max_variant=10; symbol=OsGPRP3; keyword=grain; grain quality; grain size; grain weight; grain width; quality; seed; spikelet; recommendation_score=45
QTL12	Chr5-1175327	26.06	*	LOC_Os05g02780	5:1000236-1002836	5	10	10	10.0	0.0	0.0	10.0	*	30.0	RAP_Step2_HNHZ_window200kb.FarmCPUpeak_info	window200kb	LOC_Os05g02780			glycine-rich protein A3, putative, expressed	N	Y	Y	38	pipeline_score=30; farm_logP=26.06; max_variant=10; supported_by_both_modes; recommendation_score=38
QTL12	Chr5-1175327	26.06	*	Os05g0119350	5:1003799-1007803	20	10	10	10.0	0.0	0.0	10.0	*	40.0	RAP_Step2_HNHZ_window200kb.FarmCPUpeak_info	window200kb	Os05g0119350							50	pipeline_score=40; farm_logP=26.06; max_variant=20; supported_by_both_modes; recommendation_score=50
QTL12	Chr5-1175327	26.06	*	LOC_Os05g02790	5:1004569-1007673	5	5	0	10.0	0.0	0.0	15.0	*	30.0	RAP_Step2_HNHZ_window200kb.FarmCPUpeak_info	window200kb	LOC_Os05g02790			KIP1, putative, expressed	N	Y	Y	35	pipeline_score=30; farm_logP=26.06; max_variant=5; supported_by_both_modes; recommendation_score=35
QTL12	Chr5-1175327	26.06	*	LOC_Os05g02810	5:1010647-1012892	1	5	5	10.0	0.0	0.0	5.0	*	20.0	RAP_Step2_HNHZ_window200kb.FarmCPUpeak_info	window200kb	LOC_Os05g02810			protein binding protein, putative, expressed	N	Y	Y	25	pipeline_score=20; farm_logP=26.06; max_variant=5; supported_by_both_modes; recommendation_score=25
QTL12	Chr5-1175327	26.06	*	LOC_Os05g02820	5:1013986-1017612	20	5	10	10.0	0.0	0.0	5.0	*	35.0	RAP_Step2_HNHZ_window200kb.FarmCPUpeak_info	window200kb	LOC_Os05g02820			protein transport protein-related, putative, expressed	N	Y	Y	45	pipeline_score=35; farm_logP=26.06; max_variant=20; supported_by_both_modes; recommendation_score=45
QTL12	Chr5-1175327	26.06	*	Os05g0119850	5:1014301-1016657	20	5	*	10.0	0.0	0.0	5.0	*	35.0	RAP_Step2_HNHZ_window200kb.FarmCPUpeak_info	window200kb	Os05g0119850							45	pipeline_score=35; farm_logP=26.06; max_variant=20; supported_by_both_modes; recommendation_score=45
QTL12	Chr5-1175327	26.06	*	LOC_Os05g02840	5:1025758-1027671	25	25	15	10.0	0.0	0.0	5.0	*	40.0	RAP_Step2_HNHZ_window200kb.FarmCPUpeak_info	window200kb	LOC_Os05g02840			hypothetical protein	N	N	Y	50	pipeline_score=40; farm_logP=26.06; max_variant=25; supported_by_both_modes; recommendation_score=50
QTL12	Chr5-1175327	26.06	*	LOC_Os05g02850	5:1030725-1033586	25	25	*	10.0	0.0	0.0	5.0	*	40.0	RAP_Step2_HNHZ_window200kb.FarmCPUpeak_info	window200kb	LOC_Os05g02850			retrotransposon protein, putative, unclassified, expressed	Y	Y	Y	50	pipeline_score=40; farm_logP=26.06; max_variant=25; supported_by_both_modes; recommendation_score=50
QTL12	Chr5-1175327	26.06	*	LOC_Os05g02860	5:1034212-1040100	25	25	25	10.0	0.0	0.0	5.0	*	40.0	RAP_Step2_HNHZ_window200kb.FarmCPUpeak_info	window200kb	LOC_Os05g02860			retrotransposon protein, putative, Ty3-gypsy subclass, expressed	Y	Y	Y	50	pipeline_score=40; farm_logP=26.06; max_variant=25; supported_by_both_modes; recommendation_score=50
QTL12	Chr5-1175327	26.06	*	LOC_Os05g02870	5:1042096-1044138	20	5	*	10.0	0.0	0.0	5.0	*	35.0	RAP_Step2_HNHZ_window200kb.FarmCPUpeak_info	window200kb	LOC_Os05g02870			white-brown complex homolog protein, putative, expressed	N	Y	Y	45	pipeline_score=35; farm_logP=26.06; max_variant=20; supported_by_both_modes; recommendation_score=45
QTL12	Chr5-1175327	26.06	*	Os05g0120050	5:1042127-1044049	20	5	*	10.0	0.0	0.0	10.0	*	40.0	RAP_Step2_HNHZ_window200kb.FarmCPUpeak_info	window200kb	Os05g0120050							50	pipeline_score=40; farm_logP=26.06; max_variant=20; supported_by_both_modes; recommendation_score=50
QTL12	Chr5-1175327	26.06	*	LOC_Os05g02880	5:1045877-1049365	5	5	0	10.0	0.0	0.0	15.0	*	30.0	RAP_Step2_HNHZ_window200kb.FarmCPUpeak_info	window200kb	LOC_Os05g02880			splicing factor, arginine/serine-rich 7, putative, expressed	N	Y	Y	35	pipeline_score=30; farm_logP=26.06; max_variant=5; supported_by_both_modes; recommendation_score=35
QTL12	Chr5-1175327	26.06	*	LOC_Os05g02890	5:1050046-1052431	1	5	0	10.0	0.0	0.0	10.0	*	25.0	RAP_Step2_HNHZ_window200kb.FarmCPUpeak_info	window200kb	LOC_Os05g02890			white-brown complex homolog protein 16, putative, expressed	N	Y	Y	30	pipeline_score=25; farm_logP=26.06; max_variant=5; supported_by_both_modes; recommendation_score=30
QTL12	Chr5-1175327	26.06	*	Os05g0120250	5:1050054-1050380	5	10	*	10.0	0.0	0.0	5.0	*	25.0	RAP_Step2_HNHZ_window200kb.FarmCPUpeak_info	window200kb	Os05g0120250							33	pipeline_score=25; farm_logP=26.06; max_variant=10; supported_by_both_modes; recommendation_score=33
QTL12	Chr5-1175327	26.06	*	LOC_Os05g02900	5:1060912-1061998	15	10	*	10.0	0.0	0.0	5.0	*	30.0	RAP_Step2_HNHZ_window200kb.FarmCPUpeak_info	window200kb	LOC_Os05g02900			expressed protein	N	Y	Y	38	pipeline_score=30; farm_logP=26.06; max_variant=15; supported_by_both_modes; recommendation_score=38
QTL12	Chr5-1175327	26.06	*	LOC_Os05g02920	5:1069041-1069699	25	25	25	10.0	0.0	0.0	0.0	*	35.0	RAP_Step2_HNHZ_window200kb.FarmCPUpeak_info	window200kb	LOC_Os05g02920			expressed protein	N	Y	Y	45	pipeline_score=35; farm_logP=26.06; max_variant=25; supported_by_both_modes; recommendation_score=45
QTL12	Chr5-1175327	26.06	*	LOC_Os05g02940	5:1083905-1086167	5	5	*	10.0	0.0	0.0	15.0	*	30.0	RAP_Step2_HNHZ_window200kb.FarmCPUpeak_info	window200kb	LOC_Os05g02940			calcium-transporting ATPase 2, endoplasmic reticulum-type, putative, expressed	N	Y	Y	35	pipeline_score=30; farm_logP=26.06; max_variant=5; supported_by_both_modes; recommendation_score=35
QTL12	Chr5-1175327	26.06	*	LOC_Os05g02950	5:1092428-1097362	25	25	25	10.0	0.0	0.0	5.0	*	40.0	RAP_Step2_HNHZ_window200kb.FarmCPUpeak_info	window200kb	LOC_Os05g02950			retrotransposon protein, putative, unclassified, expressed	Y	Y	Y	50	pipeline_score=40; farm_logP=26.06; max_variant=25; supported_by_both_modes; recommendation_score=50
QTL12	Chr5-1175327	26.06	*	LOC_Os05g02960	5:1097982-1101004	25	25	25	10.0	0.0	0.0	0.0	*	35.0	RAP_Step2_HNHZ_window200kb.FarmCPUpeak_info	window200kb	LOC_Os05g02960			retrotransposon protein, putative, unclassified, expressed	Y	Y	Y	45	pipeline_score=35; farm_logP=26.06; max_variant=25; supported_by_both_modes; recommendation_score=45
QTL12	Chr5-1175327	26.06	*	LOC_Os05g02970	5:1103397-1105229	1	10	15	10.0	0.0	0.0	15.0	*	40.0	RAP_Step2_HNHZ_window200kb.FarmCPUpeak_info	window200kb	LOC_Os05g02970			expressed protein	N	Y	Y	48	pipeline_score=40; farm_logP=26.06; max_variant=15; supported_by_both_modes; recommendation_score=48
QTL12	Chr5-1175327	26.06	*	LOC_Os05g02980	5:1108779-1110025	5	10	5	10.0	0.0	0.0	10.0	*	30.0	RAP_Step2_HNHZ_window200kb.FarmCPUpeak_info	window200kb	LOC_Os05g02980			expressed protein	N	Y	Y	38	pipeline_score=30; farm_logP=26.06; max_variant=10; supported_by_both_modes; recommendation_score=38
QTL12	Chr5-1175327	26.06	*	LOC_Os05g02990	5:1115773-1118062	5	5	10	10.0	0.0	10.0	15.0	*	45.0	RAP_Step2_HNHZ_window200kb.FarmCPUpeak_info	window200kb	LOC_Os05g02990			expressed protein	N	Y	Y	53	pipeline_score=45; farm_logP=26.06; max_variant=10; supported_by_both_modes; recommendation_score=53
QTL12	Chr5-1175327	26.06	*	Os05g0121100	5:1122713-1126860	20	10	20	10.0	0.0	0.0	5.0	*	35.0	RAP_Step2_HNHZ_window200kb.FarmCPUpeak_info	window200kb	Os05g0121100							45	pipeline_score=35; farm_logP=26.06; max_variant=20; supported_by_both_modes; recommendation_score=45
QTL12	Chr5-1175327	26.06	*	LOC_Os05g03000	5:1127011-1132428	5	5	5	10.0	0.0	0.0	18.0	*	33.0	RAP_Step2_HNHZ_window200kb.FarmCPUpeak_info	window200kb	LOC_Os05g03000			inner membrane protein alx, putative, expressed	N	Y	Y	38	pipeline_score=33; farm_logP=26.06; max_variant=5; supported_by_both_modes; recommendation_score=38
QTL12	Chr5-1175327	26.06	*	LOC_Os05g03010	5:1137966-1139971	25	10	0	10.0	0.0	0.0	0.0	*	35.0	RAP_Step2_HNHZ_window200kb.FarmCPUpeak_info	window200kb	LOC_Os05g03010			expressed protein	N	Y	Y	45	pipeline_score=35; farm_logP=26.06; max_variant=25; supported_by_both_modes; recommendation_score=45
QTL12	Chr5-1175327	26.06	*	LOC_Os05g03020	5:1142027-1145752	20	10	10	10.0	0.0	0.0	15.0	*	45.0	RAP_Step2_HNHZ_window200kb.FarmCPUpeak_info	window200kb	LOC_Os05g03020			ZOS5-03 - C2H2 zinc finger protein, expressed	N	Y	Y	55	pipeline_score=45; farm_logP=26.06; max_variant=20; supported_by_both_modes; recommendation_score=55
QTL12	Chr5-1175327	26.06	*	LOC_Os05g03030	5:1146189-1147106	5	10	5	10.0	0.0	0.0	10.0	*	30.0	RAP_Step2_HNHZ_window200kb.FarmCPUpeak_info	window200kb	LOC_Os05g03030			50S ribosomal protein L10, chloroplast precursor, putative, expressed	N	Y	Y	38	pipeline_score=30; farm_logP=26.06; max_variant=10; supported_by_both_modes; recommendation_score=38
QTL12	Chr5-1175327	26.06	*	LOC_Os05g03040	5:1155968-1160267	20	10	5	10.0	0.0	18.0	18.0	*	66.0	RAP_Step2_HNHZ_window200kb.FarmCPUpeak_info	window200kb	LOC_Os05g03040	RSR1|qHD5	domestication; ethylene; flowering; heading date; nucleus; seed; seed size; starch; starch biosynthesis; temperature; transcription factor; yield	AP2 domain containing protein, expressed	N	Y	Y	83	pipeline_score=66; farm_logP=26.06; max_variant=20; supported_by_both_modes; symbol=RSR1|qHD5; keyword=domestication; ethylene; flowering; heading date; nucleus; seed; seed size; starch; starch biosynthesis; temperature; transcription factor; yield; recommendation_score=83
QTL12	Chr5-1175327	26.06	*	LOC_Os05g03050	5:1186090-1190655	5	10	20	10.0	0.0	0.0	5.0	*	35.0	RAP_Step2_HNHZ_window200kb.FarmCPUpeak_info	window200kb	LOC_Os05g03050			DNA repair protein Rad51, putative, expressed	N	Y	Y	45	pipeline_score=35; farm_logP=26.06; max_variant=20; supported_by_both_modes; recommendation_score=45
QTL12	Chr5-1175327	26.06	*	Os05g0121725	5:1190748-1190803	*	1	*	10.0	0.0	0.0	0.0	*	11.0	RAP_Step2_HNHZ_window200kb.FarmCPUpeak_info	window200kb	Os05g0121725							16	pipeline_score=11; farm_logP=26.06; max_variant=1; supported_by_both_modes; recommendation_score=16
QTL12	Chr5-1175327	26.06	*	Os05g0121750	5:1192862-1193809	*	*	5	10.0	0.0	0.0	5.0	*	20.0	RAP_Step2_HNHZ_window200kb.FarmCPUpeak_info	window200kb	Os05g0121750							25	pipeline_score=20; farm_logP=26.06; max_variant=5; supported_by_both_modes; recommendation_score=25
QTL12	Chr5-1175327	26.06	*	LOC_Os05g03060	5:1195078-1199241	5	10	*	10.0	0.0	0.0	5.0	*	25.0	RAP_Step2_HNHZ_window200kb.FarmCPUpeak_info	window200kb	LOC_Os05g03060			expressed protein	N	Y	Y	33	pipeline_score=25; farm_logP=26.06; max_variant=10; supported_by_both_modes; recommendation_score=33
QTL12	Chr5-1175327	26.06	*	LOC_Os05g03070	5:1198628-1201047	5	10	*	10.0	0.0	0.0	5.0	*	25.0	RAP_Step2_HNHZ_window200kb.FarmCPUpeak_info	window200kb	LOC_Os05g03070			transporter, putative, expressed	N	Y	Y	33	pipeline_score=25; farm_logP=26.06; max_variant=10; supported_by_both_modes; recommendation_score=33
QTL12	Chr5-1175327	26.06	*	Os05g0121850	5:1199247-1201035	5	10	*	10.0	0.0	0.0	5.0	*	25.0	RAP_Step2_HNHZ_window200kb.FarmCPUpeak_info	window200kb	Os05g0121850							33	pipeline_score=25; farm_logP=26.06; max_variant=10; supported_by_both_modes; recommendation_score=33
QTL12	Chr5-1175327	26.06	*	Os05g0122001	5:1203946-1204615	20	5	0	10.0	0.0	0.0	0.0	*	30.0	RAP_Step2_HNHZ_window200kb.FarmCPUpeak_info	window200kb	Os05g0122001							40	pipeline_score=30; farm_logP=26.06; max_variant=20; supported_by_both_modes; recommendation_score=40
QTL12	Chr5-1175327	26.06	*	LOC_Os05g03080	5:1204642-1213866	25	25	25	10.0	0.0	10.0	0.0	*	45.0	RAP_Step2_HNHZ_window200kb.FarmCPUpeak_info	window200kb	LOC_Os05g03080			expressed protein	N	Y	Y	55	pipeline_score=45; farm_logP=26.06; max_variant=25; supported_by_both_modes; recommendation_score=55
QTL12	Chr5-1175327	26.06	*	LOC_Os05g03090	5:1214177-1221978	25	25	0	10.0	0.0	0.0	5.0	*	40.0	RAP_Step2_HNHZ_window200kb.FarmCPUpeak_info	window200kb	LOC_Os05g03090			transposon protein, putative, unclassified, expressed	Y	Y	Y	50	pipeline_score=40; farm_logP=26.06; max_variant=25; supported_by_both_modes; recommendation_score=50
QTL12	Chr5-1175327	26.06	*	LOC_Os05g03100	5:1223963-1230057	20	10	*	10.0	0.0	0.0	5.0	*	35.0	RAP_Step2_HNHZ_window200kb.FarmCPUpeak_info	window200kb	LOC_Os05g03100			HECT-domain domain containing protein, expressed	N	Y	Y	45	pipeline_score=35; farm_logP=26.06; max_variant=20; supported_by_both_modes; recommendation_score=45
QTL12	Chr5-1175327	26.06	*	LOC_Os05g03110	5:1231013-1232497	20	10	*	10.0	0.0	10.0	5.0	*	45.0	RAP_Step2_HNHZ_window200kb.FarmCPUpeak_info	window200kb	LOC_Os05g03110			PWWP domain containing protein, expressed	N	Y	Y	55	pipeline_score=45; farm_logP=26.06; max_variant=20; supported_by_both_modes; recommendation_score=55
QTL12	Chr5-1175327	26.06	*	LOC_Os05g03120	5:1240299-1245353	20	10	*	10.0	0.0	0.0	5.0	*	35.0	RAP_Step2_HNHZ_window200kb.FarmCPUpeak_info	window200kb	LOC_Os05g03120			retrotransposon protein, putative, unclassified, expressed	Y	Y	Y	45	pipeline_score=35; farm_logP=26.06; max_variant=20; supported_by_both_modes; recommendation_score=45
QTL12	Chr5-1175327	26.06	*	Os05g0122650	5:1243359-1244985	20	10	*	10.0	0.0	0.0	5.0	*	35.0	RAP_Step2_HNHZ_window200kb.FarmCPUpeak_info	window200kb	Os05g0122650							45	pipeline_score=35; farm_logP=26.06; max_variant=20; supported_by_both_modes; recommendation_score=45
QTL12	Chr5-1175327	26.06	*	LOC_Os05g03130	5:1246286-1247010	5	10	5	10.0	0.0	0.0	5.0	*	25.0	RAP_Step2_HNHZ_window200kb.FarmCPUpeak_info	window200kb	LOC_Os05g03130			OsRCI2-7 - Putative low temperature and salt responsive protein, expressed	N	Y	Y	33	pipeline_score=25; farm_logP=26.06; max_variant=10; supported_by_both_modes; recommendation_score=33
QTL12	Chr5-1175327	26.06	*	Os05g0122750	5:1248228-1248495	5	5	5	10.0	0.0	0.0	0.0	*	15.0	RAP_Step2_HNHZ_window200kb.FarmCPUpeak_info	window200kb	Os05g0122750							20	pipeline_score=15; farm_logP=26.06; max_variant=5; supported_by_both_modes; recommendation_score=20
QTL12	Chr5-1175327	26.06	*	LOC_Os05g03140	5:1254567-1258818	20	10	*	10.0	0.0	0.0	10.0	*	40.0	RAP_Step2_HNHZ_window200kb.FarmCPUpeak_info	window200kb	LOC_Os05g03140			tetraspanin family protein, putative, expressed	N	Y	Y	50	pipeline_score=40; farm_logP=26.06; max_variant=20; supported_by_both_modes; recommendation_score=50
QTL12	Chr5-1175327	26.06	*	LOC_Os05g03150	5:1259222-1261993	20	10	*	10.0	0.0	0.0	10.0	*	40.0	RAP_Step2_HNHZ_window200kb.FarmCPUpeak_info	window200kb	LOC_Os05g03150	OsBLE1	growth; iaa; lamina; root; seedling; vascular bundle	expressed protein	N	Y	Y	57	pipeline_score=40; farm_logP=26.06; max_variant=20; supported_by_both_modes; symbol=OsBLE1; keyword=growth; iaa; lamina; root; seedling; vascular bundle; recommendation_score=57
QTL12	Chr5-1175327	26.06	*	LOC_Os05g03160	5:1266639-1267076	15	5	5	10.0	5.0	0.0	5.0	*	35.0	RAP_Step2_HNHZ_window200kb.FarmCPUpeak_info	window200kb	LOC_Os05g03160			DUF260 domain containing protein, putative, expressed	N	Y	Y	43	pipeline_score=35; farm_logP=26.06; max_variant=15; supported_by_both_modes; recommendation_score=43
QTL12	Chr5-1175327	26.06	*	LOC_Os05g03174	5:1278891-1285604	5	10	10	10.0	0.0	0.0	10.0	*	30.0	RAP_Step2_HNHZ_window200kb.FarmCPUpeak_info	window200kb	LOC_Os05g03174			glycosyltransferase family 43 protein, putative, expressed	N	Y	Y	38	pipeline_score=30; farm_logP=26.06; max_variant=10; supported_by_both_modes; recommendation_score=38
QTL12	Chr5-1175327	26.06	*	Os05g0123150	5:1279392-1280215	5	5	*	10.0	0.0	0.0	10.0	*	25.0	RAP_Step2_HNHZ_window200kb.FarmCPUpeak_info	window200kb	Os05g0123150							30	pipeline_score=25; farm_logP=26.06; max_variant=5; supported_by_both_modes; recommendation_score=30
QTL12	Chr5-1175327	26.06	*	LOC_Os05g03190	5:1291418-1295542	5	10	5	10.0	0.0	0.0	10.0	*	30.0	RAP_Step2_HNHZ_window200kb.FarmCPUpeak_info	window200kb	LOC_Os05g03190			IQ calmodulin-binding motif domain containing protein, expressed	N	Y	Y	38	pipeline_score=30; farm_logP=26.06; max_variant=10; supported_by_both_modes; recommendation_score=38
QTL12	Chr5-1175327	26.06	*	LOC_Os05g03200	5:1295616-1298612	5	*	*	10.0	0.0	0.0	10.0	*	25.0	RAP_Step2_HNHZ_window200kb.FarmCPUpeak_info	window200kb	LOC_Os05g03200			expressed protein	N	Y	Y	30	pipeline_score=25; farm_logP=26.06; max_variant=5; supported_by_both_modes; recommendation_score=30
QTL12	Chr5-1175327	26.06	*	LOC_Os05g03210	5:1299349-1302199	18	25	10	10.0	0.0	0.0	10.0	*	45.0	RAP_Step2_HNHZ_window200kb.FarmCPUpeak_info	window200kb	LOC_Os05g03210			OsFBDUF23 - F-box and DUF domain containing protein, expressed	N	Y	Y	55	pipeline_score=45; farm_logP=26.06; max_variant=25; supported_by_both_modes; recommendation_score=55
QTL12	Chr5-1175327	26.06	*	LOC_Os05g03220	5:1303753-1304982	25	5	25	10.0	0.0	0.0	5.0	*	40.0	RAP_Step2_HNHZ_window200kb.FarmCPUpeak_info	window200kb	LOC_Os05g03220			transposon protein, putative, unclassified	Y	N	Y	50	pipeline_score=40; farm_logP=26.06; max_variant=25; supported_by_both_modes; recommendation_score=50
QTL12	Chr5-1175327	26.06	*	LOC_Os05g03230	5:1306921-1308259	25	25	20	10.0	0.0	0.0	5.0	*	40.0	RAP_Step2_HNHZ_window200kb.FarmCPUpeak_info	window200kb	LOC_Os05g03230			retrotransposon protein, putative, Ty3-gypsy subclass, expressed	Y	Y	Y	50	pipeline_score=40; farm_logP=26.06; max_variant=25; supported_by_both_modes; recommendation_score=50
QTL12	Chr5-1175327	26.06	*	LOC_Os05g03240	5:1310569-1311590	5	5	*	10.0	0.0	0.0	0.0	*	15.0	RAP_Step2_HNHZ_window200kb.FarmCPUpeak_info	window200kb	LOC_Os05g03240			hypothetical protein	N	N	Y	20	pipeline_score=15; farm_logP=26.06; max_variant=5; supported_by_both_modes; recommendation_score=20
QTL12	Chr5-1175327	26.06	*	LOC_Os05g03250	5:1313948-1315939	20	5	0	10.0	0.0	0.0	0.0	*	30.0	RAP_Step2_HNHZ_window200kb.FarmCPUpeak_info	window200kb	LOC_Os05g03250			retrotransposon protein, putative, Ty3-gypsy subclass, expressed	Y	Y	Y	40	pipeline_score=30; farm_logP=26.06; max_variant=20; supported_by_both_modes; recommendation_score=40
QTL12	Chr5-1175327	26.06	*	LOC_Os05g03260	5:1317222-1317839	20	5	0	10.0	5.0	0.0	0.0	*	35.0	RAP_Step2_HNHZ_window200kb.FarmCPUpeak_info	window200kb	LOC_Os05g03260			retrotransposon protein, putative, unclassified	Y	N	Y	45	pipeline_score=35; farm_logP=26.06; max_variant=20; supported_by_both_modes; recommendation_score=45
QTL12	Chr5-1175327	26.06	*	LOC_Os05g03270	5:1322880-1326580	25	25	25	10.0	0.0	0.0	5.0	*	40.0	RAP_Step2_HNHZ_window200kb.FarmCPUpeak_info	window200kb	LOC_Os05g03270			transposon protein, putative, CACTA, En/Spm sub-class, expressed	Y	Y	Y	50	pipeline_score=40; farm_logP=26.06; max_variant=25; supported_by_both_modes; recommendation_score=50
QTL12	Chr5-1175327	26.06	*	LOC_Os05g03280	5:1328528-1331760	25	25	25	10.0	0.0	0.0	5.0	*	40.0	RAP_Step2_HNHZ_window200kb.FarmCPUpeak_info	window200kb	LOC_Os05g03280			transposon protein, putative, CACTA, En/Spm sub-class, expressed	Y	Y	Y	50	pipeline_score=40; farm_logP=26.06; max_variant=25; supported_by_both_modes; recommendation_score=50
QTL12	Chr5-1175327	26.06	*	LOC_Os05g03290	5:1332961-1336292	25	25	25	10.0	0.0	0.0	0.0	*	35.0	RAP_Step2_HNHZ_window200kb.FarmCPUpeak_info	window200kb	LOC_Os05g03290			transposon protein, putative, CACTA, En/Spm sub-class, expressed	Y	Y	Y	45	pipeline_score=35; farm_logP=26.06; max_variant=25; supported_by_both_modes; recommendation_score=45
QTL12	Chr5-1175327	26.06	*	LOC_Os05g03299	5:1340695-1340907	20	5	*	10.0	0.0	0.0	0.0	*	30.0	RAP_Step2_HNHZ_window200kb.FarmCPUpeak_info	window200kb	LOC_Os05g03299			expressed protein	N	Y	Y	40	pipeline_score=30; farm_logP=26.06; max_variant=20; supported_by_both_modes; recommendation_score=40
QTL12	Chr5-1175327	26.06	*	LOC_Os05g03310	5:1345299-1347506	20	25	25	10.0	0.0	0.0	5.0	*	40.0	RAP_Step2_HNHZ_window200kb.FarmCPUpeak_info	window200kb	LOC_Os05g03310			expressed protein	N	Y	Y	50	pipeline_score=40; farm_logP=26.06; max_variant=25; supported_by_both_modes; recommendation_score=50
QTL12	Chr5-1175327	26.06	*	LOC_Os05g03320	5:1348472-1354741	5	25	25	10.0	5.0	0.0	5.0	*	45.0	RAP_Step2_HNHZ_window200kb.FarmCPUpeak_info	window200kb	LOC_Os05g03320			expressed protein	N	Y	Y	55	pipeline_score=45; farm_logP=26.06; max_variant=25; supported_by_both_modes; recommendation_score=55
QTL12	Chr5-1175327	26.06	*	LOC_Os05g03330	5:1359039-1361013	20	25	25	10.0	0.0	0.0	0.0	*	35.0	RAP_Step2_HNHZ_window200kb.FarmCPUpeak_info	window200kb	LOC_Os05g03330			expressed protein	N	Y	Y	45	pipeline_score=35; farm_logP=26.06; max_variant=25; supported_by_both_modes; recommendation_score=45
QTL12	Chr5-1175327	26.06	*	LOC_Os05g03339	5:1365405-1365617	20	25	25	10.0	0.0	0.0	0.0	*	35.0	RAP_Step2_HNHZ_window200kb.FarmCPUpeak_info	window200kb	LOC_Os05g03339			expressed protein	N	Y	Y	45	pipeline_score=35; farm_logP=26.06; max_variant=25; supported_by_both_modes; recommendation_score=45
QTL13	Chr5-29666704	14.65	*	Os05g0591550	5:29466185-29466905	20	5	10	8.0	0.0	0.0	5.0	*	33.0	RAP_Step2_HNHZ_window200kb.FarmCPUpeak_info	window200kb	Os05g0591550							43	pipeline_score=33; farm_logP=14.65; max_variant=20; supported_by_both_modes; recommendation_score=43
QTL13	Chr5-29666704	14.65	*	LOC_Os05g51390	5:29470011-29474254	20	10	*	8.0	5.0	0.0	5.0	*	38.0	RAP_Step2_HNHZ_window200kb.FarmCPUpeak_info	window200kb	LOC_Os05g51390			uncharacterized protein PA4923, putative, expressed	N	Y	Y	48	pipeline_score=38; farm_logP=14.65; max_variant=20; supported_by_both_modes; recommendation_score=48
QTL13	Chr5-29666704	14.65	*	Os05g0591700	5:29470193-29471264	20	5	*	8.0	0.0	0.0	5.0	*	33.0	RAP_Step2_HNHZ_window200kb.FarmCPUpeak_info	window200kb	Os05g0591700							43	pipeline_score=33; farm_logP=14.65; max_variant=20; supported_by_both_modes; recommendation_score=43
QTL13	Chr5-29666704	14.65	*	LOC_Os05g51400	5:29480933-29485098	20	5	5	8.0	5.0	0.0	5.0	*	38.0	RAP_Step2_HNHZ_window200kb.FarmCPUpeak_info	window200kb	LOC_Os05g51400			protein kinase APK1B, chloroplast precursor, putative, expressed	N	Y	Y	48	pipeline_score=38; farm_logP=14.65; max_variant=20; supported_by_both_modes; recommendation_score=48
QTL13	Chr5-29666704	14.65	*	Os05g0591850	5:29482632-29484973	20	10	0	8.0	0.0	0.0	0.0	*	28.0	RAP_Step2_HNHZ_window200kb.FarmCPUpeak_info	window200kb	Os05g0591850							38	pipeline_score=28; farm_logP=14.65; max_variant=20; supported_by_both_modes; recommendation_score=38
QTL13	Chr5-29666704	14.65	*	LOC_Os05g51420	5:29486727-29492176	5	10	5	8.0	0.0	0.0	18.0	*	36.0	RAP_Step2_HNHZ_window200kb.FarmCPUpeak_info	window200kb	LOC_Os05g51420			hypersensitive-induced response protein, putative, expressed	N	Y	Y	44	pipeline_score=36; farm_logP=14.65; max_variant=10; supported_by_both_modes; recommendation_score=44
QTL13	Chr5-29666704	14.65	*	Os05g0591925	5:29487115-29487459	*	*	*	8.0	0.0	0.0	10.0	*	18.0	RAP_Step2_HNHZ_window200kb.FarmCPUpeak_info	window200kb	Os05g0591925							23	pipeline_score=18; farm_logP=14.65; supported_by_both_modes; recommendation_score=23
QTL13	Chr5-29666704	14.65	*	LOC_Os05g51430	5:29492938-29493474	20	10	*	8.0	0.0	0.0	0.0	*	28.0	RAP_Step2_HNHZ_window200kb.FarmCPUpeak_info	window200kb	LOC_Os05g51430			expressed protein	N	Y	Y	38	pipeline_score=28; farm_logP=14.65; max_variant=20; supported_by_both_modes; recommendation_score=38
QTL13	Chr5-29666704	14.65	*	LOC_Os05g51440	5:29494574-29495716	5	25	1	8.0	0.0	0.0	10.0	*	43.0	RAP_Step2_HNHZ_window200kb.FarmCPUpeak_info	window200kb	LOC_Os05g51440			hsp20/alpha crystallin family protein, putative, expressed	N	Y	Y	53	pipeline_score=43; farm_logP=14.65; max_variant=25; supported_by_both_modes; recommendation_score=53
QTL13	Chr5-29666704	14.65	*	LOC_Os05g51450	5:29495797-29499479	20	5	0	8.0	0.0	0.0	18.0	*	46.0	RAP_Step2_HNHZ_window200kb.FarmCPUpeak_info	window200kb	LOC_Os05g51450	OsClpR1	chloroplast; chloroplast development; development	OsClp8 - Putative Clp protease homologue, expressed	N	Y	Y	63	pipeline_score=46; farm_logP=14.65; max_variant=20; supported_by_both_modes; symbol=OsClpR1; keyword=chloroplast; chloroplast development; development; recommendation_score=63
QTL13	Chr5-29666704	14.65	*	LOC_Os05g51460	5:29502582-29503990	25	10	0	8.0	0.0	0.0	0.0	*	33.0	RAP_Step2_HNHZ_window200kb.FarmCPUpeak_info	window200kb	LOC_Os05g51460			retrotransposon protein, putative, LINE subclass, expressed	Y	Y	Y	38	pipeline_score=33; farm_logP=14.65; max_variant=25; recommendation_score=38
QTL13	Chr5-29666704	14.65	*	LOC_Os05g51470	5:29506977-29509972	1	10	10	8.0	0.0	0.0	10.0	*	28.0	RAP_Step2_HNHZ_window200kb.FarmCPUpeak_info	window200kb	LOC_Os05g51470			2-aminoethanethiol dioxygenase, putative, expressed	N	Y	Y	31	pipeline_score=28; farm_logP=14.65; max_variant=10; recommendation_score=31
QTL13	Chr5-29666704	14.65	*	Os05g0592350	5:29508537-29509089	5	5	*	8.0	0.0	0.0	5.0	*	18.0	RAP_Step2_HNHZ_window200kb.FarmCPUpeak_info	window200kb	Os05g0592350							18	pipeline_score=18; farm_logP=14.65; max_variant=5; recommendation_score=18
QTL13	Chr5-29666704	14.65	*	LOC_Os05g51480	5:29511855-29520054	5	10	*	8.0	0.0	0.0	10.0	*	28.0	RAP_Step2_HNHZ_window200kb.FarmCPUpeak_info	window200kb	LOC_Os05g51480	OsDDB1	ABA ; ABA; flavonoid	cleavage and polyadenylation specificity factor, putative, expressed	N	Y	Y	38	pipeline_score=28; farm_logP=14.65; max_variant=10; symbol=OsDDB1; keyword=ABA ; ABA; flavonoid; recommendation_score=38
QTL13	Chr5-29666704	14.65	*	Os05g0592450	5:29517590-29519656	5	5	*	8.0	0.0	0.0	5.0	*	18.0	RAP_Step2_HNHZ_window200kb.FarmCPUpeak_info	window200kb	Os05g0592450							18	pipeline_score=18; farm_logP=14.65; max_variant=5; recommendation_score=18
QTL13	Chr5-29666704	14.65	*	LOC_Os05g51490	5:29520082-29527464	5	5	*	8.0	0.0	0.0	15.0	*	28.0	RAP_Step2_HNHZ_window200kb.FarmCPUpeak_info	window200kb	LOC_Os05g51490			SIT4 phosphatase-associated protein domain containing protein, expressed	N	Y	Y	28	pipeline_score=28; farm_logP=14.65; max_variant=5; recommendation_score=28
QTL13	Chr5-29666704	14.65	*	LOC_Os05g51500	5:29528559-29534682	15	10	*	8.0	0.0	0.0	15.0	*	38.0	RAP_Step2_HNHZ_window200kb.FarmCPUpeak_info	window200kb	LOC_Os05g51500			eukaryotic translation initiation factor 5B, putative, expressed	N	Y	Y	41	pipeline_score=38; farm_logP=14.65; max_variant=15; recommendation_score=41
QTL13	Chr5-29666704	14.65	*	LOC_Os05g51510	5:29538429-29542019	5	10	*	8.0	0.0	0.0	15.0	*	33.0	RAP_Step2_HNHZ_window200kb.FarmCPUpeak_info	window200kb	LOC_Os05g51510	OsABIL2|OsPP2C53	ABA; Kinase; development; drought; drought stress; nucleus; plant development; protein kinase; root; root architecture; root development; root hair; stomata; stomatal; stress; water loss	protein phosphatase 2C, putative, expressed	N	Y	Y	43	pipeline_score=33; farm_logP=14.65; max_variant=10; symbol=OsABIL2|OsPP2C53; keyword=ABA; Kinase; development; drought; drought stress; nucleus; plant development; protein kinase; root; root architecture; root development; root hair; stomata; stomatal; stress; water loss; recommendation_score=43
QTL13	Chr5-29666704	14.65	*	LOC_Os05g51520	5:29545098-29546798	5	10	*	8.0	0.0	0.0	18.0	*	36.0	RAP_Step2_HNHZ_window200kb.FarmCPUpeak_info	window200kb	LOC_Os05g51520			expressed protein	N	Y	Y	39	pipeline_score=36; farm_logP=14.65; max_variant=10; recommendation_score=39
QTL13	Chr5-29666704	14.65	*	LOC_Os05g51530	5:29547451-29551690	20	10	*	8.0	0.0	10.0	15.0	*	53.0	RAP_Step2_HNHZ_window200kb.FarmCPUpeak_info	window200kb	LOC_Os05g51530			vacuolar ATP synthase subunit C, putative, expressed	N	Y	Y	58	pipeline_score=53; farm_logP=14.65; max_variant=20; recommendation_score=58
QTL13	Chr5-29666704	14.65	*	Os05g0593150	5:29547868-29550160	20	*	*	8.0	0.0	0.0	5.0	*	33.0	RAP_Step2_HNHZ_window200kb.FarmCPUpeak_info	window200kb	Os05g0593150							38	pipeline_score=33; farm_logP=14.65; max_variant=20; recommendation_score=38
QTL13	Chr5-29666704	14.65	*	LOC_Os05g51540	5:29552528-29554142	5	10	*	8.0	0.0	0.0	10.0	*	28.0	RAP_Step2_HNHZ_window200kb.FarmCPUpeak_info	window200kb	LOC_Os05g51540			expressed protein	N	Y	Y	31	pipeline_score=28; farm_logP=14.65; max_variant=10; recommendation_score=31
QTL13	Chr5-29666704	14.65	*	LOC_Os05g51550	5:29554783-29559880	25	5	*	8.0	0.0	0.0	15.0	*	48.0	RAP_Step2_HNHZ_window200kb.FarmCPUpeak_info	window200kb	LOC_Os05g51550			DNA binding protein, putative, expressed	N	Y	Y	53	pipeline_score=48; farm_logP=14.65; max_variant=25; recommendation_score=53
QTL13	Chr5-29666704	14.65	*	Os05g0593550	5:29563935-29566473	5	5	*	8.0	0.0	0.0	10.0	*	23.0	RAP_Step2_HNHZ_window200kb.FarmCPUpeak_info	window200kb	Os05g0593550							23	pipeline_score=23; farm_logP=14.65; max_variant=5; recommendation_score=23
QTL13	Chr5-29666704	14.65	*	LOC_Os05g51560	5:29571141-29576012	5	10	*	8.0	0.0	0.0	15.0	*	33.0	RAP_Step2_HNHZ_window200kb.FarmCPUpeak_info	window200kb	LOC_Os05g51560			CK1_CaseinKinase_1.8 - CK1 includes the casein kinase 1 kinases, expressed	N	Y	Y	36	pipeline_score=33; farm_logP=14.65; max_variant=10; recommendation_score=36
QTL13	Chr5-29666704	14.65	*	LOC_Os05g51570	5:29579044-29580698	5	25	*	8.0	0.0	0.0	10.0	*	43.0	RAP_Step2_HNHZ_window200kb.FarmCPUpeak_info	window200kb	LOC_Os05g51570	OsVPE4	cell death	vacuolar-processing enzyme precursor, putative, expressed	N	Y	Y	55	pipeline_score=43; farm_logP=14.65; max_variant=25; symbol=OsVPE4; keyword=cell death; recommendation_score=55
QTL13	Chr5-29666704	14.65	*	Os05g0594001	5:29583709-29584308	*	*	*	8.0	0.0	0.0	5.0	*	13.0	RAP_Step2_HNHZ_window200kb.FarmCPUpeak_info	window200kb	Os05g0594001							13	pipeline_score=13; farm_logP=14.65; recommendation_score=13
QTL13	Chr5-29666704	14.65	*	LOC_Os05g51580	5:29583829-29584291	*	5	*	8.0	0.0	0.0	5.0	*	18.0	RAP_Step2_HNHZ_window200kb.FarmCPUpeak_info	window200kb	LOC_Os05g51580			hypothetical protein	Y	N	Y	18	pipeline_score=18; farm_logP=14.65; max_variant=5; recommendation_score=18
QTL13	Chr5-29666704	14.65	*	LOC_Os05g51590	5:29584730-29586168	5	10	*	8.0	0.0	0.0	18.0	*	36.0	RAP_Step2_HNHZ_window200kb.FarmCPUpeak_info	window200kb	LOC_Os05g51590			N-rich protein, putative, expressed	N	Y	Y	39	pipeline_score=36; farm_logP=14.65; max_variant=10; recommendation_score=39
QTL13	Chr5-29666704	14.65	*	LOC_Os05g51610	5:29588646-29593841	5	10	5	8.0	0.0	0.0	15.0	*	33.0	RAP_Step2_HNHZ_window200kb.FarmCPUpeak_info	window200kb	LOC_Os05g51610			sodium/calcium exchanger protein, putative, expressed	N	Y	Y	36	pipeline_score=33; farm_logP=14.65; max_variant=10; recommendation_score=36
QTL13	Chr5-29666704	14.65	*	Os05g0594300	5:29589547-29590948	5	*	*	8.0	0.0	0.0	5.0	*	18.0	RAP_Step2_HNHZ_window200kb.FarmCPUpeak_info	window200kb	Os05g0594300							18	pipeline_score=18; farm_logP=14.65; max_variant=5; recommendation_score=18
QTL13	Chr5-29666704	14.65	*	LOC_Os05g51620	5:29595447-29601413	18	5	*	8.0	0.0	0.0	15.0	*	41.0	RAP_Step2_HNHZ_window200kb.FarmCPUpeak_info	window200kb	LOC_Os05g51620			expressed protein	N	Y	Y	44	pipeline_score=41; farm_logP=14.65; max_variant=18; recommendation_score=44
QTL13	Chr5-29666704	14.65	*	LOC_Os05g51630	5:29608182-29616433	15	10	*	8.0	0.0	0.0	15.0	*	38.0	RAP_Step2_HNHZ_window200kb.FarmCPUpeak_info	window200kb	LOC_Os05g51630	OsOSCA1.2	osmotic stress	early-responsive to dehydration protein-related, putative, expressed	N	Y	Y	48	pipeline_score=38; farm_logP=14.65; max_variant=15; symbol=OsOSCA1.2; keyword=osmotic stress; recommendation_score=48
QTL13	Chr5-29666704	14.65	*	Os05g0594750	5:29609622-29613537	*	*	*	8.0	0.0	0.0	15.0	*	23.0	RAP_Step2_HNHZ_window200kb.FarmCPUpeak_info	window200kb	Os05g0594750							23	pipeline_score=23; farm_logP=14.65; recommendation_score=23
QTL13	Chr5-29666704	14.65	*	LOC_Os05g51640	5:29617739-29622958	*	10	*	8.0	0.0	0.0	15.0	*	33.0	RAP_Step2_HNHZ_window200kb.FarmCPUpeak_info	window200kb	LOC_Os05g51640			adhesion regulating molecule family, putative, expressed	N	Y	Y	36	pipeline_score=33; farm_logP=14.65; max_variant=10; recommendation_score=36
QTL13	Chr5-29666704	14.65	*	LOC_Os05g51650	5:29623192-29624800	*	10	*	8.0	0.0	0.0	10.0	*	28.0	RAP_Step2_HNHZ_window200kb.FarmCPUpeak_info	window200kb	LOC_Os05g51650			LSM domain containing protein, expressed	N	Y	Y	31	pipeline_score=28; farm_logP=14.65; max_variant=10; recommendation_score=31
QTL13	Chr5-29666704	14.65	*	LOC_Os05g51660	5:29624706-29625782	5	10	5	8.0	0.0	0.0	10.0	*	28.0	RAP_Step2_HNHZ_window200kb.FarmCPUpeak_info	window200kb	LOC_Os05g51660			SCP-like extracellular protein, expressed	N	Y	Y	31	pipeline_score=28; farm_logP=14.65; max_variant=10; recommendation_score=31
QTL13	Chr5-29666704	14.65	*	LOC_Os05g51670	5:29631973-29635856	5	*	*	8.0	0.0	0.0	18.0	*	31.0	RAP_Step2_HNHZ_window200kb.FarmCPUpeak_info	window200kb	LOC_Os05g51670	OsUGE1	development; nucleus; plasma membrane; reproductive; reproductive development; root; root hair; tapetum; tapetum degradation; transcriptional activator; transcriptional regulator	NAD dependent epimerase/dehydratase family protein, putative, expressed	N	Y	Y	38	pipeline_score=31; farm_logP=14.65; max_variant=5; symbol=OsUGE1; keyword=development; nucleus; plasma membrane; reproductive; reproductive development; root; root hair; tapetum; tapetum degradation; transcriptional activator; transcriptional regulator; recommendation_score=38
QTL13	Chr5-29666704	14.65	*	LOC_Os05g51680	5:29634921-29638282	*	5	*	8.0	0.0	0.0	10.0	*	23.0	RAP_Step2_HNHZ_window200kb.FarmCPUpeak_info	window200kb	LOC_Os05g51680			SCP-like extracellular protein, expressed	N	Y	Y	23	pipeline_score=23; farm_logP=14.65; max_variant=5; recommendation_score=23
QTL13	Chr5-29666704	14.65	*	LOC_Os05g51690	5:29656549-29660320	20	25	*	8.0	0.0	20.0	18.0	*	71.0	RAP_Step2_HNHZ_window200kb.FarmCPUpeak_info	window200kb	LOC_Os05g51690	CRCT|NRR	architecture; growth; leaf; phloem; photosynthesis; plant growth; root; root architecture; seedling; sheath; starch; sucrose; tiller; tiller angle; vegetative	CCT motif family protein, expressed	N	Y	Y	83	pipeline_score=71; farm_logP=14.65; max_variant=25; symbol=CRCT|NRR; keyword=architecture; growth; leaf; phloem; photosynthesis; plant growth; root; root architecture; seedling; sheath; starch; sucrose; tiller; tiller angle; vegetative; recommendation_score=83
QTL13	Chr5-29666704	14.65	*	LOC_Os05g51700	5:29660454-29663531	25	25	*	8.0	0.0	0.0	15.0	*	48.0	RAP_Step2_HNHZ_window200kb.FarmCPUpeak_info	window200kb	LOC_Os05g51700	OsNDPK3	mitochondria	nucleoside diphosphate kinase, putative, expressed	N	Y	Y	60	pipeline_score=48; farm_logP=14.65; max_variant=25; symbol=OsNDPK3; keyword=mitochondria; recommendation_score=60
QTL13	Chr5-29666704	14.65	*	Os05g0595450	5:29660764-29662718	25	25	10	8.0	0.0	0.0	10.0	*	43.0	RAP_Step2_HNHZ_window200kb.FarmCPUpeak_info	window200kb	Os05g0595450							48	pipeline_score=43; farm_logP=14.65; max_variant=25; recommendation_score=48
QTL13	Chr5-29666704	14.65	*	LOC_Os05g51710	5:29664030-29667564	5	*	*	8.0	0.0	0.0	15.0	*	28.0	RAP_Step2_HNHZ_window200kb.FarmCPUpeak_info	window200kb	LOC_Os05g51710			pleckstrin homology domain-containing protein-related taxo, putative, expressed	N	Y	Y	28	pipeline_score=28; farm_logP=14.65; max_variant=5; recommendation_score=28
QTL13	Chr5-29666704	14.65	*	LOC_Os05g51720	5:29668446-29668838	5	*	0	8.0	0.0	0.0	0.0	*	13.0	RAP_Step2_HNHZ_window200kb.FarmCPUpeak_info	window200kb	LOC_Os05g51720			hypothetical protein	N	N	Y	13	pipeline_score=13; farm_logP=14.65; max_variant=5; recommendation_score=13
QTL13	Chr5-29666704	14.65	*	LOC_Os05g51730	5:29671363-29672993	25	25	*	8.0	0.0	0.0	0.0	*	33.0	RAP_Step2_HNHZ_window200kb.FarmCPUpeak_info	window200kb	LOC_Os05g51730			retrotransposon protein, putative, Ty1-copia subclass, expressed	Y	Y	Y	38	pipeline_score=33; farm_logP=14.65; max_variant=25; recommendation_score=38
QTL13	Chr5-29666704	14.65	*	LOC_Os05g51740	5:29677515-29682272	20	10	20	8.0	0.0	10.0	5.0	*	43.0	RAP_Step2_HNHZ_window200kb.FarmCPUpeak_info	window200kb	LOC_Os05g51740			receptor protein kinase CLAVATA1 precursor, putative, expressed	N	Y	Y	48	pipeline_score=43; farm_logP=14.65; max_variant=20; recommendation_score=48
QTL13	Chr5-29666704	14.65	*	LOC_Os05g51750	5:29688450-29690467	5	10	10	8.0	0.0	0.0	10.0	*	28.0	RAP_Step2_HNHZ_window200kb.FarmCPUpeak_info	window200kb	LOC_Os05g51750			aspartyl protease family protein, putative, expressed	N	Y	Y	31	pipeline_score=28; farm_logP=14.65; max_variant=10; recommendation_score=31
QTL13	Chr5-29666704	14.65	*	LOC_Os05g51754	5:29692745-29694648	5	5	*	8.0	0.0	0.0	15.0	*	28.0	RAP_Step2_HNHZ_window200kb.FarmCPUpeak_info	window200kb	LOC_Os05g51754			expressed protein	N	Y	Y	28	pipeline_score=28; farm_logP=14.65; max_variant=5; recommendation_score=28
QTL13	Chr5-29666704	14.65	*	LOC_Os05g51760	5:29696180-29699344	25	25	10	8.0	0.0	0.0	5.0	*	38.0	RAP_Step2_HNHZ_window200kb.FarmCPUpeak_info	window200kb	LOC_Os05g51760			transposon protein, putative, CACTA, En/Spm sub-class, expressed	Y	Y	Y	43	pipeline_score=38; farm_logP=14.65; max_variant=25; recommendation_score=43
QTL13	Chr5-29666704	14.65	*	LOC_Os05g51770	5:29703620-29708183	25	25	*	8.0	0.0	0.0	5.0	*	38.0	RAP_Step2_HNHZ_window200kb.FarmCPUpeak_info	window200kb	LOC_Os05g51770			retrotransposon protein, putative, Ty3-gypsy subclass, expressed	Y	Y	Y	43	pipeline_score=38; farm_logP=14.65; max_variant=25; recommendation_score=43
QTL13	Chr5-29666704	14.65	*	LOC_Os05g51780	5:29718182-29719699	*	*	*	8.0	0.0	0.0	15.0	*	23.0	RAP_Step2_HNHZ_window200kb.FarmCPUpeak_info	window200kb	LOC_Os05g51780			zinc finger, C3HC4 type domain containing protein, expressed	N	Y	Y	23	pipeline_score=23; farm_logP=14.65; recommendation_score=23
QTL13	Chr5-29666704	14.65	*	LOC_Os05g51790	5:29728155-29740820	20	*	*	8.0	0.0	0.0	10.0	*	38.0	RAP_Step2_HNHZ_window200kb.FarmCPUpeak_info	window200kb	LOC_Os05g51790			RecF/RecN/SMC N terminal domain containing protein, expressed	N	Y	Y	43	pipeline_score=38; farm_logP=14.65; max_variant=20; recommendation_score=43
QTL13	Chr5-29666704	14.65	*	LOC_Os05g51800	5:29742839-29745605	15	*	*	8.0	0.0	0.0	5.0	*	28.0	RAP_Step2_HNHZ_window200kb.FarmCPUpeak_info	window200kb	LOC_Os05g51800			peptidyl-tRNA hydrolase, mitochondrial precursor, putative, expressed	N	Y	Y	31	pipeline_score=28; farm_logP=14.65; max_variant=15; recommendation_score=31
QTL13	Chr5-29666704	14.65	*	LOC_Os05g51810	5:29748319-29749319	1	5	5	8.0	0.0	0.0	5.0	*	18.0	RAP_Step2_HNHZ_window200kb.FarmCPUpeak_info	window200kb	LOC_Os05g51810			expressed protein	N	Y	Y	18	pipeline_score=18; farm_logP=14.65; max_variant=5; recommendation_score=18
QTL13	Chr5-29666704	14.65	*	LOC_Os05g51820	5:29749747-29750525	5	10	*	8.0	5.0	0.0	5.0	*	28.0	RAP_Step2_HNHZ_window200kb.FarmCPUpeak_info	window200kb	LOC_Os05g51820	OsMUTE	stomatal	helix-loop-helix DNA-binding protein, putative, expressed	N	Y	Y	38	pipeline_score=28; farm_logP=14.65; max_variant=10; symbol=OsMUTE; keyword=stomatal; recommendation_score=38
QTL13	Chr5-29666704	14.65	*	LOC_Os05g51830	5:29753361-29756325	5	5	*	8.0	0.0	0.0	10.0	*	23.0	RAP_Step2_HNHZ_window200kb.FarmCPUpeak_info	window200kb	LOC_Os05g51830	HDT701|OsHDT1	GA; GA biosynthetic; abiotic stress; biotic stress; defense; floral; flower; flowering time; ga; growth; heading date; magnaporthe oryzae; nucleus; resistance; salt; seed; seed germination; seedling; stress	ZOS5-12 - C2H2 zinc finger protein, expressed	N	Y	Y	30	pipeline_score=23; farm_logP=14.65; max_variant=5; symbol=HDT701|OsHDT1; keyword=GA; GA biosynthetic; abiotic stress; biotic stress; defense; floral; flower; flowering time; ga; growth; heading date; magnaporthe oryzae; nucleus; resistance; salt; seed; seed germination; seedling; stress; recommendation_score=30
QTL13	Chr5-29666704	14.65	*	LOC_Os05g51850	5:29759100-29761438	*	10	*	8.0	0.0	0.0	10.0	*	28.0	RAP_Step2_HNHZ_window200kb.FarmCPUpeak_info	window200kb	LOC_Os05g51850			AT hook-containing DNA-binding protein, putative, expressed	N	Y	Y	31	pipeline_score=28; farm_logP=14.65; max_variant=10; recommendation_score=31
QTL13	Chr5-29666704	14.65	*	LOC_Os05g51860	5:29763179-29767039	20	5	*	8.0	0.0	0.0	5.0	*	33.0	RAP_Step2_HNHZ_window200kb.FarmCPUpeak_info	window200kb	LOC_Os05g51860			expressed protein	N	Y	Y	38	pipeline_score=33; farm_logP=14.65; max_variant=20; recommendation_score=38
QTL13	Chr5-29666704	14.65	*	LOC_Os05g51870	5:29771447-29771896	25	25	25	8.0	0.0	0.0	0.0	*	33.0	RAP_Step2_HNHZ_window200kb.FarmCPUpeak_info	window200kb	LOC_Os05g51870			ligA, putative, expressed	N	Y	Y	38	pipeline_score=33; farm_logP=14.65; max_variant=25; recommendation_score=38
QTL13	Chr5-29666704	14.65	*	LOC_Os05g51890	5:29774918-29776463	25	25	*	8.0	0.0	0.0	5.0	*	38.0	RAP_Step2_HNHZ_window200kb.FarmCPUpeak_info	window200kb	LOC_Os05g51890			retrotransposon protein, putative, unclassified, expressed	Y	Y	Y	43	pipeline_score=38; farm_logP=14.65; max_variant=25; recommendation_score=43
QTL13	Chr5-29666704	14.65	*	LOC_Os05g51900	5:29785141-29785732	*	*	*	8.0	0.0	0.0	5.0	*	13.0	RAP_Step2_HNHZ_window200kb.FarmCPUpeak_info	window200kb	LOC_Os05g51900			expressed protein	N	Y	Y	13	pipeline_score=13; farm_logP=14.65; recommendation_score=13
QTL13	Chr5-29666704	14.65	*	LOC_Os05g51910	5:29787386-29791926	5	10	10	8.0	0.0	0.0	0.0	*	18.0	RAP_Step2_HNHZ_window200kb.FarmCPUpeak_info	window200kb	LOC_Os05g51910			retrotransposon protein, putative, unclassified, expressed	Y	Y	Y	21	pipeline_score=18; farm_logP=14.65; max_variant=10; recommendation_score=21
QTL13	Chr5-29666704	14.65	*	LOC_Os05g51920	5:29798667-29799182	20	*	*	8.0	0.0	0.0	0.0	*	28.0	RAP_Step2_HNHZ_window200kb.FarmCPUpeak_info	window200kb	LOC_Os05g51920			retrotransposon protein, putative, Ty3-gypsy subclass	Y	N	Y	33	pipeline_score=28; farm_logP=14.65; max_variant=20; recommendation_score=33
QTL13	Chr5-29666704	14.65	*	LOC_Os05g51930	5:29800360-29807290	25	5	*	8.0	0.0	0.0	5.0	*	38.0	RAP_Step2_HNHZ_window200kb.FarmCPUpeak_info	window200kb	LOC_Os05g51930			retrotransposon protein, putative, Ty3-gypsy subclass, expressed	Y	Y	Y	43	pipeline_score=38; farm_logP=14.65; max_variant=25; recommendation_score=43
QTL13	Chr5-29666704	14.65	*	LOC_Os05g51940	5:29810812-29811564	25	25	*	8.0	0.0	0.0	5.0	*	38.0	RAP_Step2_HNHZ_window200kb.FarmCPUpeak_info	window200kb	LOC_Os05g51940			retrotransposon protein, putative, unclassified, expressed	Y	Y	Y	43	pipeline_score=38; farm_logP=14.65; max_variant=25; recommendation_score=43
QTL13	Chr5-29666704	14.65	*	LOC_Os05g51950	5:29812980-29815867	20	25	25	8.0	0.0	0.0	0.0	*	33.0	RAP_Step2_HNHZ_window200kb.FarmCPUpeak_info	window200kb	LOC_Os05g51950			retrotransposon protein, putative, Ty3-gypsy subclass	Y	N	Y	38	pipeline_score=33; farm_logP=14.65; max_variant=25; recommendation_score=38
QTL13	Chr5-29666704	14.65	*	LOC_Os05g51960	5:29816842-29818699	25	25	25	8.0	0.0	0.0	5.0	*	38.0	RAP_Step2_HNHZ_window200kb.FarmCPUpeak_info	window200kb	LOC_Os05g51960			expressed protein	Y	Y	Y	43	pipeline_score=38; farm_logP=14.65; max_variant=25; recommendation_score=43
QTL13	Chr5-29666704	14.65	*	LOC_Os05g51970	5:29823246-29823725	*	*	*	8.0	0.0	0.0	0.0	*	8.0	RAP_Step2_HNHZ_window200kb.FarmCPUpeak_info	window200kb	LOC_Os05g51970			expressed protein	Y	Y	Y	8	pipeline_score=8; farm_logP=14.65; recommendation_score=8
QTL13	Chr5-29666704	14.65	*	LOC_Os05g51990	5:29861296-29861937	20	25	*	8.0	0.0	0.0	0.0	*	33.0	RAP_Step2_HNHZ_window200kb.FarmCPUpeak_info	window200kb	LOC_Os05g51990			retrotransposon protein, putative, unclassified	Y	N	Y	38	pipeline_score=33; farm_logP=14.65; max_variant=25; recommendation_score=38
QTL13	Chr5-29666704	14.65	*	LOC_Os05g52000	5:29862013-29862648	18	25	*	8.0	0.0	0.0	0.0	*	33.0	RAP_Step2_HNHZ_window200kb.FarmCPUpeak_info	window200kb	LOC_Os05g52000			retrotransposon protein, putative, unclassified	Y	N	Y	38	pipeline_score=33; farm_logP=14.65; max_variant=25; recommendation_score=38
QTL14	Chr6-3176446	105.38	Chr6-3176446-16.231762968345453	LOC_Os06g06380	6:2973521-2979496	5	10	*	17.0	0.0	0.0	15.0	*	42.0	RAP_Step2_HNHZ_window200kb.FarmCPUpeak_info	window200kb	LOC_Os06g06380			NBS-LRR type disease resistance protein, putative, expressed	N	Y	Y	50	pipeline_score=42; farm_logP=105.38; max_variant=10; supported_by_both_modes; recommendation_score=50
QTL14	Chr6-3176446	105.38	Chr6-3176446-16.231762968345453	LOC_Os06g06390	6:2980288-2984308	20	25	25	17.0	0.0	0.0	10.0	*	52.0	RAP_Step2_HNHZ_window200kb.FarmCPUpeak_info	window200kb	LOC_Os06g06390			NBS-LRR type disease resistance protein, putative, expressed	N	Y	Y	62	pipeline_score=52; farm_logP=105.38; max_variant=25; supported_by_both_modes; recommendation_score=62
QTL14	Chr6-3176446	105.38	Chr6-3176446-16.231762968345453	LOC_Os06g06400	6:2985094-2990867	20	10	*	17.0	0.0	0.0	10.0	*	47.0	RAP_Step2_HNHZ_window200kb.FarmCPUpeak_info	window200kb	LOC_Os06g06400			NBS-LRR type disease resistance protein, putative, expressed	N	Y	Y	57	pipeline_score=47; farm_logP=105.38; max_variant=20; supported_by_both_modes; recommendation_score=57
QTL14	Chr6-3176446	105.38	Chr6-3176446-16.231762968345453	LOC_Os06g06410	6:2992045-2995594	5	10	*	17.0	0.0	0.0	15.0	*	42.0	RAP_Step2_HNHZ_window200kb.FarmCPUpeak_info	window200kb	LOC_Os06g06410			rRNA-processing protein FCF, putative, expressed	N	Y	Y	50	pipeline_score=42; farm_logP=105.38; max_variant=10; supported_by_both_modes; recommendation_score=50
QTL14	Chr6-3176446	105.38	Chr6-3176446-16.231762968345453	LOC_Os06g06420	6:2995767-2997991	1	10	*	17.0	0.0	0.0	10.0	*	37.0	RAP_Step2_HNHZ_window200kb.FarmCPUpeak_info	window200kb	LOC_Os06g06420			glyoxalase/bleomycin resistance protein/dioxygenase, putative, expressed	N	Y	Y	45	pipeline_score=37; farm_logP=105.38; max_variant=10; supported_by_both_modes; recommendation_score=45
QTL14	Chr6-3176446	105.38	Chr6-3176446-16.231762968345453	LOC_Os06g06430	6:2999107-3001746	20	10	*	17.0	0.0	0.0	5.0	*	42.0	RAP_Step2_HNHZ_window200kb.FarmCPUpeak_info	window200kb	LOC_Os06g06430			expressed protein	N	Y	Y	52	pipeline_score=42; farm_logP=105.38; max_variant=20; supported_by_both_modes; recommendation_score=52
QTL14	Chr6-3176446	105.38	Chr6-3176446-16.231762968345453	LOC_Os06g06440	6:3001105-3009250	5	10	10	17.0	0.0	0.0	10.0	*	37.0	RAP_Step2_HNHZ_window200kb.FarmCPUpeak_info	window200kb	LOC_Os06g06440			ABC transporter, ATP-binding protein, putative, expressed	N	Y	Y	45	pipeline_score=37; farm_logP=105.38; max_variant=10; supported_by_both_modes; recommendation_score=45
QTL14	Chr6-3176446	105.38	Chr6-3176446-16.231762968345453	LOC_Os06g06450	6:3035391-3039390	15	25	25	17.0	0.0	0.0	18.0	*	60.0	RAP_Step2_HNHZ_window200kb.FarmCPUpeak_info	window200kb	LOC_Os06g06450			heat shock protein STI, putative, expressed	N	Y	Y	70	pipeline_score=60; farm_logP=105.38; max_variant=25; supported_by_both_modes; recommendation_score=70
QTL14	Chr6-3176446	105.38	Chr6-3176446-16.231762968345453	LOC_Os06g06460	6:3040092-3041121	5	10	0	17.0	0.0	0.0	5.0	*	32.0	RAP_Step2_HNHZ_window200kb.FarmCPUpeak_info	window200kb	LOC_Os06g06460			histone H3, putative, expressed	N	Y	Y	40	pipeline_score=32; farm_logP=105.38; max_variant=10; supported_by_both_modes; recommendation_score=40
QTL14	Chr6-3176446	105.38	Chr6-3176446-16.231762968345453	LOC_Os06g06470	6:3042190-3046238	25	10	25	17.0	0.0	0.0	15.0	*	57.0	RAP_Step2_HNHZ_window200kb.FarmCPUpeak_info	window200kb	LOC_Os06g06470			U-box domain containing heat shock protein, putative, expressed	N	Y	Y	67	pipeline_score=57; farm_logP=105.38; max_variant=25; supported_by_both_modes; recommendation_score=67
QTL14	Chr6-3176446	105.38	Chr6-3176446-16.231762968345453	Os06g0159700	6:3046560-3047021	15	5	15	17.0	0.0	0.0	5.0	*	37.0	RAP_Step2_HNHZ_window200kb.FarmCPUpeak_info	window200kb	Os06g0159700							45	pipeline_score=37; farm_logP=105.38; max_variant=15; supported_by_both_modes; recommendation_score=45
QTL14	Chr6-3176446	105.38	Chr6-3176446-16.231762968345453	LOC_Os06g06480	6:3046565-3049171	20	25	25	17.0	0.0	0.0	10.0	*	52.0	RAP_Step2_HNHZ_window200kb.FarmCPUpeak_info	window200kb	LOC_Os06g06480			Core histone H2A/H2B/H3/H4 domain containing protein, putative, expressed	N	Y	Y	62	pipeline_score=52; farm_logP=105.38; max_variant=25; supported_by_both_modes; recommendation_score=62
QTL14	Chr6-3176446	105.38	Chr6-3176446-16.231762968345453	LOC_Os06g06490	6:3051104-3055709	5	5	25	17.0	0.0	0.0	15.0	*	57.0	RAP_Step2_HNHZ_window200kb.FarmCPUpeak_info	window200kb	LOC_Os06g06490			U-box domain containing heat shock protein, putative, expressed	N	Y	Y	67	pipeline_score=57; farm_logP=105.38; max_variant=25; supported_by_both_modes; recommendation_score=67
QTL14	Chr6-3176446	105.38	Chr6-3176446-16.231762968345453	Os06g0160001	6:3055212-3055622	5	10	20	17.0	0.0	0.0	5.0	*	42.0	RAP_Step2_HNHZ_window200kb.FarmCPUpeak_info	window200kb	Os06g0160001							52	pipeline_score=42; farm_logP=105.38; max_variant=20; supported_by_both_modes; recommendation_score=52
QTL14	Chr6-3176446	105.38	Chr6-3176446-16.231762968345453	LOC_Os06g06510	6:3056088-3056861	5	10	25	17.0	0.0	0.0	5.0	*	47.0	RAP_Step2_HNHZ_window200kb.FarmCPUpeak_info	window200kb	LOC_Os06g06510			histone H3, putative, expressed	N	Y	Y	57	pipeline_score=47; farm_logP=105.38; max_variant=25; supported_by_both_modes; recommendation_score=57
QTL14	Chr6-3176446	105.38	Chr6-3176446-16.231762968345453	LOC_Os06g06520	6:3057016-3059017	20	25	25	17.0	0.0	0.0	5.0	*	47.0	RAP_Step2_HNHZ_window200kb.FarmCPUpeak_info	window200kb	LOC_Os06g06520			GDSL-like lipase/acylhydrolase, putative, expressed	N	Y	Y	57	pipeline_score=47; farm_logP=105.38; max_variant=25; supported_by_both_modes; recommendation_score=57
QTL14	Chr6-3176446	105.38	Chr6-3176446-16.231762968345453	LOC_Os06g06530	6:3060004-3063607	20	10	20	17.0	0.0	0.0	15.0	*	52.0	RAP_Step2_HNHZ_window200kb.FarmCPUpeak_info	window200kb	LOC_Os06g06530	HGW	grain; grain weight; heading date; lemma; palea; spikelet	proline-rich cell wall protein-like, putative, expressed	N	Y	Y	69	pipeline_score=52; farm_logP=105.38; max_variant=20; supported_by_both_modes; symbol=HGW; keyword=grain; grain weight; heading date; lemma; palea; spikelet; recommendation_score=69
QTL14	Chr6-3176446	105.38	Chr6-3176446-16.231762968345453	LOC_Os06g06540	6:3067709-3068737	25	10	10	17.0	5.0	0.0	0.0	*	47.0	RAP_Step2_HNHZ_window200kb.FarmCPUpeak_info	window200kb	LOC_Os06g06540			AP2 domain containing protein, expressed	N	Y	Y	57	pipeline_score=47; farm_logP=105.38; max_variant=25; supported_by_both_modes; recommendation_score=57
QTL14	Chr6-3176446	105.38	Chr6-3176446-16.231762968345453	Os06g0160450	6:3067795-3068713	25	5	15	17.0	0.0	0.0	0.0	*	42.0	RAP_Step2_HNHZ_window200kb.FarmCPUpeak_info	window200kb	Os06g0160450							52	pipeline_score=42; farm_logP=105.38; max_variant=25; supported_by_both_modes; recommendation_score=52
QTL14	Chr6-3176446	105.38	Chr6-3176446-16.231762968345453	LOC_Os06g06550	6:3074186-3077781	20	25	*	17.0	0.0	0.0	5.0	*	47.0	RAP_Step2_HNHZ_window200kb.FarmCPUpeak_info	window200kb	LOC_Os06g06550			plant protein of unknown function domain containing protein, expressed	N	Y	Y	57	pipeline_score=47; farm_logP=105.38; max_variant=25; supported_by_both_modes; recommendation_score=57
QTL14	Chr6-3176446	105.38	Chr6-3176446-16.231762968345453	LOC_Os06g06560	6:3079059-3086808	20	10	20	17.0	0.0	0.0	5.0	*	42.0	RAP_Step2_HNHZ_window200kb.FarmCPUpeak_info	window200kb	LOC_Os06g06560	OsSSI|SSS1	starch	starch synthase, putative, expressed	N	Y	Y	59	pipeline_score=42; farm_logP=105.38; max_variant=20; supported_by_both_modes; symbol=OsSSI|SSS1; keyword=starch; recommendation_score=59
QTL14	Chr6-3176446	105.38	Chr6-3176446-16.231762968345453	LOC_Os06g06570	6:3090147-3090825	20	25	25	17.0	5.0	0.0	10.0	*	57.0	RAP_Step2_HNHZ_window200kb.FarmCPUpeak_info	window200kb	LOC_Os06g06570			expressed protein	N	Y	Y	67	pipeline_score=57; farm_logP=105.38; max_variant=25; supported_by_both_modes; recommendation_score=67
QTL14	Chr6-3176446	105.38	Chr6-3176446-16.231762968345453	LOC_Os06g06580	6:3093918-3095987	25	25	25	17.0	0.0	0.0	5.0	*	47.0	RAP_Step2_HNHZ_window200kb.FarmCPUpeak_info	window200kb	LOC_Os06g06580			expressed protein	N	Y	Y	57	pipeline_score=47; farm_logP=105.38; max_variant=25; supported_by_both_modes; recommendation_score=57
QTL14	Chr6-3176446	105.38	Chr6-3176446-16.231762968345453	LOC_Os06g06590	6:3095999-3097883	25	25	25	17.0	0.0	0.0	5.0	*	47.0	RAP_Step2_HNHZ_window200kb.FarmCPUpeak_info	window200kb	LOC_Os06g06590			expressed protein	N	Y	Y	57	pipeline_score=47; farm_logP=105.38; max_variant=25; supported_by_both_modes; recommendation_score=57
QTL14	Chr6-3176446	105.38	Chr6-3176446-16.231762968345453	LOC_Os06g06600	6:3102920-3107515	20	25	25	17.0	0.0	0.0	10.0	*	52.0	RAP_Step2_HNHZ_window200kb.FarmCPUpeak_info	window200kb	LOC_Os06g06600			OsFBX187 - F-box domain containing protein, expressed	N	Y	Y	62	pipeline_score=52; farm_logP=105.38; max_variant=25; supported_by_both_modes; recommendation_score=62
QTL14	Chr6-3176446	105.38	Chr6-3176446-16.231762968345453	Os06g0161350	6:3104856-3107226	20	25	20	17.0	0.0	0.0	10.0	*	52.0	RAP_Step2_HNHZ_window200kb.FarmCPUpeak_info	window200kb	Os06g0161350							62	pipeline_score=52; farm_logP=105.38; max_variant=25; supported_by_both_modes; recommendation_score=62
QTL14	Chr6-3176446	105.38	Chr6-3176446-16.231762968345453	LOC_Os06g06610	6:3111535-3115194	20	25	25	17.0	0.0	0.0	5.0	*	47.0	RAP_Step2_HNHZ_window200kb.FarmCPUpeak_info	window200kb	LOC_Os06g06610			expressed protein	N	Y	Y	57	pipeline_score=47; farm_logP=105.38; max_variant=25; supported_by_both_modes; recommendation_score=57
QTL14	Chr6-3176446	105.38	Chr6-3176446-16.231762968345453	LOC_Os06g06620	6:3115721-3116026	5	10	25	17.0	0.0	0.0	5.0	*	47.0	RAP_Step2_HNHZ_window200kb.FarmCPUpeak_info	window200kb	LOC_Os06g06620			expressed protein	N	Y	Y	57	pipeline_score=47; farm_logP=105.38; max_variant=25; supported_by_both_modes; recommendation_score=57
QTL14	Chr6-3176446	105.38	Chr6-3176446-16.231762968345453	LOC_Os06g06630	6:3118178-3119434	20	25	25	17.0	0.0	0.0	5.0	*	47.0	RAP_Step2_HNHZ_window200kb.FarmCPUpeak_info	window200kb	LOC_Os06g06630			expressed protein	N	Y	Y	57	pipeline_score=47; farm_logP=105.38; max_variant=25; supported_by_both_modes; recommendation_score=57
QTL14	Chr6-3176446	105.38	Chr6-3176446-16.231762968345453	LOC_Os06g06640	6:3119929-3120279	20	25	20	17.0	5.0	0.0	0.0	*	47.0	RAP_Step2_HNHZ_window200kb.FarmCPUpeak_info	window200kb	LOC_Os06g06640			expressed protein	N	Y	Y	57	pipeline_score=47; farm_logP=105.38; max_variant=25; supported_by_both_modes; recommendation_score=57
QTL14	Chr6-3176446	105.38	Chr6-3176446-16.231762968345453	LOC_Os06g06650	6:3121705-3122720	25	25	25	17.0	0.0	0.0	0.0	*	42.0	RAP_Step2_HNHZ_window200kb.FarmCPUpeak_info	window200kb	LOC_Os06g06650			retrotransposon protein, putative, Ty3-gypsy subclass, expressed	Y	Y	Y	52	pipeline_score=42; farm_logP=105.38; max_variant=25; supported_by_both_modes; recommendation_score=52
QTL14	Chr6-3176446	105.38	Chr6-3176446-16.231762968345453	LOC_Os06g06660	6:3128079-3130962	15	25	0	17.0	0.0	0.0	5.0	*	47.0	RAP_Step2_HNHZ_window200kb.FarmCPUpeak_info	window200kb	LOC_Os06g06660			expressed protein	N	Y	Y	57	pipeline_score=47; farm_logP=105.38; max_variant=25; supported_by_both_modes; recommendation_score=57
QTL14	Chr6-3176446	105.38	Chr6-3176446-16.231762968345453	LOC_Os06g06670	6:3131221-3134226	5	25	*	17.0	0.0	0.0	5.0	*	47.0	RAP_Step2_HNHZ_window200kb.FarmCPUpeak_info	window200kb	LOC_Os06g06670			expressed protein	N	Y	Y	57	pipeline_score=47; farm_logP=105.38; max_variant=25; supported_by_both_modes; recommendation_score=57
QTL14	Chr6-3176446	105.38	Chr6-3176446-16.231762968345453	LOC_Os06g06680	6:3135631-3136974	5	25	25	17.0	0.0	0.0	5.0	*	47.0	RAP_Step2_HNHZ_window200kb.FarmCPUpeak_info	window200kb	LOC_Os06g06680			expressed protein	N	Y	Y	57	pipeline_score=47; farm_logP=105.38; max_variant=25; supported_by_both_modes; recommendation_score=57
QTL14	Chr6-3176446	105.38	Chr6-3176446-16.231762968345453	LOC_Os06g06690	6:3139200-3139652	5	5	5	17.0	0.0	0.0	0.0	*	22.0	RAP_Step2_HNHZ_window200kb.FarmCPUpeak_info	window200kb	LOC_Os06g06690			hypothetical protein	N	N	Y	27	pipeline_score=22; farm_logP=105.38; max_variant=5; supported_by_both_modes; recommendation_score=27
QTL14	Chr6-3176446	105.38	Chr6-3176446-16.231762968345453	LOC_Os06g06700	6:3139823-3140218	20	5	25	17.0	0.0	0.0	0.0	*	42.0	RAP_Step2_HNHZ_window200kb.FarmCPUpeak_info	window200kb	LOC_Os06g06700			expressed protein	N	Y	Y	52	pipeline_score=42; farm_logP=105.38; max_variant=25; supported_by_both_modes; recommendation_score=52
QTL14	Chr6-3176446	105.38	Chr6-3176446-16.231762968345453	LOC_Os06g06710	6:3142026-3143988	*	5	*	17.0	0.0	0.0	5.0	*	27.0	RAP_Step2_HNHZ_window200kb.FarmCPUpeak_info	window200kb	LOC_Os06g06710			expressed protein	N	Y	Y	32	pipeline_score=27; farm_logP=105.38; max_variant=5; supported_by_both_modes; recommendation_score=32
QTL14	Chr6-3176446	105.38	Chr6-3176446-16.231762968345453	LOC_Os06g06720	6:3145466-3147618	25	5	*	17.0	0.0	0.0	10.0	*	52.0	RAP_Step2_HNHZ_window200kb.FarmCPUpeak_info	window200kb	LOC_Os06g06720			flavonol synthase/flavanone 3-hydroxylase, putative, expressed	N	Y	Y	62	pipeline_score=52; farm_logP=105.38; max_variant=25; supported_by_both_modes; recommendation_score=62
QTL14	Chr6-3176446	105.38	Chr6-3176446-16.231762968345453	Os06g0162550	6:3148015-3153030	5	*	5	17.0	0.0	0.0	5.0	*	27.0	RAP_Step2_HNHZ_window200kb.FarmCPUpeak_info	window200kb	Os06g0162550							32	pipeline_score=27; farm_logP=105.38; max_variant=5; supported_by_both_modes; recommendation_score=32
QTL14	Chr6-3176446	105.38	Chr6-3176446-16.231762968345453	LOC_Os06g06730	6:3154274-3158430	5	10	0	17.0	0.0	0.0	10.0	*	37.0	RAP_Step2_HNHZ_window200kb.FarmCPUpeak_info	window200kb	LOC_Os06g06730			methyltransferase-like protein 5, putative, expressed	N	Y	Y	45	pipeline_score=37; farm_logP=105.38; max_variant=10; supported_by_both_modes; recommendation_score=45
QTL14	Chr6-3176446	105.38	Chr6-3176446-16.231762968345453	LOC_Os06g06740	6:3158656-3162646	15	5	5	17.0	0.0	0.0	10.0	*	42.0	RAP_Step2_HNHZ_window200kb.FarmCPUpeak_info	window200kb	LOC_Os06g06740			MYB family transcription factor, putative, expressed	N	Y	Y	50	pipeline_score=42; farm_logP=105.38; max_variant=15; supported_by_both_modes; recommendation_score=50
QTL14	Chr6-3176446	105.38	Chr6-3176446-16.231762968345453	LOC_Os06g06750	6:3162801-3169415	15	10	15	17.0	5.0	23.0	10.0	*	70.0	RAP_Step2_HNHZ_window200kb.FarmCPUpeak_info	window200kb	LOC_Os06g06750	OsMADS5	branching; floral; floral meristem; floral meristem determinacy; inflorescence; leaf; lemma; meristem; panicle; reproductive; spikelet; spikelet meristem; vegetative	OsMADS5 - MADS-box family gene with MIKCc type-box, expressed	N	Y	Y	85	pipeline_score=70; farm_logP=105.38; max_variant=15; supported_by_both_modes; symbol=OsMADS5; keyword=branching; floral; floral meristem; floral meristem determinacy; inflorescence; leaf; lemma; meristem; panicle; reproductive; spikelet; spikelet meristem; vegetative; recommendation_score=85
QTL14	Chr6-3176446	105.38	Chr6-3176446-16.231762968345453	LOC_Os06g06760	6:3175775-3181762	25	25	20	17.0	0.0	0.0	15.0	*	57.0	RAP_Step2_HNHZ_window200kb.FarmCPUpeak_info	window200kb	LOC_Os06g06760			protein kinase, putative, expressed	N	Y	Y	67	pipeline_score=57; farm_logP=105.38; max_variant=25; supported_by_both_modes; recommendation_score=67
QTL14	Chr6-3176446	105.38	Chr6-3176446-16.231762968345453	Os06g0163100	6:3177119-3181116	25	5	10	17.0	0.0	0.0	5.0	*	47.0	RAP_Step2_HNHZ_window200kb.FarmCPUpeak_info	window200kb	Os06g0163100							57	pipeline_score=47; farm_logP=105.38; max_variant=25; supported_by_both_modes; recommendation_score=57
QTL14	Chr6-3176446	105.38	Chr6-3176446-16.231762968345453	LOC_Os06g06770	6:3186350-3191674	20	10	20	17.0	0.0	0.0	10.0	*	47.0	RAP_Step2_HNHZ_window200kb.FarmCPUpeak_info	window200kb	LOC_Os06g06770			OsPOP11 - Putative Prolyl Oligopeptidase homologue, expressed	N	Y	Y	57	pipeline_score=47; farm_logP=105.38; max_variant=20; supported_by_both_modes; recommendation_score=57
QTL14	Chr6-3176446	105.38	Chr6-3176446-16.231762968345453	LOC_Os06g06780	6:3195571-3199007	5	10	*	17.0	0.0	0.0	5.0	*	32.0	RAP_Step2_HNHZ_window200kb.FarmCPUpeak_info	window200kb	LOC_Os06g06780			harpin-induced protein, putative, expressed	N	Y	Y	40	pipeline_score=32; farm_logP=105.38; max_variant=10; supported_by_both_modes; recommendation_score=40
QTL14	Chr6-3176446	105.38	Chr6-3176446-16.231762968345453	Os06g0163350	6:3196766-3197360	*	*	*	17.0	0.0	0.0	5.0	*	22.0	RAP_Step2_HNHZ_window200kb.FarmCPUpeak_info	window200kb	Os06g0163350							27	pipeline_score=22; farm_logP=105.38; supported_by_both_modes; recommendation_score=27
QTL14	Chr6-3176446	105.38	Chr6-3176446-16.231762968345453	LOC_Os06g06790	6:3199337-3203979	5	5	*	17.0	0.0	0.0	5.0	*	27.0	RAP_Step2_HNHZ_window200kb.FarmCPUpeak_info	window200kb	LOC_Os06g06790			OsPDIL1-5  protein disulfide isomerase PDIL1-5, expressed	N	Y	Y	32	pipeline_score=27; farm_logP=105.38; max_variant=5; supported_by_both_modes; recommendation_score=32
QTL14	Chr6-3176446	105.38	Chr6-3176446-16.231762968345453	Os06g0163450	6:3204057-3204326	5	5	5	17.0	0.0	0.0	22.0	*	44.0	RAP_Step2_HNHZ_window200kb.FarmCPUpeak_info	window200kb	Os06g0163450							49	pipeline_score=44; farm_logP=105.38; max_variant=5; supported_by_both_modes; recommendation_score=49
QTL14	Chr6-3176446	105.38	Chr6-3176446-16.231762968345453	LOC_Os06g06802	6:3204763-3212337	25	25	25	17.0	0.0	0.0	10.0	*	52.0	RAP_Step2_HNHZ_window200kb.FarmCPUpeak_info	window200kb	LOC_Os06g06802			retrotransposon protein, putative, unclassified, expressed	Y	Y	Y	62	pipeline_score=52; farm_logP=105.38; max_variant=25; supported_by_both_modes; recommendation_score=62
QTL14	Chr6-3176446	105.38	Chr6-3176446-16.231762968345453	LOC_Os06g06810	6:3213518-3219042	20	5	15	17.0	0.0	0.0	15.0	*	52.0	RAP_Step2_HNHZ_window200kb.FarmCPUpeak_info	window200kb	LOC_Os06g06810			OsSub49 - Putative Subtilisin homologue, expressed	N	Y	Y	62	pipeline_score=52; farm_logP=105.38; max_variant=20; supported_by_both_modes; recommendation_score=62
QTL14	Chr6-3176446	105.38	Chr6-3176446-16.231762968345453	LOC_Os06g06820	6:3219079-3222414	5	5	20	17.0	0.0	0.0	15.0	*	52.0	RAP_Step2_HNHZ_window200kb.FarmCPUpeak_info	window200kb	LOC_Os06g06820			hydrolase, alpha/beta fold family domain containing protein, expressed	N	Y	Y	62	pipeline_score=52; farm_logP=105.38; max_variant=20; supported_by_both_modes; recommendation_score=62
QTL14	Chr6-3176446	105.38	Chr6-3176446-16.231762968345453	LOC_Os06g06830	6:3222904-3228836	25	25	25	17.0	0.0	0.0	5.0	*	47.0	RAP_Step2_HNHZ_window200kb.FarmCPUpeak_info	window200kb	LOC_Os06g06830			retrotransposon protein, putative, unclassified, expressed	Y	Y	Y	57	pipeline_score=47; farm_logP=105.38; max_variant=25; supported_by_both_modes; recommendation_score=57
QTL14	Chr6-3176446	105.38	Chr6-3176446-16.231762968345453	LOC_Os06g06840	6:3229464-3232712	25	25	25	17.0	0.0	0.0	5.0	*	47.0	RAP_Step2_HNHZ_window200kb.FarmCPUpeak_info	window200kb	LOC_Os06g06840			transposon protein, putative, unclassified, expressed	Y	Y	Y	57	pipeline_score=47; farm_logP=105.38; max_variant=25; supported_by_both_modes; recommendation_score=57
QTL14	Chr6-3176446	105.38	Chr6-3176446-16.231762968345453	LOC_Os06g06850	6:3234519-3239156	20	25	*	17.0	0.0	0.0	10.0	*	52.0	RAP_Step2_HNHZ_window200kb.FarmCPUpeak_info	window200kb	LOC_Os06g06850			resistance protein LR10, putative, expressed	N	Y	Y	62	pipeline_score=52; farm_logP=105.38; max_variant=25; supported_by_both_modes; recommendation_score=62
QTL14	Chr6-3176446	105.38	Chr6-3176446-16.231762968345453	LOC_Os06g06860	6:3241818-3246312	25	25	25	17.0	0.0	0.0	5.0	*	47.0	RAP_Step2_HNHZ_window200kb.FarmCPUpeak_info	window200kb	LOC_Os06g06860			MLA1, putative, expressed	N	Y	Y	57	pipeline_score=47; farm_logP=105.38; max_variant=25; supported_by_both_modes; recommendation_score=57
QTL14	Chr6-3176446	105.38	Chr6-3176446-16.231762968345453	LOC_Os06g06870	6:3250462-3261364	5	10	20	17.0	0.0	0.0	10.0	*	47.0	RAP_Step2_HNHZ_window200kb.FarmCPUpeak_info	window200kb	LOC_Os06g06870			zinc finger protein, putative, expressed	N	Y	Y	57	pipeline_score=47; farm_logP=105.38; max_variant=20; supported_by_both_modes; recommendation_score=57
QTL14	Chr6-3176446	105.38	Chr6-3176446-16.231762968345453	LOC_Os06g06880	6:3263799-3267308	5	10	0	17.0	0.0	0.0	10.0	*	37.0	RAP_Step2_HNHZ_window200kb.FarmCPUpeak_info	window200kb	LOC_Os06g06880			Ser/Thr protein phosphatase family protein, putative, expressed	N	Y	Y	45	pipeline_score=37; farm_logP=105.38; max_variant=10; supported_by_both_modes; recommendation_score=45
QTL14	Chr6-3176446	105.38	Chr6-3176446-16.231762968345453	LOC_Os06g06890	6:3269777-3271434	20	5	5	17.0	5.0	0.0	5.0	*	47.0	RAP_Step2_HNHZ_window200kb.FarmCPUpeak_info	window200kb	LOC_Os06g06890			expressed protein	N	Y	Y	57	pipeline_score=47; farm_logP=105.38; max_variant=20; supported_by_both_modes; recommendation_score=57
QTL14	Chr6-3176446	105.38	Chr6-3176446-16.231762968345453	LOC_Os06g06900	6:3273373-3276890	5	10	*	17.0	0.0	0.0	10.0	*	37.0	RAP_Step2_HNHZ_window200kb.FarmCPUpeak_info	window200kb	LOC_Os06g06900	SD6	ABA ; ABA; ABA biosynthesis; ABA catabolism; breeding; dormancy; seed; seed dormancy	helix-loop-helix DNA-binding domain containing protein, expressed	N	Y	Y	52	pipeline_score=37; farm_logP=105.38; max_variant=10; supported_by_both_modes; symbol=SD6; keyword=ABA ; ABA; ABA biosynthesis; ABA catabolism; breeding; dormancy; seed; seed dormancy; recommendation_score=52
QTL14	Chr6-3176446	105.38	Chr6-3176446-16.231762968345453	LOC_Os06g06910	6:3277805-3279182	5	10	*	17.0	0.0	0.0	10.0	*	37.0	RAP_Step2_HNHZ_window200kb.FarmCPUpeak_info	window200kb	LOC_Os06g06910			expressed protein	N	Y	Y	45	pipeline_score=37; farm_logP=105.38; max_variant=10; supported_by_both_modes; recommendation_score=45
QTL14	Chr6-3176446	105.38	Chr6-3176446-16.231762968345453	Os06g0164600	6:3280436-3284730	20	5	5	17.0	0.0	0.0	5.0	*	42.0	RAP_Step2_HNHZ_window200kb.FarmCPUpeak_info	window200kb	Os06g0164600							52	pipeline_score=42; farm_logP=105.38; max_variant=20; supported_by_both_modes; recommendation_score=52
QTL14	Chr6-3176446	105.38	Chr6-3176446-16.231762968345453	LOC_Os06g06920	6:3281882-3285652	20	*	10	17.0	0.0	0.0	15.0	*	52.0	RAP_Step2_HNHZ_window200kb.FarmCPUpeak_info	window200kb	LOC_Os06g06920			S-locus-like receptor protein kinase, putative, expressed	N	Y	Y	62	pipeline_score=52; farm_logP=105.38; max_variant=20; supported_by_both_modes; recommendation_score=62
QTL14	Chr6-3176446	105.38	Chr6-3176446-16.231762968345453	Os06g0164800	6:3285541-3286294	20	10	*	17.0	0.0	0.0	5.0	*	42.0	RAP_Step2_HNHZ_window200kb.FarmCPUpeak_info	window200kb	Os06g0164800							52	pipeline_score=42; farm_logP=105.38; max_variant=20; supported_by_both_modes; recommendation_score=52
QTL14	Chr6-3176446	105.38	Chr6-3176446-16.231762968345453	LOC_Os06g06930	6:3286675-3289131	25	25	10	17.0	0.0	0.0	20.0	*	62.0	RAP_Step2_HNHZ_window200kb.FarmCPUpeak_info	window200kb	LOC_Os06g06930			receptor-like protein kinase, putative, expressed	N	Y	Y	72	pipeline_score=62; farm_logP=105.38; max_variant=25; supported_by_both_modes; recommendation_score=72
QTL14	Chr6-3176446	105.38	Chr6-3176446-16.231762968345453	Os06g0165000	6:3288219-3289505	25	5	*	17.0	0.0	0.0	5.0	*	47.0	RAP_Step2_HNHZ_window200kb.FarmCPUpeak_info	window200kb	Os06g0165000							57	pipeline_score=47; farm_logP=105.38; max_variant=25; supported_by_both_modes; recommendation_score=57
QTL14	Chr6-3176446	105.38	Chr6-3176446-16.231762968345453	Os06g0165100	6:3293141-3293809	*	25	0	17.0	0.0	0.0	5.0	*	47.0	RAP_Step2_HNHZ_window200kb.FarmCPUpeak_info	window200kb	Os06g0165100							57	pipeline_score=47; farm_logP=105.38; max_variant=25; supported_by_both_modes; recommendation_score=57
QTL14	Chr6-3176446	105.38	Chr6-3176446-16.231762968345453	LOC_Os06g06940	6:3294197-3296358	20	10	25	17.0	0.0	0.0	10.0	*	52.0	RAP_Step2_HNHZ_window200kb.FarmCPUpeak_info	window200kb	LOC_Os06g06940			S-locus-like receptor protein kinase, putative, expressed	N	Y	Y	62	pipeline_score=52; farm_logP=105.38; max_variant=25; supported_by_both_modes; recommendation_score=62
QTL14	Chr6-3176446	105.38	Chr6-3176446-16.231762968345453	LOC_Os06g06950	6:3301364-3303145	15	25	25	17.0	0.0	0.0	0.0	*	42.0	RAP_Step2_HNHZ_window200kb.FarmCPUpeak_info	window200kb	LOC_Os06g06950			expressed protein	Y	Y	Y	47	pipeline_score=42; farm_logP=105.38; max_variant=25; recommendation_score=47
QTL14	Chr6-3176446	105.38	Chr6-3176446-16.231762968345453	LOC_Os06g06960	6:3305184-3307861	25	25	25	17.0	0.0	0.0	22.0	*	64.0	RAP_Step2_HNHZ_window200kb.FarmCPUpeak_info	window200kb	LOC_Os06g06960			S-locus-like receptor protein kinase, putative, expressed	N	Y	Y	69	pipeline_score=64; farm_logP=105.38; max_variant=25; recommendation_score=69
QTL14	Chr6-3176446	105.38	Chr6-3176446-16.231762968345453	LOC_Os06g06970	6:3310866-3311822	20	25	25	17.0	0.0	17.0	10.0	*	69.0	RAP_Step2_HNHZ_window200kb.FarmCPUpeak_info	window200kb	LOC_Os06g06970	OsDREB1D	ABA; drought; salt; salt tolerance; transcription factor	AP2 domain containing protein, expressed	N	Y	Y	81	pipeline_score=69; farm_logP=105.38; max_variant=25; symbol=OsDREB1D; keyword=ABA; drought; salt; salt tolerance; transcription factor; recommendation_score=81
QTL14	Chr6-3176446	105.38	Chr6-3176446-16.231762968345453	LOC_Os06g06980	6:3314111-3315452	25	10	20	17.0	0.0	0.0	15.0	*	57.0	RAP_Step2_HNHZ_window200kb.FarmCPUpeak_info	window200kb	LOC_Os06g06980			caffeoyl-CoA O-methyltransferase, putative, expressed	N	Y	Y	62	pipeline_score=57; farm_logP=105.38; max_variant=25; recommendation_score=62
QTL14	Chr6-3176446	105.38	Chr6-3176446-16.231762968345453	LOC_Os06g06990	6:3316900-3317411	20	25	25	17.0	0.0	0.0	5.0	*	47.0	RAP_Step2_HNHZ_window200kb.FarmCPUpeak_info	window200kb	LOC_Os06g06990			expressed protein	N	Y	Y	52	pipeline_score=47; farm_logP=105.38; max_variant=25; recommendation_score=52
QTL14	Chr6-3176446	105.38	Chr6-3176446-16.231762968345453	LOC_Os06g07000	6:3319111-3322612	5	10	0	17.0	0.0	0.0	18.0	*	45.0	RAP_Step2_HNHZ_window200kb.FarmCPUpeak_info	window200kb	LOC_Os06g07000			OsFBL28 - F-box domain and LRR containing protein, expressed	N	Y	Y	48	pipeline_score=45; farm_logP=105.38; max_variant=10; recommendation_score=48
QTL14	Chr6-3176446	105.38	Chr6-3176446-16.231762968345453	Os06g0166050	6:3321838-3322412	5	10	10	17.0	0.0	0.0	10.0	*	37.0	RAP_Step2_HNHZ_window200kb.FarmCPUpeak_info	window200kb	Os06g0166050							40	pipeline_score=37; farm_logP=105.38; max_variant=10; recommendation_score=40
QTL14	Chr6-3176446	105.38	Chr6-3176446-16.231762968345453	LOC_Os06g07010	6:3322906-3327646	20	5	*	17.0	0.0	0.0	15.0	*	52.0	RAP_Step2_HNHZ_window200kb.FarmCPUpeak_info	window200kb	LOC_Os06g07010			transposon protein, putative, unclassified, expressed	Y	Y	Y	57	pipeline_score=52; farm_logP=105.38; max_variant=20; recommendation_score=57
QTL14	Chr6-3176446	105.38	Chr6-3176446-16.231762968345453	LOC_Os06g07020	6:3328474-3331568	5	10	15	17.0	0.0	0.0	15.0	*	47.0	RAP_Step2_HNHZ_window200kb.FarmCPUpeak_info	window200kb	LOC_Os06g07020			ZOS6-01 - C2H2 zinc finger protein, expressed	N	Y	Y	50	pipeline_score=47; farm_logP=105.38; max_variant=15; recommendation_score=50
QTL14	Chr6-3176446	105.38	Chr6-3176446-16.231762968345453	LOC_Os06g07030	6:3337083-3338612	5	10	20	17.0	0.0	0.0	10.0	*	47.0	RAP_Step2_HNHZ_window200kb.FarmCPUpeak_info	window200kb	LOC_Os06g07030			AP2 domain containing protein, expressed	N	Y	Y	52	pipeline_score=47; farm_logP=105.38; max_variant=20; recommendation_score=52
QTL14	Chr6-3176446	105.38	Chr6-3176446-16.231762968345453	LOC_Os06g07040	6:3342423-3346318	5	10	20	17.0	0.0	0.0	5.0	*	42.0	RAP_Step2_HNHZ_window200kb.FarmCPUpeak_info	window200kb	LOC_Os06g07040	OsIAA20	IAA; iaa; shoot	OsIAA20 - Auxin-responsive Aux/IAA gene family member, expressed	N	Y	Y	54	pipeline_score=42; farm_logP=105.38; max_variant=20; symbol=OsIAA20; keyword=IAA; iaa; shoot; recommendation_score=54
QTL14	Chr6-3176446	105.38	Chr6-3176446-16.231762968345453	LOC_Os06g07060	6:3355615-3356025	20	5	15	17.0	0.0	0.0	22.0	*	59.0	RAP_Step2_HNHZ_window200kb.FarmCPUpeak_info	window200kb	LOC_Os06g07060			expressed protein	N	Y	Y	64	pipeline_score=59; farm_logP=105.38; max_variant=20; recommendation_score=64
QTL14	Chr6-3176446	105.38	Chr6-3176446-16.231762968345453	LOC_Os06g07070	6:3360524-3363523	5	10	20	17.0	0.0	0.0	15.0	*	52.0	RAP_Step2_HNHZ_window200kb.FarmCPUpeak_info	window200kb	LOC_Os06g07070			BRASSINOSTEROID INSENSITIVE 1-associated receptor kinase 1 precursor, putative, expressed	N	Y	Y	57	pipeline_score=52; farm_logP=105.38; max_variant=20; recommendation_score=57
QTL14	Chr6-3176446	105.38	Chr6-3176446-16.231762968345453	LOC_Os06g07080	6:3363867-3368261	5	5	*	17.0	0.0	0.0	10.0	*	32.0	RAP_Step2_HNHZ_window200kb.FarmCPUpeak_info	window200kb	LOC_Os06g07080			pre-mRNA-processing-splicing factor 8, putative, expressed	N	Y	Y	32	pipeline_score=32; farm_logP=105.38; max_variant=5; recommendation_score=32
QTL15	Chr6-7344756	154.36	*	LOC_Os06g13040	6:7144204-7146074	20	25	25	12.0	5.0	0.0	5.0	*	47.0	RAP_Step2_HNHZ_window200kb.FarmCPUpeak_info	window200kb	LOC_Os06g13040			glycosyl hydrolases family 16, putative, expressed	N	Y	Y	52	pipeline_score=47; farm_logP=154.36; max_variant=25; recommendation_score=52
QTL15	Chr6-7344756	154.36	*	LOC_Os06g13050	6:7148961-7158822	25	5	20	12.0	0.0	0.0	15.0	*	52.0	RAP_Step2_HNHZ_window200kb.FarmCPUpeak_info	window200kb	LOC_Os06g13050	YPD1	cell death; chloroplast; chloroplast development; development; dwarf; leaf; leaf senescence; reactive oxygen species; senescence; tillering	peroxidase family protein, expressed	N	Y	Y	64	pipeline_score=52; farm_logP=154.36; max_variant=25; symbol=YPD1; keyword=cell death; chloroplast; chloroplast development; development; dwarf; leaf; leaf senescence; reactive oxygen species; senescence; tillering; recommendation_score=64
QTL15	Chr6-7344756	154.36	*	LOC_Os06g13060	6:7159988-7164156	5	10	20	12.0	0.0	0.0	5.0	*	37.0	RAP_Step2_HNHZ_window200kb.FarmCPUpeak_info	window200kb	LOC_Os06g13060			heat shock protein DnaJ, putative, expressed	N	Y	Y	42	pipeline_score=37; farm_logP=154.36; max_variant=20; recommendation_score=42
QTL15	Chr6-7344756	154.36	*	LOC_Os06g13070	6:7169830-7172482	20	10	0	12.0	0.0	0.0	5.0	*	37.0	RAP_Step2_HNHZ_window200kb.FarmCPUpeak_info	window200kb	LOC_Os06g13070	OsDML4	demethylation; endosperm; prolamin; temperature; transcription factor	hhH-GPD superfamily base excision DNA repair protein, putative, expressed	N	Y	Y	49	pipeline_score=37; farm_logP=154.36; max_variant=20; symbol=OsDML4; keyword=demethylation; endosperm; prolamin; temperature; transcription factor; recommendation_score=49
QTL15	Chr6-7344756	154.36	*	Os06g0237950	6:7171747-7172507	20	10	5	12.0	0.0	0.0	5.0	*	37.0	RAP_Step2_HNHZ_window200kb.FarmCPUpeak_info	window200kb	Os06g0237950							42	pipeline_score=37; farm_logP=154.36; max_variant=20; recommendation_score=42
QTL15	Chr6-7344756	154.36	*	LOC_Os06g13080	6:7181648-7183586	15	10	20	12.0	0.0	0.0	10.0	*	42.0	RAP_Step2_HNHZ_window200kb.FarmCPUpeak_info	window200kb	LOC_Os06g13080			spotted leaf 11, putative, expressed	N	Y	Y	47	pipeline_score=42; farm_logP=154.36; max_variant=20; recommendation_score=47
QTL15	Chr6-7344756	154.36	*	LOC_Os06g13090	6:7186601-7188076	25	10	*	12.0	0.0	0.0	10.0	*	47.0	RAP_Step2_HNHZ_window200kb.FarmCPUpeak_info	window200kb	LOC_Os06g13090			armadillo/beta-catenin repeat family protein, putative, expressed	N	Y	Y	52	pipeline_score=47; farm_logP=154.36; max_variant=25; recommendation_score=52
QTL15	Chr6-7344756	154.36	*	LOC_Os06g13100	6:7188389-7191451	15	10	20	12.0	0.0	0.0	15.0	*	47.0	RAP_Step2_HNHZ_window200kb.FarmCPUpeak_info	window200kb	LOC_Os06g13100			CREG1 precursor, putative, expressed	N	Y	Y	52	pipeline_score=47; farm_logP=154.36; max_variant=20; recommendation_score=52
QTL15	Chr6-7344756	154.36	*	LOC_Os06g13110	6:7196591-7201417	15	5	25	12.0	0.0	0.0	5.0	*	42.0	RAP_Step2_HNHZ_window200kb.FarmCPUpeak_info	window200kb	LOC_Os06g13110			retrotransposon protein, putative, unclassified, expressed	Y	Y	Y	47	pipeline_score=42; farm_logP=154.36; max_variant=25; recommendation_score=47
QTL15	Chr6-7344756	154.36	*	LOC_Os06g13120	6:7201591-7203994	25	25	25	12.0	0.0	0.0	5.0	*	42.0	RAP_Step2_HNHZ_window200kb.FarmCPUpeak_info	window200kb	LOC_Os06g13120			expressed protein	N	Y	Y	47	pipeline_score=42; farm_logP=154.36; max_variant=25; recommendation_score=47
QTL15	Chr6-7344756	154.36	*	LOC_Os06g13130	6:7205227-7205817	20	25	25	12.0	0.0	0.0	5.0	*	42.0	RAP_Step2_HNHZ_window200kb.FarmCPUpeak_info	window200kb	LOC_Os06g13130			expressed protein	N	Y	Y	47	pipeline_score=42; farm_logP=154.36; max_variant=25; recommendation_score=47
QTL15	Chr6-7344756	154.36	*	LOC_Os06g13140	6:7209516-7212490	25	25	25	12.0	0.0	0.0	5.0	*	42.0	RAP_Step2_HNHZ_window200kb.FarmCPUpeak_info	window200kb	LOC_Os06g13140			WD domain, G-beta repeat domain containing protein, expressed	N	Y	Y	47	pipeline_score=42; farm_logP=154.36; max_variant=25; recommendation_score=47
QTL15	Chr6-7344756	154.36	*	LOC_Os06g13150	6:7216473-7217001	25	25	20	12.0	0.0	0.0	0.0	*	37.0	RAP_Step2_HNHZ_window200kb.FarmCPUpeak_info	window200kb	LOC_Os06g13150			hypothetical protein	N	N	Y	42	pipeline_score=37; farm_logP=154.36; max_variant=25; recommendation_score=42
QTL15	Chr6-7344756	154.36	*	LOC_Os06g13160	6:7218853-7220283	5	10	10	12.0	0.0	0.0	10.0	*	32.0	RAP_Step2_HNHZ_window200kb.FarmCPUpeak_info	window200kb	LOC_Os06g13160			viral-response family protein, expressed	N	Y	Y	35	pipeline_score=32; farm_logP=154.36; max_variant=10; recommendation_score=35
QTL15	Chr6-7344756	154.36	*	LOC_Os06g13170	6:7221749-7224410	25	10	20	12.0	0.0	0.0	15.0	*	52.0	RAP_Step2_HNHZ_window200kb.FarmCPUpeak_info	window200kb	LOC_Os06g13170			expressed protein	N	Y	Y	57	pipeline_score=52; farm_logP=154.36; max_variant=25; recommendation_score=57
QTL15	Chr6-7344756	154.36	*	LOC_Os06g13180	6:7224942-7226417	20	10	10	12.0	0.0	10.0	10.0	*	52.0	RAP_Step2_HNHZ_window200kb.FarmCPUpeak_info	window200kb	LOC_Os06g13180			metalloendoproteinase 1 precursor, putative, expressed	N	Y	Y	57	pipeline_score=52; farm_logP=154.36; max_variant=20; recommendation_score=57
QTL15	Chr6-7344756	154.36	*	LOC_Os06g13190	6:7230154-7230942	5	25	20	12.0	0.0	0.0	18.0	*	55.0	RAP_Step2_HNHZ_window200kb.FarmCPUpeak_info	window200kb	LOC_Os06g13190			expressed protein	N	Y	Y	60	pipeline_score=55; farm_logP=154.36; max_variant=25; recommendation_score=60
QTL15	Chr6-7344756	154.36	*	LOC_Os06g13200	6:7231572-7235608	25	25	20	12.0	0.0	0.0	5.0	*	42.0	RAP_Step2_HNHZ_window200kb.FarmCPUpeak_info	window200kb	LOC_Os06g13200			proton-dependent oligopeptide transport, putative, expressed	N	Y	Y	47	pipeline_score=42; farm_logP=154.36; max_variant=25; recommendation_score=47
QTL15	Chr6-7344756	154.36	*	Os06g0239400	6:7231710-7235235	25	10	20	12.0	0.0	0.0	5.0	*	42.0	RAP_Step2_HNHZ_window200kb.FarmCPUpeak_info	window200kb	Os06g0239400							47	pipeline_score=42; farm_logP=154.36; max_variant=25; recommendation_score=47
QTL15	Chr6-7344756	154.36	*	LOC_Os06g13210	6:7247729-7251058	20	25	20	12.0	0.0	0.0	5.0	*	42.0	RAP_Step2_HNHZ_window200kb.FarmCPUpeak_info	window200kb	LOC_Os06g13210			peptide transporter PTR2, putative, expressed	N	Y	Y	47	pipeline_score=42; farm_logP=154.36; max_variant=25; recommendation_score=47
QTL15	Chr6-7344756	154.36	*	LOC_Os06g13215	6:7256821-7259221	15	10	*	12.0	0.0	0.0	15.0	*	42.0	RAP_Step2_HNHZ_window200kb.FarmCPUpeak_info	window200kb	LOC_Os06g13215			growth regulator related protein, putative, expressed	N	Y	Y	45	pipeline_score=42; farm_logP=154.36; max_variant=15; recommendation_score=45
QTL15	Chr6-7344756	154.36	*	LOC_Os06g13220	6:7260407-7264016	20	10	15	12.0	0.0	0.0	15.0	*	47.0	RAP_Step2_HNHZ_window200kb.FarmCPUpeak_info	window200kb	LOC_Os06g13220			expressed protein	N	Y	Y	52	pipeline_score=47; farm_logP=154.36; max_variant=20; recommendation_score=52
QTL15	Chr6-7344756	154.36	*	LOC_Os06g13230	6:7267160-7269232	20	25	25	12.0	0.0	0.0	5.0	*	42.0	RAP_Step2_HNHZ_window200kb.FarmCPUpeak_info	window200kb	LOC_Os06g13230			expressed protein	N	Y	Y	47	pipeline_score=42; farm_logP=154.36; max_variant=25; recommendation_score=47
QTL15	Chr6-7344756	154.36	*	LOC_Os06g13240	6:7278365-7282975	25	5	25	12.0	0.0	10.0	0.0	*	47.0	RAP_Step2_HNHZ_window200kb.FarmCPUpeak_info	window200kb	LOC_Os06g13240			BURP domain containing protein, expressed	N	Y	Y	52	pipeline_score=47; farm_logP=154.36; max_variant=25; recommendation_score=52
QTL15	Chr6-7344756	154.36	*	Os06g0240025	6:7280305-7280575	*	*	0	12.0	0.0	0.0	0.0	*	12.0	RAP_Step2_HNHZ_window200kb.FarmCPUpeak_info	window200kb	Os06g0240025							12	pipeline_score=12; farm_logP=154.36; recommendation_score=12
QTL15	Chr6-7344756	154.36	*	Os06g0240400	6:7287849-7290591	5	5	20	12.0	0.0	0.0	5.0	*	37.0	RAP_Step2_HNHZ_window200kb.FarmCPUpeak_info	window200kb	Os06g0240400							42	pipeline_score=37; farm_logP=154.36; max_variant=20; recommendation_score=42
QTL15	Chr6-7344756	154.36	*	LOC_Os06g13250	6:7293011-7296554	25	25	25	12.0	0.0	0.0	5.0	*	42.0	RAP_Step2_HNHZ_window200kb.FarmCPUpeak_info	window200kb	LOC_Os06g13250			hypothetical protein	N	N	Y	47	pipeline_score=42; farm_logP=154.36; max_variant=25; recommendation_score=47
QTL15	Chr6-7344756	154.36	*	LOC_Os06g13270	6:7298665-7302170	25	25	25	12.0	0.0	0.0	0.0	*	37.0	RAP_Step2_HNHZ_window200kb.FarmCPUpeak_info	window200kb	LOC_Os06g13270			transposon protein, putative, CACTA, En/Spm sub-class, expressed	Y	Y	Y	42	pipeline_score=37; farm_logP=154.36; max_variant=25; recommendation_score=42
QTL15	Chr6-7344756	154.36	*	LOC_Os06g13280	6:7306306-7307547	20	25	25	12.0	5.0	0.0	5.0	*	47.0	RAP_Step2_HNHZ_window200kb.FarmCPUpeak_info	window200kb	LOC_Os06g13280			O-methyltransferase, putative, expressed	N	Y	Y	52	pipeline_score=47; farm_logP=154.36; max_variant=25; recommendation_score=52
QTL15	Chr6-7344756	154.36	*	LOC_Os06g13290	6:7311745-7313077	20	25	25	12.0	0.0	0.0	0.0	*	37.0	RAP_Step2_HNHZ_window200kb.FarmCPUpeak_info	window200kb	LOC_Os06g13290			retrotransposon protein, putative, unclassified	Y	N	Y	42	pipeline_score=37; farm_logP=154.36; max_variant=25; recommendation_score=42
QTL15	Chr6-7344756	154.36	*	LOC_Os06g13310	6:7318599-7323201	20	5	25	12.0	0.0	0.0	0.0	*	37.0	RAP_Step2_HNHZ_window200kb.FarmCPUpeak_info	window200kb	LOC_Os06g13310			SAM dependent carboxyl methyltransferase, putative, expressed	N	Y	Y	42	pipeline_score=37; farm_logP=154.36; max_variant=25; recommendation_score=42
QTL15	Chr6-7344756	154.36	*	LOC_Os06g13320	6:7325614-7327449	5	10	25	12.0	5.0	0.0	20.0	*	62.0	RAP_Step2_HNHZ_window200kb.FarmCPUpeak_info	window200kb	LOC_Os06g13320			protein kinase, putative, expressed	N	Y	Y	67	pipeline_score=62; farm_logP=154.36; max_variant=25; recommendation_score=67
QTL15	Chr6-7344756	154.36	*	LOC_Os06g13330	6:7333278-7335741	*	25	25	12.0	5.0	0.0	20.0	*	62.0	RAP_Step2_HNHZ_window200kb.FarmCPUpeak_info	window200kb	LOC_Os06g13330			expressed protein	N	Y	Y	67	pipeline_score=62; farm_logP=154.36; max_variant=25; recommendation_score=67
QTL15	Chr6-7344756	154.36	*	LOC_Os06g13340	6:7338076-7339727	25	25	25	12.0	0.0	0.0	22.0	*	59.0	RAP_Step2_HNHZ_window200kb.FarmCPUpeak_info	window200kb	LOC_Os06g13340			expressed protein	N	Y	Y	64	pipeline_score=59; farm_logP=154.36; max_variant=25; recommendation_score=64
QTL15	Chr6-7344756	154.36	*	LOC_Os06g13350	6:7341809-7344913	20	25	25	12.0	0.0	0.0	0.0	*	37.0	RAP_Step2_HNHZ_window200kb.FarmCPUpeak_info	window200kb	LOC_Os06g13350			SAM dependent carboxyl methyltransferase, putative, expressed	N	Y	Y	42	pipeline_score=37; farm_logP=154.36; max_variant=25; recommendation_score=42
QTL15	Chr6-7344756	154.36	*	LOC_Os06g13360	6:7345323-7349354	25	5	25	12.0	0.0	0.0	0.0	*	37.0	RAP_Step2_HNHZ_window200kb.FarmCPUpeak_info	window200kb	LOC_Os06g13360			retrotransposon protein, putative, unclassified, expressed	Y	Y	Y	42	pipeline_score=37; farm_logP=154.36; max_variant=25; recommendation_score=42
QTL15	Chr6-7344756	154.36	*	LOC_Os06g13370	6:7363152-7366159	25	25	25	12.0	0.0	0.0	0.0	*	37.0	RAP_Step2_HNHZ_window200kb.FarmCPUpeak_info	window200kb	LOC_Os06g13370			transposon protein, putative, CACTA, En/Spm sub-class, expressed	Y	Y	Y	42	pipeline_score=37; farm_logP=154.36; max_variant=25; recommendation_score=42
QTL15	Chr6-7344756	154.36	*	LOC_Os06g13380	6:7367791-7368195	20	25	25	12.0	5.0	0.0	0.0	*	42.0	RAP_Step2_HNHZ_window200kb.FarmCPUpeak_info	window200kb	LOC_Os06g13380			expressed protein	N	Y	Y	47	pipeline_score=42; farm_logP=154.36; max_variant=25; recommendation_score=47
QTL15	Chr6-7344756	154.36	*	LOC_Os06g13390	6:7369137-7371782	20	25	25	12.0	5.0	0.0	22.0	*	64.0	RAP_Step2_HNHZ_window200kb.FarmCPUpeak_info	window200kb	LOC_Os06g13390			SAM dependent carboxyl methyltransferase, putative, expressed	N	Y	Y	69	pipeline_score=64; farm_logP=154.36; max_variant=25; recommendation_score=69
QTL15	Chr6-7344756	154.36	*	LOC_Os06g13410	6:7376286-7376932	*	5	25	12.0	5.0	0.0	22.0	*	64.0	RAP_Step2_HNHZ_window200kb.FarmCPUpeak_info	window200kb	LOC_Os06g13410			OsSCP33 - Putative Serine Carboxypeptidase homologue, expressed	N	Y	Y	69	pipeline_score=64; farm_logP=154.36; max_variant=25; recommendation_score=69
QTL15	Chr6-7344756	154.36	*	LOC_Os06g13420	6:7378698-7380890	5	5	25	12.0	5.0	0.0	22.0	*	64.0	RAP_Step2_HNHZ_window200kb.FarmCPUpeak_info	window200kb	LOC_Os06g13420			OsSCP34 - Putative Serine Carboxypeptidase homologue, expressed	N	Y	Y	69	pipeline_score=64; farm_logP=154.36; max_variant=25; recommendation_score=69
QTL15	Chr6-7344756	154.36	*	LOC_Os06g13430	6:7388962-7393344	25	25	25	12.0	0.0	0.0	0.0	*	37.0	RAP_Step2_HNHZ_window200kb.FarmCPUpeak_info	window200kb	LOC_Os06g13430			retrotransposon protein, putative, unclassified, expressed	Y	Y	Y	42	pipeline_score=37; farm_logP=154.36; max_variant=25; recommendation_score=42
QTL15	Chr6-7344756	154.36	*	LOC_Os06g13440	6:7397012-7397462	20	5	0	12.0	5.0	0.0	0.0	*	37.0	RAP_Step2_HNHZ_window200kb.FarmCPUpeak_info	window200kb	LOC_Os06g13440			expressed protein	N	Y	Y	42	pipeline_score=37; farm_logP=154.36; max_variant=20; recommendation_score=42
QTL15	Chr6-7344756	154.36	*	LOC_Os06g13450	6:7401127-7404267	20	25	25	12.0	5.0	0.0	0.0	*	42.0	RAP_Step2_HNHZ_window200kb.FarmCPUpeak_info	window200kb	LOC_Os06g13450			cystathionine beta-lyase, putative, expressed	N	Y	Y	47	pipeline_score=42; farm_logP=154.36; max_variant=25; recommendation_score=47
QTL15	Chr6-7344756	154.36	*	LOC_Os06g13460	6:7406037-7408609	20	10	10	12.0	5.0	0.0	5.0	*	42.0	RAP_Step2_HNHZ_window200kb.FarmCPUpeak_info	window200kb	LOC_Os06g13460			SAM dependent carboxyl methyltransferase family protein, putative, expressed	N	Y	Y	47	pipeline_score=42; farm_logP=154.36; max_variant=20; recommendation_score=47
QTL15	Chr6-7344756	154.36	*	LOC_Os06g13470	6:7417633-7422147	25	25	*	12.0	5.0	0.0	22.0	*	64.0	RAP_Step2_HNHZ_window200kb.FarmCPUpeak_info	window200kb	LOC_Os06g13470			SAM dependent carboxyl methyltransferase, putative, expressed	N	Y	Y	69	pipeline_score=64; farm_logP=154.36; max_variant=25; recommendation_score=69
QTL15	Chr6-7344756	154.36	*	Os06g0243100	6:7422540-7433115	20	5	0	12.0	0.0	0.0	5.0	*	37.0	RAP_Step2_HNHZ_window200kb.FarmCPUpeak_info	window200kb	Os06g0243100							42	pipeline_score=37; farm_logP=154.36; max_variant=20; recommendation_score=42
QTL15	Chr6-7344756	154.36	*	LOC_Os06g13480	6:7423689-7424045	20	10	*	12.0	5.0	0.0	22.0	*	59.0	RAP_Step2_HNHZ_window200kb.FarmCPUpeak_info	window200kb	LOC_Os06g13480			expressed protein	N	Y	Y	64	pipeline_score=59; farm_logP=154.36; max_variant=20; recommendation_score=64
QTL15	Chr6-7344756	154.36	*	LOC_Os06g13490	6:7429730-7433791	20	5	25	12.0	5.0	0.0	22.0	*	64.0	RAP_Step2_HNHZ_window200kb.FarmCPUpeak_info	window200kb	LOC_Os06g13490			SAM dependent carboxyl methyltransferase domain containing protein, expressed	N	Y	Y	69	pipeline_score=64; farm_logP=154.36; max_variant=25; recommendation_score=69
QTL15	Chr6-7344756	154.36	*	LOC_Os06g13500	6:7439412-7443218	25	25	25	12.0	0.0	0.0	20.0	*	57.0	RAP_Step2_HNHZ_window200kb.FarmCPUpeak_info	window200kb	LOC_Os06g13500			retrotransposon protein, putative, Ty1-copia subclass, expressed	Y	Y	Y	62	pipeline_score=57; farm_logP=154.36; max_variant=25; recommendation_score=62
QTL15	Chr6-7344756	154.36	*	LOC_Os06g13510	6:7455885-7456584	5	5	25	12.0	0.0	0.0	0.0	*	37.0	RAP_Step2_HNHZ_window200kb.FarmCPUpeak_info	window200kb	LOC_Os06g13510			SAM dependent carboxyl methyltransferase family protein, putative	N	N	Y	42	pipeline_score=37; farm_logP=154.36; max_variant=25; recommendation_score=42
QTL15	Chr6-7344756	154.36	*	LOC_Os06g13520	6:7459467-7461720	25	5	25	12.0	0.0	0.0	0.0	*	37.0	RAP_Step2_HNHZ_window200kb.FarmCPUpeak_info	window200kb	LOC_Os06g13520			SAM dependent carboxyl methyltransferase domain containing protein, expressed	N	Y	Y	42	pipeline_score=37; farm_logP=154.36; max_variant=25; recommendation_score=42
QTL15	Chr6-7344756	154.36	*	LOC_Os06g13530	6:7468750-7469413	15	25	15	12.0	0.0	0.0	0.0	*	37.0	RAP_Step2_HNHZ_window200kb.FarmCPUpeak_info	window200kb	LOC_Os06g13530			benzoate carboxyl methyltransferase, putative, expressed	N	Y	Y	42	pipeline_score=37; farm_logP=154.36; max_variant=25; recommendation_score=42
QTL15	Chr6-7344756	154.36	*	LOC_Os06g13540	6:7469964-7474316	25	25	25	12.0	0.0	0.0	0.0	*	37.0	RAP_Step2_HNHZ_window200kb.FarmCPUpeak_info	window200kb	LOC_Os06g13540			retrotransposon protein, putative, unclassified, expressed	Y	Y	Y	42	pipeline_score=37; farm_logP=154.36; max_variant=25; recommendation_score=42
QTL15	Chr6-7344756	154.36	*	LOC_Os06g13550	6:7474908-7475598	20	25	25	12.0	0.0	0.0	0.0	*	37.0	RAP_Step2_HNHZ_window200kb.FarmCPUpeak_info	window200kb	LOC_Os06g13550			SAM dependent carboxyl methyltransferase family protein, putative, expressed	N	Y	Y	42	pipeline_score=37; farm_logP=154.36; max_variant=25; recommendation_score=42
QTL15	Chr6-7344756	154.36	*	Os06g0243900	6:7479329-7482254	20	5	5	12.0	0.0	0.0	5.0	*	37.0	RAP_Step2_HNHZ_window200kb.FarmCPUpeak_info	window200kb	Os06g0243900							42	pipeline_score=37; farm_logP=154.36; max_variant=20; recommendation_score=42
QTL15	Chr6-7344756	154.36	*	LOC_Os06g13560	6:7480067-7482254	20	10	*	12.0	0.0	0.0	20.0	*	52.0	RAP_Step2_HNHZ_window200kb.FarmCPUpeak_info	window200kb	LOC_Os06g13560			SAM dependent carboxyl methyltransferase, putative, expressed	N	Y	Y	57	pipeline_score=52; farm_logP=154.36; max_variant=20; recommendation_score=57
QTL15	Chr6-7344756	154.36	*	LOC_Os06g13570	6:7488066-7496669	20	10	10	12.0	0.0	0.0	10.0	*	42.0	RAP_Step2_HNHZ_window200kb.FarmCPUpeak_info	window200kb	LOC_Os06g13570			expressed protein	N	Y	Y	47	pipeline_score=42; farm_logP=154.36; max_variant=20; recommendation_score=47
QTL15	Chr6-7344756	154.36	*	LOC_Os06g13580	6:7498331-7500517	25	25	25	12.0	0.0	0.0	15.0	*	52.0	RAP_Step2_HNHZ_window200kb.FarmCPUpeak_info	window200kb	LOC_Os06g13580			expressed protein	N	Y	Y	57	pipeline_score=52; farm_logP=154.36; max_variant=25; recommendation_score=57
QTL15	Chr6-7344756	154.36	*	LOC_Os06g13590	6:7519619-7520480	25	25	20	12.0	0.0	0.0	5.0	*	42.0	RAP_Step2_HNHZ_window200kb.FarmCPUpeak_info	window200kb	LOC_Os06g13590			PE-PGRS family protein, putative, expressed	N	Y	Y	47	pipeline_score=42; farm_logP=154.36; max_variant=25; recommendation_score=47
QTL15	Chr6-7344756	154.36	*	LOC_Os06g13600	6:7530834-7534857	20	10	20	12.0	0.0	0.0	5.0	*	37.0	RAP_Step2_HNHZ_window200kb.FarmCPUpeak_info	window200kb	LOC_Os06g13600			HEAT repeat family protein, putative, expressed	N	Y	Y	42	pipeline_score=37; farm_logP=154.36; max_variant=20; recommendation_score=42
QTL15	Chr6-7344756	154.36	*	Os06g0244901	6:7531397-7534055	20	5	*	12.0	0.0	0.0	5.0	*	37.0	RAP_Step2_HNHZ_window200kb.FarmCPUpeak_info	window200kb	Os06g0244901							42	pipeline_score=37; farm_logP=154.36; max_variant=20; recommendation_score=42
QTL15	Chr6-7344756	154.36	*	LOC_Os06g13610	6:7540774-7541864	20	25	5	12.0	0.0	0.0	5.0	*	42.0	RAP_Step2_HNHZ_window200kb.FarmCPUpeak_info	window200kb	LOC_Os06g13610			expressed protein	N	Y	Y	47	pipeline_score=42; farm_logP=154.36; max_variant=25; recommendation_score=47
QTL15	Chr6-7344756	154.36	*	LOC_Os06g13620	6:7544706-7545167	25	10	0	12.0	0.0	0.0	5.0	*	42.0	RAP_Step2_HNHZ_window200kb.FarmCPUpeak_info	window200kb	LOC_Os06g13620			expressed protein	N	Y	Y	47	pipeline_score=42; farm_logP=154.36; max_variant=25; recommendation_score=47
QTL16	Chr6-26995319	24.44	*	LOC_Os06g44390	6:26798668-26798970	5	25	25	10.0	0.0	0.0	0.0	*	35.0	RAP_Step2_HNHZ_window200kb.FarmCPUpeak_info	window200kb	LOC_Os06g44390			expressed protein	N	Y	Y	45	pipeline_score=35; farm_logP=24.44; max_variant=25; supported_by_both_modes; recommendation_score=45
QTL16	Chr6-26995319	24.44	*	LOC_Os06g44400	6:26803050-26803366	20	10	0	10.0	0.0	0.0	0.0	*	30.0	RAP_Step2_HNHZ_window200kb.FarmCPUpeak_info	window200kb	LOC_Os06g44400			hypothetical protein	N	N	Y	35	pipeline_score=30; farm_logP=24.44; max_variant=20; recommendation_score=35
QTL16	Chr6-26995319	24.44	*	LOC_Os06g44410	6:26807861-26813600	5	10	5	10.0	0.0	0.0	5.0	*	25.0	RAP_Step2_HNHZ_window200kb.FarmCPUpeak_info	window200kb	LOC_Os06g44410	HK1|MHZ1|OsHK1	Kinase; ethylene; ethylene response; kinase; root	histidine kinase, putative, expressed	N	Y	Y	35	pipeline_score=25; farm_logP=24.44; max_variant=10; symbol=HK1|MHZ1|OsHK1; keyword=Kinase; ethylene; ethylene response; kinase; root; recommendation_score=35
QTL16	Chr6-26995319	24.44	*	LOC_Os06g44420	6:26829527-26830408	5	10	5	10.0	0.0	0.0	15.0	*	35.0	RAP_Step2_HNHZ_window200kb.FarmCPUpeak_info	window200kb	LOC_Os06g44420			GDU1, putative, expressed	N	Y	Y	38	pipeline_score=35; farm_logP=24.44; max_variant=10; recommendation_score=38
QTL16	Chr6-26995319	24.44	*	LOC_Os06g44430	6:26833860-26836084	20	10	0	10.0	0.0	0.0	0.0	*	30.0	RAP_Step2_HNHZ_window200kb.FarmCPUpeak_info	window200kb	LOC_Os06g44430			protein kinase, putative, expressed	N	Y	Y	35	pipeline_score=30; farm_logP=24.44; max_variant=20; recommendation_score=35
QTL16	Chr6-26995319	24.44	*	LOC_Os06g44440	6:26838205-26839166	25	5	5	10.0	0.0	0.0	0.0	*	35.0	RAP_Step2_HNHZ_window200kb.FarmCPUpeak_info	window200kb	LOC_Os06g44440			retrotransposon protein, putative, unclassified	Y	N	Y	40	pipeline_score=35; farm_logP=24.44; max_variant=25; recommendation_score=40
QTL16	Chr6-26995319	24.44	*	LOC_Os06g44450	6:26843087-26844776	20	10	5	10.0	0.0	22.0	15.0	*	67.0	RAP_Step2_HNHZ_window200kb.FarmCPUpeak_info	window200kb	LOC_Os06g44450			CCT/B-box zinc finger protein, putative, expressed	N	Y	Y	72	pipeline_score=67; farm_logP=24.44; max_variant=20; recommendation_score=72
QTL16	Chr6-26995319	24.44	*	LOC_Os06g44460	6:26854885-26858586	5	10	*	10.0	0.0	0.0	15.0	*	35.0	RAP_Step2_HNHZ_window200kb.FarmCPUpeak_info	window200kb	LOC_Os06g44460			D-3-phosphoglycerate dehydrogenase, chloroplast precursor, putative, expressed	N	Y	Y	38	pipeline_score=35; farm_logP=24.44; max_variant=10; recommendation_score=38
QTL16	Chr6-26995319	24.44	*	LOC_Os06g44470	6:26859069-26859739	15	5	20	10.0	0.0	0.0	5.0	*	35.0	RAP_Step2_HNHZ_window200kb.FarmCPUpeak_info	window200kb	LOC_Os06g44470			pollen allergen, putative, expressed	N	Y	Y	40	pipeline_score=35; farm_logP=24.44; max_variant=20; recommendation_score=40
QTL16	Chr6-26995319	24.44	*	LOC_Os06g44480	6:26862341-26869894	25	25	25	10.0	0.0	0.0	5.0	*	40.0	RAP_Step2_HNHZ_window200kb.FarmCPUpeak_info	window200kb	LOC_Os06g44480			transposon protein, putative, unclassified, expressed	Y	Y	Y	45	pipeline_score=40; farm_logP=24.44; max_variant=25; recommendation_score=45
QTL16	Chr6-26995319	24.44	*	LOC_Os06g44490	6:26871783-26872031	25	25	*	10.0	0.0	0.0	0.0	*	35.0	RAP_Step2_HNHZ_window200kb.FarmCPUpeak_info	window200kb	LOC_Os06g44490			expressed protein	N	Y	Y	40	pipeline_score=35; farm_logP=24.44; max_variant=25; recommendation_score=40
QTL16	Chr6-26995319	24.44	*	LOC_Os06g44500	6:26876995-26878985	5	5	5	10.0	0.0	0.0	15.0	*	30.0	RAP_Step2_HNHZ_window200kb.FarmCPUpeak_info	window200kb	LOC_Os06g44500			OsFBK17 - F-box domain and kelch repeat containing protein, expressed	N	Y	Y	30	pipeline_score=30; farm_logP=24.44; max_variant=5; recommendation_score=30
QTL16	Chr6-26995319	24.44	*	LOC_Os06g44510	6:26885873-26886145	20	25	*	10.0	0.0	0.0	0.0	*	35.0	RAP_Step2_HNHZ_window200kb.FarmCPUpeak_info	window200kb	LOC_Os06g44510			hypothetical protein	N	N	Y	40	pipeline_score=35; farm_logP=24.44; max_variant=25; recommendation_score=40
QTL16	Chr6-26995319	24.44	*	LOC_Os06g44530	6:26890615-26892473	20	10	25	10.0	0.0	0.0	5.0	*	40.0	RAP_Step2_HNHZ_window200kb.FarmCPUpeak_info	window200kb	LOC_Os06g44530			retrotransposon protein, putative, unclassified	Y	N	Y	45	pipeline_score=40; farm_logP=24.44; max_variant=25; recommendation_score=45
QTL16	Chr6-26995319	24.44	*	LOC_Os06g44540	6:26904391-26908175	20	10	*	10.0	0.0	0.0	10.0	*	40.0	RAP_Step2_HNHZ_window200kb.FarmCPUpeak_info	window200kb	LOC_Os06g44540			HOTHEAD precursor, putative, expressed	N	Y	Y	45	pipeline_score=40; farm_logP=24.44; max_variant=20; recommendation_score=45
QTL16	Chr6-26995319	24.44	*	LOC_Os06g44550	6:26910657-26911422	25	25	*	10.0	0.0	0.0	5.0	*	40.0	RAP_Step2_HNHZ_window200kb.FarmCPUpeak_info	window200kb	LOC_Os06g44550			expressed protein	N	Y	Y	45	pipeline_score=40; farm_logP=24.44; max_variant=25; recommendation_score=45
QTL16	Chr6-26995319	24.44	*	LOC_Os06g44560	6:26913008-26913334	25	25	25	10.0	0.0	0.0	0.0	*	35.0	RAP_Step2_HNHZ_window200kb.FarmCPUpeak_info	window200kb	LOC_Os06g44560			retrotransposon protein, putative, unclassified	Y	N	Y	40	pipeline_score=35; farm_logP=24.44; max_variant=25; recommendation_score=40
QTL16	Chr6-26995319	24.44	*	LOC_Os06g44570	6:26914272-26916987	25	25	25	10.0	0.0	0.0	5.0	*	40.0	RAP_Step2_HNHZ_window200kb.FarmCPUpeak_info	window200kb	LOC_Os06g44570			retrotransposon protein, putative, unclassified, expressed	Y	Y	Y	45	pipeline_score=40; farm_logP=24.44; max_variant=25; recommendation_score=45
QTL16	Chr6-26995319	24.44	*	LOC_Os06g44580	6:26920257-26920706	20	5	25	10.0	0.0	0.0	0.0	*	35.0	RAP_Step2_HNHZ_window200kb.FarmCPUpeak_info	window200kb	LOC_Os06g44580			retrotransposon protein, putative, unclassified, expressed	Y	Y	Y	40	pipeline_score=35; farm_logP=24.44; max_variant=25; recommendation_score=40
QTL16	Chr6-26995319	24.44	*	LOC_Os06g44590	6:26921476-26927244	25	25	25	10.0	0.0	0.0	0.0	*	35.0	RAP_Step2_HNHZ_window200kb.FarmCPUpeak_info	window200kb	LOC_Os06g44590			retrotransposon protein, putative, unclassified, expressed	Y	Y	Y	40	pipeline_score=35; farm_logP=24.44; max_variant=25; recommendation_score=40
QTL16	Chr6-26995319	24.44	*	LOC_Os06g44600	6:26927879-26928205	25	25	25	10.0	0.0	0.0	0.0	*	35.0	RAP_Step2_HNHZ_window200kb.FarmCPUpeak_info	window200kb	LOC_Os06g44600			retrotransposon protein, putative, unclassified	Y	N	Y	40	pipeline_score=35; farm_logP=24.44; max_variant=25; recommendation_score=40
QTL16	Chr6-26995319	24.44	*	LOC_Os06g44610	6:26937147-26941028	15	5	15	10.0	0.0	0.0	10.0	*	35.0	RAP_Step2_HNHZ_window200kb.FarmCPUpeak_info	window200kb	LOC_Os06g44610			membrane associated DUF588 domain containing protein, putative, expressed	N	Y	Y	38	pipeline_score=35; farm_logP=24.44; max_variant=15; recommendation_score=38
QTL16	Chr6-26995319	24.44	*	Os06g0656400	6:26942137-26944369	20	10	*	10.0	0.0	0.0	10.0	*	40.0	RAP_Step2_HNHZ_window200kb.FarmCPUpeak_info	window200kb	Os06g0656400							45	pipeline_score=40; farm_logP=24.44; max_variant=20; recommendation_score=45
QTL16	Chr6-26995319	24.44	*	LOC_Os06g44620	6:26943094-26949889	20	10	0	10.0	0.0	10.0	18.0	*	58.0	RAP_Step2_HNHZ_window200kb.FarmCPUpeak_info	window200kb	LOC_Os06g44620	Os4CL4	cell wall; lignin	AMP-binding domain containing protein, expressed	N	Y	Y	70	pipeline_score=58; farm_logP=24.44; max_variant=20; symbol=Os4CL4; keyword=cell wall; lignin; recommendation_score=70
QTL16	Chr6-26995319	24.44	*	Os06g0656566	6:26948159-26949749	20	10	5	10.0	0.0	0.0	5.0	*	35.0	RAP_Step2_HNHZ_window200kb.FarmCPUpeak_info	window200kb	Os06g0656566							40	pipeline_score=35; farm_logP=24.44; max_variant=20; recommendation_score=40
QTL16	Chr6-26995319	24.44	*	LOC_Os06g44630	6:26952626-26953598	20	10	10	10.0	0.0	0.0	0.0	*	30.0	RAP_Step2_HNHZ_window200kb.FarmCPUpeak_info	window200kb	LOC_Os06g44630			expressed protein	N	Y	Y	35	pipeline_score=30; farm_logP=24.44; max_variant=20; recommendation_score=35
QTL16	Chr6-26995319	24.44	*	LOC_Os06g44640	6:26954364-26955285	20	5	*	10.0	0.0	0.0	10.0	*	40.0	RAP_Step2_HNHZ_window200kb.FarmCPUpeak_info	window200kb	LOC_Os06g44640			expressed protein	N	Y	Y	45	pipeline_score=40; farm_logP=24.44; max_variant=20; recommendation_score=45
QTL16	Chr6-26995319	24.44	*	Os06g0656725	6:26956110-26956171	*	*	*	10.0	0.0	0.0	0.0	*	10.0	RAP_Step2_HNHZ_window200kb.FarmCPUpeak_info	window200kb	Os06g0656725							10	pipeline_score=10; farm_logP=24.44; recommendation_score=10
QTL16	Chr6-26995319	24.44	*	LOC_Os06g44650	6:26956802-26957207	25	5	*	10.0	5.0	0.0	0.0	*	40.0	RAP_Step2_HNHZ_window200kb.FarmCPUpeak_info	window200kb	LOC_Os06g44650			hypothetical protein	N	N	Y	45	pipeline_score=40; farm_logP=24.44; max_variant=25; recommendation_score=45
QTL16	Chr6-26995319	24.44	*	LOC_Os06g44660	6:26957536-26958611	25	25	5	10.0	0.0	0.0	5.0	*	40.0	RAP_Step2_HNHZ_window200kb.FarmCPUpeak_info	window200kb	LOC_Os06g44660			fasciclin-like arabinogalactan precursor protein, putative, expressed	N	Y	Y	45	pipeline_score=40; farm_logP=24.44; max_variant=25; recommendation_score=45
QTL16	Chr6-26995319	24.44	*	LOC_Os06g44670	6:26960704-26961368	25	25	0	10.0	0.0	0.0	5.0	*	40.0	RAP_Step2_HNHZ_window200kb.FarmCPUpeak_info	window200kb	LOC_Os06g44670			expressed protein	N	Y	Y	45	pipeline_score=40; farm_logP=24.44; max_variant=25; recommendation_score=45
QTL16	Chr6-26995319	24.44	*	LOC_Os06g44680	6:26972929-26973542	20	5	*	10.0	5.0	0.0	0.0	*	35.0	RAP_Step2_HNHZ_window200kb.FarmCPUpeak_info	window200kb	LOC_Os06g44680			expressed protein	N	Y	Y	40	pipeline_score=35; farm_logP=24.44; max_variant=20; recommendation_score=40
QTL16	Chr6-26995319	24.44	*	LOC_Os06g44690	6:26978691-26982021	25	25	25	10.0	0.0	0.0	5.0	*	40.0	RAP_Step2_HNHZ_window200kb.FarmCPUpeak_info	window200kb	LOC_Os06g44690			transposon protein, putative, CACTA, En/Spm sub-class, expressed	Y	Y	Y	45	pipeline_score=40; farm_logP=24.44; max_variant=25; recommendation_score=45
QTL16	Chr6-26995319	24.44	*	LOC_Os06g44700	6:26983443-26983771	25	5	25	10.0	0.0	0.0	0.0	*	35.0	RAP_Step2_HNHZ_window200kb.FarmCPUpeak_info	window200kb	LOC_Os06g44700			hypothetical protein	Y	N	Y	40	pipeline_score=35; farm_logP=24.44; max_variant=25; recommendation_score=40
QTL16	Chr6-26995319	24.44	*	LOC_Os06g44710	6:26989507-26991394	20	25	25	10.0	0.0	0.0	5.0	*	40.0	RAP_Step2_HNHZ_window200kb.FarmCPUpeak_info	window200kb	LOC_Os06g44710			transposon protein, putative, CACTA, En/Spm sub-class	Y	N	Y	45	pipeline_score=40; farm_logP=24.44; max_variant=25; recommendation_score=45
QTL16	Chr6-26995319	24.44	*	LOC_Os06g44720	6:26991688-26992870	20	5	25	10.0	0.0	0.0	0.0	*	35.0	RAP_Step2_HNHZ_window200kb.FarmCPUpeak_info	window200kb	LOC_Os06g44720			transposon protein, putative, CACTA, En/Spm sub-class	Y	N	Y	40	pipeline_score=35; farm_logP=24.44; max_variant=25; recommendation_score=40
QTL16	Chr6-26995319	24.44	*	LOC_Os06g44730	6:26999093-27002617	25	25	25	10.0	0.0	0.0	0.0	*	35.0	RAP_Step2_HNHZ_window200kb.FarmCPUpeak_info	window200kb	LOC_Os06g44730			retrotransposon protein, putative, unclassified, expressed	Y	Y	Y	40	pipeline_score=35; farm_logP=24.44; max_variant=25; recommendation_score=40
QTL16	Chr6-26995319	24.44	*	LOC_Os06g44740	6:27003385-27006405	25	25	25	10.0	0.0	0.0	0.0	*	35.0	RAP_Step2_HNHZ_window200kb.FarmCPUpeak_info	window200kb	LOC_Os06g44740			retrotransposon protein, putative, unclassified, expressed	Y	Y	Y	40	pipeline_score=35; farm_logP=24.44; max_variant=25; recommendation_score=40
QTL16	Chr6-26995319	24.44	*	LOC_Os06g44750	6:27025437-27029339	5	5	20	10.0	5.0	0.0	5.0	*	40.0	RAP_Step2_HNHZ_window200kb.FarmCPUpeak_info	window200kb	LOC_Os06g44750	HL6|OsGL6	Kinase; domestication; protein kinase	AP2 domain containing protein, expressed	N	Y	Y	52	pipeline_score=40; farm_logP=24.44; max_variant=20; symbol=HL6|OsGL6; keyword=Kinase; domestication; protein kinase; recommendation_score=52
QTL16	Chr6-26995319	24.44	*	Os06g0657750	6:27042850-27042998	5	10	20	10.0	0.0	0.0	5.0	*	35.0	RAP_Step2_HNHZ_window200kb.FarmCPUpeak_info	window200kb	Os06g0657750							40	pipeline_score=35; farm_logP=24.44; max_variant=20; recommendation_score=40
QTL16	Chr6-26995319	24.44	*	LOC_Os06g44760	6:27043124-27045828	25	25	25	10.0	0.0	0.0	5.0	*	40.0	RAP_Step2_HNHZ_window200kb.FarmCPUpeak_info	window200kb	LOC_Os06g44760			expressed protein	N	Y	Y	45	pipeline_score=40; farm_logP=24.44; max_variant=25; recommendation_score=45
QTL16	Chr6-26995319	24.44	*	LOC_Os06g44770	6:27046712-27047926	20	10	25	10.0	5.0	0.0	5.0	*	45.0	RAP_Step2_HNHZ_window200kb.FarmCPUpeak_info	window200kb	LOC_Os06g44770			expressed protein	N	Y	Y	50	pipeline_score=45; farm_logP=24.44; max_variant=25; recommendation_score=50
QTL16	Chr6-26995319	24.44	*	LOC_Os06g44780	6:27054106-27054779	25	10	10	10.0	0.0	0.0	10.0	*	45.0	RAP_Step2_HNHZ_window200kb.FarmCPUpeak_info	window200kb	LOC_Os06g44780			expressed protein	N	Y	Y	50	pipeline_score=45; farm_logP=24.44; max_variant=25; recommendation_score=50
QTL16	Chr6-26995319	24.44	*	Os06g0658350	6:27056503-27059571	25	25	20	10.0	0.0	0.0	5.0	*	40.0	RAP_Step2_HNHZ_window200kb.FarmCPUpeak_info	window200kb	Os06g0658350							45	pipeline_score=40; farm_logP=24.44; max_variant=25; recommendation_score=45
QTL16	Chr6-26995319	24.44	*	LOC_Os06g44790	6:27059070-27062657	25	25	25	10.0	0.0	0.0	5.0	*	40.0	RAP_Step2_HNHZ_window200kb.FarmCPUpeak_info	window200kb	LOC_Os06g44790			expressed protein	N	Y	Y	45	pipeline_score=40; farm_logP=24.44; max_variant=25; recommendation_score=45
QTL16	Chr6-26995319	24.44	*	LOC_Os06g44800	6:27063980-27067208	25	25	25	10.0	0.0	0.0	5.0	*	40.0	RAP_Step2_HNHZ_window200kb.FarmCPUpeak_info	window200kb	LOC_Os06g44800			transposon protein, putative, Ac/Ds sub-class, expressed	Y	Y	Y	45	pipeline_score=40; farm_logP=24.44; max_variant=25; recommendation_score=45
QTL16	Chr6-26995319	24.44	*	LOC_Os06g44810	6:27068985-27074406	20	5	10	10.0	0.0	0.0	5.0	*	35.0	RAP_Step2_HNHZ_window200kb.FarmCPUpeak_info	window200kb	LOC_Os06g44810			expressed protein	N	Y	Y	40	pipeline_score=35; farm_logP=24.44; max_variant=20; recommendation_score=40
QTL16	Chr6-26995319	24.44	*	LOC_Os06g44820	6:27075170-27076638	20	10	5	10.0	0.0	0.0	5.0	*	35.0	RAP_Step2_HNHZ_window200kb.FarmCPUpeak_info	window200kb	LOC_Os06g44820			PPR repeat domain containing protein, putative, expressed	N	Y	Y	40	pipeline_score=35; farm_logP=24.44; max_variant=20; recommendation_score=40
QTL16	Chr6-26995319	24.44	*	LOC_Os06g44830	6:27082757-27083017	25	25	25	10.0	0.0	0.0	0.0	*	35.0	RAP_Step2_HNHZ_window200kb.FarmCPUpeak_info	window200kb	LOC_Os06g44830			expressed protein	N	Y	Y	40	pipeline_score=35; farm_logP=24.44; max_variant=25; recommendation_score=40
QTL16	Chr6-26995319	24.44	*	LOC_Os06g44840	6:27087455-27092919	18	10	5	10.0	0.0	0.0	10.0	*	38.0	RAP_Step2_HNHZ_window200kb.FarmCPUpeak_info	window200kb	LOC_Os06g44840	HGGT|OsHGGT|RTD1|SGD1	Gibberellin; cold tolerance; development; gibberellin; growth; map-based cloning; plant development; seed; seed germination; tolerance	prenyltransferase, putative, expressed	N	Y	Y	48	pipeline_score=38; farm_logP=24.44; max_variant=18; symbol=HGGT|OsHGGT|RTD1|SGD1; keyword=Gibberellin; cold tolerance; development; gibberellin; growth; map-based cloning; plant development; seed; seed germination; tolerance; recommendation_score=48
QTL16	Chr6-26995319	24.44	*	LOC_Os06g44860	6:27114986-27117417	5	10	0	10.0	5.0	0.0	5.0	*	30.0	RAP_Step2_HNHZ_window200kb.FarmCPUpeak_info	window200kb	LOC_Os06g44860	OsSPL10	development; leaf; nucleus; panicle; salt; salt tolerance; tolerance; transcription factor; transcriptional regulator	OsSPL10 - SBP-box gene family member, expressed	N	Y	Y	40	pipeline_score=30; farm_logP=24.44; max_variant=10; symbol=OsSPL10; keyword=development; leaf; nucleus; panicle; salt; salt tolerance; tolerance; transcription factor; transcriptional regulator; recommendation_score=40
QTL16	Chr6-26995319	24.44	*	LOC_Os06g44870	6:27123570-27124652	5	25	*	10.0	0.0	0.0	5.0	*	40.0	RAP_Step2_HNHZ_window200kb.FarmCPUpeak_info	window200kb	LOC_Os06g44870			expressed protein	N	Y	Y	45	pipeline_score=40; farm_logP=24.44; max_variant=25; recommendation_score=45
QTL16	Chr6-26995319	24.44	*	LOC_Os06g44880	6:27126260-27130156	20	25	20	10.0	0.0	0.0	10.0	*	45.0	RAP_Step2_HNHZ_window200kb.FarmCPUpeak_info	window200kb	LOC_Os06g44880			type II intron maturase protein, putative, expressed	N	Y	Y	50	pipeline_score=45; farm_logP=24.44; max_variant=25; recommendation_score=50
QTL16	Chr6-26995319	24.44	*	LOC_Os06g44890	6:27135555-27144857	15	10	0	10.0	0.0	0.0	10.0	*	35.0	RAP_Step2_HNHZ_window200kb.FarmCPUpeak_info	window200kb	LOC_Os06g44890			villin protein, putative, expressed	N	Y	Y	38	pipeline_score=35; farm_logP=24.44; max_variant=15; recommendation_score=38
QTL16	Chr6-26995319	24.44	*	LOC_Os06g44900	6:27148692-27150752	20	25	5	10.0	0.0	0.0	5.0	*	40.0	RAP_Step2_HNHZ_window200kb.FarmCPUpeak_info	window200kb	LOC_Os06g44900			leaf senescence related protein, putative, expressed	N	Y	Y	45	pipeline_score=40; farm_logP=24.44; max_variant=25; recommendation_score=45
QTL16	Chr6-26995319	24.44	*	LOC_Os06g44910	6:27151476-27154086	5	10	0	10.0	0.0	0.0	18.0	*	38.0	RAP_Step2_HNHZ_window200kb.FarmCPUpeak_info	window200kb	LOC_Os06g44910			OsGrx_C4 - glutaredoxin subgroup I, expressed	N	Y	Y	41	pipeline_score=38; farm_logP=24.44; max_variant=10; recommendation_score=41
QTL16	Chr6-26995319	24.44	*	Os06g0659600	6:27154687-27156204	20	25	15	10.0	0.0	0.0	5.0	*	40.0	RAP_Step2_HNHZ_window200kb.FarmCPUpeak_info	window200kb	Os06g0659600							45	pipeline_score=40; farm_logP=24.44; max_variant=25; recommendation_score=45
QTL16	Chr6-26995319	24.44	*	LOC_Os06g44920	6:27154893-27156260	20	25	20	10.0	5.0	0.0	5.0	*	45.0	RAP_Step2_HNHZ_window200kb.FarmCPUpeak_info	window200kb	LOC_Os06g44920			OsFBDUF34 - F-box and DUF domain containing protein, expressed	N	Y	Y	50	pipeline_score=45; farm_logP=24.44; max_variant=25; recommendation_score=50
QTL16	Chr6-26995319	24.44	*	LOC_Os06g44930	6:27162266-27163325	5	10	*	10.0	5.0	0.0	5.0	*	30.0	RAP_Step2_HNHZ_window200kb.FarmCPUpeak_info	window200kb	LOC_Os06g44930			expressed protein	N	Y	Y	33	pipeline_score=30; farm_logP=24.44; max_variant=10; recommendation_score=33
QTL16	Chr6-26995319	24.44	*	LOC_Os06g44940	6:27179429-27179983	25	5	20	10.0	0.0	0.0	0.0	*	35.0	RAP_Step2_HNHZ_window200kb.FarmCPUpeak_info	window200kb	LOC_Os06g44940			retrotransposon protein, putative, unclassified, expressed	Y	Y	Y	40	pipeline_score=35; farm_logP=24.44; max_variant=25; recommendation_score=40
QTL16	Chr6-26995319	24.44	*	LOC_Os06g44950	6:27184365-27190520	25	25	25	10.0	0.0	0.0	0.0	*	35.0	RAP_Step2_HNHZ_window200kb.FarmCPUpeak_info	window200kb	LOC_Os06g44950			retrotransposon protein, putative, unclassified, expressed	Y	Y	Y	40	pipeline_score=35; farm_logP=24.44; max_variant=25; recommendation_score=40
QTL16	Chr6-26995319	24.44	*	LOC_Os06g44960	6:27191149-27194439	25	25	25	10.0	0.0	0.0	0.0	*	35.0	RAP_Step2_HNHZ_window200kb.FarmCPUpeak_info	window200kb	LOC_Os06g44960			retrotransposon protein, putative, unclassified, expressed	Y	Y	Y	40	pipeline_score=35; farm_logP=24.44; max_variant=25; recommendation_score=40
QTL17	Chr7-4418395	11.31	*	LOC_Os07g08270	7:4219935-4221821	5	25	*	4.0	0.0	0.0	18.0	*	47.0	RAP_Step2_HNHZ_window200kb.FarmCPUpeak_info	window200kb	LOC_Os07g08270			expressed protein	N	Y	Y	52	pipeline_score=47; farm_logP=11.31; max_variant=25; recommendation_score=52
QTL17	Chr7-4418395	11.31	*	LOC_Os07g08290	7:4226648-4230181	20	10	5	4.0	0.0	0.0	18.0	*	42.0	RAP_Step2_HNHZ_window200kb.FarmCPUpeak_info	window200kb	LOC_Os07g08290			expressed protein	N	Y	Y	47	pipeline_score=42; farm_logP=11.31; max_variant=20; recommendation_score=47
QTL17	Chr7-4418395	11.31	*	LOC_Os07g08300	7:4240044-4253497	20	5	20	4.0	0.0	0.0	18.0	*	42.0	RAP_Step2_HNHZ_window200kb.FarmCPUpeak_info	window200kb	LOC_Os07g08300			major facilitator superfamily antiporter, putative, expressed	N	Y	Y	47	pipeline_score=42; farm_logP=11.31; max_variant=20; recommendation_score=47
QTL17	Chr7-4418395	11.31	*	LOC_Os07g08320	7:4253896-4259355	20	25	20	4.0	0.0	0.0	5.0	*	34.0	RAP_Step2_HNHZ_window200kb.FarmCPUpeak_info	window200kb	LOC_Os07g08320			RNA recognition motif containing protein, expressed	N	Y	Y	39	pipeline_score=34; farm_logP=11.31; max_variant=25; recommendation_score=39
QTL17	Chr7-4418395	11.31	*	LOC_Os07g08330	7:4263172-4265798	20	10	20	4.0	0.0	0.0	10.0	*	34.0	RAP_Step2_HNHZ_window200kb.FarmCPUpeak_info	window200kb	LOC_Os07g08330			ribosomal protein L4, putative, expressed	N	Y	Y	39	pipeline_score=34; farm_logP=11.31; max_variant=20; recommendation_score=39
QTL17	Chr7-4418395	11.31	*	LOC_Os07g08340	7:4266880-4271518	5	25	20	4.0	0.0	0.0	10.0	*	39.0	RAP_Step2_HNHZ_window200kb.FarmCPUpeak_info	window200kb	LOC_Os07g08340	OsPK2|OsPKpalpha1|W59	Kinase; endosperm; grain; grain filling; grain quality; map-based cloning; quality; seed; seed development; starch; yield	pyruvate kinase, putative, expressed	N	Y	Y	51	pipeline_score=39; farm_logP=11.31; max_variant=25; symbol=OsPK2|OsPKpalpha1|W59; keyword=Kinase; endosperm; grain; grain filling; grain quality; map-based cloning; quality; seed; seed development; starch; yield; recommendation_score=51
QTL17	Chr7-4418395	11.31	*	LOC_Os07g08350	7:4283646-4287282	20	5	10	4.0	5.0	0.0	5.0	*	34.0	RAP_Step2_HNHZ_window200kb.FarmCPUpeak_info	window200kb	LOC_Os07g08350			C4-dicarboxylate transporter/malic acid transport protein, expressed	N	Y	Y	39	pipeline_score=34; farm_logP=11.31; max_variant=20; recommendation_score=39
QTL17	Chr7-4418395	11.31	*	LOC_Os07g08360	7:4288301-4289477	20	25	25	4.0	0.0	0.0	20.0	*	49.0	RAP_Step2_HNHZ_window200kb.FarmCPUpeak_info	window200kb	LOC_Os07g08360			expressed protein	N	Y	Y	54	pipeline_score=49; farm_logP=11.31; max_variant=25; recommendation_score=54
QTL17	Chr7-4418395	11.31	*	LOC_Os07g08370	7:4298992-4299636	25	25	25	4.0	0.0	0.0	5.0	*	34.0	RAP_Step2_HNHZ_window200kb.FarmCPUpeak_info	window200kb	LOC_Os07g08370			expressed protein	N	Y	Y	39	pipeline_score=34; farm_logP=11.31; max_variant=25; recommendation_score=39
QTL17	Chr7-4418395	11.31	*	LOC_Os07g08380	7:4304854-4305114	25	25	10	4.0	0.0	0.0	0.0	*	29.0	RAP_Step2_HNHZ_window200kb.FarmCPUpeak_info	window200kb	LOC_Os07g08380			expressed protein	N	Y	Y	34	pipeline_score=29; farm_logP=11.31; max_variant=25; recommendation_score=34
QTL17	Chr7-4418395	11.31	*	LOC_Os07g08390	7:4305620-4307536	1	5	*	4.0	0.0	0.0	10.0	*	19.0	RAP_Step2_HNHZ_window200kb.FarmCPUpeak_info	window200kb	LOC_Os07g08390			plant-specific domain TIGR01615 family protein, expressed	N	Y	Y	19	pipeline_score=19; farm_logP=11.31; max_variant=5; recommendation_score=19
QTL17	Chr7-4418395	11.31	*	LOC_Os07g08400	7:4312794-4319184	5	5	*	4.0	0.0	0.0	10.0	*	19.0	RAP_Step2_HNHZ_window200kb.FarmCPUpeak_info	window200kb	LOC_Os07g08400			GTP binding protein, putative, expressed	N	Y	Y	19	pipeline_score=19; farm_logP=11.31; max_variant=5; recommendation_score=19
QTL17	Chr7-4418395	11.31	*	Os07g0181750	7:4312921-4318452	5	*	*	4.0	0.0	0.0	5.0	*	14.0	RAP_Step2_HNHZ_window200kb.FarmCPUpeak_info	window200kb	Os07g0181750							14	pipeline_score=14; farm_logP=11.31; max_variant=5; recommendation_score=14
QTL17	Chr7-4418395	11.31	*	LOC_Os07g08410	7:4318811-4320329	5	10	10	4.0	0.0	0.0	15.0	*	29.0	RAP_Step2_HNHZ_window200kb.FarmCPUpeak_info	window200kb	LOC_Os07g08410			expressed protein	N	Y	Y	32	pipeline_score=29; farm_logP=11.31; max_variant=10; recommendation_score=32
QTL17	Chr7-4418395	11.31	*	LOC_Os07g08420	7:4322231-4326708	20	5	*	4.0	0.0	0.0	5.0	*	29.0	RAP_Step2_HNHZ_window200kb.FarmCPUpeak_info	window200kb	LOC_Os07g08420	OsSMF1|OsbZIP58|RISBZ1	endosperm; gibberellin biosynthesis; grain; grain filling; heat tolerance; prolamin; seed; seed development; seed germination; starch; starch biosynthesis; temperature; tolerance; transcription factor	bZIP transcription factor domain containing protein, expressed	N	Y	Y	41	pipeline_score=29; farm_logP=11.31; max_variant=20; symbol=OsSMF1|OsbZIP58|RISBZ1; keyword=endosperm; gibberellin biosynthesis; grain; grain filling; heat tolerance; prolamin; seed; seed development; seed germination; starch; starch biosynthesis; temperature; tolerance; transcription factor; recommendation_score=41
QTL17	Chr7-4418395	11.31	*	LOC_Os07g08430	7:4330346-4333642	5	5	15	4.0	0.0	0.0	10.0	*	29.0	RAP_Step2_HNHZ_window200kb.FarmCPUpeak_info	window200kb	LOC_Os07g08430			indole-3-glycerol phosphate lyase, chloroplast precursor, putative, expressed	N	Y	Y	32	pipeline_score=29; farm_logP=11.31; max_variant=15; recommendation_score=32
QTL17	Chr7-4418395	11.31	*	LOC_Os07g08440	7:4338514-4342219	5	10	*	4.0	0.0	0.0	15.0	*	29.0	RAP_Step2_HNHZ_window200kb.FarmCPUpeak_info	window200kb	LOC_Os07g08440			BHLH transcription factor, putative, expressed	N	Y	Y	32	pipeline_score=29; farm_logP=11.31; max_variant=10; recommendation_score=32
QTL17	Chr7-4418395	11.31	*	LOC_Os07g08450	7:4349036-4353864	20	25	1	4.0	0.0	0.0	5.0	*	34.0	RAP_Step2_HNHZ_window200kb.FarmCPUpeak_info	window200kb	LOC_Os07g08450			expressed protein	N	Y	Y	39	pipeline_score=34; farm_logP=11.31; max_variant=25; recommendation_score=39
QTL17	Chr7-4418395	11.31	*	LOC_Os07g08460	7:4355211-4356575	15	10	0	4.0	0.0	0.0	5.0	*	24.0	RAP_Step2_HNHZ_window200kb.FarmCPUpeak_info	window200kb	LOC_Os07g08460			OsIAA24 - Auxin-responsive Aux/IAA gene family member, expressed	N	Y	Y	27	pipeline_score=24; farm_logP=11.31; max_variant=15; recommendation_score=27
QTL17	Chr7-4418395	11.31	*	LOC_Os07g08470	7:4361090-4361317	20	10	*	4.0	0.0	0.0	0.0	*	24.0	RAP_Step2_HNHZ_window200kb.FarmCPUpeak_info	window200kb	LOC_Os07g08470			expressed protein	N	Y	Y	29	pipeline_score=24; farm_logP=11.31; max_variant=20; recommendation_score=29
QTL17	Chr7-4418395	11.31	*	LOC_Os07g08480	7:4367859-4369050	20	25	*	4.0	0.0	0.0	0.0	*	29.0	RAP_Step2_HNHZ_window200kb.FarmCPUpeak_info	window200kb	LOC_Os07g08480			hypothetical protein	N	N	Y	34	pipeline_score=29; farm_logP=11.31; max_variant=25; recommendation_score=34
QTL17	Chr7-4418395	11.31	*	Os07g0182601	7:4375795-4377801	20	5	*	4.0	0.0	0.0	5.0	*	29.0	RAP_Step2_HNHZ_window200kb.FarmCPUpeak_info	window200kb	Os07g0182601							34	pipeline_score=29; farm_logP=11.31; max_variant=20; recommendation_score=34
QTL17	Chr7-4418395	11.31	*	LOC_Os07g08490	7:4377492-4377932	20	5	*	4.0	0.0	0.0	5.0	*	29.0	RAP_Step2_HNHZ_window200kb.FarmCPUpeak_info	window200kb	LOC_Os07g08490			expressed protein	N	Y	Y	34	pipeline_score=29; farm_logP=11.31; max_variant=20; recommendation_score=34
QTL17	Chr7-4418395	11.31	*	LOC_Os07g08500	7:4389627-4391924	5	*	*	4.0	0.0	10.0	5.0	*	24.0	RAP_Step2_HNHZ_window200kb.FarmCPUpeak_info	window200kb	LOC_Os07g08500	OsMET1b|OsMet1-2	anther; endosperm; meristem; methyltransferase; panicle; root	C-5 cytosine-specific DNA methylase, putative, expressed	N	Y	Y	31	pipeline_score=24; farm_logP=11.31; max_variant=5; symbol=OsMET1b|OsMet1-2; keyword=anther; endosperm; meristem; methyltransferase; panicle; root; recommendation_score=31
QTL17	Chr7-4418395	11.31	*	LOC_Os07g08510	7:4396288-4397685	20	25	*	4.0	0.0	0.0	5.0	*	34.0	RAP_Step2_HNHZ_window200kb.FarmCPUpeak_info	window200kb	LOC_Os07g08510			expressed protein	N	Y	Y	39	pipeline_score=34; farm_logP=11.31; max_variant=25; recommendation_score=39
QTL17	Chr7-4418395	11.31	*	LOC_Os07g08520	7:4400490-4403136	20	10	25	4.0	0.0	0.0	0.0	*	29.0	RAP_Step2_HNHZ_window200kb.FarmCPUpeak_info	window200kb	LOC_Os07g08520			auxin response factor, putative, expressed	N	Y	Y	34	pipeline_score=29; farm_logP=11.31; max_variant=25; recommendation_score=34
QTL17	Chr7-4418395	11.31	*	LOC_Os07g08530	7:4403712-4405496	1	10	*	4.0	0.0	0.0	0.0	*	14.0	RAP_Step2_HNHZ_window200kb.FarmCPUpeak_info	window200kb	LOC_Os07g08530			auxin response factor, putative, expressed	N	Y	Y	17	pipeline_score=14; farm_logP=11.31; max_variant=10; recommendation_score=17
QTL17	Chr7-4418395	11.31	*	LOC_Os07g08540	7:4406706-4409901	20	25	*	4.0	0.0	0.0	0.0	*	29.0	RAP_Step2_HNHZ_window200kb.FarmCPUpeak_info	window200kb	LOC_Os07g08540			auxin response factor 20, putative, expressed	N	Y	Y	34	pipeline_score=29; farm_logP=11.31; max_variant=25; recommendation_score=34
QTL17	Chr7-4418395	11.31	*	LOC_Os07g08550	7:4411322-4411765	20	5	20	4.0	0.0	0.0	0.0	*	24.0	RAP_Step2_HNHZ_window200kb.FarmCPUpeak_info	window200kb	LOC_Os07g08550			expressed protein	N	Y	Y	29	pipeline_score=24; farm_logP=11.31; max_variant=20; recommendation_score=29
QTL17	Chr7-4418395	11.31	*	LOC_Os07g08570	7:4425618-4426792	20	5	25	4.0	5.0	0.0	0.0	*	34.0	RAP_Step2_HNHZ_window200kb.FarmCPUpeak_info	window200kb	LOC_Os07g08570			OsFBX218 - F-box domain containing protein, expressed	N	Y	Y	39	pipeline_score=34; farm_logP=11.31; max_variant=25; recommendation_score=39
QTL17	Chr7-4418395	11.31	*	LOC_Os07g08590	7:4430185-4430622	20	25	25	4.0	0.0	0.0	0.0	*	29.0	RAP_Step2_HNHZ_window200kb.FarmCPUpeak_info	window200kb	LOC_Os07g08590			expressed protein	N	Y	Y	34	pipeline_score=29; farm_logP=11.31; max_variant=25; recommendation_score=34
QTL17	Chr7-4418395	11.31	*	LOC_Os07g08600	7:4432593-4434430	20	*	*	4.0	0.0	0.0	5.0	*	29.0	RAP_Step2_HNHZ_window200kb.FarmCPUpeak_info	window200kb	LOC_Os07g08600			auxin response factor, putative, expressed	N	Y	Y	34	pipeline_score=29; farm_logP=11.31; max_variant=20; recommendation_score=34
QTL17	Chr7-4418395	11.31	*	LOC_Os07g08610	7:4434736-4437037	20	25	20	4.0	0.0	0.0	5.0	*	34.0	RAP_Step2_HNHZ_window200kb.FarmCPUpeak_info	window200kb	LOC_Os07g08610			retrotransposon protein, putative, unclassified, expressed	Y	Y	Y	39	pipeline_score=34; farm_logP=11.31; max_variant=25; recommendation_score=39
QTL17	Chr7-4418395	11.31	*	LOC_Os07g08620	7:4443134-4444158	20	25	0	4.0	0.0	0.0	0.0	*	29.0	RAP_Step2_HNHZ_window200kb.FarmCPUpeak_info	window200kb	LOC_Os07g08620			retrotransposon protein, putative, unclassified, expressed	Y	Y	Y	34	pipeline_score=29; farm_logP=11.31; max_variant=25; recommendation_score=34
QTL17	Chr7-4418395	11.31	*	LOC_Os07g08630	7:4445877-4449643	20	25	25	4.0	0.0	0.0	5.0	*	34.0	RAP_Step2_HNHZ_window200kb.FarmCPUpeak_info	window200kb	LOC_Os07g08630			retrotransposon protein, putative, unclassified, expressed	Y	Y	Y	39	pipeline_score=34; farm_logP=11.31; max_variant=25; recommendation_score=39
QTL17	Chr7-4418395	11.31	*	LOC_Os07g08640	7:4453601-4454599	15	5	*	4.0	0.0	0.0	5.0	*	24.0	RAP_Step2_HNHZ_window200kb.FarmCPUpeak_info	window200kb	LOC_Os07g08640			retrotransposon protein, putative, unclassified, expressed	Y	Y	Y	27	pipeline_score=24; farm_logP=11.31; max_variant=15; recommendation_score=27
QTL17	Chr7-4418395	11.31	*	LOC_Os07g08650	7:4457611-4459225	5	5	*	4.0	0.0	0.0	5.0	*	14.0	RAP_Step2_HNHZ_window200kb.FarmCPUpeak_info	window200kb	LOC_Os07g08650			expressed protein	N	Y	Y	14	pipeline_score=14; farm_logP=11.31; max_variant=5; recommendation_score=14
QTL17	Chr7-4418395	11.31	*	LOC_Os07g08660	7:4460536-4462630	5	10	*	4.0	0.0	0.0	10.0	*	24.0	RAP_Step2_HNHZ_window200kb.FarmCPUpeak_info	window200kb	LOC_Os07g08660			40S ribosomal protein S15, putative, expressed	N	Y	Y	27	pipeline_score=24; farm_logP=11.31; max_variant=10; recommendation_score=27
QTL17	Chr7-4418395	11.31	*	LOC_Os07g08669	7:4467341-4468947	5	25	20	4.0	0.0	0.0	15.0	*	44.0	RAP_Step2_HNHZ_window200kb.FarmCPUpeak_info	window200kb	LOC_Os07g08669			expressed protein	N	Y	Y	49	pipeline_score=44; farm_logP=11.31; max_variant=25; recommendation_score=49
QTL17	Chr7-4418395	11.31	*	LOC_Os07g08680	7:4471320-4473204	5	25	0	4.0	0.0	0.0	0.0	*	29.0	RAP_Step2_HNHZ_window200kb.FarmCPUpeak_info	window200kb	LOC_Os07g08680			expressed protein	N	Y	Y	34	pipeline_score=29; farm_logP=11.31; max_variant=25; recommendation_score=34
QTL17	Chr7-4418395	11.31	*	LOC_Os07g08690	7:4474179-4474493	25	*	0	4.0	0.0	0.0	0.0	*	29.0	RAP_Step2_HNHZ_window200kb.FarmCPUpeak_info	window200kb	LOC_Os07g08690			hypothetical protein	N	N	Y	34	pipeline_score=29; farm_logP=11.31; max_variant=25; recommendation_score=34
QTL17	Chr7-4418395	11.31	*	LOC_Os07g08700	7:4477647-4478018	20	5	*	4.0	0.0	0.0	5.0	*	29.0	RAP_Step2_HNHZ_window200kb.FarmCPUpeak_info	window200kb	LOC_Os07g08700			expressed protein	N	Y	Y	34	pipeline_score=29; farm_logP=11.31; max_variant=20; recommendation_score=34
QTL17	Chr7-4418395	11.31	*	LOC_Os07g08710	7:4483447-4484768	5	5	0	4.0	0.0	0.0	10.0	*	19.0	RAP_Step2_HNHZ_window200kb.FarmCPUpeak_info	window200kb	LOC_Os07g08710			AT hook-containing DNA-binding protein, putative, expressed	N	Y	Y	19	pipeline_score=19; farm_logP=11.31; max_variant=5; recommendation_score=19
QTL17	Chr7-4418395	11.31	*	Os07g0184850	7:4483879-4484607	5	5	*	4.0	0.0	0.0	5.0	*	14.0	RAP_Step2_HNHZ_window200kb.FarmCPUpeak_info	window200kb	Os07g0184850							14	pipeline_score=14; farm_logP=11.31; max_variant=5; recommendation_score=14
QTL17	Chr7-4418395	11.31	*	LOC_Os07g08729	7:4485206-4496251	5	5	*	4.0	0.0	0.0	10.0	*	19.0	RAP_Step2_HNHZ_window200kb.FarmCPUpeak_info	window200kb	LOC_Os07g08729	OsKu70	flower; growth; reproductive; sterile; vegetative	ATP-dependent DNA helicase 2 subunit 1, putative, expressed	Y	Y	Y	26	pipeline_score=19; farm_logP=11.31; max_variant=5; symbol=OsKu70; keyword=flower; growth; reproductive; sterile; vegetative; recommendation_score=26
QTL17	Chr7-4418395	11.31	*	Os07g0184950	7:4490835-4491612	5	*	*	4.0	0.0	0.0	10.0	*	19.0	RAP_Step2_HNHZ_window200kb.FarmCPUpeak_info	window200kb	Os07g0184950							19	pipeline_score=19; farm_logP=11.31; max_variant=5; recommendation_score=19
QTL17	Chr7-4418395	11.31	*	LOC_Os07g08750	7:4498924-4501918	5	5	*	4.0	0.0	17.0	10.0	*	36.0	RAP_Step2_HNHZ_window200kb.FarmCPUpeak_info	window200kb	LOC_Os07g08750			STE_PAK_Ste20_Slob_Wnk.1 - STE kinases include homologs to sterile 7, sterile 11 and sterile 20 from yeast, expressed	N	Y	Y	36	pipeline_score=36; farm_logP=11.31; max_variant=5; recommendation_score=36
QTL17	Chr7-4418395	11.31	*	Os07g0185100	7:4499384-4500796	5	5	*	4.0	0.0	0.0	5.0	*	14.0	RAP_Step2_HNHZ_window200kb.FarmCPUpeak_info	window200kb	Os07g0185100							14	pipeline_score=14; farm_logP=11.31; max_variant=5; recommendation_score=14
QTL17	Chr7-4418395	11.31	*	LOC_Os07g08760	7:4503369-4507785	5	10	*	4.0	0.0	0.0	10.0	*	24.0	RAP_Step2_HNHZ_window200kb.FarmCPUpeak_info	window200kb	LOC_Os07g08760			START domain containing protein, putative, expressed	N	Y	Y	27	pipeline_score=24; farm_logP=11.31; max_variant=10; recommendation_score=27
QTL17	Chr7-4418395	11.31	*	LOC_Os07g08770	7:4509152-4513785	5	5	*	4.0	0.0	0.0	15.0	*	24.0	RAP_Step2_HNHZ_window200kb.FarmCPUpeak_info	window200kb	LOC_Os07g08770			YGGT family protein, putative, expressed	N	Y	Y	24	pipeline_score=24; farm_logP=11.31; max_variant=5; recommendation_score=24
QTL17	Chr7-4418395	11.31	*	LOC_Os07g08780	7:4519405-4519683	5	5	25	4.0	0.0	0.0	0.0	*	29.0	RAP_Step2_HNHZ_window200kb.FarmCPUpeak_info	window200kb	LOC_Os07g08780			expressed protein	N	Y	Y	34	pipeline_score=29; farm_logP=11.31; max_variant=25; recommendation_score=34
QTL17	Chr7-4418395	11.31	*	LOC_Os07g08790	7:4530614-4536783	5	5	*	4.0	0.0	0.0	18.0	*	27.0	RAP_Step2_HNHZ_window200kb.FarmCPUpeak_info	window200kb	LOC_Os07g08790			targeting protein for Xklp2, putative, expressed	N	Y	Y	27	pipeline_score=27; farm_logP=11.31; max_variant=5; recommendation_score=27
QTL17	Chr7-4418395	11.31	*	LOC_Os07g08800	7:4540864-4541106	5	5	*	4.0	0.0	0.0	0.0	*	9.0	RAP_Step2_HNHZ_window200kb.FarmCPUpeak_info	window200kb	LOC_Os07g08800			expressed protein	N	Y	Y	9	pipeline_score=9; farm_logP=11.31; max_variant=5; recommendation_score=9
QTL17	Chr7-4418395	11.31	*	LOC_Os07g08810	7:4544912-4552953	20	10	*	4.0	0.0	17.0	18.0	*	59.0	RAP_Step2_HNHZ_window200kb.FarmCPUpeak_info	window200kb	LOC_Os07g08810			expressed protein	N	Y	Y	64	pipeline_score=59; farm_logP=11.31; max_variant=20; recommendation_score=64
QTL17	Chr7-4418395	11.31	*	LOC_Os07g08820	7:4557242-4559678	5	5	*	4.0	0.0	0.0	15.0	*	24.0	RAP_Step2_HNHZ_window200kb.FarmCPUpeak_info	window200kb	LOC_Os07g08820			C-Myc-binding protein, putative, expressed	N	Y	Y	24	pipeline_score=24; farm_logP=11.31; max_variant=5; recommendation_score=24
QTL17	Chr7-4418395	11.31	*	Os07g0185900	7:4567730-4568349	5	10	*	4.0	0.0	0.0	15.0	*	29.0	RAP_Step2_HNHZ_window200kb.FarmCPUpeak_info	window200kb	Os07g0185900							32	pipeline_score=29; farm_logP=11.31; max_variant=10; recommendation_score=32
QTL17	Chr7-4418395	11.31	*	LOC_Os07g08840	7:4574245-4576234	5	10	*	4.0	0.0	0.0	20.0	*	34.0	RAP_Step2_HNHZ_window200kb.FarmCPUpeak_info	window200kb	LOC_Os07g08840	OsTRXh1|OsTrx23	Pi; dwarf; growth; pi; salt; salt stress; seed; seed germination; seedling; tiller	thioredoxin, putative, expressed	N	Y	Y	44	pipeline_score=34; farm_logP=11.31; max_variant=10; symbol=OsTRXh1|OsTrx23; keyword=Pi; dwarf; growth; pi; salt; salt stress; seed; seed germination; seedling; tiller; recommendation_score=44
QTL17	Chr7-4418395	11.31	*	LOC_Os07g08850	7:4585208-4590666	20	5	*	4.0	0.0	0.0	5.0	*	29.0	RAP_Step2_HNHZ_window200kb.FarmCPUpeak_info	window200kb	LOC_Os07g08850			expressed protein	N	Y	Y	34	pipeline_score=29; farm_logP=11.31; max_variant=20; recommendation_score=34
QTL17	Chr7-4418395	11.31	*	Os07g0186150	7:4592997-4595609	20	*	*	4.0	0.0	0.0	5.0	*	29.0	RAP_Step2_HNHZ_window200kb.FarmCPUpeak_info	window200kb	Os07g0186150							34	pipeline_score=29; farm_logP=11.31; max_variant=20; recommendation_score=34
QTL17	Chr7-4418395	11.31	*	LOC_Os07g08860	7:4593094-4595607	20	25	10	4.0	0.0	0.0	5.0	*	34.0	RAP_Step2_HNHZ_window200kb.FarmCPUpeak_info	window200kb	LOC_Os07g08860	OsSIK2	abiotic stress; drought; growth; leaf; leaf development; salt; salt tolerance; seedling; senescence; sheath	S-domain receptor-like protein kinase, putative, expressed	N	Y	Y	46	pipeline_score=34; farm_logP=11.31; max_variant=25; symbol=OsSIK2; keyword=abiotic stress; drought; growth; leaf; leaf development; salt; salt tolerance; seedling; senescence; sheath; recommendation_score=46
QTL17	Chr7-4418395	11.31	*	LOC_Os07g08870	7:4596406-4597539	20	25	25	4.0	0.0	0.0	5.0	*	34.0	RAP_Step2_HNHZ_window200kb.FarmCPUpeak_info	window200kb	LOC_Os07g08870			expressed protein	N	Y	Y	39	pipeline_score=34; farm_logP=11.31; max_variant=25; recommendation_score=39
QTL17	Chr7-4418395	11.31	*	LOC_Os07g08880	7:4606679-4614599	5	10	*	4.0	0.0	17.0	15.0	*	46.0	RAP_Step2_HNHZ_window200kb.FarmCPUpeak_info	window200kb	LOC_Os07g08880			ES43 protein, putative, expressed	N	Y	Y	49	pipeline_score=46; farm_logP=11.31; max_variant=10; recommendation_score=49
QTL18	Chr7-9560156	19.70	*	LOC_Os07g16054	7:9359575-9362309	5	25	25	8.0	0.0	0.0	5.0	*	38.0	RAP_Step2_HNHZ_window200kb.FarmCPUpeak_info	window200kb	LOC_Os07g16054			hypothetical protein	Y	N	Y	48	pipeline_score=38; farm_logP=19.7; max_variant=25; supported_by_both_modes; recommendation_score=48
QTL18	Chr7-9560156	19.70	*	LOC_Os07g16070	7:9369131-9372169	25	5	25	8.0	0.0	0.0	0.0	*	33.0	RAP_Step2_HNHZ_window200kb.FarmCPUpeak_info	window200kb	LOC_Os07g16070			retrotransposon protein, putative, unclassified, expressed	Y	Y	Y	43	pipeline_score=33; farm_logP=19.7; max_variant=25; supported_by_both_modes; recommendation_score=43
QTL18	Chr7-9560156	19.70	*	LOC_Os07g16080	7:9372977-9373396	25	25	25	8.0	0.0	0.0	0.0	*	33.0	RAP_Step2_HNHZ_window200kb.FarmCPUpeak_info	window200kb	LOC_Os07g16080			retrotransposon protein, putative, unclassified, expressed	Y	Y	Y	43	pipeline_score=33; farm_logP=19.7; max_variant=25; supported_by_both_modes; recommendation_score=43
QTL18	Chr7-9560156	19.70	*	LOC_Os07g16090	7:9377082-9380417	25	25	25	8.0	0.0	0.0	0.0	*	33.0	RAP_Step2_HNHZ_window200kb.FarmCPUpeak_info	window200kb	LOC_Os07g16090			retrotransposon protein, putative, unclassified	Y	N	Y	43	pipeline_score=33; farm_logP=19.7; max_variant=25; supported_by_both_modes; recommendation_score=43
QTL18	Chr7-9560156	19.70	*	LOC_Os07g16100	7:9382192-9383662	25	25	25	8.0	0.0	0.0	0.0	*	33.0	RAP_Step2_HNHZ_window200kb.FarmCPUpeak_info	window200kb	LOC_Os07g16100			retrotransposon protein, putative, unclassified	Y	N	Y	43	pipeline_score=33; farm_logP=19.7; max_variant=25; supported_by_both_modes; recommendation_score=43
QTL18	Chr7-9560156	19.70	*	LOC_Os07g16110	7:9384661-9385564	25	5	0	8.0	0.0	0.0	0.0	*	33.0	RAP_Step2_HNHZ_window200kb.FarmCPUpeak_info	window200kb	LOC_Os07g16110			retrotransposon protein, putative, Ty3-gypsy subclass	Y	N	Y	43	pipeline_score=33; farm_logP=19.7; max_variant=25; supported_by_both_modes; recommendation_score=43
QTL18	Chr7-9560156	19.70	*	LOC_Os07g16120	7:9387308-9393007	25	25	25	8.0	0.0	0.0	0.0	*	33.0	RAP_Step2_HNHZ_window200kb.FarmCPUpeak_info	window200kb	LOC_Os07g16120			retrotransposon protein, putative, unclassified, expressed	Y	Y	Y	43	pipeline_score=33; farm_logP=19.7; max_variant=25; supported_by_both_modes; recommendation_score=43
QTL18	Chr7-9560156	19.70	*	LOC_Os07g16130	7:9395365-9397527	20	25	15	8.0	0.0	0.0	18.0	*	51.0	RAP_Step2_HNHZ_window200kb.FarmCPUpeak_info	window200kb	LOC_Os07g16130			acetyltransferase, GNAT family, putative, expressed	N	Y	Y	61	pipeline_score=51; farm_logP=19.7; max_variant=25; supported_by_both_modes; recommendation_score=61
QTL18	Chr7-9560156	19.70	*	LOC_Os07g16140	7:9399386-9403945	15	5	*	8.0	0.0	0.0	15.0	*	38.0	RAP_Step2_HNHZ_window200kb.FarmCPUpeak_info	window200kb	LOC_Os07g16140			FAD binding protein, putative, expressed	N	Y	Y	46	pipeline_score=38; farm_logP=19.7; max_variant=15; supported_by_both_modes; recommendation_score=46
QTL18	Chr7-9560156	19.70	*	LOC_Os07g16150	7:9405827-9407220	5	10	*	8.0	0.0	0.0	10.0	*	28.0	RAP_Step2_HNHZ_window200kb.FarmCPUpeak_info	window200kb	LOC_Os07g16150	UTR319	resistant; seed	expressed protein	N	Y	Y	38	pipeline_score=28; farm_logP=19.7; max_variant=10; symbol=UTR319; keyword=resistant; seed; recommendation_score=38
QTL18	Chr7-9560156	19.70	*	LOC_Os07g16160	7:9421409-9423299	25	25	*	8.0	0.0	0.0	0.0	*	33.0	RAP_Step2_HNHZ_window200kb.FarmCPUpeak_info	window200kb	LOC_Os07g16160			retrotransposon protein, putative, unclassified, expressed	Y	Y	Y	38	pipeline_score=33; farm_logP=19.7; max_variant=25; recommendation_score=38
QTL18	Chr7-9560156	19.70	*	LOC_Os07g16170	7:9425389-9426787	20	25	0	8.0	0.0	0.0	0.0	*	33.0	RAP_Step2_HNHZ_window200kb.FarmCPUpeak_info	window200kb	LOC_Os07g16170			retrotransposon protein, putative, unclassified, expressed	Y	Y	Y	38	pipeline_score=33; farm_logP=19.7; max_variant=25; recommendation_score=38
QTL18	Chr7-9560156	19.70	*	LOC_Os07g16180	7:9429733-9429972	20	25	*	8.0	0.0	0.0	0.0	*	33.0	RAP_Step2_HNHZ_window200kb.FarmCPUpeak_info	window200kb	LOC_Os07g16180			hypothetical protein	N	N	Y	38	pipeline_score=33; farm_logP=19.7; max_variant=25; recommendation_score=38
QTL18	Chr7-9560156	19.70	*	LOC_Os07g16190	7:9435104-9437855	25	5	25	8.0	0.0	0.0	0.0	*	33.0	RAP_Step2_HNHZ_window200kb.FarmCPUpeak_info	window200kb	LOC_Os07g16190			retrotransposon protein, putative, Ty1-copia subclass, expressed	Y	Y	Y	38	pipeline_score=33; farm_logP=19.7; max_variant=25; recommendation_score=38
QTL18	Chr7-9560156	19.70	*	LOC_Os07g16210	7:9454940-9456543	25	25	25	8.0	0.0	0.0	0.0	*	33.0	RAP_Step2_HNHZ_window200kb.FarmCPUpeak_info	window200kb	LOC_Os07g16210			expressed protein	N	Y	Y	38	pipeline_score=33; farm_logP=19.7; max_variant=25; recommendation_score=38
QTL18	Chr7-9560156	19.70	*	LOC_Os07g16224	7:9460476-9468108	5	*	0	8.0	0.0	0.0	15.0	*	28.0	RAP_Step2_HNHZ_window200kb.FarmCPUpeak_info	window200kb	LOC_Os07g16224			piwi domain containing protein, putative, expressed	N	Y	Y	28	pipeline_score=28; farm_logP=19.7; max_variant=5; recommendation_score=28
QTL18	Chr7-9560156	19.70	*	LOC_Os07g16240	7:9475195-9478926	25	25	*	8.0	0.0	0.0	5.0	*	38.0	RAP_Step2_HNHZ_window200kb.FarmCPUpeak_info	window200kb	LOC_Os07g16240			retrotransposon protein, putative, Ty3-gypsy subclass, expressed	Y	Y	Y	43	pipeline_score=38; farm_logP=19.7; max_variant=25; recommendation_score=43
QTL18	Chr7-9560156	19.70	*	LOC_Os07g16250	7:9486159-9486740	20	25	*	8.0	0.0	0.0	0.0	*	33.0	RAP_Step2_HNHZ_window200kb.FarmCPUpeak_info	window200kb	LOC_Os07g16250			retrotransposon protein, putative, unclassified	Y	N	Y	38	pipeline_score=33; farm_logP=19.7; max_variant=25; recommendation_score=38
QTL18	Chr7-9560156	19.70	*	LOC_Os07g16260	7:9490438-9490851	25	5	0	8.0	0.0	0.0	0.0	*	33.0	RAP_Step2_HNHZ_window200kb.FarmCPUpeak_info	window200kb	LOC_Os07g16260			expressed protein	N	Y	Y	38	pipeline_score=33; farm_logP=19.7; max_variant=25; recommendation_score=38
QTL18	Chr7-9560156	19.70	*	LOC_Os07g16270	7:9493577-9493960	20	25	*	8.0	0.0	0.0	0.0	*	33.0	RAP_Step2_HNHZ_window200kb.FarmCPUpeak_info	window200kb	LOC_Os07g16270			hypothetical protein	N	N	Y	38	pipeline_score=33; farm_logP=19.7; max_variant=25; recommendation_score=38
QTL18	Chr7-9560156	19.70	*	LOC_Os07g16280	7:9498273-9498868	25	25	20	8.0	0.0	0.0	0.0	*	33.0	RAP_Step2_HNHZ_window200kb.FarmCPUpeak_info	window200kb	LOC_Os07g16280			retrotransposon, putative, centromere-specific, expressed	Y	Y	Y	38	pipeline_score=33; farm_logP=19.7; max_variant=25; recommendation_score=38
QTL18	Chr7-9560156	19.70	*	LOC_Os07g16290	7:9508019-9510638	25	25	25	8.0	0.0	0.0	0.0	*	33.0	RAP_Step2_HNHZ_window200kb.FarmCPUpeak_info	window200kb	LOC_Os07g16290			retrotransposon protein, putative, unclassified	Y	N	Y	38	pipeline_score=33; farm_logP=19.7; max_variant=25; recommendation_score=38
QTL18	Chr7-9560156	19.70	*	LOC_Os07g16320	7:9531002-9531908	20	5	20	8.0	0.0	0.0	5.0	*	33.0	RAP_Step2_HNHZ_window200kb.FarmCPUpeak_info	window200kb	LOC_Os07g16320			retrotransposon protein, putative, unclassified, expressed	Y	Y	Y	38	pipeline_score=33; farm_logP=19.7; max_variant=20; recommendation_score=38
QTL18	Chr7-9560156	19.70	*	LOC_Os07g16330	7:9533784-9534851	25	25	*	8.0	0.0	0.0	0.0	*	33.0	RAP_Step2_HNHZ_window200kb.FarmCPUpeak_info	window200kb	LOC_Os07g16330			expressed protein	N	Y	Y	38	pipeline_score=33; farm_logP=19.7; max_variant=25; recommendation_score=38
QTL18	Chr7-9560156	19.70	*	Os07g0267200	7:9538087-9541917	20	25	10	8.0	0.0	0.0	5.0	*	38.0	RAP_Step2_HNHZ_window200kb.FarmCPUpeak_info	window200kb	Os07g0267200							43	pipeline_score=38; farm_logP=19.7; max_variant=25; recommendation_score=43
QTL18	Chr7-9560156	19.70	*	LOC_Os07g16350	7:9549237-9550798	25	25	*	8.0	0.0	0.0	0.0	*	33.0	RAP_Step2_HNHZ_window200kb.FarmCPUpeak_info	window200kb	LOC_Os07g16350			retrotransposon protein, putative, Ty3-gypsy subclass, expressed	Y	Y	Y	38	pipeline_score=33; farm_logP=19.7; max_variant=25; recommendation_score=38
QTL18	Chr7-9560156	19.70	*	LOC_Os07g16360	7:9557176-9561106	25	25	25	8.0	0.0	0.0	5.0	*	38.0	RAP_Step2_HNHZ_window200kb.FarmCPUpeak_info	window200kb	LOC_Os07g16360			retrotransposon protein, putative, unclassified, expressed	Y	Y	Y	43	pipeline_score=38; farm_logP=19.7; max_variant=25; recommendation_score=43
QTL18	Chr7-9560156	19.70	*	LOC_Os07g16364	7:9564925-9566195	20	25	25	8.0	0.0	0.0	18.0	*	51.0	RAP_Step2_HNHZ_window200kb.FarmCPUpeak_info	window200kb	LOC_Os07g16364			expressed protein	N	Y	Y	56	pipeline_score=51; farm_logP=19.7; max_variant=25; recommendation_score=56
QTL18	Chr7-9560156	19.70	*	Os07g0267400	7:9568413-9573289	25	5	*	8.0	0.0	0.0	5.0	*	38.0	RAP_Step2_HNHZ_window200kb.FarmCPUpeak_info	window200kb	Os07g0267400							43	pipeline_score=38; farm_logP=19.7; max_variant=25; recommendation_score=43
QTL18	Chr7-9560156	19.70	*	LOC_Os07g16380	7:9574142-9574561	25	5	*	8.0	0.0	0.0	0.0	*	33.0	RAP_Step2_HNHZ_window200kb.FarmCPUpeak_info	window200kb	LOC_Os07g16380			expressed protein	N	Y	Y	38	pipeline_score=33; farm_logP=19.7; max_variant=25; recommendation_score=38
QTL18	Chr7-9560156	19.70	*	LOC_Os07g16400	7:9589514-9601357	25	25	25	8.0	0.0	0.0	5.0	*	38.0	RAP_Step2_HNHZ_window200kb.FarmCPUpeak_info	window200kb	LOC_Os07g16400			retrotransposon protein, putative, Ty3-gypsy subclass, expressed	Y	Y	Y	43	pipeline_score=38; farm_logP=19.7; max_variant=25; recommendation_score=43
QTL18	Chr7-9560156	19.70	*	LOC_Os07g16410	7:9613923-9615720	20	5	20	8.0	0.0	0.0	0.0	*	28.0	RAP_Step2_HNHZ_window200kb.FarmCPUpeak_info	window200kb	LOC_Os07g16410			transposon protein, putative, unclassified	Y	N	Y	33	pipeline_score=28; farm_logP=19.7; max_variant=20; recommendation_score=33
QTL18	Chr7-9560156	19.70	*	LOC_Os07g16420	7:9616846-9622214	25	25	0	8.0	0.0	0.0	22.0	*	55.0	RAP_Step2_HNHZ_window200kb.FarmCPUpeak_info	window200kb	LOC_Os07g16420			OsFBX232 - F-box domain containing protein, expressed	N	Y	Y	60	pipeline_score=55; farm_logP=19.7; max_variant=25; recommendation_score=60
QTL18	Chr7-9560156	19.70	*	LOC_Os07g16430	7:9624333-9627290	15	25	*	8.0	0.0	0.0	0.0	*	33.0	RAP_Step2_HNHZ_window200kb.FarmCPUpeak_info	window200kb	LOC_Os07g16430			retrotransposon protein, putative, unclassified, expressed	Y	Y	Y	38	pipeline_score=33; farm_logP=19.7; max_variant=25; recommendation_score=38
QTL18	Chr7-9560156	19.70	*	LOC_Os07g16440	7:9630552-9632014	5	5	*	8.0	0.0	0.0	0.0	*	13.0	RAP_Step2_HNHZ_window200kb.FarmCPUpeak_info	window200kb	LOC_Os07g16440			retrotransposon protein, putative, unclassified, expressed	Y	Y	Y	13	pipeline_score=13; farm_logP=19.7; max_variant=5; recommendation_score=13
QTL18	Chr7-9560156	19.70	*	LOC_Os07g16450	7:9633299-9636588	20	25	*	8.0	0.0	0.0	0.0	*	33.0	RAP_Step2_HNHZ_window200kb.FarmCPUpeak_info	window200kb	LOC_Os07g16450			transposon protein, putative, unclassified	Y	N	Y	38	pipeline_score=33; farm_logP=19.7; max_variant=25; recommendation_score=38
QTL18	Chr7-9560156	19.70	*	LOC_Os07g16460	7:9641773-9646091	25	25	*	8.0	0.0	0.0	0.0	*	33.0	RAP_Step2_HNHZ_window200kb.FarmCPUpeak_info	window200kb	LOC_Os07g16460			retrotransposon protein, putative, Ty3-gypsy subclass, expressed	Y	Y	Y	38	pipeline_score=33; farm_logP=19.7; max_variant=25; recommendation_score=38
QTL18	Chr7-9560156	19.70	*	LOC_Os07g16470	7:9647134-9649480	25	25	*	8.0	0.0	0.0	0.0	*	33.0	RAP_Step2_HNHZ_window200kb.FarmCPUpeak_info	window200kb	LOC_Os07g16470			transposon protein, putative, unclassified	Y	N	Y	38	pipeline_score=33; farm_logP=19.7; max_variant=25; recommendation_score=38
QTL18	Chr7-9560156	19.70	*	LOC_Os07g16480	7:9656601-9662787	25	25	*	8.0	0.0	0.0	5.0	*	38.0	RAP_Step2_HNHZ_window200kb.FarmCPUpeak_info	window200kb	LOC_Os07g16480			retrotransposon protein, putative, Ty3-gypsy subclass, expressed	Y	Y	Y	43	pipeline_score=38; farm_logP=19.7; max_variant=25; recommendation_score=43
QTL18	Chr7-9560156	19.70	*	LOC_Os07g16490	7:9662994-9665918	25	25	*	8.0	0.0	0.0	5.0	*	38.0	RAP_Step2_HNHZ_window200kb.FarmCPUpeak_info	window200kb	LOC_Os07g16490			retrotransposon protein, putative, Ty3-gypsy subclass, expressed	Y	Y	Y	43	pipeline_score=38; farm_logP=19.7; max_variant=25; recommendation_score=43
QTL18	Chr7-9560156	19.70	*	LOC_Os07g16500	7:9673264-9675831	25	25	*	8.0	0.0	0.0	0.0	*	33.0	RAP_Step2_HNHZ_window200kb.FarmCPUpeak_info	window200kb	LOC_Os07g16500			retrotransposon, putative, centromere-specific	Y	N	Y	38	pipeline_score=33; farm_logP=19.7; max_variant=25; recommendation_score=38
QTL18	Chr7-9560156	19.70	*	LOC_Os07g16510	7:9676125-9678041	25	5	*	8.0	0.0	0.0	0.0	*	33.0	RAP_Step2_HNHZ_window200kb.FarmCPUpeak_info	window200kb	LOC_Os07g16510			retrotransposon, putative, centromere-specific, expressed	Y	Y	Y	38	pipeline_score=33; farm_logP=19.7; max_variant=25; recommendation_score=38
QTL18	Chr7-9560156	19.70	*	LOC_Os07g16520	7:9683141-9687142	25	25	*	8.0	0.0	0.0	0.0	*	33.0	RAP_Step2_HNHZ_window200kb.FarmCPUpeak_info	window200kb	LOC_Os07g16520			retrotransposon protein, putative, Ty3-gypsy subclass, expressed	Y	Y	Y	38	pipeline_score=33; farm_logP=19.7; max_variant=25; recommendation_score=38
QTL18	Chr7-9560156	19.70	*	LOC_Os07g16530	7:9690583-9694759	20	10	*	8.0	0.0	0.0	0.0	*	28.0	RAP_Step2_HNHZ_window200kb.FarmCPUpeak_info	window200kb	LOC_Os07g16530			retrotransposon protein, putative, unclassified, expressed	Y	Y	Y	33	pipeline_score=28; farm_logP=19.7; max_variant=20; recommendation_score=33
QTL18	Chr7-9560156	19.70	*	LOC_Os07g16540	7:9701974-9703279	25	25	5	8.0	0.0	0.0	0.0	*	33.0	RAP_Step2_HNHZ_window200kb.FarmCPUpeak_info	window200kb	LOC_Os07g16540			retrotransposon protein, putative, Ty3-gypsy subclass, expressed	Y	Y	Y	38	pipeline_score=33; farm_logP=19.7; max_variant=25; recommendation_score=38
QTL18	Chr7-9560156	19.70	*	LOC_Os07g16550	7:9706453-9707494	20	25	*	8.0	0.0	0.0	0.0	*	33.0	RAP_Step2_HNHZ_window200kb.FarmCPUpeak_info	window200kb	LOC_Os07g16550			transposon protein, putative, unclassified	Y	N	Y	38	pipeline_score=33; farm_logP=19.7; max_variant=25; recommendation_score=38
QTL18	Chr7-9560156	19.70	*	LOC_Os07g16560	7:9709845-9716419	25	25	*	8.0	0.0	0.0	5.0	*	38.0	RAP_Step2_HNHZ_window200kb.FarmCPUpeak_info	window200kb	LOC_Os07g16560			retrotransposon protein, putative, Ty3-gypsy subclass, expressed	Y	Y	Y	43	pipeline_score=38; farm_logP=19.7; max_variant=25; recommendation_score=43
QTL18	Chr7-9560156	19.70	*	LOC_Os07g16570	7:9717443-9720628	25	25	25	8.0	0.0	0.0	0.0	*	33.0	RAP_Step2_HNHZ_window200kb.FarmCPUpeak_info	window200kb	LOC_Os07g16570			retrotransposon protein, putative, Ty3-gypsy subclass, expressed	Y	Y	Y	38	pipeline_score=33; farm_logP=19.7; max_variant=25; recommendation_score=38
QTL18	Chr7-9560156	19.70	*	LOC_Os07g16580	7:9720894-9722818	25	25	*	8.0	0.0	0.0	0.0	*	33.0	RAP_Step2_HNHZ_window200kb.FarmCPUpeak_info	window200kb	LOC_Os07g16580			retrotransposon protein, putative, Ty3-gypsy subclass	Y	N	Y	38	pipeline_score=33; farm_logP=19.7; max_variant=25; recommendation_score=38
QTL18	Chr7-9560156	19.70	*	LOC_Os07g16590	7:9730089-9735414	25	25	*	8.0	0.0	0.0	5.0	*	38.0	RAP_Step2_HNHZ_window200kb.FarmCPUpeak_info	window200kb	LOC_Os07g16590			retrotransposon protein, putative, Ty3-gypsy subclass, expressed	Y	Y	Y	43	pipeline_score=38; farm_logP=19.7; max_variant=25; recommendation_score=43
QTL18	Chr7-9560156	19.70	*	Os07g0268400	7:9738258-9740472	25	*	*	8.0	0.0	0.0	18.0	*	51.0	RAP_Step2_HNHZ_window200kb.FarmCPUpeak_info	window200kb	Os07g0268400							56	pipeline_score=51; farm_logP=19.7; max_variant=25; recommendation_score=56
QTL18	Chr7-9560156	19.70	*	LOC_Os07g16600	7:9738287-9740798	25	10	*	8.0	0.0	0.0	22.0	*	55.0	RAP_Step2_HNHZ_window200kb.FarmCPUpeak_info	window200kb	LOC_Os07g16600			expressed protein	N	Y	Y	60	pipeline_score=55; farm_logP=19.7; max_variant=25; recommendation_score=60
QTL18	Chr7-9560156	19.70	*	LOC_Os07g16610	7:9743507-9748626	25	25	*	8.0	0.0	0.0	5.0	*	38.0	RAP_Step2_HNHZ_window200kb.FarmCPUpeak_info	window200kb	LOC_Os07g16610			retrotransposon protein, putative, Ty1-copia subclass, expressed	Y	Y	Y	43	pipeline_score=38; farm_logP=19.7; max_variant=25; recommendation_score=43
QTL18	Chr7-9560156	19.70	*	LOC_Os07g16620	7:9750351-9753666	25	25	*	8.0	0.0	0.0	5.0	*	38.0	RAP_Step2_HNHZ_window200kb.FarmCPUpeak_info	window200kb	LOC_Os07g16620			retrotransposon protein, putative, Ty1-copia subclass, expressed	Y	Y	Y	43	pipeline_score=38; farm_logP=19.7; max_variant=25; recommendation_score=43
QTL18	Chr7-9560156	19.70	*	LOC_Os07g16630	7:9759496-9765785	25	25	*	8.0	0.0	0.0	5.0	*	38.0	RAP_Step2_HNHZ_window200kb.FarmCPUpeak_info	window200kb	LOC_Os07g16630			retrotransposon protein, putative, Ty3-gypsy subclass, expressed	Y	Y	Y	43	pipeline_score=38; farm_logP=19.7; max_variant=25; recommendation_score=43
QTL19	Chr7-12138868	8.92	*	LOC_Os07g20670	7:11937214-11948837	25	25	25	2.0	0.0	0.0	5.0	*	32.0	RAP_Step2_HNHZ_window200kb.FarmCPUpeak_info	window200kb	LOC_Os07g20670			retrotransposon protein, putative, Ty3-gypsy subclass, expressed	Y	Y	Y	37	pipeline_score=32; farm_logP=8.92; max_variant=25; recommendation_score=37
QTL19	Chr7-12138868	8.92	*	LOC_Os07g20680	7:11949584-11954241	20	25	25	2.0	0.0	0.0	5.0	*	32.0	RAP_Step2_HNHZ_window200kb.FarmCPUpeak_info	window200kb	LOC_Os07g20680			retrotransposon protein, putative, Ty3-gypsy subclass, expressed	Y	Y	Y	37	pipeline_score=32; farm_logP=8.92; max_variant=25; recommendation_score=37
QTL19	Chr7-12138868	8.92	*	LOC_Os07g20690	7:11956099-11959023	20	25	0	2.0	0.0	0.0	5.0	*	32.0	RAP_Step2_HNHZ_window200kb.FarmCPUpeak_info	window200kb	LOC_Os07g20690			retrotransposon protein, putative, unclassified, expressed	Y	Y	Y	37	pipeline_score=32; farm_logP=8.92; max_variant=25; recommendation_score=37
QTL19	Chr7-12138868	8.92	*	LOC_Os07g20700	7:11968883-11969180	20	*	*	2.0	0.0	0.0	0.0	*	22.0	RAP_Step2_HNHZ_window200kb.FarmCPUpeak_info	window200kb	LOC_Os07g20700			retrotransposon protein, putative, unclassified	Y	N	Y	27	pipeline_score=22; farm_logP=8.92; max_variant=20; recommendation_score=27
QTL19	Chr7-12138868	8.92	*	LOC_Os07g20710	7:11971568-11974396	25	25	*	2.0	0.0	0.0	0.0	*	27.0	RAP_Step2_HNHZ_window200kb.FarmCPUpeak_info	window200kb	LOC_Os07g20710			retrotransposon protein, putative, unclassified, expressed	Y	Y	Y	32	pipeline_score=27; farm_logP=8.92; max_variant=25; recommendation_score=32
QTL19	Chr7-12138868	8.92	*	LOC_Os07g20720	7:11974845-11989982	25	25	*	2.0	0.0	0.0	0.0	*	27.0	RAP_Step2_HNHZ_window200kb.FarmCPUpeak_info	window200kb	LOC_Os07g20720			retrotransposon protein, putative, Ty3-gypsy subclass, expressed	Y	Y	Y	32	pipeline_score=27; farm_logP=8.92; max_variant=25; recommendation_score=32
QTL19	Chr7-12138868	8.92	*	LOC_Os07g20730	7:11991457-11998599	25	25	*	2.0	0.0	0.0	10.0	*	37.0	RAP_Step2_HNHZ_window200kb.FarmCPUpeak_info	window200kb	LOC_Os07g20730			retrotransposon protein, putative, unclassified, expressed	Y	Y	Y	42	pipeline_score=37; farm_logP=8.92; max_variant=25; recommendation_score=42
QTL19	Chr7-12138868	8.92	*	LOC_Os07g20740	7:12004193-12005442	20	5	*	2.0	0.0	0.0	0.0	*	22.0	RAP_Step2_HNHZ_window200kb.FarmCPUpeak_info	window200kb	LOC_Os07g20740			retrotransposon protein, putative, unclassified	Y	N	Y	27	pipeline_score=22; farm_logP=8.92; max_variant=20; recommendation_score=27
QTL19	Chr7-12138868	8.92	*	LOC_Os07g20750	7:12006250-12008365	20	5	*	2.0	0.0	0.0	0.0	*	22.0	RAP_Step2_HNHZ_window200kb.FarmCPUpeak_info	window200kb	LOC_Os07g20750			retrotransposon, putative, centromere-specific	Y	N	Y	27	pipeline_score=22; farm_logP=8.92; max_variant=20; recommendation_score=27
QTL19	Chr7-12138868	8.92	*	LOC_Os07g20770	7:12016056-12018006	25	25	*	2.0	0.0	0.0	0.0	*	27.0	RAP_Step2_HNHZ_window200kb.FarmCPUpeak_info	window200kb	LOC_Os07g20770			retrotransposon protein, putative, unclassified	Y	N	Y	32	pipeline_score=27; farm_logP=8.92; max_variant=25; recommendation_score=32
QTL19	Chr7-12138868	8.92	*	LOC_Os07g20780	7:12019421-12023336	25	25	20	2.0	0.0	0.0	0.0	*	27.0	RAP_Step2_HNHZ_window200kb.FarmCPUpeak_info	window200kb	LOC_Os07g20780			retrotransposon protein, putative, unclassified	Y	N	Y	32	pipeline_score=27; farm_logP=8.92; max_variant=25; recommendation_score=32
QTL19	Chr7-12138868	8.92	*	LOC_Os07g20790	7:12028700-12029256	25	5	*	2.0	0.0	0.0	0.0	*	27.0	RAP_Step2_HNHZ_window200kb.FarmCPUpeak_info	window200kb	LOC_Os07g20790			retrotransposon protein, putative, unclassified, expressed	Y	Y	Y	32	pipeline_score=27; farm_logP=8.92; max_variant=25; recommendation_score=32
QTL19	Chr7-12138868	8.92	*	LOC_Os07g20800	7:12031996-12032468	*	5	*	2.0	0.0	0.0	0.0	*	7.0	RAP_Step2_HNHZ_window200kb.FarmCPUpeak_info	window200kb	LOC_Os07g20800			retrotransposon protein, putative, unclassified	Y	N	Y	7	pipeline_score=7; farm_logP=8.92; max_variant=5; recommendation_score=7
QTL19	Chr7-12138868	8.92	*	LOC_Os07g20810	7:12035014-12038749	25	25	*	2.0	0.0	0.0	0.0	*	27.0	RAP_Step2_HNHZ_window200kb.FarmCPUpeak_info	window200kb	LOC_Os07g20810			retrotransposon protein, putative, Ty3-gypsy subclass, expressed	Y	Y	Y	32	pipeline_score=27; farm_logP=8.92; max_variant=25; recommendation_score=32
QTL19	Chr7-12138868	8.92	*	LOC_Os07g20820	7:12044127-12044612	20	25	*	2.0	0.0	0.0	0.0	*	27.0	RAP_Step2_HNHZ_window200kb.FarmCPUpeak_info	window200kb	LOC_Os07g20820			retrotransposon, putative, centromere-specific	Y	N	Y	32	pipeline_score=27; farm_logP=8.92; max_variant=25; recommendation_score=32
QTL19	Chr7-12138868	8.92	*	LOC_Os07g20830	7:12047365-12050799	25	25	*	2.0	0.0	0.0	5.0	*	32.0	RAP_Step2_HNHZ_window200kb.FarmCPUpeak_info	window200kb	LOC_Os07g20830			retrotransposon, putative, centromere-specific, expressed	Y	Y	Y	37	pipeline_score=32; farm_logP=8.92; max_variant=25; recommendation_score=37
QTL19	Chr7-12138868	8.92	*	LOC_Os07g20840	7:12053980-12055707	5	5	*	2.0	0.0	0.0	0.0	*	7.0	RAP_Step2_HNHZ_window200kb.FarmCPUpeak_info	window200kb	LOC_Os07g20840			retrotransposon, putative, centromere-specific, expressed	Y	Y	Y	7	pipeline_score=7; farm_logP=8.92; max_variant=5; recommendation_score=7
QTL19	Chr7-12138868	8.92	*	LOC_Os07g20850	7:12061197-12063255	20	10	*	2.0	0.0	0.0	0.0	*	22.0	RAP_Step2_HNHZ_window200kb.FarmCPUpeak_info	window200kb	LOC_Os07g20850			retrotransposon protein, putative, Ty3-gypsy subclass, expressed	Y	Y	Y	27	pipeline_score=22; farm_logP=8.92; max_variant=20; recommendation_score=27
QTL19	Chr7-12138868	8.92	*	LOC_Os07g20860	7:12064089-12067178	20	*	*	2.0	0.0	0.0	0.0	*	22.0	RAP_Step2_HNHZ_window200kb.FarmCPUpeak_info	window200kb	LOC_Os07g20860			retrotransposon protein, putative, Ty3-gypsy subclass, expressed	Y	Y	Y	27	pipeline_score=22; farm_logP=8.92; max_variant=20; recommendation_score=27
QTL19	Chr7-12138868	8.92	*	LOC_Os07g20870	7:12073222-12073868	*	*	*	2.0	0.0	0.0	0.0	*	2.0	RAP_Step2_HNHZ_window200kb.FarmCPUpeak_info	window200kb	LOC_Os07g20870			retrotransposon protein, putative, Ty3-gypsy subclass	Y	N	Y	2	pipeline_score=2; farm_logP=8.92; recommendation_score=2
QTL19	Chr7-12138868	8.92	*	LOC_Os07g20880	7:12075482-12082709	*	*	*	2.0	0.0	0.0	5.0	*	7.0	RAP_Step2_HNHZ_window200kb.FarmCPUpeak_info	window200kb	LOC_Os07g20880			retrotransposon protein, putative, unclassified, expressed	Y	Y	Y	7	pipeline_score=7; farm_logP=8.92; recommendation_score=7
QTL19	Chr7-12138868	8.92	*	LOC_Os07g20890	7:12084446-12090840	1	25	*	2.0	0.0	0.0	20.0	5	52.0	RAP_Step2_HNHZ_window200kb.FarmCPUpeak_info	window200kb	LOC_Os07g20890			retrotransposon protein, putative, unclassified	Y	N	Y	60	pipeline_score=52; farm_logP=8.92; max_variant=25; match=5; recommendation_score=60
QTL19	Chr7-12138868	8.92	*	LOC_Os07g20900	7:12095492-12095887	5	*	*	2.0	0.0	0.0	0.0	*	7.0	RAP_Step2_HNHZ_window200kb.FarmCPUpeak_info	window200kb	LOC_Os07g20900			retrotransposon protein, putative, unclassified, expressed	Y	Y	Y	7	pipeline_score=7; farm_logP=8.92; max_variant=5; recommendation_score=7
QTL19	Chr7-12138868	8.92	*	LOC_Os07g20910	7:12097523-12101743	25	25	*	2.0	0.0	0.0	0.0	*	27.0	RAP_Step2_HNHZ_window200kb.FarmCPUpeak_info	window200kb	LOC_Os07g20910			retrotransposon protein, putative, unclassified, expressed	Y	Y	Y	32	pipeline_score=27; farm_logP=8.92; max_variant=25; recommendation_score=32
QTL19	Chr7-12138868	8.92	*	LOC_Os07g20920	7:12105903-12106457	5	5	*	2.0	0.0	0.0	0.0	*	7.0	RAP_Step2_HNHZ_window200kb.FarmCPUpeak_info	window200kb	LOC_Os07g20920			expressed protein	N	Y	Y	7	pipeline_score=7; farm_logP=8.92; max_variant=5; recommendation_score=7
QTL19	Chr7-12138868	8.92	*	LOC_Os07g20930	7:12109414-12110064	25	5	*	2.0	0.0	0.0	0.0	*	27.0	RAP_Step2_HNHZ_window200kb.FarmCPUpeak_info	window200kb	LOC_Os07g20930			retrotransposon protein, putative, unclassified	Y	N	Y	32	pipeline_score=27; farm_logP=8.92; max_variant=25; recommendation_score=32
QTL19	Chr7-12138868	8.92	*	LOC_Os07g20940	7:12111551-12113672	25	5	*	2.0	0.0	0.0	0.0	*	27.0	RAP_Step2_HNHZ_window200kb.FarmCPUpeak_info	window200kb	LOC_Os07g20940			retrotransposon protein, putative, unclassified, expressed	Y	Y	Y	32	pipeline_score=27; farm_logP=8.92; max_variant=25; recommendation_score=32
QTL19	Chr7-12138868	8.92	*	LOC_Os07g20950	7:12117778-12118533	25	5	*	2.0	0.0	0.0	0.0	*	27.0	RAP_Step2_HNHZ_window200kb.FarmCPUpeak_info	window200kb	LOC_Os07g20950			retrotransposon protein, putative, Ty3-gypsy subclass	Y	N	Y	32	pipeline_score=27; farm_logP=8.92; max_variant=25; recommendation_score=32
QTL19	Chr7-12138868	8.92	*	LOC_Os07g21950	7:12272445-12274849	25	25	15	2.0	0.0	0.0	5.0	*	32.0	RAP_Step2_HNHZ_window200kb.FarmCPUpeak_info	window200kb	LOC_Os07g21950			retrotransposon protein, putative, unclassified, expressed	Y	Y	Y	37	pipeline_score=32; farm_logP=8.92; max_variant=25; recommendation_score=37
QTL19	Chr7-12138868	8.92	*	LOC_Os07g21960	7:12282882-12284696	20	25	5	2.0	0.0	0.0	0.0	*	27.0	RAP_Step2_HNHZ_window200kb.FarmCPUpeak_info	window200kb	LOC_Os07g21960			expressed protein	N	Y	Y	32	pipeline_score=27; farm_logP=8.92; max_variant=25; recommendation_score=32
QTL19	Chr7-12138868	8.92	*	LOC_Os07g21970	7:12290015-12291329	25	5	*	2.0	0.0	0.0	0.0	*	27.0	RAP_Step2_HNHZ_window200kb.FarmCPUpeak_info	window200kb	LOC_Os07g21970			retrotransposon protein, putative, unclassified, expressed	Y	Y	Y	32	pipeline_score=27; farm_logP=8.92; max_variant=25; recommendation_score=32
QTL19	Chr7-12138868	8.92	*	LOC_Os07g21980	7:12292185-12295853	25	5	*	2.0	0.0	0.0	0.0	*	27.0	RAP_Step2_HNHZ_window200kb.FarmCPUpeak_info	window200kb	LOC_Os07g21980			retrotransposon protein, putative, unclassified, expressed	Y	Y	Y	32	pipeline_score=27; farm_logP=8.92; max_variant=25; recommendation_score=32
QTL19	Chr7-12138868	8.92	*	LOC_Os07g21990	7:12298646-12301100	25	25	25	2.0	0.0	0.0	0.0	*	27.0	RAP_Step2_HNHZ_window200kb.FarmCPUpeak_info	window200kb	LOC_Os07g21990			retrotransposon protein, putative, unclassified, expressed	Y	Y	Y	37	pipeline_score=27; farm_logP=8.92; max_variant=25; supported_by_both_modes; recommendation_score=37
QTL19	Chr7-12138868	8.92	*	LOC_Os07g22000	7:12302233-12310912	25	25	25	2.0	0.0	0.0	5.0	*	32.0	RAP_Step2_HNHZ_window200kb.FarmCPUpeak_info	window200kb	LOC_Os07g22000			retrotransposon protein, putative, unclassified, expressed	Y	Y	Y	42	pipeline_score=32; farm_logP=8.92; max_variant=25; supported_by_both_modes; recommendation_score=42
QTL19	Chr7-12138868	8.92	*	LOC_Os07g22024	7:12313493-12325679	20	25	*	2.0	0.0	0.0	10.0	*	37.0	RAP_Step2_HNHZ_window200kb.FarmCPUpeak_info	window200kb	LOC_Os07g22024			zinc finger family protein, putative, expressed	N	Y	Y	47	pipeline_score=37; farm_logP=8.92; max_variant=25; supported_by_both_modes; recommendation_score=47
QTL19	Chr7-12138868	8.92	*	LOC_Os07g22050	7:12326529-12328702	20	25	*	2.0	0.0	0.0	0.0	*	27.0	RAP_Step2_HNHZ_window200kb.FarmCPUpeak_info	window200kb	LOC_Os07g22050			retrotransposon, putative, centromere-specific	Y	N	Y	37	pipeline_score=27; farm_logP=8.92; max_variant=25; supported_by_both_modes; recommendation_score=37
QTL19	Chr7-12138868	8.92	*	LOC_Os07g22060	7:12330664-12334562	25	25	25	2.0	0.0	0.0	5.0	*	32.0	RAP_Step2_HNHZ_window200kb.FarmCPUpeak_info	window200kb	LOC_Os07g22060			retrotransposon protein, putative, Ty3-gypsy subclass, expressed	Y	Y	Y	42	pipeline_score=32; farm_logP=8.92; max_variant=25; supported_by_both_modes; recommendation_score=42
QTL19	Chr7-12138868	8.92	*	LOC_Os07g22070	7:12335683-12338751	25	25	*	2.0	0.0	0.0	5.0	*	32.0	RAP_Step2_HNHZ_window200kb.FarmCPUpeak_info	window200kb	LOC_Os07g22070			retrotransposon protein, putative, Ty3-gypsy subclass, expressed	Y	Y	Y	42	pipeline_score=32; farm_logP=8.92; max_variant=25; supported_by_both_modes; recommendation_score=42
QTL20	Chr7-29372047	11.20	*	LOC_Os07g48710	7:29171072-29172231	5	10	*	4.0	5.0	0.0	15.0	*	34.0	RAP_Step2_HNHZ_window200kb.FarmCPUpeak_info	window200kb	LOC_Os07g48710			VQ domain containing protein, putative, expressed	N	Y	Y	37	pipeline_score=34; farm_logP=11.2; max_variant=10; recommendation_score=37
QTL20	Chr7-29372047	11.20	*	LOC_Os07g48720	7:29173992-29178470	20	10	*	4.0	0.0	0.0	10.0	*	34.0	RAP_Step2_HNHZ_window200kb.FarmCPUpeak_info	window200kb	LOC_Os07g48720			MAG2, putative, expressed	N	Y	Y	39	pipeline_score=34; farm_logP=11.2; max_variant=20; recommendation_score=39
QTL20	Chr7-29372047	11.20	*	LOC_Os07g48730	7:29179661-29181610	5	10	*	4.0	0.0	0.0	15.0	*	29.0	RAP_Step2_HNHZ_window200kb.FarmCPUpeak_info	window200kb	LOC_Os07g48730	OsRLCK241	development; drought; drought stress; drought tolerance; growth; osmotic stress; salt; stress; tolerance	tyrosine protein kinase domain containing protein, putative, expressed	N	Y	Y	39	pipeline_score=29; farm_logP=11.2; max_variant=10; symbol=OsRLCK241; keyword=development; drought; drought stress; drought tolerance; growth; osmotic stress; salt; stress; tolerance; recommendation_score=39
QTL20	Chr7-29372047	11.20	*	Os07g0686825	7:29180821-29181216	5	10	*	4.0	0.0	0.0	5.0	*	19.0	RAP_Step2_HNHZ_window200kb.FarmCPUpeak_info	window200kb	Os07g0686825							22	pipeline_score=19; farm_logP=11.2; max_variant=10; recommendation_score=22
QTL20	Chr7-29372047	11.20	*	LOC_Os07g48750	7:29182947-29188670	20	10	*	4.0	0.0	0.0	5.0	*	29.0	RAP_Step2_HNHZ_window200kb.FarmCPUpeak_info	window200kb	LOC_Os07g48750	OsARAF1	cell wall	alpha-N-arabinofuranosidase, putative, expressed	N	Y	Y	41	pipeline_score=29; farm_logP=11.2; max_variant=20; symbol=OsARAF1; keyword=cell wall; recommendation_score=41
QTL20	Chr7-29372047	11.20	*	Os07g0686950	7:29187826-29188369	5	5	*	4.0	0.0	0.0	5.0	*	14.0	RAP_Step2_HNHZ_window200kb.FarmCPUpeak_info	window200kb	Os07g0686950							14	pipeline_score=14; farm_logP=11.2; max_variant=5; recommendation_score=14
QTL20	Chr7-29372047	11.20	*	LOC_Os07g48760	7:29190282-29194556	5	5	*	4.0	0.0	0.0	10.0	*	19.0	RAP_Step2_HNHZ_window200kb.FarmCPUpeak_info	window200kb	LOC_Os07g48760			CAMK_KIN1/SNF1/Nim1_like.32 - CAMK includes calcium/calmodulin depedent protein kinases, expressed	N	Y	Y	19	pipeline_score=19; farm_logP=11.2; max_variant=5; recommendation_score=19
QTL20	Chr7-29372047	11.20	*	LOC_Os07g48770	7:29195071-29197465	20	5	*	4.0	0.0	0.0	10.0	*	34.0	RAP_Step2_HNHZ_window200kb.FarmCPUpeak_info	window200kb	LOC_Os07g48770			serine hydrolase domain containing protein, expressed	N	Y	Y	39	pipeline_score=34; farm_logP=11.2; max_variant=20; recommendation_score=39
QTL20	Chr7-29372047	11.20	*	LOC_Os07g48780	7:29197727-29200392	5	5	5	4.0	0.0	0.0	15.0	*	24.0	RAP_Step2_HNHZ_window200kb.FarmCPUpeak_info	window200kb	LOC_Os07g48780			OsCam1-2 - Calmodulin, expressed	N	Y	Y	29	pipeline_score=24; farm_logP=11.2; max_variant=5; supported_by_both_modes; recommendation_score=29
QTL20	Chr7-29372047	11.20	*	LOC_Os07g48790	7:29201996-29204556	10	5	5	4.0	0.0	0.0	5.0	*	19.0	RAP_Step2_HNHZ_window200kb.FarmCPUpeak_info	window200kb	LOC_Os07g48790			SNF1-related protein kinase regulatory subunit beta-1, putative, expressed	N	Y	Y	27	pipeline_score=19; farm_logP=11.2; max_variant=10; supported_by_both_modes; recommendation_score=27
QTL20	Chr7-29372047	11.20	*	LOC_Os07g48800	7:29206933-29207571	5	5	*	4.0	0.0	0.0	20.0	*	29.0	RAP_Step2_HNHZ_window200kb.FarmCPUpeak_info	window200kb	LOC_Os07g48800			VQ domain containing protein, putative, expressed	N	Y	Y	34	pipeline_score=29; farm_logP=11.2; max_variant=5; supported_by_both_modes; recommendation_score=34
QTL20	Chr7-29372047	11.20	*	LOC_Os07g48810	7:29209556-29212778	1	5	0	4.0	0.0	0.0	18.0	*	27.0	RAP_Step2_HNHZ_window200kb.FarmCPUpeak_info	window200kb	LOC_Os07g48810			parvulin-type peptidyl prolyl cis/trans isomerase, putative, expressed	N	Y	Y	32	pipeline_score=27; farm_logP=11.2; max_variant=5; supported_by_both_modes; recommendation_score=32
QTL20	Chr7-29372047	11.20	*	LOC_Os07g48820	7:29213423-29217411	15	10	5	4.0	0.0	0.0	18.0	*	37.0	RAP_Step2_HNHZ_window200kb.FarmCPUpeak_info	window200kb	LOC_Os07g48820			transcription factor, putative, expressed	N	Y	Y	45	pipeline_score=37; farm_logP=11.2; max_variant=15; supported_by_both_modes; recommendation_score=45
QTL20	Chr7-29372047	11.20	*	LOC_Os07g48830	7:29220283-29221843	20	10	0	4.0	5.0	0.0	10.0	*	39.0	RAP_Step2_HNHZ_window200kb.FarmCPUpeak_info	window200kb	LOC_Os07g48830			glycosyl transferase 8 domain containing protein, putative, expressed	N	Y	Y	49	pipeline_score=39; farm_logP=11.2; max_variant=20; supported_by_both_modes; recommendation_score=49
QTL20	Chr7-29372047	11.20	*	LOC_Os07g48840	7:29225276-29228504	5	5	5	4.0	0.0	0.0	15.0	*	24.0	RAP_Step2_HNHZ_window200kb.FarmCPUpeak_info	window200kb	LOC_Os07g48840			Ser/Thr protein phosphatase family protein, putative, expressed	N	Y	Y	29	pipeline_score=24; farm_logP=11.2; max_variant=5; supported_by_both_modes; recommendation_score=29
QTL20	Chr7-29372047	11.20	*	LOC_Os07g48850	7:29227754-29232888	5	10	*	4.0	0.0	0.0	10.0	*	24.0	RAP_Step2_HNHZ_window200kb.FarmCPUpeak_info	window200kb	LOC_Os07g48850	FLO18	R protein; development; endosperm; endosperm development; map-based cloning	PPR repeat containing protein, expressed	N	Y	Y	39	pipeline_score=24; farm_logP=11.2; max_variant=10; supported_by_both_modes; symbol=FLO18; keyword=R protein; development; endosperm; endosperm development; map-based cloning; recommendation_score=39
QTL20	Chr7-29372047	11.20	*	LOC_Os07g48870	7:29242088-29243628	20	10	*	4.0	0.0	0.0	18.0	*	42.0	RAP_Step2_HNHZ_window200kb.FarmCPUpeak_info	window200kb	LOC_Os07g48870			MYB family transcription factor, putative, expressed	N	Y	Y	52	pipeline_score=42; farm_logP=11.2; max_variant=20; supported_by_both_modes; recommendation_score=52
QTL20	Chr7-29372047	11.20	*	LOC_Os07g48880	7:29247384-29251970	20	5	0	4.0	0.0	0.0	15.0	*	39.0	RAP_Step2_HNHZ_window200kb.FarmCPUpeak_info	window200kb	LOC_Os07g48880			importin subunit alpha-1b, putative, expressed	N	Y	Y	49	pipeline_score=39; farm_logP=11.2; max_variant=20; supported_by_both_modes; recommendation_score=49
QTL20	Chr7-29372047	11.20	*	LOC_Os07g48890	7:29254446-29259937	5	10	10	4.0	0.0	0.0	10.0	*	24.0	RAP_Step2_HNHZ_window200kb.FarmCPUpeak_info	window200kb	LOC_Os07g48890			expressed protein	N	Y	Y	32	pipeline_score=24; farm_logP=11.2; max_variant=10; supported_by_both_modes; recommendation_score=32
QTL20	Chr7-29372047	11.20	*	LOC_Os07g48900	7:29261210-29261983	20	10	5	4.0	0.0	0.0	5.0	*	29.0	RAP_Step2_HNHZ_window200kb.FarmCPUpeak_info	window200kb	LOC_Os07g48900			expressed protein	N	Y	Y	39	pipeline_score=29; farm_logP=11.2; max_variant=20; supported_by_both_modes; recommendation_score=39
QTL20	Chr7-29372047	11.20	*	LOC_Os07g48910	7:29268217-29269921	18	25	10	4.0	5.0	0.0	5.0	*	39.0	RAP_Step2_HNHZ_window200kb.FarmCPUpeak_info	window200kb	LOC_Os07g48910			retrotransposon protein, putative, unclassified, expressed	Y	Y	Y	49	pipeline_score=39; farm_logP=11.2; max_variant=25; supported_by_both_modes; recommendation_score=49
QTL20	Chr7-29372047	11.20	*	LOC_Os07g48920	7:29271520-29277745	5	5	*	4.0	0.0	0.0	10.0	*	19.0	RAP_Step2_HNHZ_window200kb.FarmCPUpeak_info	window200kb	LOC_Os07g48920	OsALDH22	abiotic stress; salinity; seedling	aldehyde dehydrogenase, putative, expressed	N	Y	Y	31	pipeline_score=19; farm_logP=11.2; max_variant=5; supported_by_both_modes; symbol=OsALDH22; keyword=abiotic stress; salinity; seedling; recommendation_score=31
QTL20	Chr7-29372047	11.20	*	LOC_Os07g48930	7:29278344-29278964	20	5	*	4.0	0.0	0.0	0.0	*	24.0	RAP_Step2_HNHZ_window200kb.FarmCPUpeak_info	window200kb	LOC_Os07g48930			expressed protein	N	Y	Y	34	pipeline_score=24; farm_logP=11.2; max_variant=20; supported_by_both_modes; recommendation_score=34
QTL20	Chr7-29372047	11.20	*	LOC_Os07g48940	7:29280094-29282008	25	25	10	4.0	0.0	0.0	0.0	*	29.0	RAP_Step2_HNHZ_window200kb.FarmCPUpeak_info	window200kb	LOC_Os07g48940			OsFBDUF39 - F-box and DUF domain containing protein, expressed	N	Y	Y	39	pipeline_score=29; farm_logP=11.2; max_variant=25; supported_by_both_modes; recommendation_score=39
QTL20	Chr7-29372047	11.20	*	LOC_Os07g48950	7:29289228-29291615	20	5	25	4.0	0.0	0.0	5.0	*	34.0	RAP_Step2_HNHZ_window200kb.FarmCPUpeak_info	window200kb	LOC_Os07g48950			aldehyde dehydrogenase 22A1 precursor, putative, expressed	N	Y	Y	44	pipeline_score=34; farm_logP=11.2; max_variant=25; supported_by_both_modes; recommendation_score=44
QTL20	Chr7-29372047	11.20	*	LOC_Os07g48960	7:29292308-29302842	15	10	*	4.0	0.0	0.0	15.0	*	34.0	RAP_Step2_HNHZ_window200kb.FarmCPUpeak_info	window200kb	LOC_Os07g48960			OsLonP3 - Putative Lon protease homologue, expressed	N	Y	Y	42	pipeline_score=34; farm_logP=11.2; max_variant=15; supported_by_both_modes; recommendation_score=42
QTL20	Chr7-29372047	11.20	*	LOC_Os07g48970	7:29303615-29309383	20	25	*	4.0	0.0	0.0	15.0	*	44.0	RAP_Step2_HNHZ_window200kb.FarmCPUpeak_info	window200kb	LOC_Os07g48970			OsPOP17 - Putative Prolyl Oligopeptidase homologue, expressed	N	Y	Y	54	pipeline_score=44; farm_logP=11.2; max_variant=25; supported_by_both_modes; recommendation_score=54
QTL20	Chr7-29372047	11.20	*	LOC_Os07g48980	7:29323094-29324723	5	10	*	4.0	5.0	0.0	5.0	*	24.0	RAP_Step2_HNHZ_window200kb.FarmCPUpeak_info	window200kb	LOC_Os07g48980	OsNAS3	Fe; iron; root; seed; shoot; tolerance; transcription factor; zinc	nicotianamine synthase, putative, expressed	N	Y	Y	39	pipeline_score=24; farm_logP=11.2; max_variant=10; supported_by_both_modes; symbol=OsNAS3; keyword=Fe; iron; root; seed; shoot; tolerance; transcription factor; zinc; recommendation_score=39
QTL20	Chr7-29372047	11.20	*	LOC_Os07g49000	7:29338447-29341163	20	10	*	4.0	0.0	0.0	5.0	*	29.0	RAP_Step2_HNHZ_window200kb.FarmCPUpeak_info	window200kb	LOC_Os07g49000			DNAJ heat shock N-terminal domain-containing protein, putative, expressed	N	Y	Y	39	pipeline_score=29; farm_logP=11.2; max_variant=20; supported_by_both_modes; recommendation_score=39
QTL20	Chr7-29372047	11.20	*	LOC_Os07g49010	7:29342988-29350836	25	10	5	4.0	0.0	0.0	15.0	*	44.0	RAP_Step2_HNHZ_window200kb.FarmCPUpeak_info	window200kb	LOC_Os07g49010			TOPBP1B - Similar to DNA replication protein TOPBP1 from, expressed	N	Y	Y	54	pipeline_score=44; farm_logP=11.2; max_variant=25; supported_by_both_modes; recommendation_score=54
QTL20	Chr7-29372047	11.20	*	LOC_Os07g49020	7:29351649-29351915	*	5	*	4.0	0.0	0.0	10.0	*	19.0	RAP_Step2_HNHZ_window200kb.FarmCPUpeak_info	window200kb	LOC_Os07g49020			expressed protein	N	Y	Y	24	pipeline_score=19; farm_logP=11.2; max_variant=5; supported_by_both_modes; recommendation_score=24
QTL20	Chr7-29372047	11.20	*	LOC_Os07g49030	7:29353044-29357315	5	10	10	4.0	0.0	0.0	15.0	*	29.0	RAP_Step2_HNHZ_window200kb.FarmCPUpeak_info	window200kb	LOC_Os07g49030			PHD-finger family protein, expressed	N	Y	Y	37	pipeline_score=29; farm_logP=11.2; max_variant=10; supported_by_both_modes; recommendation_score=37
QTL20	Chr7-29372047	11.20	*	LOC_Os07g49040	7:29363652-29370482	20	25	25	4.0	0.0	0.0	10.0	*	39.0	RAP_Step2_HNHZ_window200kb.FarmCPUpeak_info	window200kb	LOC_Os07g49040			protein phosphotase protein, putative, expressed	N	Y	Y	49	pipeline_score=39; farm_logP=11.2; max_variant=25; supported_by_both_modes; recommendation_score=49
QTL20	Chr7-29372047	11.20	*	LOC_Os07g49050	7:29370547-29371698	5	5	*	4.0	0.0	0.0	0.0	*	9.0	RAP_Step2_HNHZ_window200kb.FarmCPUpeak_info	window200kb	LOC_Os07g49050			expressed protein	N	Y	Y	14	pipeline_score=9; farm_logP=11.2; max_variant=5; supported_by_both_modes; recommendation_score=14
QTL20	Chr7-29372047	11.20	*	LOC_Os07g49060	7:29372719-29373099	25	25	*	4.0	0.0	0.0	0.0	*	29.0	RAP_Step2_HNHZ_window200kb.FarmCPUpeak_info	window200kb	LOC_Os07g49060			retrotransposon protein, putative, unclassified	Y	N	Y	39	pipeline_score=29; farm_logP=11.2; max_variant=25; supported_by_both_modes; recommendation_score=39
QTL20	Chr7-29372047	11.20	*	LOC_Os07g49070	7:29376261-29380972	25	10	25	4.0	0.0	0.0	5.0	*	34.0	RAP_Step2_HNHZ_window200kb.FarmCPUpeak_info	window200kb	LOC_Os07g49070			expressed protein	N	Y	Y	44	pipeline_score=34; farm_logP=11.2; max_variant=25; supported_by_both_modes; recommendation_score=44
QTL20	Chr7-29372047	11.20	*	LOC_Os07g49080	7:29382724-29385096	5	10	10	4.0	0.0	0.0	20.0	*	34.0	RAP_Step2_HNHZ_window200kb.FarmCPUpeak_info	window200kb	LOC_Os07g49080	OsBC1L8	cell division; development; plasma membrane; stomata; stomatal; stomatal development	COBRA-like protein 7 precursor, putative, expressed	N	Y	Y	49	pipeline_score=34; farm_logP=11.2; max_variant=10; supported_by_both_modes; symbol=OsBC1L8; keyword=cell division; development; plasma membrane; stomata; stomatal; stomatal development; recommendation_score=49
QTL20	Chr7-29372047	11.20	*	LOC_Os07g49090	7:29385690-29386604	20	25	0	4.0	0.0	0.0	18.0	*	47.0	RAP_Step2_HNHZ_window200kb.FarmCPUpeak_info	window200kb	LOC_Os07g49090			WD-40 repeat family protein, putative, expressed	N	Y	Y	57	pipeline_score=47; farm_logP=11.2; max_variant=25; supported_by_both_modes; recommendation_score=57
QTL20	Chr7-29372047	11.20	*	LOC_Os07g49100	7:29388041-29390114	1	5	15	4.0	5.0	0.0	15.0	*	39.0	RAP_Step2_HNHZ_window200kb.FarmCPUpeak_info	window200kb	LOC_Os07g49100			pectinesterase, putative, expressed	N	Y	Y	47	pipeline_score=39; farm_logP=11.2; max_variant=15; supported_by_both_modes; recommendation_score=47
QTL20	Chr7-29372047	11.20	*	LOC_Os07g49110	7:29392447-29401913	5	10	0	4.0	0.0	0.0	15.0	*	29.0	RAP_Step2_HNHZ_window200kb.FarmCPUpeak_info	window200kb	LOC_Os07g49110			D-alanine--D-alanine ligase family, putative, expressed	N	Y	Y	37	pipeline_score=29; farm_logP=11.2; max_variant=10; supported_by_both_modes; recommendation_score=37
QTL20	Chr7-29372047	11.20	*	LOC_Os07g49114	7:29404417-29405293	5	10	10	4.0	0.0	0.0	18.0	*	32.0	RAP_Step2_HNHZ_window200kb.FarmCPUpeak_info	window200kb	LOC_Os07g49114			wound-induced protein WI12, putative, expressed	N	Y	Y	40	pipeline_score=32; farm_logP=11.2; max_variant=10; supported_by_both_modes; recommendation_score=40
QTL20	Chr7-29372047	11.20	*	LOC_Os07g49120	7:29417888-29419191	5	10	10	4.0	5.0	0.0	5.0	*	24.0	RAP_Step2_HNHZ_window200kb.FarmCPUpeak_info	window200kb	LOC_Os07g49120			sex determination protein tasselseed-2, putative, expressed	N	Y	Y	32	pipeline_score=24; farm_logP=11.2; max_variant=10; supported_by_both_modes; recommendation_score=32
QTL20	Chr7-29372047	11.20	*	LOC_Os07g49130	7:29428422-29428769	25	5	*	4.0	0.0	0.0	0.0	*	29.0	RAP_Step2_HNHZ_window200kb.FarmCPUpeak_info	window200kb	LOC_Os07g49130			expressed protein	Y	Y	Y	39	pipeline_score=29; farm_logP=11.2; max_variant=25; supported_by_both_modes; recommendation_score=39
QTL20	Chr7-29372047	11.20	*	LOC_Os07g49140	7:29431042-29435262	20	10	15	4.0	0.0	0.0	5.0	*	29.0	RAP_Step2_HNHZ_window200kb.FarmCPUpeak_info	window200kb	LOC_Os07g49140			expressed protein	N	Y	Y	39	pipeline_score=29; farm_logP=11.2; max_variant=20; supported_by_both_modes; recommendation_score=39
QTL20	Chr7-29372047	11.20	*	LOC_Os07g49150	7:29435670-29440132	5	10	*	4.0	0.0	0.0	15.0	*	29.0	RAP_Step2_HNHZ_window200kb.FarmCPUpeak_info	window200kb	LOC_Os07g49150			26S protease regulatory subunit 4, putative, expressed	N	Y	Y	37	pipeline_score=29; farm_logP=11.2; max_variant=10; supported_by_both_modes; recommendation_score=37
QTL20	Chr7-29372047	11.20	*	Os07g0692001	7:29436069-29440059	5	5	*	4.0	0.0	0.0	10.0	*	19.0	RAP_Step2_HNHZ_window200kb.FarmCPUpeak_info	window200kb	Os07g0692001							24	pipeline_score=19; farm_logP=11.2; max_variant=5; supported_by_both_modes; recommendation_score=24
QTL20	Chr7-29372047	11.20	*	LOC_Os07g49160	7:29441237-29444125	25	25	25	4.0	0.0	0.0	5.0	*	34.0	RAP_Step2_HNHZ_window200kb.FarmCPUpeak_info	window200kb	LOC_Os07g49160			retrotransposon protein, putative, unclassified, expressed	Y	Y	Y	44	pipeline_score=34; farm_logP=11.2; max_variant=25; supported_by_both_modes; recommendation_score=44
QTL20	Chr7-29372047	11.20	*	LOC_Os07g49170	7:29447470-29450227	25	25	20	4.0	0.0	0.0	0.0	*	29.0	RAP_Step2_HNHZ_window200kb.FarmCPUpeak_info	window200kb	LOC_Os07g49170			retrotransposon protein, putative, unclassified, expressed	Y	Y	Y	39	pipeline_score=29; farm_logP=11.2; max_variant=25; supported_by_both_modes; recommendation_score=39
QTL20	Chr7-29372047	11.20	*	LOC_Os07g49180	7:29450855-29453709	20	25	25	4.0	0.0	0.0	5.0	*	34.0	RAP_Step2_HNHZ_window200kb.FarmCPUpeak_info	window200kb	LOC_Os07g49180			retrotransposon protein, putative, unclassified, expressed	Y	Y	Y	44	pipeline_score=34; farm_logP=11.2; max_variant=25; supported_by_both_modes; recommendation_score=44
QTL20	Chr7-29372047	11.20	*	LOC_Os07g49190	7:29455479-29455874	25	25	5	4.0	0.0	0.0	0.0	*	29.0	RAP_Step2_HNHZ_window200kb.FarmCPUpeak_info	window200kb	LOC_Os07g49190			retrotransposon protein, putative, unclassified	Y	N	Y	39	pipeline_score=29; farm_logP=11.2; max_variant=25; supported_by_both_modes; recommendation_score=39
QTL20	Chr7-29372047	11.20	*	LOC_Os07g49200	7:29458303-29459301	5	10	*	4.0	0.0	0.0	5.0	*	19.0	RAP_Step2_HNHZ_window200kb.FarmCPUpeak_info	window200kb	LOC_Os07g49200			membrane associated DUF588 domain containing protein, putative, expressed	N	Y	Y	27	pipeline_score=19; farm_logP=11.2; max_variant=10; supported_by_both_modes; recommendation_score=27
QTL20	Chr7-29372047	11.20	*	Os07g0692300	7:29461048-29461775	15	10	*	4.0	0.0	0.0	10.0	*	29.0	RAP_Step2_HNHZ_window200kb.FarmCPUpeak_info	window200kb	Os07g0692300							37	pipeline_score=29; farm_logP=11.2; max_variant=15; supported_by_both_modes; recommendation_score=37
QTL20	Chr7-29372047	11.20	*	LOC_Os07g49210	7:29465173-29475499	15	5	25	4.0	0.0	0.0	5.0	*	34.0	RAP_Step2_HNHZ_window200kb.FarmCPUpeak_info	window200kb	LOC_Os07g49210	CLSY1	anaerobic condition; anoxia; flooded environment; plant height	helicase conserved C-terminal domain containing protein, expressed	Y	Y	Y	51	pipeline_score=34; farm_logP=11.2; max_variant=25; supported_by_both_modes; symbol=CLSY1; keyword=anaerobic condition; anoxia; flooded environment; plant height; recommendation_score=51
QTL20	Chr7-29372047	11.20	*	LOC_Os07g49220	7:29476238-29478532	20	5	*	4.0	0.0	0.0	5.0	*	29.0	RAP_Step2_HNHZ_window200kb.FarmCPUpeak_info	window200kb	LOC_Os07g49220			expressed protein	N	Y	Y	39	pipeline_score=29; farm_logP=11.2; max_variant=20; supported_by_both_modes; recommendation_score=39
QTL20	Chr7-29372047	11.20	*	LOC_Os07g49230	7:29478758-29483659	20	5	*	4.0	0.0	0.0	10.0	*	34.0	RAP_Step2_HNHZ_window200kb.FarmCPUpeak_info	window200kb	LOC_Os07g49230			ubiquitin-activating enzyme, putative, expressed	N	Y	Y	44	pipeline_score=34; farm_logP=11.2; max_variant=20; supported_by_both_modes; recommendation_score=44
QTL20	Chr7-29372047	11.20	*	Os07g0692950	7:29479183-29483437	20	10	*	4.0	0.0	0.0	5.0	*	29.0	RAP_Step2_HNHZ_window200kb.FarmCPUpeak_info	window200kb	Os07g0692950							39	pipeline_score=29; farm_logP=11.2; max_variant=20; supported_by_both_modes; recommendation_score=39
QTL20	Chr7-29372047	11.20	*	LOC_Os07g49240	7:29484521-29487438	5	10	0	4.0	0.0	0.0	5.0	*	19.0	RAP_Step2_HNHZ_window200kb.FarmCPUpeak_info	window200kb	LOC_Os07g49240			MRH1, putative, expressed	N	Y	Y	27	pipeline_score=19; farm_logP=11.2; max_variant=10; supported_by_both_modes; recommendation_score=27
QTL20	Chr7-29372047	11.20	*	LOC_Os07g49250	7:29490011-29492173	15	5	20	4.0	0.0	0.0	5.0	*	29.0	RAP_Step2_HNHZ_window200kb.FarmCPUpeak_info	window200kb	LOC_Os07g49250			thiamine pyrophosphate enzyme, C-terminal TPP binding domain containing protein, expressed	N	Y	Y	39	pipeline_score=29; farm_logP=11.2; max_variant=20; supported_by_both_modes; recommendation_score=39
QTL20	Chr7-29372047	11.20	*	LOC_Os07g49260	7:29495914-29504033	5	10	10	4.0	0.0	0.0	15.0	*	29.0	RAP_Step2_HNHZ_window200kb.FarmCPUpeak_info	window200kb	LOC_Os07g49260			importin subunit beta, putative, expressed	N	Y	Y	37	pipeline_score=29; farm_logP=11.2; max_variant=10; supported_by_both_modes; recommendation_score=37
QTL20	Chr7-29372047	11.20	*	Os07g0693450	7:29504279-29504701	*	25	*	4.0	0.0	0.0	5.0	*	34.0	RAP_Step2_HNHZ_window200kb.FarmCPUpeak_info	window200kb	Os07g0693450							44	pipeline_score=34; farm_logP=11.2; max_variant=25; supported_by_both_modes; recommendation_score=44
QTL20	Chr7-29372047	11.20	*	LOC_Os07g49270	7:29505007-29513207	5	10	*	4.0	0.0	0.0	15.0	*	29.0	RAP_Step2_HNHZ_window200kb.FarmCPUpeak_info	window200kb	LOC_Os07g49270			AMP deaminase, putative, expressed	N	Y	Y	37	pipeline_score=29; farm_logP=11.2; max_variant=10; supported_by_both_modes; recommendation_score=37
QTL20	Chr7-29372047	11.20	*	LOC_Os07g49280	7:29511567-29516375	20	25	5	4.0	0.0	0.0	15.0	*	44.0	RAP_Step2_HNHZ_window200kb.FarmCPUpeak_info	window200kb	LOC_Os07g49280			PMR5, putative, expressed	N	Y	Y	54	pipeline_score=44; farm_logP=11.2; max_variant=25; supported_by_both_modes; recommendation_score=54
QTL20	Chr7-29372047	11.20	*	LOC_Os07g49290	7:29519451-29522145	20	10	25	4.0	0.0	0.0	5.0	*	34.0	RAP_Step2_HNHZ_window200kb.FarmCPUpeak_info	window200kb	LOC_Os07g49290			PHD finger family protein, putative, expressed	N	Y	Y	44	pipeline_score=34; farm_logP=11.2; max_variant=25; supported_by_both_modes; recommendation_score=44
QTL20	Chr7-29372047	11.20	*	LOC_Os07g49300	7:29522442-29530773	20	10	*	4.0	0.0	0.0	18.0	*	42.0	RAP_Step2_HNHZ_window200kb.FarmCPUpeak_info	window200kb	LOC_Os07g49300			expressed protein	N	Y	Y	52	pipeline_score=42; farm_logP=11.2; max_variant=20; supported_by_both_modes; recommendation_score=52
QTL20	Chr7-29372047	11.20	*	LOC_Os07g49310	7:29531227-29534135	5	10	0	4.0	0.0	0.0	20.0	*	34.0	RAP_Step2_HNHZ_window200kb.FarmCPUpeak_info	window200kb	LOC_Os07g49310	OsFAD8	chloroplast; cold stress; root; stress; temperature	omega-3 fatty acid desaturase, chloroplast precursor, putative, expressed	N	Y	Y	49	pipeline_score=34; farm_logP=11.2; max_variant=10; supported_by_both_modes; symbol=OsFAD8; keyword=chloroplast; cold stress; root; stress; temperature; recommendation_score=49
QTL20	Chr7-29372047	11.20	*	LOC_Os07g49320	7:29534469-29545698	5	10	*	4.0	0.0	10.0	15.0	*	39.0	RAP_Step2_HNHZ_window200kb.FarmCPUpeak_info	window200kb	LOC_Os07g49320			HEAT repeat family protein, putative, expressed	N	Y	Y	47	pipeline_score=39; farm_logP=11.2; max_variant=10; supported_by_both_modes; recommendation_score=47
QTL20	Chr7-29372047	11.20	*	LOC_Os07g49330	7:29545825-29548981	5	10	10	4.0	0.0	0.0	18.0	*	32.0	RAP_Step2_HNHZ_window200kb.FarmCPUpeak_info	window200kb	LOC_Os07g49330	OsPLC1	cell expansion; cytoplasm; flowering; flowering time; grain; grain quality; grain size; grain yield; plasma membrane; quality; salt; salt stress; stress; yield	phospholipase C, putative, expressed	N	Y	Y	47	pipeline_score=32; farm_logP=11.2; max_variant=10; supported_by_both_modes; symbol=OsPLC1; keyword=cell expansion; cytoplasm; flowering; flowering time; grain; grain quality; grain size; grain yield; plasma membrane; quality; salt; salt stress; stress; yield; recommendation_score=47
QTL20	Chr7-29372047	11.20	*	Os07g0694050	7:29546098-29546614	5	5	*	4.0	0.0	0.0	10.0	*	19.0	RAP_Step2_HNHZ_window200kb.FarmCPUpeak_info	window200kb	Os07g0694050							24	pipeline_score=19; farm_logP=11.2; max_variant=5; supported_by_both_modes; recommendation_score=24
QTL20	Chr7-29372047	11.20	*	LOC_Os07g49340	7:29552910-29555642	25	25	5	4.0	0.0	0.0	5.0	*	34.0	RAP_Step2_HNHZ_window200kb.FarmCPUpeak_info	window200kb	LOC_Os07g49340			transposon protein, putative, Mariner sub-class, expressed	Y	Y	Y	44	pipeline_score=34; farm_logP=11.2; max_variant=25; supported_by_both_modes; recommendation_score=44
QTL20	Chr7-29372047	11.20	*	LOC_Os07g49350	7:29556018-29558039	20	25	15	4.0	0.0	0.0	5.0	*	34.0	RAP_Step2_HNHZ_window200kb.FarmCPUpeak_info	window200kb	LOC_Os07g49350			expressed protein	N	Y	Y	44	pipeline_score=34; farm_logP=11.2; max_variant=25; supported_by_both_modes; recommendation_score=44
QTL20	Chr7-29372047	11.20	*	LOC_Os07g49360	7:29561180-29562535	5	10	5	4.0	5.0	0.0	10.0	*	29.0	RAP_Step2_HNHZ_window200kb.FarmCPUpeak_info	window200kb	LOC_Os07g49360			peroxidase precursor, putative, expressed	N	Y	Y	37	pipeline_score=29; farm_logP=11.2; max_variant=10; supported_by_both_modes; recommendation_score=37
QTL20	Chr7-29372047	11.20	*	Os07g0694325	7:29561868-29562402	5	5	5	4.0	0.0	0.0	5.0	*	14.0	RAP_Step2_HNHZ_window200kb.FarmCPUpeak_info	window200kb	Os07g0694325							19	pipeline_score=14; farm_logP=11.2; max_variant=5; supported_by_both_modes; recommendation_score=19
QTL20	Chr7-29372047	11.20	*	LOC_Os07g49370	7:29565824-29571714	5	10	10	4.0	0.0	0.0	5.0	*	19.0	RAP_Step2_HNHZ_window200kb.FarmCPUpeak_info	window200kb	LOC_Os07g49370	OsIRX9	cell wall; stem	glycosyltransferase family 43 protein, putative, expressed	N	Y	Y	34	pipeline_score=19; farm_logP=11.2; max_variant=10; supported_by_both_modes; symbol=OsIRX9; keyword=cell wall; stem; recommendation_score=34
QTL21	Chr8-4204526	121.32	Chr8-4248980-17.618265674308677	LOC_Os08g07160	8:4005416-4005688	20	25	25	17.0	0.0	0.0	0.0	*	42.0	RAP_Step2_HNHZ_window200kb.FarmCPUpeak_info	window200kb	LOC_Os08g07160			expressed protein	N	Y	Y	47	pipeline_score=42; farm_logP=121.32; max_variant=25; recommendation_score=47
QTL21	Chr8-4204526	121.32	Chr8-4248980-17.618265674308677	LOC_Os08g07170	8:4011371-4013275	20	5	20	17.0	5.0	0.0	0.0	*	42.0	RAP_Step2_HNHZ_window200kb.FarmCPUpeak_info	window200kb	LOC_Os08g07170			cytokinin-O-glucosyltransferase 2, putative, expressed	N	Y	Y	47	pipeline_score=42; farm_logP=121.32; max_variant=20; recommendation_score=47
QTL21	Chr8-4204526	121.32	Chr8-4248980-17.618265674308677	LOC_Os08g07180	8:4014115-4014648	5	25	*	17.0	5.0	0.0	0.0	*	47.0	RAP_Step2_HNHZ_window200kb.FarmCPUpeak_info	window200kb	LOC_Os08g07180			cytokinin-O-glucosyltransferase 2, putative, expressed	N	Y	Y	52	pipeline_score=47; farm_logP=121.32; max_variant=25; recommendation_score=52
QTL21	Chr8-4204526	121.32	Chr8-4248980-17.618265674308677	LOC_Os08g07200	8:4017920-4020079	25	25	25	17.0	0.0	0.0	0.0	*	42.0	RAP_Step2_HNHZ_window200kb.FarmCPUpeak_info	window200kb	LOC_Os08g07200			UDP-glucoronosyl/UDP-glucosyl transferase, putative, expressed	N	Y	Y	47	pipeline_score=42; farm_logP=121.32; max_variant=25; recommendation_score=47
QTL21	Chr8-4204526	121.32	Chr8-4248980-17.618265674308677	LOC_Os08g07210	8:4020980-4021839	20	25	25	17.0	0.0	0.0	0.0	*	42.0	RAP_Step2_HNHZ_window200kb.FarmCPUpeak_info	window200kb	LOC_Os08g07210			hypothetical protein	N	N	Y	47	pipeline_score=42; farm_logP=121.32; max_variant=25; recommendation_score=47
QTL21	Chr8-4204526	121.32	Chr8-4248980-17.618265674308677	Os08g0168900	8:4021481-4021555	*	*	*	17.0	0.0	0.0	0.0	*	17.0	RAP_Step2_HNHZ_window200kb.FarmCPUpeak_info	window200kb	Os08g0168900							17	pipeline_score=17; farm_logP=121.32; recommendation_score=17
QTL21	Chr8-4204526	121.32	Chr8-4248980-17.618265674308677	LOC_Os08g07220	8:4023674-4028699	25	25	25	17.0	0.0	0.0	0.0	*	42.0	RAP_Step2_HNHZ_window200kb.FarmCPUpeak_info	window200kb	LOC_Os08g07220			retrotransposon protein, putative, Ty3-gypsy subclass, expressed	Y	Y	Y	47	pipeline_score=42; farm_logP=121.32; max_variant=25; recommendation_score=47
QTL21	Chr8-4204526	121.32	Chr8-4248980-17.618265674308677	LOC_Os08g07230	8:4029377-4032318	25	25	25	17.0	0.0	0.0	5.0	*	47.0	RAP_Step2_HNHZ_window200kb.FarmCPUpeak_info	window200kb	LOC_Os08g07230			retrotransposon protein, putative, unclassified, expressed	Y	Y	Y	52	pipeline_score=47; farm_logP=121.32; max_variant=25; recommendation_score=52
QTL21	Chr8-4204526	121.32	Chr8-4248980-17.618265674308677	Os08g0169100	8:4036770-4042210	20	25	20	17.0	0.0	0.0	5.0	*	47.0	RAP_Step2_HNHZ_window200kb.FarmCPUpeak_info	window200kb	Os08g0169100							52	pipeline_score=47; farm_logP=121.32; max_variant=25; recommendation_score=52
QTL21	Chr8-4204526	121.32	Chr8-4248980-17.618265674308677	LOC_Os08g07240	8:4037277-4039081	20	5	25	17.0	0.0	0.0	15.0	*	57.0	RAP_Step2_HNHZ_window200kb.FarmCPUpeak_info	window200kb	LOC_Os08g07240			expressed protein	N	Y	Y	62	pipeline_score=57; farm_logP=121.32; max_variant=25; recommendation_score=62
QTL21	Chr8-4204526	121.32	Chr8-4248980-17.618265674308677	LOC_Os08g07260	8:4053153-4054635	25	25	25	17.0	0.0	0.0	22.0	*	64.0	RAP_Step2_HNHZ_window200kb.FarmCPUpeak_info	window200kb	LOC_Os08g07260			O-methyltransferase, putative, expressed	N	Y	Y	69	pipeline_score=64; farm_logP=121.32; max_variant=25; recommendation_score=69
QTL21	Chr8-4204526	121.32	Chr8-4248980-17.618265674308677	LOC_Os08g07270	8:4057594-4059111	20	25	20	17.0	5.0	0.0	0.0	*	47.0	RAP_Step2_HNHZ_window200kb.FarmCPUpeak_info	window200kb	LOC_Os08g07270			glycosyltransferase, putative, expressed	N	Y	Y	52	pipeline_score=47; farm_logP=121.32; max_variant=25; recommendation_score=52
QTL21	Chr8-4204526	121.32	Chr8-4248980-17.618265674308677	Os08g0169500	8:4062129-4062203	*	*	*	17.0	0.0	0.0	0.0	*	17.0	RAP_Step2_HNHZ_window200kb.FarmCPUpeak_info	window200kb	Os08g0169500							17	pipeline_score=17; farm_logP=121.32; recommendation_score=17
QTL21	Chr8-4204526	121.32	Chr8-4248980-17.618265674308677	LOC_Os08g07280	8:4065649-4069282	20	10	10	17.0	0.0	0.0	18.0	*	55.0	RAP_Step2_HNHZ_window200kb.FarmCPUpeak_info	window200kb	LOC_Os08g07280			expressed protein	N	Y	Y	60	pipeline_score=55; farm_logP=121.32; max_variant=20; recommendation_score=60
QTL21	Chr8-4204526	121.32	Chr8-4248980-17.618265674308677	LOC_Os08g07290	8:4069808-4077663	20	10	0	17.0	0.0	0.0	10.0	*	47.0	RAP_Step2_HNHZ_window200kb.FarmCPUpeak_info	window200kb	LOC_Os08g07290			HEAT repeat family protein, putative, expressed	N	Y	Y	52	pipeline_score=47; farm_logP=121.32; max_variant=20; recommendation_score=52
QTL21	Chr8-4204526	121.32	Chr8-4248980-17.618265674308677	LOC_Os08g07300	8:4078665-4088954	20	10	10	17.0	0.0	0.0	15.0	*	52.0	RAP_Step2_HNHZ_window200kb.FarmCPUpeak_info	window200kb	LOC_Os08g07300			haloacid dehalogenase-like hydrolase domain-containing protein 3, putative, expressed	N	Y	Y	57	pipeline_score=52; farm_logP=121.32; max_variant=20; recommendation_score=57
QTL21	Chr8-4204526	121.32	Chr8-4248980-17.618265674308677	LOC_Os08g07320	8:4098513-4101386	20	25	25	17.0	5.0	0.0	5.0	*	52.0	RAP_Step2_HNHZ_window200kb.FarmCPUpeak_info	window200kb	LOC_Os08g07320			expressed protein	N	Y	Y	62	pipeline_score=52; farm_logP=121.32; max_variant=25; supported_by_both_modes; recommendation_score=62
QTL21	Chr8-4204526	121.32	Chr8-4248980-17.618265674308677	LOC_Os08g07330	8:4105398-4109958	20	*	0	17.0	0.0	0.0	22.0	*	59.0	RAP_Step2_HNHZ_window200kb.FarmCPUpeak_info	window200kb	LOC_Os08g07330			RGH1A, putative, expressed	N	Y	Y	69	pipeline_score=59; farm_logP=121.32; max_variant=20; supported_by_both_modes; recommendation_score=69
QTL21	Chr8-4204526	121.32	Chr8-4248980-17.618265674308677	LOC_Os08g07340	8:4111868-4115417	25	25	25	17.0	0.0	0.0	20.0	*	62.0	RAP_Step2_HNHZ_window200kb.FarmCPUpeak_info	window200kb	LOC_Os08g07340			mla1, putative, expressed	N	Y	Y	72	pipeline_score=62; farm_logP=121.32; max_variant=25; supported_by_both_modes; recommendation_score=72
QTL21	Chr8-4204526	121.32	Chr8-4248980-17.618265674308677	Os08g0170400	8:4116293-4116981	5	5	20	17.0	0.0	0.0	5.0	*	42.0	RAP_Step2_HNHZ_window200kb.FarmCPUpeak_info	window200kb	Os08g0170400							52	pipeline_score=42; farm_logP=121.32; max_variant=20; supported_by_both_modes; recommendation_score=52
QTL21	Chr8-4204526	121.32	Chr8-4248980-17.618265674308677	LOC_Os08g07350	8:4118001-4118378	25	5	25	17.0	0.0	0.0	0.0	*	42.0	RAP_Step2_HNHZ_window200kb.FarmCPUpeak_info	window200kb	LOC_Os08g07350			hypothetical protein	Y	N	Y	52	pipeline_score=42; farm_logP=121.32; max_variant=25; supported_by_both_modes; recommendation_score=52
QTL21	Chr8-4204526	121.32	Chr8-4248980-17.618265674308677	LOC_Os08g07360	8:4118577-4123646	25	25	25	17.0	0.0	0.0	5.0	*	47.0	RAP_Step2_HNHZ_window200kb.FarmCPUpeak_info	window200kb	LOC_Os08g07360			transposon protein, putative, CACTA, En/Spm sub-class, expressed	Y	Y	Y	57	pipeline_score=47; farm_logP=121.32; max_variant=25; supported_by_both_modes; recommendation_score=57
QTL21	Chr8-4204526	121.32	Chr8-4248980-17.618265674308677	LOC_Os08g07370	8:4127068-4128755	18	25	25	17.0	0.0	0.0	0.0	*	42.0	RAP_Step2_HNHZ_window200kb.FarmCPUpeak_info	window200kb	LOC_Os08g07370			RGH1A, putative, expressed	N	Y	Y	52	pipeline_score=42; farm_logP=121.32; max_variant=25; supported_by_both_modes; recommendation_score=52
QTL21	Chr8-4204526	121.32	Chr8-4248980-17.618265674308677	LOC_Os08g07380	8:4132495-4143561	25	25	25	17.0	0.0	0.0	18.0	*	60.0	RAP_Step2_HNHZ_window200kb.FarmCPUpeak_info	window200kb	LOC_Os08g07380			retrotransposon protein, putative, unclassified, expressed	Y	Y	Y	70	pipeline_score=60; farm_logP=121.32; max_variant=25; supported_by_both_modes; recommendation_score=70
QTL21	Chr8-4204526	121.32	Chr8-4248980-17.618265674308677	LOC_Os08g07390	8:4147048-4149998	20	5	*	17.0	0.0	0.0	10.0	*	47.0	RAP_Step2_HNHZ_window200kb.FarmCPUpeak_info	window200kb	LOC_Os08g07390			mla1, putative, expressed	N	Y	Y	57	pipeline_score=47; farm_logP=121.32; max_variant=20; supported_by_both_modes; recommendation_score=57
QTL21	Chr8-4204526	121.32	Chr8-4248980-17.618265674308677	LOC_Os08g07400	8:4153343-4157251	5	10	10	17.0	0.0	0.0	10.0	*	37.0	RAP_Step2_HNHZ_window200kb.FarmCPUpeak_info	window200kb	LOC_Os08g07400			cullin, putative, expressed	N	Y	Y	45	pipeline_score=37; farm_logP=121.32; max_variant=10; supported_by_both_modes; recommendation_score=45
QTL21	Chr8-4204526	121.32	Chr8-4248980-17.618265674308677	LOC_Os08g07410	8:4159828-4163133	25	25	25	17.0	0.0	0.0	5.0	*	47.0	RAP_Step2_HNHZ_window200kb.FarmCPUpeak_info	window200kb	LOC_Os08g07410			retrotransposon protein, putative, unclassified, expressed	Y	Y	Y	57	pipeline_score=47; farm_logP=121.32; max_variant=25; supported_by_both_modes; recommendation_score=57
QTL21	Chr8-4204526	121.32	Chr8-4248980-17.618265674308677	LOC_Os08g07420	8:4163744-4169899	25	25	25	17.0	0.0	0.0	0.0	*	42.0	RAP_Step2_HNHZ_window200kb.FarmCPUpeak_info	window200kb	LOC_Os08g07420			retrotransposon protein, putative, unclassified, expressed	Y	Y	Y	52	pipeline_score=42; farm_logP=121.32; max_variant=25; supported_by_both_modes; recommendation_score=52
QTL21	Chr8-4204526	121.32	Chr8-4248980-17.618265674308677	LOC_Os08g07430	8:4172146-4175556	5	10	15	17.0	0.0	0.0	10.0	*	42.0	RAP_Step2_HNHZ_window200kb.FarmCPUpeak_info	window200kb	LOC_Os08g07430			expressed protein	N	Y	Y	50	pipeline_score=42; farm_logP=121.32; max_variant=15; supported_by_both_modes; recommendation_score=50
QTL21	Chr8-4204526	121.32	Chr8-4248980-17.618265674308677	LOC_Os08g07440	8:4175872-4178549	5	25	10	17.0	0.0	0.0	10.0	*	52.0	RAP_Step2_HNHZ_window200kb.FarmCPUpeak_info	window200kb	LOC_Os08g07440			AP2 domain containing protein, expressed	N	Y	Y	62	pipeline_score=52; farm_logP=121.32; max_variant=25; supported_by_both_modes; recommendation_score=62
QTL21	Chr8-4204526	121.32	Chr8-4248980-17.618265674308677	LOC_Os08g07450	8:4179589-4180539	20	25	25	17.0	0.0	0.0	0.0	*	42.0	RAP_Step2_HNHZ_window200kb.FarmCPUpeak_info	window200kb	LOC_Os08g07450			glutaredoxin protein, putative, expressed	N	Y	Y	52	pipeline_score=42; farm_logP=121.32; max_variant=25; supported_by_both_modes; recommendation_score=52
QTL21	Chr8-4204526	121.32	Chr8-4248980-17.618265674308677	LOC_Os08g07460	8:4184124-4187051	25	25	25	17.0	0.0	0.0	0.0	*	42.0	RAP_Step2_HNHZ_window200kb.FarmCPUpeak_info	window200kb	LOC_Os08g07460			transposon protein, putative, unclassified, expressed	Y	Y	Y	52	pipeline_score=42; farm_logP=121.32; max_variant=25; supported_by_both_modes; recommendation_score=52
QTL21	Chr8-4204526	121.32	Chr8-4248980-17.618265674308677	LOC_Os08g07470	8:4189504-4190240	20	10	15	17.0	0.0	0.0	0.0	*	37.0	RAP_Step2_HNHZ_window200kb.FarmCPUpeak_info	window200kb	LOC_Os08g07470			hypothetical protein	N	N	Y	47	pipeline_score=37; farm_logP=121.32; max_variant=20; supported_by_both_modes; recommendation_score=47
QTL21	Chr8-4204526	121.32	Chr8-4248980-17.618265674308677	LOC_Os08g07480	8:4191605-4200965	20	10	25	17.0	0.0	0.0	5.0	*	47.0	RAP_Step2_HNHZ_window200kb.FarmCPUpeak_info	window200kb	LOC_Os08g07480			DNA-directed RNA polymerase subunit, putative, expressed	N	Y	Y	57	pipeline_score=47; farm_logP=121.32; max_variant=25; supported_by_both_modes; recommendation_score=57
QTL21	Chr8-4204526	121.32	Chr8-4248980-17.618265674308677	LOC_Os08g07490	8:4206883-4207804	5	5	10	17.0	5.0	0.0	10.0	*	42.0	RAP_Step2_HNHZ_window200kb.FarmCPUpeak_info	window200kb	LOC_Os08g07490			expressed protein	N	Y	Y	50	pipeline_score=42; farm_logP=121.32; max_variant=10; supported_by_both_modes; recommendation_score=50
QTL21	Chr8-4204526	121.32	Chr8-4248980-17.618265674308677	LOC_Os08g07500	8:4211443-4212914	5	5	15	17.0	5.0	0.0	5.0	*	42.0	RAP_Step2_HNHZ_window200kb.FarmCPUpeak_info	window200kb	LOC_Os08g07500			DUF617 domain containing protein, expressed	N	Y	Y	50	pipeline_score=42; farm_logP=121.32; max_variant=15; supported_by_both_modes; recommendation_score=50
QTL21	Chr8-4204526	121.32	Chr8-4248980-17.618265674308677	LOC_Os08g07510	8:4217059-4217493	20	5	25	17.0	5.0	0.0	0.0	*	47.0	RAP_Step2_HNHZ_window200kb.FarmCPUpeak_info	window200kb	LOC_Os08g07510			expressed protein	N	Y	Y	57	pipeline_score=47; farm_logP=121.32; max_variant=25; supported_by_both_modes; recommendation_score=57
QTL21	Chr8-4204526	121.32	Chr8-4248980-17.618265674308677	LOC_Os08g07520	8:4220049-4220411	20	25	5	17.0	5.0	0.0	0.0	*	47.0	RAP_Step2_HNHZ_window200kb.FarmCPUpeak_info	window200kb	LOC_Os08g07520			expressed protein	N	Y	Y	57	pipeline_score=47; farm_logP=121.32; max_variant=25; supported_by_both_modes; recommendation_score=57
QTL21	Chr8-4204526	121.32	Chr8-4248980-17.618265674308677	LOC_Os08g07530	8:4226188-4227594	20	5	5	17.0	5.0	0.0	0.0	*	42.0	RAP_Step2_HNHZ_window200kb.FarmCPUpeak_info	window200kb	LOC_Os08g07530			expressed protein	N	Y	Y	52	pipeline_score=42; farm_logP=121.32; max_variant=20; supported_by_both_modes; recommendation_score=52
QTL21	Chr8-4204526	121.32	Chr8-4248980-17.618265674308677	LOC_Os08g07540	8:4237010-4242585	20	5	5	17.0	0.0	0.0	18.0	*	55.0	RAP_Step2_HNHZ_window200kb.FarmCPUpeak_info	window200kb	LOC_Os08g07540			hemimethylated DNA binding domain containing protein, expressed	N	Y	Y	65	pipeline_score=55; farm_logP=121.32; max_variant=20; supported_by_both_modes; recommendation_score=65
QTL21	Chr8-4204526	121.32	Chr8-4248980-17.618265674308677	LOC_Os08g07550	8:4242935-4243883	5	10	*	17.0	0.0	0.0	15.0	*	42.0	RAP_Step2_HNHZ_window200kb.FarmCPUpeak_info	window200kb	LOC_Os08g07550			hAT dimerisation domain-containing protein, putative, expressed	N	Y	Y	50	pipeline_score=42; farm_logP=121.32; max_variant=10; supported_by_both_modes; recommendation_score=50
QTL21	Chr8-4204526	121.32	Chr8-4248980-17.618265674308677	LOC_Os08g07560	8:4248194-4252995	25	25	25	17.0	0.0	0.0	0.0	*	42.0	RAP_Step2_HNHZ_window200kb.FarmCPUpeak_info	window200kb	LOC_Os08g07560			retrotransposon protein, putative, Ty3-gypsy subclass	Y	N	Y	52	pipeline_score=42; farm_logP=121.32; max_variant=25; supported_by_both_modes; recommendation_score=52
QTL21	Chr8-4204526	121.32	Chr8-4248980-17.618265674308677	Os08g0172433	8:4251640-4251701	1	*	0	17.0	0.0	0.0	0.0	*	18.0	RAP_Step2_HNHZ_window200kb.FarmCPUpeak_info	window200kb	Os08g0172433							23	pipeline_score=18; farm_logP=121.32; max_variant=1; supported_by_both_modes; recommendation_score=23
QTL21	Chr8-4204526	121.32	Chr8-4248980-17.618265674308677	LOC_Os08g07570	8:4254521-4256331	25	25	25	17.0	0.0	0.0	0.0	*	42.0	RAP_Step2_HNHZ_window200kb.FarmCPUpeak_info	window200kb	LOC_Os08g07570			retrotransposon protein, putative, unclassified, expressed	Y	Y	Y	52	pipeline_score=42; farm_logP=121.32; max_variant=25; supported_by_both_modes; recommendation_score=52
QTL21	Chr8-4204526	121.32	Chr8-4248980-17.618265674308677	LOC_Os08g07590	8:4263883-4264977	5	10	*	17.0	5.0	0.0	22.0	*	54.0	RAP_Step2_HNHZ_window200kb.FarmCPUpeak_info	window200kb	LOC_Os08g07590			expressed protein	N	Y	Y	62	pipeline_score=54; farm_logP=121.32; max_variant=10; supported_by_both_modes; recommendation_score=62
QTL21	Chr8-4204526	121.32	Chr8-4248980-17.618265674308677	LOC_Os08g07600	8:4268283-4268975	5	5	*	17.0	5.0	0.0	0.0	*	27.0	RAP_Step2_HNHZ_window200kb.FarmCPUpeak_info	window200kb	LOC_Os08g07600			expressed protein	N	Y	Y	32	pipeline_score=27; farm_logP=121.32; max_variant=5; supported_by_both_modes; recommendation_score=32
QTL21	Chr8-4204526	121.32	Chr8-4248980-17.618265674308677	LOC_Os08g07610	8:4270216-4274981	25	25	*	17.0	0.0	0.0	5.0	*	47.0	RAP_Step2_HNHZ_window200kb.FarmCPUpeak_info	window200kb	LOC_Os08g07610			retrotransposon protein, putative, Ty1-copia subclass, expressed	Y	Y	Y	57	pipeline_score=47; farm_logP=121.32; max_variant=25; supported_by_both_modes; recommendation_score=57
QTL21	Chr8-4204526	121.32	Chr8-4248980-17.618265674308677	LOC_Os08g07620	8:4278359-4278688	20	10	*	17.0	5.0	0.0	22.0	*	64.0	RAP_Step2_HNHZ_window200kb.FarmCPUpeak_info	window200kb	LOC_Os08g07620			expressed protein	N	Y	Y	74	pipeline_score=64; farm_logP=121.32; max_variant=20; supported_by_both_modes; recommendation_score=74
QTL21	Chr8-4204526	121.32	Chr8-4248980-17.618265674308677	LOC_Os08g07630	8:4283826-4284332	5	5	*	17.0	5.0	0.0	22.0	*	49.0	RAP_Step2_HNHZ_window200kb.FarmCPUpeak_info	window200kb	LOC_Os08g07630			expressed protein	N	Y	Y	54	pipeline_score=49; farm_logP=121.32; max_variant=5; supported_by_both_modes; recommendation_score=54
QTL21	Chr8-4204526	121.32	Chr8-4248980-17.618265674308677	LOC_Os08g07640	8:4286407-4286820	5	10	25	17.0	0.0	0.0	0.0	*	42.0	RAP_Step2_HNHZ_window200kb.FarmCPUpeak_info	window200kb	LOC_Os08g07640			expressed protein	N	Y	Y	52	pipeline_score=42; farm_logP=121.32; max_variant=25; supported_by_both_modes; recommendation_score=52
QTL21	Chr8-4204526	121.32	Chr8-4248980-17.618265674308677	LOC_Os08g07650	8:4289245-4289615	25	10	10	17.0	5.0	0.0	22.0	*	69.0	RAP_Step2_HNHZ_window200kb.FarmCPUpeak_info	window200kb	LOC_Os08g07650			expressed protein	N	Y	Y	79	pipeline_score=69; farm_logP=121.32; max_variant=25; supported_by_both_modes; recommendation_score=79
QTL21	Chr8-4204526	121.32	Chr8-4248980-17.618265674308677	LOC_Os08g07660	8:4290418-4291283	20	5	*	17.0	5.0	0.0	22.0	*	64.0	RAP_Step2_HNHZ_window200kb.FarmCPUpeak_info	window200kb	LOC_Os08g07660			expressed protein	N	Y	Y	74	pipeline_score=64; farm_logP=121.32; max_variant=20; supported_by_both_modes; recommendation_score=74
QTL21	Chr8-4204526	121.32	Chr8-4248980-17.618265674308677	LOC_Os08g07670	8:4293995-4294513	20	25	5	17.0	5.0	0.0	10.0	*	57.0	RAP_Step2_HNHZ_window200kb.FarmCPUpeak_info	window200kb	LOC_Os08g07670			expressed protein	N	Y	Y	67	pipeline_score=57; farm_logP=121.32; max_variant=25; supported_by_both_modes; recommendation_score=67
QTL21	Chr8-4204526	121.32	Chr8-4248980-17.618265674308677	LOC_Os08g07680	8:4297225-4297737	25	25	20	17.0	5.0	0.0	18.0	*	65.0	RAP_Step2_HNHZ_window200kb.FarmCPUpeak_info	window200kb	LOC_Os08g07680			expressed protein	N	Y	Y	75	pipeline_score=65; farm_logP=121.32; max_variant=25; supported_by_both_modes; recommendation_score=75
QTL21	Chr8-4204526	121.32	Chr8-4248980-17.618265674308677	LOC_Os08g07690	8:4300553-4301470	20	5	15	17.0	0.0	0.0	22.0	*	59.0	RAP_Step2_HNHZ_window200kb.FarmCPUpeak_info	window200kb	LOC_Os08g07690			expressed protein	N	Y	Y	69	pipeline_score=59; farm_logP=121.32; max_variant=20; supported_by_both_modes; recommendation_score=69
QTL21	Chr8-4204526	121.32	Chr8-4248980-17.618265674308677	LOC_Os08g07700	8:4303902-4304696	18	5	0	17.0	5.0	0.0	5.0	*	45.0	RAP_Step2_HNHZ_window200kb.FarmCPUpeak_info	window200kb	LOC_Os08g07700			AP2 domain containing protein, expressed	N	Y	Y	53	pipeline_score=45; farm_logP=121.32; max_variant=18; supported_by_both_modes; recommendation_score=53
QTL21	Chr8-4204526	121.32	Chr8-4248980-17.618265674308677	LOC_Os08g07710	8:4311784-4312071	20	5	15	17.0	5.0	0.0	0.0	*	42.0	RAP_Step2_HNHZ_window200kb.FarmCPUpeak_info	window200kb	LOC_Os08g07710			hypothetical protein	N	N	Y	52	pipeline_score=42; farm_logP=121.32; max_variant=20; supported_by_both_modes; recommendation_score=52
QTL21	Chr8-4204526	121.32	Chr8-4248980-17.618265674308677	Os08g0174000	8:4316158-4317203	25	10	20	17.0	0.0	0.0	18.0	*	60.0	RAP_Step2_HNHZ_window200kb.FarmCPUpeak_info	window200kb	Os08g0174000							70	pipeline_score=60; farm_logP=121.32; max_variant=25; supported_by_both_modes; recommendation_score=70
QTL21	Chr8-4204526	121.32	Chr8-4248980-17.618265674308677	LOC_Os08g07720	8:4316160-4318638	25	25	20	17.0	0.0	0.0	18.0	*	60.0	RAP_Step2_HNHZ_window200kb.FarmCPUpeak_info	window200kb	LOC_Os08g07720			transferase family protein, putative, expressed	N	Y	Y	70	pipeline_score=60; farm_logP=121.32; max_variant=25; supported_by_both_modes; recommendation_score=70
QTL21	Chr8-4204526	121.32	Chr8-4248980-17.618265674308677	LOC_Os08g07730	8:4325887-4329768	20	25	25	17.0	0.0	0.0	20.0	*	62.0	RAP_Step2_HNHZ_window200kb.FarmCPUpeak_info	window200kb	LOC_Os08g07730			transferase family protein, putative, expressed	N	Y	Y	72	pipeline_score=62; farm_logP=121.32; max_variant=25; supported_by_both_modes; recommendation_score=72
QTL21	Chr8-4204526	121.32	Chr8-4248980-17.618265674308677	LOC_Os08g07740	8:4333717-4335434	20	25	25	17.0	5.0	18.0	15.0	*	80.0	RAP_Step2_HNHZ_window200kb.FarmCPUpeak_info	window200kb	LOC_Os08g07740	CAR8|DTH8|EF8|Ghd8|Hd5|LHD1|OsHAP3H|OsNF-YB11	ER stress; R protein; branching; breeding; chlorophyll biogenesis; cold tolerance; drought; drought stress; drought stress ; floral; flower; flowering; flowering time; grain; grain yield; grains per panicle; heading date; height; nucleus; panicle; photosynthesis; plant height; reproductive; salinity; salinity stress; stress; stress tolerance; tiller; tillering; tolerance; transcription factor; yield	histone-like transcription factor and archaeal histone, putative, expressed	N	Y	Y	97	pipeline_score=80; farm_logP=121.32; max_variant=25; supported_by_both_modes; symbol=CAR8|DTH8|EF8|Ghd8|Hd5|LHD1|OsHAP3H|OsNF-YB11; keyword=ER stress; R protein; branching; breeding; chlorophyll biogenesis; cold tolerance; drought; drought stress; drought stress ; floral; flower; flowering; flowering time; grain; grain yield; grains per panicle; heading date; height; nucleus; panicle; photosynthesis; plant height; reproductive; salinity; salinity stress; stress; stress tolerance; tiller; tillering; tolerance; transcription factor; yield; recommendation_score=97
QTL21	Chr8-4204526	121.32	Chr8-4248980-17.618265674308677	LOC_Os08g07760	8:4344171-4350502	20	10	*	17.0	0.0	0.0	15.0	*	52.0	RAP_Step2_HNHZ_window200kb.FarmCPUpeak_info	window200kb	LOC_Os08g07760	OsBAK1|OsBISERK1|OsSERK1|TBP1	BR; BR signaling; Brassinosteroid; Brassinosteroid Signaling; angle of the lamina joint; architecture; blast; brassinosteroid; breeding; cell death; defense; development; disease; disease resistance; dwarf; erect; grain; grain size; grain yield; growth; height; lamina joint; leaf; leaf development; map-based cloning; plant architecture; receptor kinase; resistant; root; seed; seedling; shoot; yield	BRASSINOSTEROID INSENSITIVE 1-associated receptor kinase 1 precursor, putative, expressed	N	Y	Y	69	pipeline_score=52; farm_logP=121.32; max_variant=20; supported_by_both_modes; symbol=OsBAK1|OsBISERK1|OsSERK1|TBP1; keyword=BR; BR signaling; Brassinosteroid; Brassinosteroid Signaling; angle of the lamina joint; architecture; blast; brassinosteroid; breeding; cell death; defense; development; disease; disease resistance; dwarf; erect; grain; grain size; grain yield; growth; height; lamina joint; leaf; leaf development; map-based cloning; plant architecture; receptor kinase; resistant; root; seed; seedling; shoot; yield; recommendation_score=69
QTL21	Chr8-4204526	121.32	Chr8-4248980-17.618265674308677	Os08g0174725	8:4347931-4348201	*	*	*	17.0	0.0	0.0	5.0	*	22.0	RAP_Step2_HNHZ_window200kb.FarmCPUpeak_info	window200kb	Os08g0174725							27	pipeline_score=22; farm_logP=121.32; supported_by_both_modes; recommendation_score=27
QTL21	Chr8-4204526	121.32	Chr8-4248980-17.618265674308677	Os08g0174750	8:4351785-4352132	5	5	*	17.0	0.0	0.0	5.0	*	27.0	RAP_Step2_HNHZ_window200kb.FarmCPUpeak_info	window200kb	Os08g0174750							32	pipeline_score=27; farm_logP=121.32; max_variant=5; supported_by_both_modes; recommendation_score=32
QTL21	Chr8-4204526	121.32	Chr8-4248980-17.618265674308677	LOC_Os08g07774	8:4352807-4361458	20	25	10	17.0	0.0	0.0	22.0	*	64.0	RAP_Step2_HNHZ_window200kb.FarmCPUpeak_info	window200kb	LOC_Os08g07774			disease resistance protein RPM1, putative, expressed	N	Y	Y	74	pipeline_score=64; farm_logP=121.32; max_variant=25; supported_by_both_modes; recommendation_score=74
QTL21	Chr8-4204526	121.32	Chr8-4248980-17.618265674308677	LOC_Os08g07790	8:4363355-4365519	5	5	*	17.0	0.0	0.0	10.0	*	32.0	RAP_Step2_HNHZ_window200kb.FarmCPUpeak_info	window200kb	LOC_Os08g07790			CRS2-associated factor 2, mitochondrial precursor, putative, expressed	N	Y	Y	37	pipeline_score=32; farm_logP=121.32; max_variant=5; supported_by_both_modes; recommendation_score=37
QTL21	Chr8-4204526	121.32	Chr8-4248980-17.618265674308677	LOC_Os08g07800	8:4365966-4366639	20	25	2	17.0	0.0	0.0	0.0	*	42.0	RAP_Step2_HNHZ_window200kb.FarmCPUpeak_info	window200kb	LOC_Os08g07800			expressed protein	N	Y	Y	52	pipeline_score=42; farm_logP=121.32; max_variant=25; supported_by_both_modes; recommendation_score=52
QTL21	Chr8-4204526	121.32	Chr8-4248980-17.618265674308677	LOC_Os08g07810	8:4371022-4372930	25	25	25	17.0	5.0	0.0	0.0	*	47.0	RAP_Step2_HNHZ_window200kb.FarmCPUpeak_info	window200kb	LOC_Os08g07810			strictosidine synthase, putative, expressed	N	Y	Y	57	pipeline_score=47; farm_logP=121.32; max_variant=25; supported_by_both_modes; recommendation_score=57
QTL21	Chr8-4204526	121.32	Chr8-4248980-17.618265674308677	LOC_Os08g07820	8:4378185-4379263	20	10	15	17.0	0.0	0.0	0.0	*	37.0	RAP_Step2_HNHZ_window200kb.FarmCPUpeak_info	window200kb	LOC_Os08g07820			hypothetical protein	N	N	Y	47	pipeline_score=37; farm_logP=121.32; max_variant=20; supported_by_both_modes; recommendation_score=47
QTL21	Chr8-4204526	121.32	Chr8-4248980-17.618265674308677	LOC_Os08g07830	8:4385768-4389031	5	10	20	17.0	0.0	0.0	15.0	*	52.0	RAP_Step2_HNHZ_window200kb.FarmCPUpeak_info	window200kb	LOC_Os08g07830			DUF292 domain containing protein, expressed	N	Y	Y	62	pipeline_score=52; farm_logP=121.32; max_variant=20; supported_by_both_modes; recommendation_score=62
QTL21	Chr8-4204526	121.32	Chr8-4248980-17.618265674308677	LOC_Os08g07840	8:4390729-4400757	20	10	15	17.0	0.0	0.0	10.0	*	47.0	RAP_Step2_HNHZ_window200kb.FarmCPUpeak_info	window200kb	LOC_Os08g07840	OsPOLP1	phosphate; pi	PolI-like DNA polymerase, putative, expressed	N	Y	Y	64	pipeline_score=47; farm_logP=121.32; max_variant=20; supported_by_both_modes; symbol=OsPOLP1; keyword=phosphate; pi; recommendation_score=64
QTL21	Chr8-4204526	121.32	Chr8-4248980-17.618265674308677	Os08g0175450	8:4400972-4401019	*	*	*	17.0	0.0	0.0	0.0	*	17.0	RAP_Step2_HNHZ_window200kb.FarmCPUpeak_info	window200kb	Os08g0175450							22	pipeline_score=17; farm_logP=121.32; supported_by_both_modes; recommendation_score=22
QTL22	Chr8-26722895	12.62	*	LOC_Os08g41960	8:26518976-26529016	5	5	*	6.0	0.0	20.0	5.0	*	36.0	RAP_Step2_HNHZ_window200kb.FarmCPUpeak_info	window200kb	LOC_Os08g41960			OsMADS37 - MADS-box family gene with MIKC* type-box, expressed	N	Y	Y	41	pipeline_score=36; farm_logP=12.62; max_variant=5; supported_by_both_modes; recommendation_score=41
QTL22	Chr8-26722895	12.62	*	LOC_Os08g41980	8:26530318-26530539	5	10	*	6.0	0.0	0.0	5.0	*	21.0	RAP_Step2_HNHZ_window200kb.FarmCPUpeak_info	window200kb	LOC_Os08g41980			expressed protein	N	Y	Y	29	pipeline_score=21; farm_logP=12.62; max_variant=10; supported_by_both_modes; recommendation_score=29
QTL22	Chr8-26722895	12.62	*	LOC_Os08g41990	8:26531391-26534074	5	10	*	6.0	0.0	0.0	15.0	*	31.0	RAP_Step2_HNHZ_window200kb.FarmCPUpeak_info	window200kb	LOC_Os08g41990			aminotransferase, putative, expressed	N	Y	Y	39	pipeline_score=31; farm_logP=12.62; max_variant=10; supported_by_both_modes; recommendation_score=39
QTL22	Chr8-26722895	12.62	*	LOC_Os08g42000	8:26535057-26537389	5	10	*	6.0	0.0	0.0	10.0	*	26.0	RAP_Step2_HNHZ_window200kb.FarmCPUpeak_info	window200kb	LOC_Os08g42000			nuclear transport factor, putative, expressed	N	Y	Y	34	pipeline_score=26; farm_logP=12.62; max_variant=10; supported_by_both_modes; recommendation_score=34
QTL22	Chr8-26722895	12.62	*	Os08g0532350	8:26535391-26537296	5	*	*	6.0	0.0	0.0	5.0	*	16.0	RAP_Step2_HNHZ_window200kb.FarmCPUpeak_info	window200kb	Os08g0532350							21	pipeline_score=16; farm_logP=12.62; max_variant=5; supported_by_both_modes; recommendation_score=21
QTL22	Chr8-26722895	12.62	*	LOC_Os08g42010	8:26537672-26542925	20	10	*	6.0	0.0	0.0	10.0	*	36.0	RAP_Step2_HNHZ_window200kb.FarmCPUpeak_info	window200kb	LOC_Os08g42010			nodulin, putative, expressed	N	Y	Y	46	pipeline_score=36; farm_logP=12.62; max_variant=20; supported_by_both_modes; recommendation_score=46
QTL22	Chr8-26722895	12.62	*	LOC_Os08g42020	8:26543220-26545786	20	5	*	6.0	0.0	0.0	10.0	*	36.0	RAP_Step2_HNHZ_window200kb.FarmCPUpeak_info	window200kb	LOC_Os08g42020			zinc ion binding protein, putative, expressed	N	Y	Y	46	pipeline_score=36; farm_logP=12.62; max_variant=20; supported_by_both_modes; recommendation_score=46
QTL22	Chr8-26722895	12.62	*	Os08g0532600	8:26546039-26549956	20	5	*	6.0	0.0	0.0	5.0	*	31.0	RAP_Step2_HNHZ_window200kb.FarmCPUpeak_info	window200kb	Os08g0532600							41	pipeline_score=31; farm_logP=12.62; max_variant=20; supported_by_both_modes; recommendation_score=41
QTL22	Chr8-26722895	12.62	*	LOC_Os08g42030	8:26546747-26549806	20	10	0	6.0	0.0	0.0	10.0	*	36.0	RAP_Step2_HNHZ_window200kb.FarmCPUpeak_info	window200kb	LOC_Os08g42030			peroxidase precursor, putative, expressed	N	Y	Y	46	pipeline_score=36; farm_logP=12.62; max_variant=20; supported_by_both_modes; recommendation_score=46
QTL22	Chr8-26722895	12.62	*	LOC_Os08g42040	8:26554150-26557081	5	5	0	6.0	0.0	0.0	10.0	*	21.0	RAP_Step2_HNHZ_window200kb.FarmCPUpeak_info	window200kb	LOC_Os08g42040			LTPL80 - Protease inhibitor/seed storage/LTP family protein precursor, expressed	N	Y	Y	26	pipeline_score=21; farm_logP=12.62; max_variant=5; supported_by_both_modes; recommendation_score=26
QTL22	Chr8-26722895	12.62	*	LOC_Os08g42050	8:26558844-26562158	10	10	*	6.0	0.0	0.0	15.0	*	31.0	RAP_Step2_HNHZ_window200kb.FarmCPUpeak_info	window200kb	LOC_Os08g42050			emp24/gp25L/p24 family protein, putative, expressed	N	Y	Y	39	pipeline_score=31; farm_logP=12.62; max_variant=10; supported_by_both_modes; recommendation_score=39
QTL22	Chr8-26722895	12.62	*	Os08g0533101	8:26559012-26561623	5	5	*	6.0	0.0	0.0	5.0	*	16.0	RAP_Step2_HNHZ_window200kb.FarmCPUpeak_info	window200kb	Os08g0533101							21	pipeline_score=16; farm_logP=12.62; max_variant=5; supported_by_both_modes; recommendation_score=21
QTL22	Chr8-26722895	12.62	*	LOC_Os08g42060	8:26562505-26562996	20	25	10	6.0	0.0	0.0	0.0	*	31.0	RAP_Step2_HNHZ_window200kb.FarmCPUpeak_info	window200kb	LOC_Os08g42060			expressed protein	N	Y	Y	41	pipeline_score=31; farm_logP=12.62; max_variant=25; supported_by_both_modes; recommendation_score=41
QTL22	Chr8-26722895	12.62	*	LOC_Os08g42080	8:26572162-26574946	20	5	5	6.0	0.0	0.0	5.0	*	31.0	RAP_Step2_HNHZ_window200kb.FarmCPUpeak_info	window200kb	LOC_Os08g42080			ACR5, putative, expressed	N	Y	Y	41	pipeline_score=31; farm_logP=12.62; max_variant=20; supported_by_both_modes; recommendation_score=41
QTL22	Chr8-26722895	12.62	*	Os08g0533450	8:26572729-26574496	20	10	*	6.0	0.0	0.0	5.0	*	31.0	RAP_Step2_HNHZ_window200kb.FarmCPUpeak_info	window200kb	Os08g0533450							41	pipeline_score=31; farm_logP=12.62; max_variant=20; supported_by_both_modes; recommendation_score=41
QTL22	Chr8-26722895	12.62	*	LOC_Os08g42090	8:26581258-26585480	25	25	25	6.0	0.0	0.0	0.0	*	31.0	RAP_Step2_HNHZ_window200kb.FarmCPUpeak_info	window200kb	LOC_Os08g42090			retrotransposon protein, putative, Ty1-copia subclass, expressed	Y	Y	Y	41	pipeline_score=31; farm_logP=12.62; max_variant=25; supported_by_both_modes; recommendation_score=41
QTL22	Chr8-26722895	12.62	*	LOC_Os08g42100	8:26601165-26605582	20	25	0	6.0	0.0	0.0	10.0	*	41.0	RAP_Step2_HNHZ_window200kb.FarmCPUpeak_info	window200kb	LOC_Os08g42100			ACT domain containing protein, expressed	N	Y	Y	51	pipeline_score=41; farm_logP=12.62; max_variant=25; supported_by_both_modes; recommendation_score=51
QTL22	Chr8-26722895	12.62	*	Os08g0533650	8:26603342-26605097	20	10	*	6.0	0.0	0.0	10.0	*	36.0	RAP_Step2_HNHZ_window200kb.FarmCPUpeak_info	window200kb	Os08g0533650							46	pipeline_score=36; farm_logP=12.62; max_variant=20; supported_by_both_modes; recommendation_score=46
QTL22	Chr8-26722895	12.62	*	LOC_Os08g42110	8:26606691-26609538	5	10	*	6.0	0.0	0.0	15.0	*	31.0	RAP_Step2_HNHZ_window200kb.FarmCPUpeak_info	window200kb	LOC_Os08g42110			expressed protein	N	Y	Y	39	pipeline_score=31; farm_logP=12.62; max_variant=10; supported_by_both_modes; recommendation_score=39
QTL22	Chr8-26722895	12.62	*	LOC_Os08g42120	8:26613290-26619060	25	25	25	6.0	0.0	0.0	5.0	*	36.0	RAP_Step2_HNHZ_window200kb.FarmCPUpeak_info	window200kb	LOC_Os08g42120			transposon protein, putative, unclassified, expressed	Y	Y	Y	46	pipeline_score=36; farm_logP=12.62; max_variant=25; supported_by_both_modes; recommendation_score=46
QTL22	Chr8-26722895	12.62	*	LOC_Os08g42130	8:26622352-26625643	25	25	25	6.0	0.0	0.0	5.0	*	36.0	RAP_Step2_HNHZ_window200kb.FarmCPUpeak_info	window200kb	LOC_Os08g42130			retrotransposon protein, putative, unclassified, expressed	Y	Y	Y	46	pipeline_score=36; farm_logP=12.62; max_variant=25; supported_by_both_modes; recommendation_score=46
QTL22	Chr8-26722895	12.62	*	LOC_Os08g42140	8:26626263-26632079	25	25	25	6.0	0.0	0.0	5.0	*	36.0	RAP_Step2_HNHZ_window200kb.FarmCPUpeak_info	window200kb	LOC_Os08g42140			retrotransposon protein, putative, unclassified, expressed	Y	Y	Y	46	pipeline_score=36; farm_logP=12.62; max_variant=25; supported_by_both_modes; recommendation_score=46
QTL22	Chr8-26722895	12.62	*	LOC_Os08g42150	8:26640473-26641067	20	25	25	6.0	0.0	0.0	5.0	*	36.0	RAP_Step2_HNHZ_window200kb.FarmCPUpeak_info	window200kb	LOC_Os08g42150			zinc transporter 2 precursor, putative, expressed	N	Y	Y	46	pipeline_score=36; farm_logP=12.62; max_variant=25; supported_by_both_modes; recommendation_score=46
QTL22	Chr8-26722895	12.62	*	LOC_Os08g42160	8:26641763-26645746	25	25	25	6.0	0.0	0.0	22.0	*	53.0	RAP_Step2_HNHZ_window200kb.FarmCPUpeak_info	window200kb	LOC_Os08g42160			retrotransposon protein, putative, unclassified, expressed	Y	Y	Y	63	pipeline_score=53; farm_logP=12.62; max_variant=25; supported_by_both_modes; recommendation_score=63
QTL22	Chr8-26722895	12.62	*	LOC_Os08g42170	8:26646834-26647254	*	*	25	6.0	5.0	0.0	5.0	*	41.0	RAP_Step2_HNHZ_window200kb.FarmCPUpeak_info	window200kb	LOC_Os08g42170			zinc transporter 2 precursor, putative, expressed	N	Y	Y	51	pipeline_score=41; farm_logP=12.62; max_variant=25; supported_by_both_modes; recommendation_score=51
QTL22	Chr8-26722895	12.62	*	LOC_Os08g42180	8:26647843-26648526	25	25	25	6.0	0.0	0.0	0.0	*	31.0	RAP_Step2_HNHZ_window200kb.FarmCPUpeak_info	window200kb	LOC_Os08g42180			expressed protein	N	Y	Y	41	pipeline_score=31; farm_logP=12.62; max_variant=25; supported_by_both_modes; recommendation_score=41
QTL22	Chr8-26722895	12.62	*	LOC_Os08g42189	8:26652114-26655788	20	1	0	6.0	0.0	0.0	10.0	*	36.0	RAP_Step2_HNHZ_window200kb.FarmCPUpeak_info	window200kb	LOC_Os08g42189			expressed protein	N	Y	Y	46	pipeline_score=36; farm_logP=12.62; max_variant=20; supported_by_both_modes; recommendation_score=46
QTL22	Chr8-26722895	12.62	*	Os08g0534300	8:26656152-26656650	20	10	20	6.0	0.0	0.0	5.0	*	31.0	RAP_Step2_HNHZ_window200kb.FarmCPUpeak_info	window200kb	Os08g0534300							41	pipeline_score=31; farm_logP=12.62; max_variant=20; supported_by_both_modes; recommendation_score=41
QTL22	Chr8-26722895	12.62	*	LOC_Os08g42210	8:26658479-26661534	25	25	25	6.0	0.0	0.0	15.0	*	46.0	RAP_Step2_HNHZ_window200kb.FarmCPUpeak_info	window200kb	LOC_Os08g42210			expressed protein	N	Y	Y	56	pipeline_score=46; farm_logP=12.62; max_variant=25; supported_by_both_modes; recommendation_score=56
QTL22	Chr8-26722895	12.62	*	Os08g0534400	8:26662244-26664175	20	25	20	6.0	0.0	0.0	5.0	*	36.0	RAP_Step2_HNHZ_window200kb.FarmCPUpeak_info	window200kb	Os08g0534400							46	pipeline_score=36; farm_logP=12.62; max_variant=25; supported_by_both_modes; recommendation_score=46
QTL22	Chr8-26722895	12.62	*	LOC_Os08g42220	8:26664981-26668172	25	25	25	6.0	0.0	0.0	0.0	*	31.0	RAP_Step2_HNHZ_window200kb.FarmCPUpeak_info	window200kb	LOC_Os08g42220			expressed protein	N	Y	Y	41	pipeline_score=31; farm_logP=12.62; max_variant=25; supported_by_both_modes; recommendation_score=41
QTL22	Chr8-26722895	12.62	*	LOC_Os08g42230	8:26668838-26672125	25	25	25	6.0	0.0	0.0	0.0	*	31.0	RAP_Step2_HNHZ_window200kb.FarmCPUpeak_info	window200kb	LOC_Os08g42230			transposon protein, putative, CACTA, En/Spm sub-class, expressed	Y	Y	Y	41	pipeline_score=31; farm_logP=12.62; max_variant=25; supported_by_both_modes; recommendation_score=41
QTL22	Chr8-26722895	12.62	*	LOC_Os08g42240	8:26672686-26673265	20	25	25	6.0	0.0	0.0	0.0	*	31.0	RAP_Step2_HNHZ_window200kb.FarmCPUpeak_info	window200kb	LOC_Os08g42240			expressed protein	N	Y	Y	41	pipeline_score=31; farm_logP=12.62; max_variant=25; supported_by_both_modes; recommendation_score=41
QTL22	Chr8-26722895	12.62	*	LOC_Os08g42250	8:26675781-26679509	25	25	25	6.0	0.0	0.0	0.0	*	31.0	RAP_Step2_HNHZ_window200kb.FarmCPUpeak_info	window200kb	LOC_Os08g42250			transposon protein, putative, CACTA, En/Spm sub-class, expressed	Y	Y	Y	41	pipeline_score=31; farm_logP=12.62; max_variant=25; supported_by_both_modes; recommendation_score=41
QTL22	Chr8-26722895	12.62	*	LOC_Os08g42268	8:26687987-26694107	5	25	25	6.0	0.0	0.0	15.0	*	46.0	RAP_Step2_HNHZ_window200kb.FarmCPUpeak_info	window200kb	LOC_Os08g42268			expressed protein	N	Y	Y	56	pipeline_score=46; farm_logP=12.62; max_variant=25; supported_by_both_modes; recommendation_score=56
QTL22	Chr8-26722895	12.62	*	LOC_Os08g42198	8:26694538-26695159	5	25	25	6.0	0.0	0.0	5.0	*	36.0	RAP_Step2_HNHZ_window200kb.FarmCPUpeak_info	window200kb	LOC_Os08g42198			auxin responsive protein, putative, expressed	N	Y	Y	46	pipeline_score=36; farm_logP=12.62; max_variant=25; supported_by_both_modes; recommendation_score=46
QTL22	Chr8-26722895	12.62	*	LOC_Os08g42290	8:26696844-26699355	25	25	25	6.0	0.0	0.0	18.0	*	49.0	RAP_Step2_HNHZ_window200kb.FarmCPUpeak_info	window200kb	LOC_Os08g42290			expressed protein	N	Y	Y	59	pipeline_score=49; farm_logP=12.62; max_variant=25; supported_by_both_modes; recommendation_score=59
QTL22	Chr8-26722895	12.62	*	LOC_Os08g42259	8:26704719-26706745	25	25	25	6.0	0.0	0.0	0.0	*	31.0	RAP_Step2_HNHZ_window200kb.FarmCPUpeak_info	window200kb	LOC_Os08g42259			hypothetical protein	N	N	Y	41	pipeline_score=31; farm_logP=12.62; max_variant=25; supported_by_both_modes; recommendation_score=41
QTL22	Chr8-26722895	12.62	*	LOC_Os08g42310	8:26707901-26712480	20	*	20	6.0	0.0	0.0	18.0	*	44.0	RAP_Step2_HNHZ_window200kb.FarmCPUpeak_info	window200kb	LOC_Os08g42310			expressed protein	N	Y	Y	54	pipeline_score=44; farm_logP=12.62; max_variant=20; supported_by_both_modes; recommendation_score=54
QTL22	Chr8-26722895	12.62	*	LOC_Os08g42320	8:26713274-26716439	25	10	25	6.0	0.0	0.0	15.0	*	46.0	RAP_Step2_HNHZ_window200kb.FarmCPUpeak_info	window200kb	LOC_Os08g42320			expressed protein	N	Y	Y	56	pipeline_score=46; farm_logP=12.62; max_variant=25; supported_by_both_modes; recommendation_score=56
QTL22	Chr8-26722895	12.62	*	Os08g0535150	8:26713639-26716190	25	10	20	6.0	0.0	0.0	5.0	*	36.0	RAP_Step2_HNHZ_window200kb.FarmCPUpeak_info	window200kb	Os08g0535150							46	pipeline_score=36; farm_logP=12.62; max_variant=25; supported_by_both_modes; recommendation_score=46
QTL22	Chr8-26722895	12.62	*	LOC_Os08g42330	8:26719697-26720050	20	25	25	6.0	0.0	0.0	5.0	*	36.0	RAP_Step2_HNHZ_window200kb.FarmCPUpeak_info	window200kb	LOC_Os08g42330			expressed protein	N	Y	Y	46	pipeline_score=36; farm_logP=12.62; max_variant=25; supported_by_both_modes; recommendation_score=46
QTL22	Chr8-26722895	12.62	*	LOC_Os08g42340	8:26722616-26723107	25	25	25	6.0	0.0	0.0	5.0	*	36.0	RAP_Step2_HNHZ_window200kb.FarmCPUpeak_info	window200kb	LOC_Os08g42340			expressed protein	Y	Y	Y	46	pipeline_score=36; farm_logP=12.62; max_variant=25; supported_by_both_modes; recommendation_score=46
QTL22	Chr8-26722895	12.62	*	LOC_Os08g42350	8:26725898-26728795	5	10	*	6.0	0.0	18.0	5.0	*	39.0	RAP_Step2_HNHZ_window200kb.FarmCPUpeak_info	window200kb	LOC_Os08g42350	Os8N3|OsSWEET11|xa13	xoo ; anther; bacterial blight; blast; blight; blight disease; breeding; defense; development; disease; disease resistance; grain; grain filling; grain weight; grain-filling; growth; pericarp; pollen; pollen development; resistance; resistant; sheath; starch; sucrose; sugar; transporter; yield	nodulin MtN3 family protein, putative, expressed	N	Y	Y	54	pipeline_score=39; farm_logP=12.62; max_variant=10; supported_by_both_modes; symbol=Os8N3|OsSWEET11|xa13; keyword=xoo ; anther; bacterial blight; blast; blight; blight disease; breeding; defense; development; disease; disease resistance; grain; grain filling; grain weight; grain-filling; growth; pericarp; pollen; pollen development; resistance; resistant; sheath; starch; sucrose; sugar; transporter; yield; recommendation_score=54
QTL22	Chr8-26722895	12.62	*	LOC_Os08g42360	8:26740932-26742478	20	25	10	6.0	5.0	0.0	0.0	*	36.0	RAP_Step2_HNHZ_window200kb.FarmCPUpeak_info	window200kb	LOC_Os08g42360			hypothetical protein	N	N	Y	46	pipeline_score=36; farm_logP=12.62; max_variant=25; supported_by_both_modes; recommendation_score=46
QTL22	Chr8-26722895	12.62	*	LOC_Os08g42370	8:26744794-26748485	20	10	*	6.0	0.0	0.0	15.0	*	41.0	RAP_Step2_HNHZ_window200kb.FarmCPUpeak_info	window200kb	LOC_Os08g42370			zinc finger DHHC domain-containing protein, putative, expressed	N	Y	Y	51	pipeline_score=41; farm_logP=12.62; max_variant=20; supported_by_both_modes; recommendation_score=51
QTL22	Chr8-26722895	12.62	*	Os08g0535501	8:26745213-26745768	20	10	10	6.0	0.0	0.0	5.0	*	31.0	RAP_Step2_HNHZ_window200kb.FarmCPUpeak_info	window200kb	Os08g0535501							41	pipeline_score=31; farm_logP=12.62; max_variant=20; supported_by_both_modes; recommendation_score=41
QTL22	Chr8-26722895	12.62	*	LOC_Os08g42380	8:26749936-26751013	5	*	*	6.0	0.0	0.0	10.0	*	21.0	RAP_Step2_HNHZ_window200kb.FarmCPUpeak_info	window200kb	LOC_Os08g42380			mitochondrial import inner membrane translocase subunit Tim, putative, expressed	N	Y	Y	26	pipeline_score=21; farm_logP=12.62; max_variant=5; supported_by_both_modes; recommendation_score=26
QTL22	Chr8-26722895	12.62	*	LOC_Os08g42390	8:26751370-26754564	20	5	*	6.0	0.0	0.0	18.0	*	44.0	RAP_Step2_HNHZ_window200kb.FarmCPUpeak_info	window200kb	LOC_Os08g42390			glycerophosphoryl diester phosphodiesterase family protein, putative, expressed	N	Y	Y	54	pipeline_score=44; farm_logP=12.62; max_variant=20; supported_by_both_modes; recommendation_score=54
QTL22	Chr8-26722895	12.62	*	Os08g0535750	8:26756342-26756825	*	1	*	6.0	0.0	0.0	5.0	*	12.0	RAP_Step2_HNHZ_window200kb.FarmCPUpeak_info	window200kb	Os08g0535750							17	pipeline_score=12; farm_logP=12.62; max_variant=1; supported_by_both_modes; recommendation_score=17
QTL22	Chr8-26722895	12.62	*	LOC_Os08g42400	8:26766816-26770345	20	10	15	6.0	0.0	0.0	18.0	*	44.0	RAP_Step2_HNHZ_window200kb.FarmCPUpeak_info	window200kb	LOC_Os08g42400			no apical meristem protein, putative, expressed	N	Y	Y	54	pipeline_score=44; farm_logP=12.62; max_variant=20; supported_by_both_modes; recommendation_score=54
QTL22	Chr8-26722895	12.62	*	Os08g0535900	8:26769337-26769904	20	25	*	6.0	0.0	0.0	15.0	*	46.0	RAP_Step2_HNHZ_window200kb.FarmCPUpeak_info	window200kb	Os08g0535900							56	pipeline_score=46; farm_logP=12.62; max_variant=25; supported_by_both_modes; recommendation_score=56
QTL22	Chr8-26722895	12.62	*	LOC_Os08g42410	8:26777982-26783299	10	10	10	6.0	0.0	0.0	15.0	*	31.0	RAP_Step2_HNHZ_window200kb.FarmCPUpeak_info	window200kb	LOC_Os08g42410			transketolase, putative, expressed	N	Y	Y	39	pipeline_score=31; farm_logP=12.62; max_variant=10; supported_by_both_modes; recommendation_score=39
QTL22	Chr8-26722895	12.62	*	LOC_Os08g42420	8:26785461-26791067	20	10	*	6.0	0.0	0.0	15.0	*	41.0	RAP_Step2_HNHZ_window200kb.FarmCPUpeak_info	window200kb	LOC_Os08g42420			expressed protein	N	Y	Y	51	pipeline_score=41; farm_logP=12.62; max_variant=20; supported_by_both_modes; recommendation_score=51
QTL22	Chr8-26722895	12.62	*	Os08g0536150	8:26786846-26790855	20	10	*	6.0	0.0	0.0	10.0	*	36.0	RAP_Step2_HNHZ_window200kb.FarmCPUpeak_info	window200kb	Os08g0536150							46	pipeline_score=36; farm_logP=12.62; max_variant=20; supported_by_both_modes; recommendation_score=46
QTL22	Chr8-26722895	12.62	*	LOC_Os08g42430	8:26791839-26792523	18	10	*	6.0	0.0	0.0	10.0	*	34.0	RAP_Step2_HNHZ_window200kb.FarmCPUpeak_info	window200kb	LOC_Os08g42430			membrane associated DUF588 domain containing protein, putative, expressed	N	Y	Y	42	pipeline_score=34; farm_logP=12.62; max_variant=18; supported_by_both_modes; recommendation_score=42
QTL22	Chr8-26722895	12.62	*	LOC_Os08g42440	8:26792824-26797181	15	5	10	6.0	0.0	23.0	5.0	*	49.0	RAP_Step2_HNHZ_window200kb.FarmCPUpeak_info	window200kb	LOC_Os08g42440	OsCOL15	floral; grain; grain number; heading date; height; nucleus; plant height	CCT/B-box zinc finger protein, putative, expressed	N	Y	Y	64	pipeline_score=49; farm_logP=12.62; max_variant=15; supported_by_both_modes; symbol=OsCOL15; keyword=floral; grain; grain number; heading date; height; nucleus; plant height; recommendation_score=64
QTL22	Chr8-26722895	12.62	*	Os08g0536333	8:26802303-26802717	*	1	*	6.0	0.0	0.0	0.0	*	7.0	RAP_Step2_HNHZ_window200kb.FarmCPUpeak_info	window200kb	Os08g0536333							12	pipeline_score=7; farm_logP=12.62; max_variant=1; supported_by_both_modes; recommendation_score=12
QTL22	Chr8-26722895	12.62	*	Os08g0536341	8:26803111-26803286	*	*	*	6.0	0.0	0.0	5.0	*	11.0	RAP_Step2_HNHZ_window200kb.FarmCPUpeak_info	window200kb	Os08g0536341							16	pipeline_score=11; farm_logP=12.62; supported_by_both_modes; recommendation_score=16
QTL22	Chr8-26722895	12.62	*	Os08g0536350	8:26807207-26808282	*	25	0	6.0	0.0	0.0	5.0	*	36.0	RAP_Step2_HNHZ_window200kb.FarmCPUpeak_info	window200kb	Os08g0536350							46	pipeline_score=36; farm_logP=12.62; max_variant=25; supported_by_both_modes; recommendation_score=46
QTL22	Chr8-26722895	12.62	*	Os08g0536358	8:26813837-26814065	*	1	*	6.0	0.0	0.0	0.0	*	7.0	RAP_Step2_HNHZ_window200kb.FarmCPUpeak_info	window200kb	Os08g0536358							12	pipeline_score=7; farm_logP=12.62; max_variant=1; supported_by_both_modes; recommendation_score=12
QTL22	Chr8-26722895	12.62	*	Os08g0536366	8:26817267-26817630	*	*	*	6.0	0.0	0.0	0.0	*	6.0	RAP_Step2_HNHZ_window200kb.FarmCPUpeak_info	window200kb	Os08g0536366							11	pipeline_score=6; farm_logP=12.62; supported_by_both_modes; recommendation_score=11
QTL22	Chr8-26722895	12.62	*	Os08g0536383	8:26817443-26817646	*	*	*	6.0	0.0	0.0	0.0	*	6.0	RAP_Step2_HNHZ_window200kb.FarmCPUpeak_info	window200kb	Os08g0536383							11	pipeline_score=6; farm_logP=12.62; supported_by_both_modes; recommendation_score=11
QTL22	Chr8-26722895	12.62	*	LOC_Os08g42450	8:26820013-26822167	5	10	*	6.0	0.0	0.0	15.0	*	31.0	RAP_Step2_HNHZ_window200kb.FarmCPUpeak_info	window200kb	LOC_Os08g42450			annexin A7, putative, expressed	N	Y	Y	39	pipeline_score=31; farm_logP=12.62; max_variant=10; supported_by_both_modes; recommendation_score=39
QTL22	Chr8-26722895	12.62	*	LOC_Os08g42460	8:26829760-26830525	25	25	25	6.0	5.0	0.0	0.0	*	36.0	RAP_Step2_HNHZ_window200kb.FarmCPUpeak_info	window200kb	LOC_Os08g42460			expressed protein	N	Y	Y	46	pipeline_score=36; farm_logP=12.62; max_variant=25; supported_by_both_modes; recommendation_score=46
QTL22	Chr8-26722895	12.62	*	LOC_Os08g42470	8:26841064-26843299	20	10	0	6.0	5.0	0.0	5.0	*	36.0	RAP_Step2_HNHZ_window200kb.FarmCPUpeak_info	window200kb	LOC_Os08g42470			BEE 1, putative, expressed	N	Y	Y	46	pipeline_score=36; farm_logP=12.62; max_variant=20; supported_by_both_modes; recommendation_score=46
QTL22	Chr8-26722895	12.62	*	Os08g0537002	8:26852059-26857339	25	25	15	6.0	0.0	0.0	15.0	*	46.0	RAP_Step2_HNHZ_window200kb.FarmCPUpeak_info	window200kb	Os08g0537002							56	pipeline_score=46; farm_logP=12.62; max_variant=25; supported_by_both_modes; recommendation_score=56
QTL22	Chr8-26722895	12.62	*	LOC_Os08g42480	8:26852212-26853043	5	10	25	6.0	5.0	0.0	20.0	*	56.0	RAP_Step2_HNHZ_window200kb.FarmCPUpeak_info	window200kb	LOC_Os08g42480			expressed protein	N	Y	Y	66	pipeline_score=56; farm_logP=12.62; max_variant=25; supported_by_both_modes; recommendation_score=66
QTL22	Chr8-26722895	12.62	*	LOC_Os08g42490	8:26861856-26862848	20	25	25	6.0	5.0	0.0	0.0	*	36.0	RAP_Step2_HNHZ_window200kb.FarmCPUpeak_info	window200kb	LOC_Os08g42490			DC1 domain containing protein, expressed	N	Y	Y	46	pipeline_score=36; farm_logP=12.62; max_variant=25; supported_by_both_modes; recommendation_score=46
QTL22	Chr8-26722895	12.62	*	LOC_Os08g42500	8:26863390-26865374	25	25	25	6.0	5.0	0.0	0.0	*	36.0	RAP_Step2_HNHZ_window200kb.FarmCPUpeak_info	window200kb	LOC_Os08g42500			retrotransposon protein, putative, Ty1-copia subclass	Y	N	Y	46	pipeline_score=36; farm_logP=12.62; max_variant=25; supported_by_both_modes; recommendation_score=46
QTL22	Chr8-26722895	12.62	*	LOC_Os08g42510	8:26865919-26866395	20	25	15	6.0	5.0	0.0	0.0	*	36.0	RAP_Step2_HNHZ_window200kb.FarmCPUpeak_info	window200kb	LOC_Os08g42510			expressed protein	N	Y	Y	46	pipeline_score=36; farm_logP=12.62; max_variant=25; supported_by_both_modes; recommendation_score=46
QTL22	Chr8-26722895	12.62	*	LOC_Os08g42520	8:26867882-26870053	25	25	25	6.0	0.0	0.0	5.0	*	36.0	RAP_Step2_HNHZ_window200kb.FarmCPUpeak_info	window200kb	LOC_Os08g42520			expressed protein	N	Y	Y	46	pipeline_score=36; farm_logP=12.62; max_variant=25; supported_by_both_modes; recommendation_score=46
QTL22	Chr8-26722895	12.62	*	LOC_Os08g42530	8:26871277-26879986	20	10	20	6.0	0.0	0.0	10.0	*	36.0	RAP_Step2_HNHZ_window200kb.FarmCPUpeak_info	window200kb	LOC_Os08g42530			SFC, putative, expressed	N	Y	Y	46	pipeline_score=36; farm_logP=12.62; max_variant=20; supported_by_both_modes; recommendation_score=46
QTL22	Chr8-26722895	12.62	*	LOC_Os08g42540	8:26882955-26887363	15	10	*	6.0	0.0	0.0	10.0	*	31.0	RAP_Step2_HNHZ_window200kb.FarmCPUpeak_info	window200kb	LOC_Os08g42540	GWC1|OsOTUB1|WTG1	architecture; chalkiness; cytoplasm; endosperm; grain; grain number; grain quality; grain size; grain weight; grain yield; nucleus; quality; starch; starch biosynthesis; sucrose; tiller; tiller number; transcription factor; yield	ubiquitin thioesterase otubain-like, putative, expressed	N	Y	Y	46	pipeline_score=31; farm_logP=12.62; max_variant=15; supported_by_both_modes; symbol=GWC1|OsOTUB1|WTG1; keyword=architecture; chalkiness; cytoplasm; endosperm; grain; grain number; grain quality; grain size; grain weight; grain yield; nucleus; quality; starch; starch biosynthesis; sucrose; tiller; tiller number; transcription factor; yield; recommendation_score=46
QTL22	Chr8-26722895	12.62	*	LOC_Os08g42550	8:26887813-26895503	20	25	*	6.0	0.0	0.0	10.0	*	41.0	RAP_Step2_HNHZ_window200kb.FarmCPUpeak_info	window200kb	LOC_Os08g42550			AP2 domain containing protein, expressed	N	Y	Y	51	pipeline_score=41; farm_logP=12.62; max_variant=25; supported_by_both_modes; recommendation_score=51
QTL22	Chr8-26722895	12.62	*	LOC_Os08g42560	8:26900336-26904634	5	10	20	6.0	0.0	0.0	10.0	*	36.0	RAP_Step2_HNHZ_window200kb.FarmCPUpeak_info	window200kb	LOC_Os08g42560			tRNA synthetase class II core domain containing protein, expressed	N	Y	Y	46	pipeline_score=36; farm_logP=12.62; max_variant=20; supported_by_both_modes; recommendation_score=46
QTL22	Chr8-26722895	12.62	*	LOC_Os08g42570	8:26904987-26906611	20	10	25	6.0	5.0	0.0	20.0	*	56.0	RAP_Step2_HNHZ_window200kb.FarmCPUpeak_info	window200kb	LOC_Os08g42570			plant protein of unknown function domain containing protein, expressed	N	Y	Y	66	pipeline_score=56; farm_logP=12.62; max_variant=25; supported_by_both_modes; recommendation_score=66
QTL22	Chr8-26722895	12.62	*	Os08g0538100	8:26905207-26906508	20	10	10	6.0	0.0	0.0	5.0	*	31.0	RAP_Step2_HNHZ_window200kb.FarmCPUpeak_info	window200kb	Os08g0538100							41	pipeline_score=31; farm_logP=12.62; max_variant=20; supported_by_both_modes; recommendation_score=41
QTL22	Chr8-26722895	12.62	*	LOC_Os08g42580	8:26908834-26913629	5	10	20	6.0	0.0	0.0	18.0	*	44.0	RAP_Step2_HNHZ_window200kb.FarmCPUpeak_info	window200kb	LOC_Os08g42580	OsCERK1	Kinase; blast; blast resistance; calcium; cell wall; chitin elicitor signaling pathway; chitin signaling; defense; defense response; epidermis; immune response; immunity; immunity signalling; innate immunity; magnaporthe oryzae; peptidoglycan and chitin signaling; peptidoglycan signaling; phosphorus; plasma membrane; reactive oxygen species; receptor kinase; resistance; root; stress; symbiosis; tolerance	protein kinase domain containing protein, expressed	N	Y	Y	61	pipeline_score=44; farm_logP=12.62; max_variant=20; supported_by_both_modes; symbol=OsCERK1; keyword=Kinase; blast; blast resistance; calcium; cell wall; chitin elicitor signaling pathway; chitin signaling; defense; defense response; epidermis; immune response; immunity; immunity signalling; innate immunity; magnaporthe oryzae; peptidoglycan and chitin signaling; peptidoglycan signaling; phosphorus; plasma membrane; reactive oxygen species; receptor kinase; resistance; root; stress; symbiosis; tolerance; recommendation_score=61
QTL22	Chr8-26722895	12.62	*	LOC_Os08g42590	8:26918194-26921575	20	10	15	6.0	0.0	0.0	18.0	*	44.0	RAP_Step2_HNHZ_window200kb.FarmCPUpeak_info	window200kb	LOC_Os08g42590			mtN19, putative, expressed	N	Y	Y	54	pipeline_score=44; farm_logP=12.62; max_variant=20; supported_by_both_modes; recommendation_score=54
QTL22	Chr8-26722895	12.62	*	LOC_Os08g42600	8:26922194-26928338	20	10	10	6.0	0.0	0.0	5.0	*	31.0	RAP_Step2_HNHZ_window200kb.FarmCPUpeak_info	window200kb	LOC_Os08g42600	OsRBR1	Kinase	retinoblastoma-related protein-like, putative, expressed	N	Y	Y	48	pipeline_score=31; farm_logP=12.62; max_variant=20; supported_by_both_modes; symbol=OsRBR1; keyword=Kinase; recommendation_score=48
QTL23	Chr9-9378092	11.72	*	LOC_Os09g15120	9:9176902-9179869	20	5	25	6.0	0.0	0.0	0.0	*	31.0	RAP_Step2_HNHZ_window200kb.FarmCPUpeak_info	window200kb	LOC_Os09g15120			retrotransposon protein, putative, Ty3-gypsy subclass, expressed	Y	Y	Y	41	pipeline_score=31; farm_logP=11.72; max_variant=25; supported_by_both_modes; recommendation_score=41
QTL23	Chr9-9378092	11.72	*	LOC_Os09g15130	9:9180361-9182567	15	*	25	6.0	0.0	0.0	0.0	*	31.0	RAP_Step2_HNHZ_window200kb.FarmCPUpeak_info	window200kb	LOC_Os09g15130			retrotransposon protein, putative, Ty3-gypsy subclass, expressed	Y	Y	Y	41	pipeline_score=31; farm_logP=11.72; max_variant=25; supported_by_both_modes; recommendation_score=41
QTL23	Chr9-9378092	11.72	*	LOC_Os09g15140	9:9183379-9186303	20	25	25	6.0	0.0	0.0	0.0	*	31.0	RAP_Step2_HNHZ_window200kb.FarmCPUpeak_info	window200kb	LOC_Os09g15140			retrotransposon protein, putative, unclassified, expressed	Y	Y	Y	41	pipeline_score=31; farm_logP=11.72; max_variant=25; supported_by_both_modes; recommendation_score=41
QTL23	Chr9-9378092	11.72	*	LOC_Os09g15150	9:9198452-9198768	20	5	*	6.0	0.0	0.0	0.0	*	26.0	RAP_Step2_HNHZ_window200kb.FarmCPUpeak_info	window200kb	LOC_Os09g15150			expressed protein	N	Y	Y	36	pipeline_score=26; farm_logP=11.72; max_variant=20; supported_by_both_modes; recommendation_score=36
QTL23	Chr9-9378092	11.72	*	LOC_Os09g15160	9:9202210-9204453	25	5	*	6.0	0.0	0.0	0.0	*	31.0	RAP_Step2_HNHZ_window200kb.FarmCPUpeak_info	window200kb	LOC_Os09g15160			retrotransposon protein, putative, unclassified	Y	N	Y	41	pipeline_score=31; farm_logP=11.72; max_variant=25; supported_by_both_modes; recommendation_score=41
QTL23	Chr9-9378092	11.72	*	LOC_Os09g15170	9:9206558-9211740	5	10	*	6.0	0.0	0.0	15.0	*	31.0	RAP_Step2_HNHZ_window200kb.FarmCPUpeak_info	window200kb	LOC_Os09g15170			nucleobase-ascorbate transporter, putative, expressed	N	Y	Y	39	pipeline_score=31; farm_logP=11.72; max_variant=10; supported_by_both_modes; recommendation_score=39
QTL23	Chr9-9378092	11.72	*	Os09g0320201	9:9207264-9211576	5	5	0	6.0	0.0	0.0	5.0	*	16.0	RAP_Step2_HNHZ_window200kb.FarmCPUpeak_info	window200kb	Os09g0320201							21	pipeline_score=16; farm_logP=11.72; max_variant=5; supported_by_both_modes; recommendation_score=21
QTL23	Chr9-9378092	11.72	*	LOC_Os09g15180	9:9215023-9219388	25	25	25	6.0	0.0	0.0	5.0	*	36.0	RAP_Step2_HNHZ_window200kb.FarmCPUpeak_info	window200kb	LOC_Os09g15180			transposon protein, putative, unclassified, expressed	Y	Y	Y	46	pipeline_score=36; farm_logP=11.72; max_variant=25; supported_by_both_modes; recommendation_score=46
QTL23	Chr9-9378092	11.72	*	LOC_Os09g15190	9:9220535-9221635	25	25	5	6.0	5.0	0.0	0.0	*	36.0	RAP_Step2_HNHZ_window200kb.FarmCPUpeak_info	window200kb	LOC_Os09g15190			expressed protein	N	Y	Y	46	pipeline_score=36; farm_logP=11.72; max_variant=25; supported_by_both_modes; recommendation_score=46
QTL23	Chr9-9378092	11.72	*	LOC_Os09g15200	9:9228998-9231566	25	25	10	6.0	0.0	0.0	5.0	*	36.0	RAP_Step2_HNHZ_window200kb.FarmCPUpeak_info	window200kb	LOC_Os09g15200			ankyrin repeat family protein, putative, expressed	N	Y	Y	46	pipeline_score=36; farm_logP=11.72; max_variant=25; supported_by_both_modes; recommendation_score=46
QTL23	Chr9-9378092	11.72	*	LOC_Os09g15210	9:9233699-9234598	25	5	*	6.0	0.0	0.0	0.0	*	31.0	RAP_Step2_HNHZ_window200kb.FarmCPUpeak_info	window200kb	LOC_Os09g15210			retrotransposon protein, putative, unclassified, expressed	Y	Y	Y	41	pipeline_score=31; farm_logP=11.72; max_variant=25; supported_by_both_modes; recommendation_score=41
QTL23	Chr9-9378092	11.72	*	LOC_Os09g15220	9:9238165-9243849	25	25	25	6.0	0.0	0.0	5.0	*	36.0	RAP_Step2_HNHZ_window200kb.FarmCPUpeak_info	window200kb	LOC_Os09g15220			retrotransposon protein, putative, unclassified, expressed	Y	Y	Y	46	pipeline_score=36; farm_logP=11.72; max_variant=25; supported_by_both_modes; recommendation_score=46
QTL23	Chr9-9378092	11.72	*	LOC_Os09g15230	9:9245915-9246868	25	25	15	6.0	5.0	0.0	5.0	*	41.0	RAP_Step2_HNHZ_window200kb.FarmCPUpeak_info	window200kb	LOC_Os09g15230			expressed protein	N	Y	Y	51	pipeline_score=41; farm_logP=11.72; max_variant=25; supported_by_both_modes; recommendation_score=51
QTL23	Chr9-9378092	11.72	*	Os09g0321150	9:9248976-9249042	*	*	*	6.0	0.0	0.0	0.0	*	6.0	RAP_Step2_HNHZ_window200kb.FarmCPUpeak_info	window200kb	Os09g0321150							11	pipeline_score=6; farm_logP=11.72; supported_by_both_modes; recommendation_score=11
QTL23	Chr9-9378092	11.72	*	LOC_Os09g15240	9:9251214-9255028	5	10	20	6.0	0.0	0.0	5.0	*	31.0	RAP_Step2_HNHZ_window200kb.FarmCPUpeak_info	window200kb	LOC_Os09g15240	OsZAS	AM colonization; AM symbiosis; plant growth; symbiosis	carotenoid cleavage dioxygenase, putative, expressed	N	Y	Y	48	pipeline_score=31; farm_logP=11.72; max_variant=20; supported_by_both_modes; symbol=OsZAS; keyword=AM colonization; AM symbiosis; plant growth; symbiosis; recommendation_score=48
QTL23	Chr9-9378092	11.72	*	LOC_Os09g15250	9:9264206-9269416	25	25	25	6.0	0.0	0.0	15.0	*	46.0	RAP_Step2_HNHZ_window200kb.FarmCPUpeak_info	window200kb	LOC_Os09g15250			retrotransposon protein, putative, unclassified, expressed	Y	Y	Y	56	pipeline_score=46; farm_logP=11.72; max_variant=25; supported_by_both_modes; recommendation_score=56
QTL23	Chr9-9378092	11.72	*	LOC_Os09g15260	9:9283477-9284036	25	25	25	6.0	5.0	0.0	0.0	*	36.0	RAP_Step2_HNHZ_window200kb.FarmCPUpeak_info	window200kb	LOC_Os09g15260			hypothetical protein	N	N	Y	46	pipeline_score=36; farm_logP=11.72; max_variant=25; supported_by_both_modes; recommendation_score=46
QTL23	Chr9-9378092	11.72	*	LOC_Os09g15270	9:9309122-9314851	25	25	25	6.0	0.0	0.0	0.0	*	31.0	RAP_Step2_HNHZ_window200kb.FarmCPUpeak_info	window200kb	LOC_Os09g15270			retrotransposon protein, putative, unclassified, expressed	Y	Y	Y	41	pipeline_score=31; farm_logP=11.72; max_variant=25; supported_by_both_modes; recommendation_score=41
QTL23	Chr9-9378092	11.72	*	LOC_Os09g15280	9:9315702-9316655	25	25	5	6.0	0.0	0.0	0.0	*	31.0	RAP_Step2_HNHZ_window200kb.FarmCPUpeak_info	window200kb	LOC_Os09g15280			retrotransposon protein, putative, unclassified, expressed	Y	Y	Y	41	pipeline_score=31; farm_logP=11.72; max_variant=25; supported_by_both_modes; recommendation_score=41
QTL23	Chr9-9378092	11.72	*	LOC_Os09g15284	9:9319983-9322013	20	10	*	6.0	0.0	0.0	10.0	*	36.0	RAP_Step2_HNHZ_window200kb.FarmCPUpeak_info	window200kb	LOC_Os09g15284			expressed protein	N	Y	Y	46	pipeline_score=36; farm_logP=11.72; max_variant=20; supported_by_both_modes; recommendation_score=46
QTL23	Chr9-9378092	11.72	*	LOC_Os09g15290	9:9322662-9322981	20	5	15	6.0	0.0	0.0	0.0	*	26.0	RAP_Step2_HNHZ_window200kb.FarmCPUpeak_info	window200kb	LOC_Os09g15290			expressed protein	N	Y	Y	36	pipeline_score=26; farm_logP=11.72; max_variant=20; supported_by_both_modes; recommendation_score=36
QTL23	Chr9-9378092	11.72	*	LOC_Os09g15300	9:9326004-9334888	25	25	25	6.0	0.0	0.0	0.0	*	31.0	RAP_Step2_HNHZ_window200kb.FarmCPUpeak_info	window200kb	LOC_Os09g15300			transposon protein, putative, CACTA, En/Spm sub-class, expressed	Y	Y	Y	41	pipeline_score=31; farm_logP=11.72; max_variant=25; supported_by_both_modes; recommendation_score=41
QTL23	Chr9-9378092	11.72	*	LOC_Os09g15310	9:9341115-9341720	20	5	*	6.0	0.0	0.0	0.0	*	26.0	RAP_Step2_HNHZ_window200kb.FarmCPUpeak_info	window200kb	LOC_Os09g15310			expressed protein	N	Y	Y	36	pipeline_score=26; farm_logP=11.72; max_variant=20; supported_by_both_modes; recommendation_score=36
QTL23	Chr9-9378092	11.72	*	LOC_Os09g15320	9:9357955-9362416	15	25	20	6.0	0.0	0.0	15.0	*	46.0	RAP_Step2_HNHZ_window200kb.FarmCPUpeak_info	window200kb	LOC_Os09g15320			ubiquitin-conjugating enzyme, putative, expressed	N	Y	Y	56	pipeline_score=46; farm_logP=11.72; max_variant=25; supported_by_both_modes; recommendation_score=56
QTL23	Chr9-9378092	11.72	*	LOC_Os09g15330	9:9366323-9370328	25	25	20	6.0	0.0	0.0	15.0	*	46.0	RAP_Step2_HNHZ_window200kb.FarmCPUpeak_info	window200kb	LOC_Os09g15330			transporter family protein, putative, expressed	N	Y	Y	56	pipeline_score=46; farm_logP=11.72; max_variant=25; supported_by_both_modes; recommendation_score=56
QTL23	Chr9-9378092	11.72	*	Os09g0322100	9:9366605-9368602	25	25	20	6.0	0.0	0.0	5.0	*	36.0	RAP_Step2_HNHZ_window200kb.FarmCPUpeak_info	window200kb	Os09g0322100							46	pipeline_score=36; farm_logP=11.72; max_variant=25; supported_by_both_modes; recommendation_score=46
QTL23	Chr9-9378092	11.72	*	LOC_Os09g15340	9:9379745-9383838	20	25	25	6.0	0.0	0.0	15.0	*	46.0	RAP_Step2_HNHZ_window200kb.FarmCPUpeak_info	window200kb	LOC_Os09g15340			hydrolase, NUDIX family, domain containing protein, expressed	N	Y	Y	56	pipeline_score=46; farm_logP=11.72; max_variant=25; supported_by_both_modes; recommendation_score=56
QTL23	Chr9-9378092	11.72	*	LOC_Os09g15350	9:9385267-9387636	*	5	25	6.0	0.0	0.0	10.0	*	41.0	RAP_Step2_HNHZ_window200kb.FarmCPUpeak_info	window200kb	LOC_Os09g15350			expressed protein	N	Y	Y	51	pipeline_score=41; farm_logP=11.72; max_variant=25; supported_by_both_modes; recommendation_score=51
QTL23	Chr9-9378092	11.72	*	LOC_Os09g15360	9:9389783-9391402	20	25	25	6.0	0.0	0.0	5.0	*	36.0	RAP_Step2_HNHZ_window200kb.FarmCPUpeak_info	window200kb	LOC_Os09g15360			hypothetical protein	N	N	Y	46	pipeline_score=36; farm_logP=11.72; max_variant=25; supported_by_both_modes; recommendation_score=46
QTL23	Chr9-9378092	11.72	*	LOC_Os09g15365	9:9397506-9397806	*	*	25	6.0	5.0	0.0	22.0	*	58.0	RAP_Step2_HNHZ_window200kb.FarmCPUpeak_info	window200kb	LOC_Os09g15365			hydrophobic protein, putative, expressed	N	Y	Y	68	pipeline_score=58; farm_logP=11.72; max_variant=25; supported_by_both_modes; recommendation_score=68
QTL23	Chr9-9378092	11.72	*	LOC_Os09g15370	9:9399112-9402432	*	*	25	6.0	0.0	0.0	18.0	*	49.0	RAP_Step2_HNHZ_window200kb.FarmCPUpeak_info	window200kb	LOC_Os09g15370			expressed protein	N	Y	Y	59	pipeline_score=49; farm_logP=11.72; max_variant=25; supported_by_both_modes; recommendation_score=59
QTL23	Chr9-9378092	11.72	*	LOC_Os09g15380	9:9405039-9410806	*	*	25	6.0	0.0	0.0	0.0	*	31.0	RAP_Step2_HNHZ_window200kb.FarmCPUpeak_info	window200kb	LOC_Os09g15380			retrotransposon protein, putative, unclassified, expressed	Y	Y	Y	41	pipeline_score=31; farm_logP=11.72; max_variant=25; supported_by_both_modes; recommendation_score=41
QTL23	Chr9-9378092	11.72	*	Os09g0322800	9:9417889-9422857	20	10	20	6.0	0.0	0.0	5.0	*	31.0	RAP_Step2_HNHZ_window200kb.FarmCPUpeak_info	window200kb	Os09g0322800							41	pipeline_score=31; farm_logP=11.72; max_variant=20; supported_by_both_modes; recommendation_score=41
QTL23	Chr9-9378092	11.72	*	LOC_Os09g15389	9:9420104-9425293	20	10	*	6.0	0.0	0.0	18.0	*	44.0	RAP_Step2_HNHZ_window200kb.FarmCPUpeak_info	window200kb	LOC_Os09g15389			expressed protein	N	Y	Y	54	pipeline_score=44; farm_logP=11.72; max_variant=20; supported_by_both_modes; recommendation_score=54
QTL23	Chr9-9378092	11.72	*	LOC_Os09g15400	9:9431093-9432666	20	25	25	6.0	0.0	0.0	5.0	*	36.0	RAP_Step2_HNHZ_window200kb.FarmCPUpeak_info	window200kb	LOC_Os09g15400			inositol monophosphatase family protein, putative, expressed	N	Y	Y	46	pipeline_score=36; farm_logP=11.72; max_variant=25; supported_by_both_modes; recommendation_score=46
QTL23	Chr9-9378092	11.72	*	LOC_Os09g15410	9:9434633-9435433	5	25	*	6.0	0.0	0.0	0.0	*	31.0	RAP_Step2_HNHZ_window200kb.FarmCPUpeak_info	window200kb	LOC_Os09g15410			retrotransposon protein, putative, unclassified	Y	N	Y	41	pipeline_score=31; farm_logP=11.72; max_variant=25; supported_by_both_modes; recommendation_score=41
QTL23	Chr9-9378092	11.72	*	LOC_Os09g15420	9:9437667-9442553	18	10	*	6.0	0.0	0.0	20.0	*	44.0	RAP_Step2_HNHZ_window200kb.FarmCPUpeak_info	window200kb	LOC_Os09g15420			NAD dependent epimerase/dehydratase family protein, putative, expressed	N	Y	Y	52	pipeline_score=44; farm_logP=11.72; max_variant=18; supported_by_both_modes; recommendation_score=52
QTL23	Chr9-9378092	11.72	*	LOC_Os09g15430	9:9444998-9449781	5	10	10	6.0	0.0	0.0	15.0	*	31.0	RAP_Step2_HNHZ_window200kb.FarmCPUpeak_info	window200kb	LOC_Os09g15430	OsHTAS	ABA; ABA biosynthesis; breeding; heat tolerance; seedling; stomatal; stress; temperature	zinc finger family protein, putative, expressed	N	Y	Y	46	pipeline_score=31; farm_logP=11.72; max_variant=10; supported_by_both_modes; symbol=OsHTAS; keyword=ABA; ABA biosynthesis; breeding; heat tolerance; seedling; stomatal; stress; temperature; recommendation_score=46
QTL23	Chr9-9378092	11.72	*	Os09g0323150	9:9445096-9448273	5	*	*	6.0	0.0	0.0	10.0	*	21.0	RAP_Step2_HNHZ_window200kb.FarmCPUpeak_info	window200kb	Os09g0323150							26	pipeline_score=21; farm_logP=11.72; max_variant=5; supported_by_both_modes; recommendation_score=26
QTL23	Chr9-9378092	11.72	*	LOC_Os09g15440	9:9452833-9454104	20	5	5	6.0	5.0	0.0	0.0	*	31.0	RAP_Step2_HNHZ_window200kb.FarmCPUpeak_info	window200kb	LOC_Os09g15440			OsFBX311 - F-box domain containing protein, expressed	N	Y	Y	41	pipeline_score=31; farm_logP=11.72; max_variant=20; supported_by_both_modes; recommendation_score=41
QTL23	Chr9-9378092	11.72	*	LOC_Os09g15460	9:9459302-9463946	25	25	25	6.0	0.0	0.0	0.0	*	31.0	RAP_Step2_HNHZ_window200kb.FarmCPUpeak_info	window200kb	LOC_Os09g15460			retrotransposon protein, putative, Ty3-gypsy subclass, expressed	Y	Y	Y	41	pipeline_score=31; farm_logP=11.72; max_variant=25; supported_by_both_modes; recommendation_score=41
QTL23	Chr9-9378092	11.72	*	LOC_Os09g15470	9:9465789-9471501	25	25	25	6.0	0.0	0.0	5.0	*	36.0	RAP_Step2_HNHZ_window200kb.FarmCPUpeak_info	window200kb	LOC_Os09g15470			retrotransposon protein, putative, Ty3-gypsy subclass, expressed	Y	Y	Y	46	pipeline_score=36; farm_logP=11.72; max_variant=25; supported_by_both_modes; recommendation_score=46
QTL23	Chr9-9378092	11.72	*	LOC_Os09g15480	9:9476395-9478845	5	10	*	6.0	0.0	0.0	5.0	*	21.0	RAP_Step2_HNHZ_window200kb.FarmCPUpeak_info	window200kb	LOC_Os09g15480			Ser/Thr-rich protein T10 in DGCR region, putative, expressed	N	Y	Y	29	pipeline_score=21; farm_logP=11.72; max_variant=10; supported_by_both_modes; recommendation_score=29
QTL23	Chr9-9378092	11.72	*	LOC_Os09g15490	9:9483799-9484516	20	25	5	6.0	5.0	0.0	0.0	*	36.0	RAP_Step2_HNHZ_window200kb.FarmCPUpeak_info	window200kb	LOC_Os09g15490			expressed protein	N	Y	Y	46	pipeline_score=36; farm_logP=11.72; max_variant=25; supported_by_both_modes; recommendation_score=46
QTL23	Chr9-9378092	11.72	*	LOC_Os09g15500	9:9486055-9487124	1	5	*	6.0	5.0	0.0	0.0	*	16.0	RAP_Step2_HNHZ_window200kb.FarmCPUpeak_info	window200kb	LOC_Os09g15500			peroxidase precursor, putative, expressed	N	Y	Y	21	pipeline_score=16; farm_logP=11.72; max_variant=5; supported_by_both_modes; recommendation_score=21
QTL23	Chr9-9378092	11.72	*	LOC_Os09g15510	9:9490521-9492544	20	10	0	6.0	5.0	0.0	0.0	*	31.0	RAP_Step2_HNHZ_window200kb.FarmCPUpeak_info	window200kb	LOC_Os09g15510			peroxidase precursor, putative, expressed	N	Y	Y	41	pipeline_score=31; farm_logP=11.72; max_variant=20; supported_by_both_modes; recommendation_score=41
QTL23	Chr9-9378092	11.72	*	LOC_Os09g15520	9:9496339-9497108	20	5	*	6.0	5.0	0.0	5.0	*	36.0	RAP_Step2_HNHZ_window200kb.FarmCPUpeak_info	window200kb	LOC_Os09g15520			oleosin, putative, expressed	N	Y	Y	46	pipeline_score=36; farm_logP=11.72; max_variant=20; supported_by_both_modes; recommendation_score=46
QTL23	Chr9-9378092	11.72	*	LOC_Os09g15530	9:9497191-9498539	5	*	*	6.0	5.0	0.0	0.0	*	16.0	RAP_Step2_HNHZ_window200kb.FarmCPUpeak_info	window200kb	LOC_Os09g15530			expressed protein	N	Y	Y	21	pipeline_score=16; farm_logP=11.72; max_variant=5; supported_by_both_modes; recommendation_score=21
QTL23	Chr9-9378092	11.72	*	LOC_Os09g15540	9:9498904-9500512	20	*	*	6.0	5.0	0.0	15.0	*	46.0	RAP_Step2_HNHZ_window200kb.FarmCPUpeak_info	window200kb	LOC_Os09g15540			OsFBX312 - F-box domain containing protein, expressed	N	Y	Y	56	pipeline_score=46; farm_logP=11.72; max_variant=20; supported_by_both_modes; recommendation_score=56
QTL23	Chr9-9378092	11.72	*	LOC_Os09g15550	9:9501347-9502871	5	25	0	6.0	5.0	0.0	0.0	*	36.0	RAP_Step2_HNHZ_window200kb.FarmCPUpeak_info	window200kb	LOC_Os09g15550			OsFBX313 - F-box domain containing protein, expressed	N	Y	Y	46	pipeline_score=36; farm_logP=11.72; max_variant=25; supported_by_both_modes; recommendation_score=46
QTL23	Chr9-9378092	11.72	*	LOC_Os09g15560	9:9505694-9507077	5	10	25	6.0	0.0	0.0	22.0	*	53.0	RAP_Step2_HNHZ_window200kb.FarmCPUpeak_info	window200kb	LOC_Os09g15560			OsFBX314 - F-box domain containing protein, expressed	N	Y	Y	63	pipeline_score=53; farm_logP=11.72; max_variant=25; supported_by_both_modes; recommendation_score=63
QTL23	Chr9-9378092	11.72	*	LOC_Os09g15570	9:9511314-9513125	20	25	25	6.0	5.0	0.0	10.0	*	46.0	RAP_Step2_HNHZ_window200kb.FarmCPUpeak_info	window200kb	LOC_Os09g15570			OsFBX315 - F-box domain containing protein, expressed	N	Y	Y	56	pipeline_score=46; farm_logP=11.72; max_variant=25; supported_by_both_modes; recommendation_score=56
QTL23	Chr9-9378092	11.72	*	Os09g0325100	9:9513257-9513815	25	5	*	6.0	0.0	0.0	5.0	*	36.0	RAP_Step2_HNHZ_window200kb.FarmCPUpeak_info	window200kb	Os09g0325100							46	pipeline_score=36; farm_logP=11.72; max_variant=25; supported_by_both_modes; recommendation_score=46
QTL23	Chr9-9378092	11.72	*	LOC_Os09g15580	9:9514236-9517347	20	5	20	6.0	0.0	0.0	10.0	*	36.0	RAP_Step2_HNHZ_window200kb.FarmCPUpeak_info	window200kb	LOC_Os09g15580			expressed protein	N	Y	Y	46	pipeline_score=36; farm_logP=11.72; max_variant=20; supported_by_both_modes; recommendation_score=46
QTL23	Chr9-9378092	11.72	*	LOC_Os09g15590	9:9518484-9524804	25	10	25	6.0	0.0	0.0	10.0	*	41.0	RAP_Step2_HNHZ_window200kb.FarmCPUpeak_info	window200kb	LOC_Os09g15590			OsFBX316 - F-box domain containing protein, expressed	N	Y	Y	51	pipeline_score=41; farm_logP=11.72; max_variant=25; supported_by_both_modes; recommendation_score=51
QTL23	Chr9-9378092	11.72	*	LOC_Os09g15600	9:9526905-9528945	20	25	25	6.0	0.0	0.0	0.0	*	31.0	RAP_Step2_HNHZ_window200kb.FarmCPUpeak_info	window200kb	LOC_Os09g15600			transposon protein, putative, unclassified, expressed	Y	Y	Y	41	pipeline_score=31; farm_logP=11.72; max_variant=25; supported_by_both_modes; recommendation_score=41
QTL23	Chr9-9378092	11.72	*	LOC_Os09g15610	9:9530693-9533618	25	25	25	6.0	0.0	0.0	0.0	*	31.0	RAP_Step2_HNHZ_window200kb.FarmCPUpeak_info	window200kb	LOC_Os09g15610			transposon protein, putative, CACTA, En/Spm sub-class	Y	N	Y	41	pipeline_score=31; farm_logP=11.72; max_variant=25; supported_by_both_modes; recommendation_score=41
QTL23	Chr9-9378092	11.72	*	LOC_Os09g15620	9:9533864-9535257	25	25	25	6.0	0.0	0.0	0.0	*	31.0	RAP_Step2_HNHZ_window200kb.FarmCPUpeak_info	window200kb	LOC_Os09g15620			transposon protein, putative, CACTA, En/Spm sub-class	Y	N	Y	41	pipeline_score=31; farm_logP=11.72; max_variant=25; supported_by_both_modes; recommendation_score=41
QTL23	Chr9-9378092	11.72	*	LOC_Os09g15630	9:9536283-9539505	25	25	25	6.0	0.0	0.0	5.0	*	36.0	RAP_Step2_HNHZ_window200kb.FarmCPUpeak_info	window200kb	LOC_Os09g15630			transposon protein, putative, CACTA, En/Spm sub-class, expressed	Y	Y	Y	46	pipeline_score=36; farm_logP=11.72; max_variant=25; supported_by_both_modes; recommendation_score=46
QTL23	Chr9-9378092	11.72	*	LOC_Os09g15639	9:9544294-9546480	20	10	25	6.0	0.0	0.0	15.0	*	46.0	RAP_Step2_HNHZ_window200kb.FarmCPUpeak_info	window200kb	LOC_Os09g15639			expressed protein	N	Y	Y	56	pipeline_score=46; farm_logP=11.72; max_variant=25; supported_by_both_modes; recommendation_score=56
QTL23	Chr9-9378092	11.72	*	LOC_Os09g15644	9:9546746-9547554	5	5	25	6.0	0.0	0.0	20.0	*	51.0	RAP_Step2_HNHZ_window200kb.FarmCPUpeak_info	window200kb	LOC_Os09g15644			expressed protein	N	Y	Y	61	pipeline_score=51; farm_logP=11.72; max_variant=25; supported_by_both_modes; recommendation_score=61
QTL23	Chr9-9378092	11.72	*	Os09g0325366	9:9549220-9550410	20	5	20	6.0	0.0	0.0	5.0	*	31.0	RAP_Step2_HNHZ_window200kb.FarmCPUpeak_info	window200kb	Os09g0325366							41	pipeline_score=31; farm_logP=11.72; max_variant=20; supported_by_both_modes; recommendation_score=41
QTL23	Chr9-9378092	11.72	*	LOC_Os09g15650	9:9550099-9551319	25	5	25	6.0	0.0	0.0	5.0	*	36.0	RAP_Step2_HNHZ_window200kb.FarmCPUpeak_info	window200kb	LOC_Os09g15650			expressed protein	N	Y	Y	46	pipeline_score=36; farm_logP=11.72; max_variant=25; supported_by_both_modes; recommendation_score=46
QTL23	Chr9-9378092	11.72	*	LOC_Os09g15660	9:9554911-9556218	25	25	15	6.0	0.0	0.0	5.0	*	36.0	RAP_Step2_HNHZ_window200kb.FarmCPUpeak_info	window200kb	LOC_Os09g15660			expressed protein	N	Y	Y	46	pipeline_score=36; farm_logP=11.72; max_variant=25; supported_by_both_modes; recommendation_score=46
QTL23	Chr9-9378092	11.72	*	LOC_Os09g15670	9:9567471-9568905	15	10	20	6.0	0.0	0.0	5.0	*	31.0	RAP_Step2_HNHZ_window200kb.FarmCPUpeak_info	window200kb	LOC_Os09g15670	OsPP108|OsPP2C68|OsSIPP2C1	ABA; abiotic stress; biotic stress; drought; drought stress; growth; panicle; root; salt; seed; seed germination; seedling; stress; stress tolerance; tolerance; transcription factor; water loss	protein phosphatase 2C, putative, expressed	N	Y	Y	48	pipeline_score=31; farm_logP=11.72; max_variant=20; supported_by_both_modes; symbol=OsPP108|OsPP2C68|OsSIPP2C1; keyword=ABA; abiotic stress; biotic stress; drought; drought stress; growth; panicle; root; salt; seed; seed germination; seedling; stress; stress tolerance; tolerance; transcription factor; water loss; recommendation_score=48
QTL23	Chr9-9378092	11.72	*	LOC_Os09g15680	9:9570653-9571655	20	10	*	6.0	0.0	0.0	10.0	*	36.0	RAP_Step2_HNHZ_window200kb.FarmCPUpeak_info	window200kb	LOC_Os09g15680			caltractin, putative, expressed	N	Y	Y	46	pipeline_score=36; farm_logP=11.72; max_variant=20; supported_by_both_modes; recommendation_score=46
QTL23	Chr9-9378092	11.72	*	LOC_Os09g15690	9:9573400-9573618	20	25	10	6.0	0.0	0.0	0.0	*	31.0	RAP_Step2_HNHZ_window200kb.FarmCPUpeak_info	window200kb	LOC_Os09g15690			conserved hypothetical protein	N	N	Y	41	pipeline_score=31; farm_logP=11.72; max_variant=25; supported_by_both_modes; recommendation_score=41
QTL23	Chr9-9378092	11.72	*	LOC_Os09g15700	9:9577650-9581099	20	10	20	6.0	0.0	0.0	5.0	*	31.0	RAP_Step2_HNHZ_window200kb.FarmCPUpeak_info	window200kb	LOC_Os09g15700			receptor-like protein kinase 5 precursor, putative, expressed	N	Y	Y	41	pipeline_score=31; farm_logP=11.72; max_variant=20; supported_by_both_modes; recommendation_score=41
QTL24	Chr9-14225532	11.09	*	LOC_Os09g23610	9:14025470-14026795	*	*	*	4.0	0.0	0.0	0.0	*	4.0	RAP_Step2_HNHZ_window200kb.FarmCPUpeak_info	window200kb	LOC_Os09g23610			hypothetical protein	N	N	Y	4	pipeline_score=4; farm_logP=11.09; recommendation_score=4
QTL24	Chr9-14225532	11.09	*	LOC_Os09g23620	9:14029432-14031004	15	5	*	4.0	5.0	0.0	22.0	*	46.0	RAP_Step2_HNHZ_window200kb.FarmCPUpeak_info	window200kb	LOC_Os09g23620			MYB family transcription factor, putative, expressed	N	Y	Y	49	pipeline_score=46; farm_logP=11.09; max_variant=15; recommendation_score=49
QTL24	Chr9-14225532	11.09	*	Os09g0401050	9:14030010-14030523	15	5	*	4.0	0.0	0.0	5.0	*	24.0	RAP_Step2_HNHZ_window200kb.FarmCPUpeak_info	window200kb	Os09g0401050							27	pipeline_score=24; farm_logP=11.09; max_variant=15; recommendation_score=27
QTL24	Chr9-14225532	11.09	*	LOC_Os09g23630	9:14039995-14040216	25	5	25	4.0	5.0	0.0	0.0	*	34.0	RAP_Step2_HNHZ_window200kb.FarmCPUpeak_info	window200kb	LOC_Os09g23630			expressed protein	N	Y	Y	39	pipeline_score=34; farm_logP=11.09; max_variant=25; recommendation_score=39
QTL24	Chr9-14225532	11.09	*	LOC_Os09g23640	9:14046754-14050424	5	10	*	4.0	0.0	0.0	15.0	*	29.0	RAP_Step2_HNHZ_window200kb.FarmCPUpeak_info	window200kb	LOC_Os09g23640	STR1	branching; growth; root; strigolactone; transporter	ABC-2 type transporter domain containing protein, expressed	N	Y	Y	39	pipeline_score=29; farm_logP=11.09; max_variant=10; symbol=STR1; keyword=branching; growth; root; strigolactone; transporter; recommendation_score=39
QTL24	Chr9-14225532	11.09	*	LOC_Os09g23650	9:14051156-14060145	20	25	25	4.0	0.0	0.0	15.0	*	44.0	RAP_Step2_HNHZ_window200kb.FarmCPUpeak_info	window200kb	LOC_Os09g23650			FAM10 family protein, putative, expressed	N	Y	Y	49	pipeline_score=44; farm_logP=11.09; max_variant=25; recommendation_score=49
QTL24	Chr9-14225532	11.09	*	LOC_Os09g23660	9:14055997-14060320	20	10	0	4.0	0.0	0.0	15.0	*	39.0	RAP_Step2_HNHZ_window200kb.FarmCPUpeak_info	window200kb	LOC_Os09g23660			ZIM motif family protein, expressed	N	Y	Y	44	pipeline_score=39; farm_logP=11.09; max_variant=20; recommendation_score=44
QTL24	Chr9-14225532	11.09	*	LOC_Os09g23670	9:14068611-14071737	25	25	25	4.0	0.0	0.0	0.0	*	29.0	RAP_Step2_HNHZ_window200kb.FarmCPUpeak_info	window200kb	LOC_Os09g23670			transposon protein, putative, unclassified, expressed	Y	Y	Y	34	pipeline_score=29; farm_logP=11.09; max_variant=25; recommendation_score=34
QTL24	Chr9-14225532	11.09	*	LOC_Os09g23680	9:14078034-14078378	25	10	*	4.0	0.0	0.0	0.0	*	29.0	RAP_Step2_HNHZ_window200kb.FarmCPUpeak_info	window200kb	LOC_Os09g23680			expressed protein	N	Y	Y	34	pipeline_score=29; farm_logP=11.09; max_variant=25; recommendation_score=34
QTL24	Chr9-14225532	11.09	*	LOC_Os09g23690	9:14083859-14087562	20	10	0	4.0	0.0	0.0	18.0	*	42.0	RAP_Step2_HNHZ_window200kb.FarmCPUpeak_info	window200kb	LOC_Os09g23690			UBX domain containing protein, expressed	N	Y	Y	47	pipeline_score=42; farm_logP=11.09; max_variant=20; recommendation_score=47
QTL24	Chr9-14225532	11.09	*	Os09g0401550	9:14083895-14087562	20	5	*	4.0	0.0	0.0	10.0	*	34.0	RAP_Step2_HNHZ_window200kb.FarmCPUpeak_info	window200kb	Os09g0401550							39	pipeline_score=34; farm_logP=11.09; max_variant=20; recommendation_score=39
QTL24	Chr9-14225532	11.09	*	LOC_Os09g23700	9:14088506-14089131	20	10	25	4.0	0.0	0.0	0.0	*	29.0	RAP_Step2_HNHZ_window200kb.FarmCPUpeak_info	window200kb	LOC_Os09g23700			hypothetical protein	N	N	Y	34	pipeline_score=29; farm_logP=11.09; max_variant=25; recommendation_score=34
QTL24	Chr9-14225532	11.09	*	LOC_Os09g23710	9:14092585-14093187	20	25	*	4.0	0.0	0.0	0.0	*	29.0	RAP_Step2_HNHZ_window200kb.FarmCPUpeak_info	window200kb	LOC_Os09g23710			expressed protein	N	Y	Y	34	pipeline_score=29; farm_logP=11.09; max_variant=25; recommendation_score=34
QTL24	Chr9-14225532	11.09	*	LOC_Os09g23720	9:14095779-14099966	5	10	*	4.0	0.0	0.0	5.0	*	19.0	RAP_Step2_HNHZ_window200kb.FarmCPUpeak_info	window200kb	LOC_Os09g23720			expressed protein	N	Y	Y	22	pipeline_score=19; farm_logP=11.09; max_variant=10; recommendation_score=22
QTL24	Chr9-14225532	11.09	*	LOC_Os09g23725	9:14102039-14103804	20	5	*	4.0	0.0	0.0	18.0	*	42.0	RAP_Step2_HNHZ_window200kb.FarmCPUpeak_info	window200kb	LOC_Os09g23725			expressed protein	N	Y	Y	47	pipeline_score=42; farm_logP=11.09; max_variant=20; recommendation_score=47
QTL24	Chr9-14225532	11.09	*	LOC_Os09g23730	9:14106177-14107337	5	10	*	4.0	0.0	0.0	10.0	*	24.0	RAP_Step2_HNHZ_window200kb.FarmCPUpeak_info	window200kb	LOC_Os09g23730	PF1	transcription factor	HMG-Y-related protein A, putative, expressed	N	Y	Y	34	pipeline_score=24; farm_logP=11.09; max_variant=10; symbol=PF1; keyword=transcription factor; recommendation_score=34
QTL24	Chr9-14225532	11.09	*	LOC_Os09g23740	9:14110003-14118239	20	10	5	4.0	0.0	0.0	15.0	*	39.0	RAP_Step2_HNHZ_window200kb.FarmCPUpeak_info	window200kb	LOC_Os09g23740			1-phosphatidylinositol-4-phosphate 5-kinase/ zinc ion binding protein, putative, expressed	N	Y	Y	44	pipeline_score=39; farm_logP=11.09; max_variant=20; recommendation_score=44
QTL24	Chr9-14225532	11.09	*	LOC_Os09g23750	9:14125907-14127183	20	10	5	4.0	0.0	0.0	5.0	*	29.0	RAP_Step2_HNHZ_window200kb.FarmCPUpeak_info	window200kb	LOC_Os09g23750			expressed protein	N	Y	Y	34	pipeline_score=29; farm_logP=11.09; max_variant=20; recommendation_score=34
QTL24	Chr9-14225532	11.09	*	Os09g0402533	9:14132793-14133166	20	5	20	4.0	0.0	10.0	0.0	*	34.0	RAP_Step2_HNHZ_window200kb.FarmCPUpeak_info	window200kb	Os09g0402533							39	pipeline_score=34; farm_logP=11.09; max_variant=20; recommendation_score=39
QTL24	Chr9-14225532	11.09	*	LOC_Os09g23760	9:14142915-14144376	20	5	25	4.0	5.0	0.0	5.0	*	39.0	RAP_Step2_HNHZ_window200kb.FarmCPUpeak_info	window200kb	LOC_Os09g23760			hypothetical protein	N	N	Y	44	pipeline_score=39; farm_logP=11.09; max_variant=25; recommendation_score=44
QTL24	Chr9-14225532	11.09	*	LOC_Os09g23770	9:14148020-14149493	25	10	*	4.0	0.0	0.0	22.0	*	51.0	RAP_Step2_HNHZ_window200kb.FarmCPUpeak_info	window200kb	LOC_Os09g23770			expressed protein	N	Y	Y	56	pipeline_score=51; farm_logP=11.09; max_variant=25; recommendation_score=56
QTL24	Chr9-14225532	11.09	*	LOC_Os09g23780	9:14153041-14154150	5	10	*	4.0	0.0	0.0	10.0	*	24.0	RAP_Step2_HNHZ_window200kb.FarmCPUpeak_info	window200kb	LOC_Os09g23780			expressed protein	N	Y	Y	27	pipeline_score=24; farm_logP=11.09; max_variant=10; recommendation_score=27
QTL24	Chr9-14225532	11.09	*	LOC_Os09g23790	9:14170612-14176767	25	25	25	4.0	0.0	0.0	5.0	*	34.0	RAP_Step2_HNHZ_window200kb.FarmCPUpeak_info	window200kb	LOC_Os09g23790			retrotransposon protein, putative, unclassified, expressed	Y	Y	Y	39	pipeline_score=34; farm_logP=11.09; max_variant=25; recommendation_score=39
QTL24	Chr9-14225532	11.09	*	LOC_Os09g23800	9:14177384-14180650	25	25	25	4.0	0.0	0.0	5.0	*	34.0	RAP_Step2_HNHZ_window200kb.FarmCPUpeak_info	window200kb	LOC_Os09g23800			retrotransposon protein, putative, unclassified	Y	N	Y	39	pipeline_score=34; farm_logP=11.09; max_variant=25; recommendation_score=39
QTL24	Chr9-14225532	11.09	*	LOC_Os09g23810	9:14188488-14190994	15	25	0	4.0	0.0	0.0	0.0	*	29.0	RAP_Step2_HNHZ_window200kb.FarmCPUpeak_info	window200kb	LOC_Os09g23810			retrotransposon protein, putative, unclassified	Y	N	Y	34	pipeline_score=29; farm_logP=11.09; max_variant=25; recommendation_score=34
QTL24	Chr9-14225532	11.09	*	LOC_Os09g23820	9:14194357-14196590	20	5	5	4.0	0.0	0.0	18.0	*	42.0	RAP_Step2_HNHZ_window200kb.FarmCPUpeak_info	window200kb	LOC_Os09g23820			cytochrome P450 72A1, putative, expressed	N	Y	Y	47	pipeline_score=42; farm_logP=11.09; max_variant=20; recommendation_score=47
QTL24	Chr9-14225532	11.09	*	LOC_Os09g23830	9:14204316-14206388	25	25	25	4.0	0.0	0.0	0.0	*	29.0	RAP_Step2_HNHZ_window200kb.FarmCPUpeak_info	window200kb	LOC_Os09g23830			transposon protein, putative, CACTA, En/Spm sub-class	Y	N	Y	34	pipeline_score=29; farm_logP=11.09; max_variant=25; recommendation_score=34
QTL24	Chr9-14225532	11.09	*	LOC_Os09g23840	9:14209347-14213496	25	25	25	4.0	0.0	0.0	0.0	*	29.0	RAP_Step2_HNHZ_window200kb.FarmCPUpeak_info	window200kb	LOC_Os09g23840			retrotransposon protein, putative, unclassified	Y	N	Y	34	pipeline_score=29; farm_logP=11.09; max_variant=25; recommendation_score=34
QTL24	Chr9-14225532	11.09	*	LOC_Os09g23850	9:14218623-14223962	25	25	25	4.0	0.0	0.0	0.0	*	29.0	RAP_Step2_HNHZ_window200kb.FarmCPUpeak_info	window200kb	LOC_Os09g23850			retrotransposon protein, putative, Ty3-gypsy subclass, expressed	Y	Y	Y	34	pipeline_score=29; farm_logP=11.09; max_variant=25; recommendation_score=34
QTL24	Chr9-14225532	11.09	*	LOC_Os09g23860	9:14226131-14229706	20	25	25	4.0	0.0	0.0	5.0	*	34.0	RAP_Step2_HNHZ_window200kb.FarmCPUpeak_info	window200kb	LOC_Os09g23860			retrotransposon protein, putative, Ty3-gypsy subclass, expressed	Y	Y	Y	39	pipeline_score=34; farm_logP=11.09; max_variant=25; recommendation_score=39
QTL24	Chr9-14225532	11.09	*	LOC_Os09g23870	9:14230943-14233418	25	25	25	4.0	0.0	0.0	0.0	*	29.0	RAP_Step2_HNHZ_window200kb.FarmCPUpeak_info	window200kb	LOC_Os09g23870			transposon protein, putative, CACTA, En/Spm sub-class	Y	N	Y	34	pipeline_score=29; farm_logP=11.09; max_variant=25; recommendation_score=34
QTL24	Chr9-14225532	11.09	*	LOC_Os09g23880	9:14239535-14242160	20	25	25	4.0	0.0	0.0	0.0	*	29.0	RAP_Step2_HNHZ_window200kb.FarmCPUpeak_info	window200kb	LOC_Os09g23880			transposon protein, putative, CACTA, En/Spm sub-class, expressed	Y	Y	Y	34	pipeline_score=29; farm_logP=11.09; max_variant=25; recommendation_score=34
QTL24	Chr9-14225532	11.09	*	LOC_Os09g23890	9:14242753-14243441	20	25	25	4.0	0.0	0.0	0.0	*	29.0	RAP_Step2_HNHZ_window200kb.FarmCPUpeak_info	window200kb	LOC_Os09g23890			hypothetical protein	N	N	Y	34	pipeline_score=29; farm_logP=11.09; max_variant=25; recommendation_score=34
QTL24	Chr9-14225532	11.09	*	LOC_Os09g23894	9:14251019-14252175	5	5	25	4.0	0.0	0.0	10.0	*	39.0	RAP_Step2_HNHZ_window200kb.FarmCPUpeak_info	window200kb	LOC_Os09g23894			expressed protein	N	Y	Y	44	pipeline_score=39; farm_logP=11.09; max_variant=25; recommendation_score=44
QTL24	Chr9-14225532	11.09	*	Os09g0404300	9:14256524-14257186	20	5	20	4.0	0.0	0.0	0.0	*	24.0	RAP_Step2_HNHZ_window200kb.FarmCPUpeak_info	window200kb	Os09g0404300							29	pipeline_score=24; farm_logP=11.09; max_variant=20; recommendation_score=29
QTL24	Chr9-14225532	11.09	*	LOC_Os09g23899	9:14258395-14259205	20	5	20	4.0	0.0	0.0	0.0	*	24.0	RAP_Step2_HNHZ_window200kb.FarmCPUpeak_info	window200kb	LOC_Os09g23899			pollen allergen Cyn d 23, putative, expressed	N	Y	Y	29	pipeline_score=24; farm_logP=11.09; max_variant=20; recommendation_score=29
QTL24	Chr9-14225532	11.09	*	LOC_Os09g23908	9:14258545-14259189	20	25	25	4.0	0.0	0.0	0.0	*	29.0	RAP_Step2_HNHZ_window200kb.FarmCPUpeak_info	window200kb	LOC_Os09g23908			pollen allergen Cyn d 23, putative, expressed	N	Y	Y	34	pipeline_score=29; farm_logP=11.09; max_variant=25; recommendation_score=34
QTL24	Chr9-14225532	11.09	*	LOC_Os09g23920	9:14263234-14269236	25	25	25	4.0	0.0	0.0	5.0	*	34.0	RAP_Step2_HNHZ_window200kb.FarmCPUpeak_info	window200kb	LOC_Os09g23920			retrotransposon protein, putative, Ty3-gypsy subclass, expressed	Y	Y	Y	39	pipeline_score=34; farm_logP=11.09; max_variant=25; recommendation_score=39
QTL24	Chr9-14225532	11.09	*	LOC_Os09g23930	9:14271172-14273232	20	25	25	4.0	0.0	0.0	5.0	*	34.0	RAP_Step2_HNHZ_window200kb.FarmCPUpeak_info	window200kb	LOC_Os09g23930			retrotransposon protein, putative, unclassified, expressed	Y	Y	Y	39	pipeline_score=34; farm_logP=11.09; max_variant=25; recommendation_score=39
QTL24	Chr9-14225532	11.09	*	Os09g0404600	9:14274651-14275313	20	5	20	4.0	0.0	0.0	0.0	*	24.0	RAP_Step2_HNHZ_window200kb.FarmCPUpeak_info	window200kb	Os09g0404600							29	pipeline_score=24; farm_logP=11.09; max_variant=20; recommendation_score=29
QTL24	Chr9-14225532	11.09	*	Os09g0404700	9:14276667-14277329	20	5	20	4.0	0.0	0.0	0.0	*	24.0	RAP_Step2_HNHZ_window200kb.FarmCPUpeak_info	window200kb	Os09g0404700							29	pipeline_score=24; farm_logP=11.09; max_variant=20; recommendation_score=29
QTL24	Chr9-14225532	11.09	*	LOC_Os09g23957	9:14278541-14279278	20	25	25	4.0	0.0	0.0	0.0	*	29.0	RAP_Step2_HNHZ_window200kb.FarmCPUpeak_info	window200kb	LOC_Os09g23957			pollen allergen Cyn d 23, putative, expressed	N	Y	Y	34	pipeline_score=29; farm_logP=11.09; max_variant=25; recommendation_score=34
QTL24	Chr9-14225532	11.09	*	LOC_Os09g23966	9:14280454-14281362	5	25	20	4.0	0.0	0.0	0.0	*	29.0	RAP_Step2_HNHZ_window200kb.FarmCPUpeak_info	window200kb	LOC_Os09g23966			pollen allergen Cyn d 23, putative, expressed	N	Y	Y	34	pipeline_score=29; farm_logP=11.09; max_variant=25; recommendation_score=34
QTL24	Chr9-14225532	11.09	*	LOC_Os09g23948	9:14280668-14281328	5	5	20	4.0	0.0	0.0	0.0	*	24.0	RAP_Step2_HNHZ_window200kb.FarmCPUpeak_info	window200kb	LOC_Os09g23948			pollen allergen Cyn d 23, putative, expressed	N	Y	Y	29	pipeline_score=24; farm_logP=11.09; max_variant=20; recommendation_score=29
QTL24	Chr9-14225532	11.09	*	LOC_Os09g23939	9:14280890-14281294	*	5	25	4.0	0.0	0.0	0.0	*	29.0	RAP_Step2_HNHZ_window200kb.FarmCPUpeak_info	window200kb	LOC_Os09g23939			pollen allergen Cyn d 23, putative	N	N	Y	34	pipeline_score=29; farm_logP=11.09; max_variant=25; recommendation_score=34
QTL24	Chr9-14225532	11.09	*	LOC_Os09g23980	9:14282720-14286770	25	25	25	4.0	0.0	0.0	0.0	*	29.0	RAP_Step2_HNHZ_window200kb.FarmCPUpeak_info	window200kb	LOC_Os09g23980			retrotransposon protein, putative, unclassified, expressed	Y	Y	Y	34	pipeline_score=29; farm_logP=11.09; max_variant=25; recommendation_score=34
QTL24	Chr9-14225532	11.09	*	LOC_Os09g23990	9:14289383-14291205	25	25	25	4.0	0.0	0.0	0.0	*	29.0	RAP_Step2_HNHZ_window200kb.FarmCPUpeak_info	window200kb	LOC_Os09g23990			retrotransposon protein, putative, unclassified	Y	N	Y	34	pipeline_score=29; farm_logP=11.09; max_variant=25; recommendation_score=34
QTL24	Chr9-14225532	11.09	*	LOC_Os09g23999	9:14294062-14294830	20	25	25	4.0	0.0	0.0	0.0	*	29.0	RAP_Step2_HNHZ_window200kb.FarmCPUpeak_info	window200kb	LOC_Os09g23999			pollen allergen Cyn d 23, putative, expressed	N	Y	Y	34	pipeline_score=29; farm_logP=11.09; max_variant=25; recommendation_score=34
QTL24	Chr9-14225532	11.09	*	Os09g0405300	9:14296097-14296832	20	25	20	4.0	0.0	0.0	0.0	*	29.0	RAP_Step2_HNHZ_window200kb.FarmCPUpeak_info	window200kb	Os09g0405300							34	pipeline_score=29; farm_logP=11.09; max_variant=25; recommendation_score=34
QTL24	Chr9-14225532	11.09	*	LOC_Os09g24020	9:14298008-14298822	25	25	25	4.0	0.0	0.0	5.0	*	34.0	RAP_Step2_HNHZ_window200kb.FarmCPUpeak_info	window200kb	LOC_Os09g24020			pollen allergen Cyn d 23, putative, expressed	N	Y	Y	39	pipeline_score=34; farm_logP=11.09; max_variant=25; recommendation_score=39
QTL24	Chr9-14225532	11.09	*	Os09g0405500	9:14300105-14300840	20	25	20	4.0	0.0	0.0	0.0	*	29.0	RAP_Step2_HNHZ_window200kb.FarmCPUpeak_info	window200kb	Os09g0405500							39	pipeline_score=29; farm_logP=11.09; max_variant=25; supported_by_both_modes; recommendation_score=39
QTL24	Chr9-14225532	11.09	*	LOC_Os09g24038	9:14302056-14302844	20	25	20	4.0	0.0	0.0	5.0	*	34.0	RAP_Step2_HNHZ_window200kb.FarmCPUpeak_info	window200kb	LOC_Os09g24038			pollen allergen Cyn d 23, putative, expressed	N	Y	Y	44	pipeline_score=34; farm_logP=11.09; max_variant=25; supported_by_both_modes; recommendation_score=44
QTL24	Chr9-14225532	11.09	*	LOC_Os09g24008	9:14302109-14302844	20	5	20	4.0	0.0	0.0	5.0	*	29.0	RAP_Step2_HNHZ_window200kb.FarmCPUpeak_info	window200kb	LOC_Os09g24008			pollen allergen Cyn d 23, putative, expressed	N	Y	Y	39	pipeline_score=29; farm_logP=11.09; max_variant=20; supported_by_both_modes; recommendation_score=39
QTL24	Chr9-14225532	11.09	*	LOC_Os09g24029	9:14302374-14302778	20	5	25	4.0	0.0	0.0	0.0	*	29.0	RAP_Step2_HNHZ_window200kb.FarmCPUpeak_info	window200kb	LOC_Os09g24029			pollen allergen Cyn d 23, putative	N	N	Y	39	pipeline_score=29; farm_logP=11.09; max_variant=25; supported_by_both_modes; recommendation_score=39
QTL24	Chr9-14225532	11.09	*	LOC_Os09g24050	9:14306514-14308956	25	5	25	4.0	0.0	0.0	0.0	*	29.0	RAP_Step2_HNHZ_window200kb.FarmCPUpeak_info	window200kb	LOC_Os09g24050			retrotransposon protein, putative, Ty3-gypsy subclass, expressed	Y	Y	Y	39	pipeline_score=29; farm_logP=11.09; max_variant=25; supported_by_both_modes; recommendation_score=39
QTL24	Chr9-14225532	11.09	*	LOC_Os09g24060	9:14310262-14312090	25	25	25	4.0	0.0	0.0	0.0	*	29.0	RAP_Step2_HNHZ_window200kb.FarmCPUpeak_info	window200kb	LOC_Os09g24060			retrotransposon protein, putative, Ty3-gypsy subclass, expressed	Y	Y	Y	39	pipeline_score=29; farm_logP=11.09; max_variant=25; supported_by_both_modes; recommendation_score=39
QTL24	Chr9-14225532	11.09	*	LOC_Os09g24070	9:14313840-14314286	25	25	25	4.0	0.0	0.0	0.0	*	29.0	RAP_Step2_HNHZ_window200kb.FarmCPUpeak_info	window200kb	LOC_Os09g24070			retrotransposon protein, putative, Ty3-gypsy subclass	Y	N	Y	39	pipeline_score=29; farm_logP=11.09; max_variant=25; supported_by_both_modes; recommendation_score=39
QTL24	Chr9-14225532	11.09	*	LOC_Os09g24080	9:14315283-14317117	25	25	25	4.0	0.0	0.0	0.0	*	29.0	RAP_Step2_HNHZ_window200kb.FarmCPUpeak_info	window200kb	LOC_Os09g24080			retrotransposon protein, putative, Ty3-gypsy subclass, expressed	Y	Y	Y	39	pipeline_score=29; farm_logP=11.09; max_variant=25; supported_by_both_modes; recommendation_score=39
QTL24	Chr9-14225532	11.09	*	LOC_Os09g24090	9:14319608-14322876	25	25	25	4.0	0.0	0.0	5.0	*	34.0	RAP_Step2_HNHZ_window200kb.FarmCPUpeak_info	window200kb	LOC_Os09g24090			retrotransposon protein, putative, Ty3-gypsy subclass, expressed	Y	Y	Y	44	pipeline_score=34; farm_logP=11.09; max_variant=25; supported_by_both_modes; recommendation_score=44
QTL24	Chr9-14225532	11.09	*	LOC_Os09g24100	9:14325833-14326555	20	25	25	4.0	0.0	0.0	0.0	*	29.0	RAP_Step2_HNHZ_window200kb.FarmCPUpeak_info	window200kb	LOC_Os09g24100			pollen allergen Cyn d 23, putative, expressed	N	Y	Y	39	pipeline_score=29; farm_logP=11.09; max_variant=25; supported_by_both_modes; recommendation_score=39
QTL24	Chr9-14225532	11.09	*	LOC_Os09g24110	9:14327862-14328614	25	25	25	4.0	0.0	0.0	0.0	*	29.0	RAP_Step2_HNHZ_window200kb.FarmCPUpeak_info	window200kb	LOC_Os09g24110			pollen allergen Cyn d 23, putative, expressed	N	Y	Y	39	pipeline_score=29; farm_logP=11.09; max_variant=25; supported_by_both_modes; recommendation_score=39
QTL24	Chr9-14225532	11.09	*	LOC_Os09g24120	9:14329875-14330628	20	25	25	4.0	0.0	0.0	0.0	*	29.0	RAP_Step2_HNHZ_window200kb.FarmCPUpeak_info	window200kb	LOC_Os09g24120			pollen allergen Cyn d 23, putative, expressed	N	Y	Y	39	pipeline_score=29; farm_logP=11.09; max_variant=25; supported_by_both_modes; recommendation_score=39
QTL24	Chr9-14225532	11.09	*	LOC_Os09g24130	9:14331858-14332588	20	25	25	4.0	0.0	0.0	0.0	*	29.0	RAP_Step2_HNHZ_window200kb.FarmCPUpeak_info	window200kb	LOC_Os09g24130			pollen allergen Cyn d 23, putative, expressed	N	Y	Y	39	pipeline_score=29; farm_logP=11.09; max_variant=25; supported_by_both_modes; recommendation_score=39
QTL24	Chr9-14225532	11.09	*	LOC_Os09g24140	9:14336883-14337690	20	25	25	4.0	0.0	0.0	5.0	*	34.0	RAP_Step2_HNHZ_window200kb.FarmCPUpeak_info	window200kb	LOC_Os09g24140			pollen allergen Cyn d 23, putative, expressed	N	Y	Y	44	pipeline_score=34; farm_logP=11.09; max_variant=25; supported_by_both_modes; recommendation_score=44
QTL24	Chr9-14225532	11.09	*	LOC_Os09g24150	9:14341179-14342853	25	25	25	4.0	0.0	0.0	5.0	*	34.0	RAP_Step2_HNHZ_window200kb.FarmCPUpeak_info	window200kb	LOC_Os09g24150			retrotransposon protein, putative, unclassified, expressed	Y	Y	Y	44	pipeline_score=34; farm_logP=11.09; max_variant=25; supported_by_both_modes; recommendation_score=44
QTL24	Chr9-14225532	11.09	*	LOC_Os09g24159	9:14344230-14344912	20	25	25	4.0	0.0	0.0	5.0	*	34.0	RAP_Step2_HNHZ_window200kb.FarmCPUpeak_info	window200kb	LOC_Os09g24159			pollen allergen Cyn d 23, putative, expressed	N	Y	Y	44	pipeline_score=34; farm_logP=11.09; max_variant=25; supported_by_both_modes; recommendation_score=44
QTL24	Chr9-14225532	11.09	*	Os09g0406900	9:14351463-14360479	20	25	20	4.0	0.0	0.0	5.0	*	34.0	RAP_Step2_HNHZ_window200kb.FarmCPUpeak_info	window200kb	Os09g0406900							44	pipeline_score=34; farm_logP=11.09; max_variant=25; supported_by_both_modes; recommendation_score=44
QTL24	Chr9-14225532	11.09	*	LOC_Os09g24170	9:14352512-14355262	20	10	25	4.0	0.0	0.0	10.0	*	39.0	RAP_Step2_HNHZ_window200kb.FarmCPUpeak_info	window200kb	LOC_Os09g24170			expressed protein	N	Y	Y	49	pipeline_score=39; farm_logP=11.09; max_variant=25; supported_by_both_modes; recommendation_score=49
QTL24	Chr9-14225532	11.09	*	LOC_Os09g24180	9:14356711-14357207	5	10	25	4.0	0.0	0.0	18.0	*	47.0	RAP_Step2_HNHZ_window200kb.FarmCPUpeak_info	window200kb	LOC_Os09g24180			retrotransposon protein, putative, unclassified, expressed	Y	Y	Y	57	pipeline_score=47; farm_logP=11.09; max_variant=25; supported_by_both_modes; recommendation_score=57
QTL24	Chr9-14225532	11.09	*	LOC_Os09g24190	9:14359193-14359480	20	25	20	4.0	0.0	0.0	10.0	*	39.0	RAP_Step2_HNHZ_window200kb.FarmCPUpeak_info	window200kb	LOC_Os09g24190			expressed protein	N	Y	Y	49	pipeline_score=39; farm_logP=11.09; max_variant=25; supported_by_both_modes; recommendation_score=49
QTL24	Chr9-14225532	11.09	*	LOC_Os09g24200	9:14362993-14366949	20	10	5	4.0	0.0	0.0	10.0	*	34.0	RAP_Step2_HNHZ_window200kb.FarmCPUpeak_info	window200kb	LOC_Os09g24200	osRAD23	growth; salt; salt stress; shoot; stress	RAD23 DNA repair protein, putative, expressed	N	Y	Y	51	pipeline_score=34; farm_logP=11.09; max_variant=20; supported_by_both_modes; symbol=osRAD23; keyword=growth; salt; salt stress; shoot; stress; recommendation_score=51
QTL24	Chr9-14225532	11.09	*	Os09g0407250	9:14366152-14366685	*	1	*	4.0	0.0	0.0	5.0	*	10.0	RAP_Step2_HNHZ_window200kb.FarmCPUpeak_info	window200kb	Os09g0407250							15	pipeline_score=10; farm_logP=11.09; max_variant=1; supported_by_both_modes; recommendation_score=15
QTL24	Chr9-14225532	11.09	*	LOC_Os09g24210	9:14368032-14373669	20	10	10	4.0	0.0	0.0	5.0	*	29.0	RAP_Step2_HNHZ_window200kb.FarmCPUpeak_info	window200kb	LOC_Os09g24210			expressed protein	N	Y	Y	39	pipeline_score=29; farm_logP=11.09; max_variant=20; supported_by_both_modes; recommendation_score=39
QTL24	Chr9-14225532	11.09	*	LOC_Os09g24220	9:14378100-14386813	18	10	20	4.0	0.0	0.0	10.0	*	34.0	RAP_Step2_HNHZ_window200kb.FarmCPUpeak_info	window200kb	LOC_Os09g24220	OsMSH6	breeding	MSH-like DNA mismatch repair protein, putative, expressed	N	Y	Y	51	pipeline_score=34; farm_logP=11.09; max_variant=20; supported_by_both_modes; symbol=OsMSH6; keyword=breeding; recommendation_score=51
QTL24	Chr9-14225532	11.09	*	Os09g0407650	9:14378300-14380202	5	5	*	4.0	0.0	0.0	5.0	*	14.0	RAP_Step2_HNHZ_window200kb.FarmCPUpeak_info	window200kb	Os09g0407650							19	pipeline_score=14; farm_logP=11.09; max_variant=5; supported_by_both_modes; recommendation_score=19
QTL24	Chr9-14225532	11.09	*	LOC_Os09g24230	9:14387518-14389888	5	10	*	4.0	0.0	0.0	15.0	*	29.0	RAP_Step2_HNHZ_window200kb.FarmCPUpeak_info	window200kb	LOC_Os09g24230			haloacid dehalogenase-like hydrolase family protein, putative, expressed	N	Y	Y	37	pipeline_score=29; farm_logP=11.09; max_variant=10; supported_by_both_modes; recommendation_score=37
QTL24	Chr9-14225532	11.09	*	LOC_Os09g24240	9:14390145-14392934	20	10	10	4.0	0.0	0.0	10.0	*	34.0	RAP_Step2_HNHZ_window200kb.FarmCPUpeak_info	window200kb	LOC_Os09g24240			pentatricopeptide, putative, expressed	N	Y	Y	44	pipeline_score=34; farm_logP=11.09; max_variant=20; supported_by_both_modes; recommendation_score=44
QTL24	Chr9-14225532	11.09	*	LOC_Os09g24250	9:14394487-14399474	5	10	15	4.0	0.0	0.0	10.0	*	29.0	RAP_Step2_HNHZ_window200kb.FarmCPUpeak_info	window200kb	LOC_Os09g24250			ubiquitin carboxyl-terminal hydrolase domain containing protein, expressed	N	Y	Y	37	pipeline_score=29; farm_logP=11.09; max_variant=15; supported_by_both_modes; recommendation_score=37
QTL24	Chr9-14225532	11.09	*	LOC_Os09g24260	9:14404531-14413663	20	5	10	4.0	0.0	0.0	15.0	*	39.0	RAP_Step2_HNHZ_window200kb.FarmCPUpeak_info	window200kb	LOC_Os09g24260			WD domain, G-beta repeat domain containing protein, expressed	N	Y	Y	49	pipeline_score=39; farm_logP=11.09; max_variant=20; supported_by_both_modes; recommendation_score=49
QTL24	Chr9-14225532	11.09	*	Os09g0408000	9:14414435-14416558	5	5	*	4.0	0.0	0.0	5.0	*	14.0	RAP_Step2_HNHZ_window200kb.FarmCPUpeak_info	window200kb	Os09g0408000							19	pipeline_score=14; farm_logP=11.09; max_variant=5; supported_by_both_modes; recommendation_score=19
QTL24	Chr9-14225532	11.09	*	LOC_Os09g24270	9:14419040-14421843	25	25	25	4.0	0.0	0.0	0.0	*	29.0	RAP_Step2_HNHZ_window200kb.FarmCPUpeak_info	window200kb	LOC_Os09g24270			retrotransposon protein, putative, unclassified, expressed	Y	Y	Y	39	pipeline_score=29; farm_logP=11.09; max_variant=25; supported_by_both_modes; recommendation_score=39
QTL24	Chr9-14225532	11.09	*	LOC_Os09g24280	9:14424925-14426810	25	25	25	4.0	0.0	0.0	0.0	*	29.0	RAP_Step2_HNHZ_window200kb.FarmCPUpeak_info	window200kb	LOC_Os09g24280			hypothetical protein	N	N	Y	39	pipeline_score=29; farm_logP=11.09; max_variant=25; supported_by_both_modes; recommendation_score=39
QTL25	Chr10-17082247	69.04	Chr10-17073329-31.100284857119814	LOC_Os10g32124	10:16874213-16882428	25	25	25	22.0	0.0	0.0	5.0	*	52.0	RAP_Step2_HNHZ_window200kb.FarmCPUpeak_info	window200kb	LOC_Os10g32124			retrotransposon protein, putative, unclassified, expressed	Y	Y	Y	62	pipeline_score=52; farm_logP=69.04; max_variant=25; supported_by_both_modes; recommendation_score=62
QTL25	Chr10-17082247	69.04	Chr10-17073329-31.100284857119814	Os10g0459550	10:16885929-16886634	20	5	20	22.0	0.0	0.0	5.0	*	47.0	RAP_Step2_HNHZ_window200kb.FarmCPUpeak_info	window200kb	Os10g0459550							57	pipeline_score=47; farm_logP=69.04; max_variant=20; supported_by_both_modes; recommendation_score=57
QTL25	Chr10-17082247	69.04	Chr10-17073329-31.100284857119814	LOC_Os10g32140	10:16886103-16886514	20	10	15	22.0	0.0	0.0	0.0	*	42.0	RAP_Step2_HNHZ_window200kb.FarmCPUpeak_info	window200kb	LOC_Os10g32140			expressed protein	N	Y	Y	52	pipeline_score=42; farm_logP=69.04; max_variant=20; supported_by_both_modes; recommendation_score=52
QTL25	Chr10-17082247	69.04	Chr10-17073329-31.100284857119814	LOC_Os10g32150	10:16887672-16890769	20	25	25	22.0	0.0	0.0	5.0	*	52.0	RAP_Step2_HNHZ_window200kb.FarmCPUpeak_info	window200kb	LOC_Os10g32150			retrotransposon protein, putative, unclassified, expressed	Y	Y	Y	62	pipeline_score=52; farm_logP=69.04; max_variant=25; supported_by_both_modes; recommendation_score=62
QTL25	Chr10-17082247	69.04	Chr10-17073329-31.100284857119814	LOC_Os10g32160	10:16892830-16894805	20	25	5	22.0	0.0	0.0	5.0	*	52.0	RAP_Step2_HNHZ_window200kb.FarmCPUpeak_info	window200kb	LOC_Os10g32160			xyloglucan galactosyltransferase KATAMARI1, putative, expressed	N	Y	Y	62	pipeline_score=52; farm_logP=69.04; max_variant=25; supported_by_both_modes; recommendation_score=62
QTL25	Chr10-17082247	69.04	Chr10-17073329-31.100284857119814	LOC_Os10g32170	10:16896684-16898801	20	10	*	22.0	0.0	0.0	5.0	*	47.0	RAP_Step2_HNHZ_window200kb.FarmCPUpeak_info	window200kb	LOC_Os10g32170			xyloglucan galactosyltransferase KATAMARI1, putative, expressed	N	Y	Y	57	pipeline_score=47; farm_logP=69.04; max_variant=20; supported_by_both_modes; recommendation_score=57
QTL25	Chr10-17082247	69.04	Chr10-17073329-31.100284857119814	LOC_Os10g32190	10:16901315-16906478	20	10	25	22.0	0.0	0.0	15.0	*	62.0	RAP_Step2_HNHZ_window200kb.FarmCPUpeak_info	window200kb	LOC_Os10g32190			expressed protein	N	Y	Y	72	pipeline_score=62; farm_logP=69.04; max_variant=25; supported_by_both_modes; recommendation_score=72
QTL25	Chr10-17082247	69.04	Chr10-17073329-31.100284857119814	Os10g0459900	10:16909037-16910582	20	25	0	22.0	0.0	0.0	5.0	*	52.0	RAP_Step2_HNHZ_window200kb.FarmCPUpeak_info	window200kb	Os10g0459900							62	pipeline_score=52; farm_logP=69.04; max_variant=25; supported_by_both_modes; recommendation_score=62
QTL25	Chr10-17082247	69.04	Chr10-17073329-31.100284857119814	LOC_Os10g32199	10:16909283-16911487	20	10	10	22.0	0.0	0.0	20.0	*	62.0	RAP_Step2_HNHZ_window200kb.FarmCPUpeak_info	window200kb	LOC_Os10g32199			expressed protein	N	Y	Y	72	pipeline_score=62; farm_logP=69.04; max_variant=20; supported_by_both_modes; recommendation_score=72
QTL25	Chr10-17082247	69.04	Chr10-17073329-31.100284857119814	LOC_Os10g32210	10:16919225-16919938	25	25	*	22.0	0.0	0.0	0.0	*	47.0	RAP_Step2_HNHZ_window200kb.FarmCPUpeak_info	window200kb	LOC_Os10g32210			retrotransposon protein, putative, unclassified	Y	N	Y	57	pipeline_score=47; farm_logP=69.04; max_variant=25; supported_by_both_modes; recommendation_score=57
QTL25	Chr10-17082247	69.04	Chr10-17073329-31.100284857119814	LOC_Os10g32240	10:16926904-16929003	20	25	25	22.0	0.0	0.0	0.0	*	47.0	RAP_Step2_HNHZ_window200kb.FarmCPUpeak_info	window200kb	LOC_Os10g32240			retrotransposon protein, putative, unclassified, expressed	Y	Y	Y	57	pipeline_score=47; farm_logP=69.04; max_variant=25; supported_by_both_modes; recommendation_score=57
QTL25	Chr10-17082247	69.04	Chr10-17073329-31.100284857119814	LOC_Os10g32250	10:16929256-16931853	25	25	*	22.0	0.0	0.0	0.0	*	47.0	RAP_Step2_HNHZ_window200kb.FarmCPUpeak_info	window200kb	LOC_Os10g32250			retrotransposon protein, putative, unclassified, expressed	Y	Y	Y	57	pipeline_score=47; farm_logP=69.04; max_variant=25; supported_by_both_modes; recommendation_score=57
QTL25	Chr10-17082247	69.04	Chr10-17073329-31.100284857119814	LOC_Os10g32260	10:16932807-16935826	25	25	5	22.0	0.0	0.0	0.0	*	47.0	RAP_Step2_HNHZ_window200kb.FarmCPUpeak_info	window200kb	LOC_Os10g32260			retrotransposon protein, putative, unclassified, expressed	Y	Y	Y	57	pipeline_score=47; farm_logP=69.04; max_variant=25; supported_by_both_modes; recommendation_score=57
QTL25	Chr10-17082247	69.04	Chr10-17073329-31.100284857119814	LOC_Os10g32270	10:16938371-16943415	20	25	20	22.0	5.0	0.0	5.0	*	57.0	RAP_Step2_HNHZ_window200kb.FarmCPUpeak_info	window200kb	LOC_Os10g32270			expressed protein	N	Y	Y	67	pipeline_score=57; farm_logP=69.04; max_variant=25; supported_by_both_modes; recommendation_score=67
QTL25	Chr10-17082247	69.04	Chr10-17073329-31.100284857119814	LOC_Os10g32280	10:16943855-16944303	20	5	*	22.0	5.0	0.0	0.0	*	47.0	RAP_Step2_HNHZ_window200kb.FarmCPUpeak_info	window200kb	LOC_Os10g32280			expressed protein	N	Y	Y	57	pipeline_score=47; farm_logP=69.04; max_variant=20; supported_by_both_modes; recommendation_score=57
QTL25	Chr10-17082247	69.04	Chr10-17073329-31.100284857119814	LOC_Os10g32290	10:16945307-16948056	25	25	*	22.0	0.0	0.0	5.0	*	52.0	RAP_Step2_HNHZ_window200kb.FarmCPUpeak_info	window200kb	LOC_Os10g32290			transposon protein, putative, CACTA, En/Spm sub-class, expressed	Y	Y	Y	62	pipeline_score=52; farm_logP=69.04; max_variant=25; supported_by_both_modes; recommendation_score=62
QTL25	Chr10-17082247	69.04	Chr10-17073329-31.100284857119814	Os10g0460766	10:16945421-16946774	25	5	*	22.0	0.0	0.0	5.0	*	52.0	RAP_Step2_HNHZ_window200kb.FarmCPUpeak_info	window200kb	Os10g0460766							62	pipeline_score=52; farm_logP=69.04; max_variant=25; supported_by_both_modes; recommendation_score=62
QTL25	Chr10-17082247	69.04	Chr10-17073329-31.100284857119814	LOC_Os10g32300	10:16951189-16956917	20	25	25	22.0	0.0	0.0	15.0	*	62.0	RAP_Step2_HNHZ_window200kb.FarmCPUpeak_info	window200kb	LOC_Os10g32300			tetratricopeptide repeat domain containing protein, expressed	N	Y	Y	72	pipeline_score=62; farm_logP=69.04; max_variant=25; supported_by_both_modes; recommendation_score=72
QTL25	Chr10-17082247	69.04	Chr10-17073329-31.100284857119814	LOC_Os10g32348	10:16971660-16976748	5	25	25	22.0	0.0	0.0	10.0	*	57.0	RAP_Step2_HNHZ_window200kb.FarmCPUpeak_info	window200kb	LOC_Os10g32348			PsbP, putative, expressed	N	Y	Y	67	pipeline_score=57; farm_logP=69.04; max_variant=25; supported_by_both_modes; recommendation_score=67
QTL25	Chr10-17082247	69.04	Chr10-17073329-31.100284857119814	LOC_Os10g32372	10:16977068-16978453	20	25	*	22.0	0.0	0.0	0.0	*	47.0	RAP_Step2_HNHZ_window200kb.FarmCPUpeak_info	window200kb	LOC_Os10g32372			hypothetical protein	N	N	Y	57	pipeline_score=47; farm_logP=69.04; max_variant=25; supported_by_both_modes; recommendation_score=57
QTL25	Chr10-17082247	69.04	Chr10-17073329-31.100284857119814	LOC_Os10g32400	10:16981456-16989699	25	5	*	22.0	0.0	0.0	15.0	*	62.0	RAP_Step2_HNHZ_window200kb.FarmCPUpeak_info	window200kb	LOC_Os10g32400			PsbP, putative, expressed	N	Y	Y	72	pipeline_score=62; farm_logP=69.04; max_variant=25; supported_by_both_modes; recommendation_score=72
QTL25	Chr10-17082247	69.04	Chr10-17073329-31.100284857119814	LOC_Os10g32405	10:16990228-16992239	20	5	0	22.0	0.0	0.0	5.0	*	47.0	RAP_Step2_HNHZ_window200kb.FarmCPUpeak_info	window200kb	LOC_Os10g32405			expressed protein	N	Y	Y	57	pipeline_score=47; farm_logP=69.04; max_variant=20; supported_by_both_modes; recommendation_score=57
QTL25	Chr10-17082247	69.04	Chr10-17073329-31.100284857119814	LOC_Os10g32410	10:16993927-16994995	20	25	5	22.0	0.0	0.0	5.0	*	52.0	RAP_Step2_HNHZ_window200kb.FarmCPUpeak_info	window200kb	LOC_Os10g32410			retrotransposon protein, putative, unclassified, expressed	Y	Y	Y	62	pipeline_score=52; farm_logP=69.04; max_variant=25; supported_by_both_modes; recommendation_score=62
QTL25	Chr10-17082247	69.04	Chr10-17073329-31.100284857119814	LOC_Os10g32420	10:16998720-16999145	25	25	25	22.0	0.0	0.0	0.0	*	47.0	RAP_Step2_HNHZ_window200kb.FarmCPUpeak_info	window200kb	LOC_Os10g32420			expressed protein	N	Y	Y	57	pipeline_score=47; farm_logP=69.04; max_variant=25; supported_by_both_modes; recommendation_score=57
QTL25	Chr10-17082247	69.04	Chr10-17073329-31.100284857119814	Os10g0462100	10:17005371-17005938	20	25	10	22.0	0.0	0.0	5.0	*	52.0	RAP_Step2_HNHZ_window200kb.FarmCPUpeak_info	window200kb	Os10g0462100							62	pipeline_score=52; farm_logP=69.04; max_variant=25; supported_by_both_modes; recommendation_score=62
QTL25	Chr10-17082247	69.04	Chr10-17073329-31.100284857119814	LOC_Os10g32444	10:17006001-17006724	20	10	*	22.0	0.0	0.0	5.0	*	47.0	RAP_Step2_HNHZ_window200kb.FarmCPUpeak_info	window200kb	LOC_Os10g32444			expressed protein	N	Y	Y	57	pipeline_score=47; farm_logP=69.04; max_variant=20; supported_by_both_modes; recommendation_score=57
QTL25	Chr10-17082247	69.04	Chr10-17073329-31.100284857119814	LOC_Os10g32470	10:17007547-17011015	25	25	20	22.0	0.0	0.0	15.0	*	62.0	RAP_Step2_HNHZ_window200kb.FarmCPUpeak_info	window200kb	LOC_Os10g32470			expressed protein	N	Y	Y	72	pipeline_score=62; farm_logP=69.04; max_variant=25; supported_by_both_modes; recommendation_score=72
QTL25	Chr10-17082247	69.04	Chr10-17073329-31.100284857119814	LOC_Os10g32500	10:17018922-17021474	20	10	25	22.0	0.0	0.0	18.0	*	65.0	RAP_Step2_HNHZ_window200kb.FarmCPUpeak_info	window200kb	LOC_Os10g32500			expressed protein	N	Y	Y	75	pipeline_score=65; farm_logP=69.04; max_variant=25; supported_by_both_modes; recommendation_score=75
QTL25	Chr10-17082247	69.04	Chr10-17073329-31.100284857119814	LOC_Os10g32509	10:17025741-17026388	20	10	*	22.0	0.0	0.0	5.0	*	47.0	RAP_Step2_HNHZ_window200kb.FarmCPUpeak_info	window200kb	LOC_Os10g32509			expressed protein	N	Y	Y	57	pipeline_score=47; farm_logP=69.04; max_variant=20; supported_by_both_modes; recommendation_score=57
QTL25	Chr10-17082247	69.04	Chr10-17073329-31.100284857119814	Os10g0462500	10:17025763-17027738	20	25	5	22.0	0.0	0.0	5.0	*	52.0	RAP_Step2_HNHZ_window200kb.FarmCPUpeak_info	window200kb	Os10g0462500							62	pipeline_score=52; farm_logP=69.04; max_variant=25; supported_by_both_modes; recommendation_score=62
QTL25	Chr10-17082247	69.04	Chr10-17073329-31.100284857119814	LOC_Os10g32520	10:17028132-17035156	25	25	10	22.0	0.0	0.0	15.0	*	62.0	RAP_Step2_HNHZ_window200kb.FarmCPUpeak_info	window200kb	LOC_Os10g32520			expressed protein	N	Y	Y	72	pipeline_score=62; farm_logP=69.04; max_variant=25; supported_by_both_modes; recommendation_score=72
QTL25	Chr10-17082247	69.04	Chr10-17073329-31.100284857119814	LOC_Os10g32540	10:17040042-17047633	20	10	*	22.0	0.0	0.0	10.0	*	52.0	RAP_Step2_HNHZ_window200kb.FarmCPUpeak_info	window200kb	LOC_Os10g32540	OsWSL3	chloroplast development	SAP domain containing protein, expressed	N	Y	Y	69	pipeline_score=52; farm_logP=69.04; max_variant=20; supported_by_both_modes; symbol=OsWSL3; keyword=chloroplast development; recommendation_score=69
QTL25	Chr10-17082247	69.04	Chr10-17073329-31.100284857119814	LOC_Os10g32550	10:17048041-17053445	20	25	20	22.0	0.0	0.0	10.0	*	57.0	RAP_Step2_HNHZ_window200kb.FarmCPUpeak_info	window200kb	LOC_Os10g32550			T-complex protein, putative, expressed	N	Y	Y	67	pipeline_score=57; farm_logP=69.04; max_variant=25; supported_by_both_modes; recommendation_score=67
QTL25	Chr10-17082247	69.04	Chr10-17073329-31.100284857119814	Os10g0462966	10:17049011-17050357	*	*	*	22.0	0.0	0.0	10.0	*	32.0	RAP_Step2_HNHZ_window200kb.FarmCPUpeak_info	window200kb	Os10g0462966							37	pipeline_score=32; farm_logP=69.04; supported_by_both_modes; recommendation_score=37
QTL25	Chr10-17082247	69.04	Chr10-17073329-31.100284857119814	Os10g0463032	10:17052157-17053269	20	1	*	22.0	0.0	0.0	5.0	*	47.0	RAP_Step2_HNHZ_window200kb.FarmCPUpeak_info	window200kb	Os10g0463032							57	pipeline_score=47; farm_logP=69.04; max_variant=20; supported_by_both_modes; recommendation_score=57
QTL25	Chr10-17082247	69.04	Chr10-17073329-31.100284857119814	LOC_Os10g32560	10:17056131-17062067	25	25	25	22.0	0.0	0.0	0.0	*	47.0	RAP_Step2_HNHZ_window200kb.FarmCPUpeak_info	window200kb	LOC_Os10g32560			transposon protein, putative, unclassified, expressed	Y	Y	Y	57	pipeline_score=47; farm_logP=69.04; max_variant=25; supported_by_both_modes; recommendation_score=57
QTL25	Chr10-17082247	69.04	Chr10-17073329-31.100284857119814	LOC_Os10g32570	10:17063214-17066601	20	25	20	22.0	0.0	0.0	5.0	*	52.0	RAP_Step2_HNHZ_window200kb.FarmCPUpeak_info	window200kb	LOC_Os10g32570			tRNA synthetase class I family protein, putative, expressed	N	Y	Y	62	pipeline_score=52; farm_logP=69.04; max_variant=25; supported_by_both_modes; recommendation_score=62
QTL25	Chr10-17082247	69.04	Chr10-17073329-31.100284857119814	LOC_Os10g32580	10:17070918-17072621	20	10	0	22.0	5.0	10.0	5.0	*	62.0	RAP_Step2_HNHZ_window200kb.FarmCPUpeak_info	window200kb	LOC_Os10g32580			GDSL-like lipase/acylhydrolase, putative, expressed	N	Y	Y	72	pipeline_score=62; farm_logP=69.04; max_variant=20; supported_by_both_modes; recommendation_score=72
QTL25	Chr10-17082247	69.04	Chr10-17073329-31.100284857119814	LOC_Os10g32590	10:17074150-17075296	5	5	*	22.0	5.0	0.0	0.0	*	32.0	RAP_Step2_HNHZ_window200kb.FarmCPUpeak_info	window200kb	LOC_Os10g32590			universal stress protein domain containing protein, putative, expressed	N	Y	Y	37	pipeline_score=32; farm_logP=69.04; max_variant=5; supported_by_both_modes; recommendation_score=37
QTL25	Chr10-17082247	69.04	Chr10-17073329-31.100284857119814	LOC_Os10g32600	10:17076098-17077979	20	5	0	22.0	5.0	0.0	22.0	*	69.0	RAP_Step2_HNHZ_window200kb.FarmCPUpeak_info	window200kb	LOC_Os10g32600	Ehd1	floral; flower; flowering time; grain; grain number; heading date; height; leaf; meristem; panicle; shoot; shoot apical meristem; spikelet; spikelet number; yield	MYB family transcription factor, putative, expressed	N	Y	Y	86	pipeline_score=69; farm_logP=69.04; max_variant=20; supported_by_both_modes; symbol=Ehd1; keyword=floral; flower; flowering time; grain; grain number; heading date; height; leaf; meristem; panicle; shoot; shoot apical meristem; spikelet; spikelet number; yield; recommendation_score=86
QTL25	Chr10-17082247	69.04	Chr10-17073329-31.100284857119814	LOC_Os10g32620	10:17087492-17087800	20	5	*	22.0	0.0	0.0	0.0	*	42.0	RAP_Step2_HNHZ_window200kb.FarmCPUpeak_info	window200kb	LOC_Os10g32620			expressed protein	N	Y	Y	52	pipeline_score=42; farm_logP=69.04; max_variant=20; supported_by_both_modes; recommendation_score=52
QTL25	Chr10-17082247	69.04	Chr10-17073329-31.100284857119814	Os10g0463600	10:17089205-17089666	*	25	*	22.0	0.0	0.0	10.0	*	57.0	RAP_Step2_HNHZ_window200kb.FarmCPUpeak_info	window200kb	Os10g0463600							67	pipeline_score=57; farm_logP=69.04; max_variant=25; supported_by_both_modes; recommendation_score=67
QTL25	Chr10-17082247	69.04	Chr10-17073329-31.100284857119814	LOC_Os10g32630	10:17091565-17094462	25	25	25	22.0	0.0	0.0	5.0	*	52.0	RAP_Step2_HNHZ_window200kb.FarmCPUpeak_info	window200kb	LOC_Os10g32630			retrotransposon protein, putative, unclassified, expressed	Y	Y	Y	62	pipeline_score=52; farm_logP=69.04; max_variant=25; supported_by_both_modes; recommendation_score=62
QTL25	Chr10-17082247	69.04	Chr10-17073329-31.100284857119814	LOC_Os10g32640	10:17095180-17098512	25	25	25	22.0	0.0	0.0	5.0	*	52.0	RAP_Step2_HNHZ_window200kb.FarmCPUpeak_info	window200kb	LOC_Os10g32640			retrotransposon protein, putative, Ty3-gypsy subclass, expressed	Y	Y	Y	62	pipeline_score=52; farm_logP=69.04; max_variant=25; supported_by_both_modes; recommendation_score=62
QTL25	Chr10-17082247	69.04	Chr10-17073329-31.100284857119814	LOC_Os10g32649	10:17100899-17105385	25	25	25	22.0	0.0	0.0	5.0	*	52.0	RAP_Step2_HNHZ_window200kb.FarmCPUpeak_info	window200kb	LOC_Os10g32649			retrotransposon protein, putative, Ty3-gypsy subclass, expressed	Y	Y	Y	62	pipeline_score=52; farm_logP=69.04; max_variant=25; supported_by_both_modes; recommendation_score=62
QTL25	Chr10-17082247	69.04	Chr10-17073329-31.100284857119814	LOC_Os10g32658	10:17105427-17106563	20	25	*	22.0	0.0	0.0	5.0	*	52.0	RAP_Step2_HNHZ_window200kb.FarmCPUpeak_info	window200kb	LOC_Os10g32658			retrotransposon protein, putative, Ty3-gypsy subclass, expressed	Y	Y	Y	62	pipeline_score=52; farm_logP=69.04; max_variant=25; supported_by_both_modes; recommendation_score=62
QTL25	Chr10-17082247	69.04	Chr10-17073329-31.100284857119814	LOC_Os10g32670	10:17107585-17108450	25	10	*	22.0	0.0	0.0	5.0	*	52.0	RAP_Step2_HNHZ_window200kb.FarmCPUpeak_info	window200kb	LOC_Os10g32670			expressed protein	N	Y	Y	62	pipeline_score=52; farm_logP=69.04; max_variant=25; supported_by_both_modes; recommendation_score=62
QTL25	Chr10-17082247	69.04	Chr10-17073329-31.100284857119814	LOC_Os10g32680	10:17112003-17115452	18	10	0	22.0	0.0	0.0	18.0	*	58.0	RAP_Step2_HNHZ_window200kb.FarmCPUpeak_info	window200kb	LOC_Os10g32680	FLO7	development; endosperm; endosperm development; grain; map-based cloning; starch; stroma	expressed protein	N	Y	Y	73	pipeline_score=58; farm_logP=69.04; max_variant=18; supported_by_both_modes; symbol=FLO7; keyword=development; endosperm; endosperm development; grain; map-based cloning; starch; stroma; recommendation_score=73
QTL25	Chr10-17082247	69.04	Chr10-17073329-31.100284857119814	LOC_Os10g32690	10:17116302-17121045	5	10	5	22.0	0.0	0.0	5.0	*	37.0	RAP_Step2_HNHZ_window200kb.FarmCPUpeak_info	window200kb	LOC_Os10g32690			expressed protein	N	Y	Y	45	pipeline_score=37; farm_logP=69.04; max_variant=10; supported_by_both_modes; recommendation_score=45
QTL25	Chr10-17082247	69.04	Chr10-17073329-31.100284857119814	LOC_Os10g32700	10:17117277-17119888	5	*	*	22.0	0.0	0.0	15.0	*	42.0	RAP_Step2_HNHZ_window200kb.FarmCPUpeak_info	window200kb	LOC_Os10g32700			hypersensitive-induced response protein, putative, expressed	N	Y	Y	47	pipeline_score=42; farm_logP=69.04; max_variant=5; supported_by_both_modes; recommendation_score=47
QTL25	Chr10-17082247	69.04	Chr10-17073329-31.100284857119814	Os10g0464050	10:17117594-17117944	*	*	*	22.0	0.0	0.0	5.0	*	27.0	RAP_Step2_HNHZ_window200kb.FarmCPUpeak_info	window200kb	Os10g0464050							32	pipeline_score=27; farm_logP=69.04; supported_by_both_modes; recommendation_score=32
QTL25	Chr10-17082247	69.04	Chr10-17073329-31.100284857119814	LOC_Os10g32710	10:17120230-17124776	20	25	10	22.0	0.0	0.0	15.0	*	62.0	RAP_Step2_HNHZ_window200kb.FarmCPUpeak_info	window200kb	LOC_Os10g32710			WD domain, G-beta repeat domain containing protein, expressed	N	Y	Y	72	pipeline_score=62; farm_logP=69.04; max_variant=25; supported_by_both_modes; recommendation_score=72
QTL25	Chr10-17082247	69.04	Chr10-17073329-31.100284857119814	LOC_Os10g32720	10:17131916-17132714	5	5	10	22.0	0.0	0.0	5.0	*	37.0	RAP_Step2_HNHZ_window200kb.FarmCPUpeak_info	window200kb	LOC_Os10g32720			AWPM-19-like membrane family protein, putative, expressed	N	Y	Y	45	pipeline_score=37; farm_logP=69.04; max_variant=10; supported_by_both_modes; recommendation_score=45
QTL25	Chr10-17082247	69.04	Chr10-17073329-31.100284857119814	Os10g0464350	10:17132146-17132485	5	5	5	22.0	0.0	0.0	5.0	*	32.0	RAP_Step2_HNHZ_window200kb.FarmCPUpeak_info	window200kb	Os10g0464350							37	pipeline_score=32; farm_logP=69.04; max_variant=5; supported_by_both_modes; recommendation_score=37
QTL25	Chr10-17082247	69.04	Chr10-17073329-31.100284857119814	LOC_Os10g32730	10:17133152-17137862	5	5	*	22.0	0.0	0.0	15.0	*	42.0	RAP_Step2_HNHZ_window200kb.FarmCPUpeak_info	window200kb	LOC_Os10g32730			haloacid dehalogenase-like hydrolase domain-containing protein 1A, putative, expressed	N	Y	Y	47	pipeline_score=42; farm_logP=69.04; max_variant=5; supported_by_both_modes; recommendation_score=47
QTL25	Chr10-17082247	69.04	Chr10-17073329-31.100284857119814	LOC_Os10g32740	10:17140788-17145821	20	5	20	22.0	0.0	0.0	10.0	*	52.0	RAP_Step2_HNHZ_window200kb.FarmCPUpeak_info	window200kb	LOC_Os10g32740			zinc finger family protein, putative, expressed	N	Y	Y	62	pipeline_score=52; farm_logP=69.04; max_variant=20; supported_by_both_modes; recommendation_score=62
QTL25	Chr10-17082247	69.04	Chr10-17073329-31.100284857119814	LOC_Os10g32750	10:17152945-17154765	20	25	*	22.0	0.0	0.0	0.0	*	47.0	RAP_Step2_HNHZ_window200kb.FarmCPUpeak_info	window200kb	LOC_Os10g32750			zinc finger family protein, putative, expressed	N	Y	Y	57	pipeline_score=47; farm_logP=69.04; max_variant=25; supported_by_both_modes; recommendation_score=57
QTL25	Chr10-17082247	69.04	Chr10-17073329-31.100284857119814	Os10g0464901	10:17153141-17156958	20	*	0	22.0	0.0	0.0	5.0	*	47.0	RAP_Step2_HNHZ_window200kb.FarmCPUpeak_info	window200kb	Os10g0464901							57	pipeline_score=47; farm_logP=69.04; max_variant=20; supported_by_both_modes; recommendation_score=57
QTL25	Chr10-17082247	69.04	Chr10-17073329-31.100284857119814	LOC_Os10g32760	10:17155342-17157744	18	25	*	22.0	0.0	0.0	10.0	*	57.0	RAP_Step2_HNHZ_window200kb.FarmCPUpeak_info	window200kb	LOC_Os10g32760			zinc finger family protein, putative, expressed	N	Y	Y	67	pipeline_score=57; farm_logP=69.04; max_variant=25; supported_by_both_modes; recommendation_score=67
QTL25	Chr10-17082247	69.04	Chr10-17073329-31.100284857119814	LOC_Os10g32770	10:17158103-17163197	5	*	*	22.0	0.0	0.0	15.0	*	42.0	RAP_Step2_HNHZ_window200kb.FarmCPUpeak_info	window200kb	LOC_Os10g32770			WD repeat-containing protein, putative, expressed	N	Y	Y	47	pipeline_score=42; farm_logP=69.04; max_variant=5; supported_by_both_modes; recommendation_score=47
QTL25	Chr10-17082247	69.04	Chr10-17073329-31.100284857119814	Os10g0465175	10:17164709-17165494	5	5	15	22.0	0.0	0.0	5.0	abnormal	42.0	RAP_Step2_HNHZ_window200kb.FarmCPUpeak_info	window200kb	Os10g0465175							53	pipeline_score=42; farm_logP=69.04; max_variant=15; supported_by_both_modes; match=abnormal; recommendation_score=53
QTL25	Chr10-17082247	69.04	Chr10-17073329-31.100284857119814	LOC_Os10g32780	10:17166741-17167150	20	25	15	22.0	0.0	0.0	5.0	*	52.0	RAP_Step2_HNHZ_window200kb.FarmCPUpeak_info	window200kb	LOC_Os10g32780			RING zinc finger ankyrin protein, putative, expressed	N	Y	Y	62	pipeline_score=52; farm_logP=69.04; max_variant=25; supported_by_both_modes; recommendation_score=62
QTL25	Chr10-17082247	69.04	Chr10-17073329-31.100284857119814	LOC_Os10g32790	10:17169257-17171264	20	10	15	22.0	0.0	0.0	0.0	*	42.0	RAP_Step2_HNHZ_window200kb.FarmCPUpeak_info	window200kb	LOC_Os10g32790			expressed protein	N	Y	Y	52	pipeline_score=42; farm_logP=69.04; max_variant=20; supported_by_both_modes; recommendation_score=52
QTL25	Chr10-17082247	69.04	Chr10-17073329-31.100284857119814	LOC_Os10g32800	10:17175716-17178498	25	25	25	22.0	0.0	0.0	5.0	*	52.0	RAP_Step2_HNHZ_window200kb.FarmCPUpeak_info	window200kb	LOC_Os10g32800			expressed protein	N	Y	Y	62	pipeline_score=52; farm_logP=69.04; max_variant=25; supported_by_both_modes; recommendation_score=62
QTL25	Chr10-17082247	69.04	Chr10-17073329-31.100284857119814	LOC_Os10g32810	10:17180757-17183465	20	10	*	22.0	0.0	0.0	5.0	*	47.0	RAP_Step2_HNHZ_window200kb.FarmCPUpeak_info	window200kb	LOC_Os10g32810			beta-amylase, putative, expressed	N	Y	Y	57	pipeline_score=47; farm_logP=69.04; max_variant=20; supported_by_both_modes; recommendation_score=57
QTL25	Chr10-17082247	69.04	Chr10-17073329-31.100284857119814	LOC_Os10g32820	10:17184530-17185759	5	5	*	22.0	0.0	0.0	10.0	*	37.0	RAP_Step2_HNHZ_window200kb.FarmCPUpeak_info	window200kb	LOC_Os10g32820			60S ribosomal protein L21-2, putative, expressed	N	Y	Y	42	pipeline_score=37; farm_logP=69.04; max_variant=5; supported_by_both_modes; recommendation_score=42
QTL25	Chr10-17082247	69.04	Chr10-17073329-31.100284857119814	LOC_Os10g32830	10:17186606-17189893	18	5	*	22.0	0.0	0.0	10.0	*	50.0	RAP_Step2_HNHZ_window200kb.FarmCPUpeak_info	window200kb	LOC_Os10g32830			kinase, pfkB family, putative, expressed	N	Y	Y	58	pipeline_score=50; farm_logP=69.04; max_variant=18; supported_by_both_modes; recommendation_score=58
QTL25	Chr10-17082247	69.04	Chr10-17073329-31.100284857119814	LOC_Os10g32840	10:17191148-17192118	20	25	*	22.0	0.0	0.0	15.0	*	62.0	RAP_Step2_HNHZ_window200kb.FarmCPUpeak_info	window200kb	LOC_Os10g32840			enzyme of the cupin superfamily protein, putative, expressed	N	Y	Y	72	pipeline_score=62; farm_logP=69.04; max_variant=25; supported_by_both_modes; recommendation_score=72
QTL25	Chr10-17082247	69.04	Chr10-17073329-31.100284857119814	LOC_Os10g32850	10:17192814-17195076	5	10	0	22.0	0.0	0.0	15.0	*	47.0	RAP_Step2_HNHZ_window200kb.FarmCPUpeak_info	window200kb	LOC_Os10g32850			expressed protein	N	Y	Y	55	pipeline_score=47; farm_logP=69.04; max_variant=10; supported_by_both_modes; recommendation_score=55
QTL25	Chr10-17082247	69.04	Chr10-17073329-31.100284857119814	LOC_Os10g32860	10:17198438-17200572	5	10	0	22.0	0.0	0.0	5.0	*	37.0	RAP_Step2_HNHZ_window200kb.FarmCPUpeak_info	window200kb	LOC_Os10g32860			expressed protein	N	Y	Y	45	pipeline_score=37; farm_logP=69.04; max_variant=10; supported_by_both_modes; recommendation_score=45
QTL25	Chr10-17082247	69.04	Chr10-17073329-31.100284857119814	LOC_Os10g32870	10:17201795-17202262	5	5	*	22.0	0.0	0.0	15.0	*	42.0	RAP_Step2_HNHZ_window200kb.FarmCPUpeak_info	window200kb	LOC_Os10g32870			L11 domain containing ribosomal protein, putative, expressed	N	Y	Y	47	pipeline_score=42; farm_logP=69.04; max_variant=5; supported_by_both_modes; recommendation_score=47
QTL25	Chr10-17082247	69.04	Chr10-17073329-31.100284857119814	LOC_Os10g32880	10:17203876-17210126	5	25	10	22.0	0.0	10.0	15.0	*	72.0	RAP_Step2_HNHZ_window200kb.FarmCPUpeak_info	window200kb	LOC_Os10g32880			WD domain, G-beta repeat domain containing protein, expressed	N	Y	Y	82	pipeline_score=72; farm_logP=69.04; max_variant=25; supported_by_both_modes; recommendation_score=82
QTL25	Chr10-17082247	69.04	Chr10-17073329-31.100284857119814	LOC_Os10g32900	10:17221679-17224614	20	5	*	22.0	0.0	20.0	5.0	*	67.0	RAP_Step2_HNHZ_window200kb.FarmCPUpeak_info	window200kb	LOC_Os10g32900			CCT motif family protein, expressed	N	Y	Y	77	pipeline_score=67; farm_logP=69.04; max_variant=20; supported_by_both_modes; recommendation_score=77
QTL25	Chr10-17082247	69.04	Chr10-17073329-31.100284857119814	LOC_Os10g32910	10:17226547-17227017	25	25	1	22.0	0.0	0.0	0.0	*	47.0	RAP_Step2_HNHZ_window200kb.FarmCPUpeak_info	window200kb	LOC_Os10g32910			expressed protein	N	Y	Y	57	pipeline_score=47; farm_logP=69.04; max_variant=25; supported_by_both_modes; recommendation_score=57
QTL25	Chr10-17082247	69.04	Chr10-17073329-31.100284857119814	LOC_Os10g32920	10:17227357-17229370	5	10	5	22.0	0.0	0.0	10.0	*	42.0	RAP_Step2_HNHZ_window200kb.FarmCPUpeak_info	window200kb	LOC_Os10g32920	HLL	growth; mitochondria	ribosomal protein, putative, expressed	N	Y	Y	57	pipeline_score=42; farm_logP=69.04; max_variant=10; supported_by_both_modes; symbol=HLL; keyword=growth; mitochondria; recommendation_score=57
QTL25	Chr10-17082247	69.04	Chr10-17073329-31.100284857119814	LOC_Os10g32930	10:17236737-17237006	18	10	0	22.0	0.0	0.0	10.0	*	50.0	RAP_Step2_HNHZ_window200kb.FarmCPUpeak_info	window200kb	LOC_Os10g32930			expressed protein	N	Y	Y	58	pipeline_score=50; farm_logP=69.04; max_variant=18; supported_by_both_modes; recommendation_score=58
QTL25	Chr10-17082247	69.04	Chr10-17073329-31.100284857119814	LOC_Os10g32940	10:17244142-17244429	5	10	5	22.0	5.0	0.0	10.0	*	47.0	RAP_Step2_HNHZ_window200kb.FarmCPUpeak_info	window200kb	LOC_Os10g32940			expressed protein	N	Y	Y	55	pipeline_score=47; farm_logP=69.04; max_variant=10; supported_by_both_modes; recommendation_score=55
QTL25	Chr10-17082247	69.04	Chr10-17073329-31.100284857119814	LOC_Os10g32950	10:17248251-17249869	25	25	25	22.0	0.0	0.0	0.0	*	47.0	RAP_Step2_HNHZ_window200kb.FarmCPUpeak_info	window200kb	LOC_Os10g32950			retrotransposon protein, putative, unclassified, expressed	Y	Y	Y	57	pipeline_score=47; farm_logP=69.04; max_variant=25; supported_by_both_modes; recommendation_score=57
QTL25	Chr10-17082247	69.04	Chr10-17073329-31.100284857119814	LOC_Os10g32960	10:17250766-17255665	5	10	0	22.0	0.0	0.0	15.0	*	47.0	RAP_Step2_HNHZ_window200kb.FarmCPUpeak_info	window200kb	LOC_Os10g32960			peroxisome assembly protein 12, putative, expressed	N	Y	Y	55	pipeline_score=47; farm_logP=69.04; max_variant=10; supported_by_both_modes; recommendation_score=55
QTL25	Chr10-17082247	69.04	Chr10-17073329-31.100284857119814	LOC_Os10g32970	10:17258166-17261578	5	10	10	22.0	0.0	0.0	10.0	*	42.0	RAP_Step2_HNHZ_window200kb.FarmCPUpeak_info	window200kb	LOC_Os10g32970			eukaryotic translation initiation factor, putative, expressed	N	Y	Y	50	pipeline_score=42; farm_logP=69.04; max_variant=10; supported_by_both_modes; recommendation_score=50
QTL25	Chr10-17082247	69.04	Chr10-17073329-31.100284857119814	LOC_Os10g32980	10:17261952-17266613	20	10	*	22.0	0.0	0.0	5.0	*	47.0	RAP_Step2_HNHZ_window200kb.FarmCPUpeak_info	window200kb	LOC_Os10g32980	OsCesA7	cellulose; culm; growth; lignin; lignin biosynthesis; plant growth; transcription factor; vascular bundle; zinc	CESA7 - cellulose synthase, expressed	N	Y	Y	64	pipeline_score=47; farm_logP=69.04; max_variant=20; supported_by_both_modes; symbol=OsCesA7; keyword=cellulose; culm; growth; lignin; lignin biosynthesis; plant growth; transcription factor; vascular bundle; zinc; recommendation_score=64
QTL25	Chr10-17082247	69.04	Chr10-17073329-31.100284857119814	Os10g0467850	10:17262014-17266550	20	10	5	22.0	0.0	0.0	5.0	*	47.0	RAP_Step2_HNHZ_window200kb.FarmCPUpeak_info	window200kb	Os10g0467850							57	pipeline_score=47; farm_logP=69.04; max_variant=20; supported_by_both_modes; recommendation_score=57
QTL25	Chr10-17082247	69.04	Chr10-17073329-31.100284857119814	LOC_Os10g32990	10:17267138-17273298	20	25	0	22.0	0.0	0.0	5.0	*	52.0	RAP_Step2_HNHZ_window200kb.FarmCPUpeak_info	window200kb	LOC_Os10g32990			receptor-like protein kinase 2 precursor, putative, expressed	N	Y	Y	62	pipeline_score=52; farm_logP=69.04; max_variant=25; supported_by_both_modes; recommendation_score=62
QTL25	Chr10-17082247	69.04	Chr10-17073329-31.100284857119814	LOC_Os10g33000	10:17276945-17279876	25	25	5	22.0	0.0	0.0	5.0	*	52.0	RAP_Step2_HNHZ_window200kb.FarmCPUpeak_info	window200kb	LOC_Os10g33000			retrotransposon protein, putative, unclassified, expressed	Y	Y	Y	62	pipeline_score=52; farm_logP=69.04; max_variant=25; supported_by_both_modes; recommendation_score=62
QTL25	Chr10-17082247	69.04	Chr10-17073329-31.100284857119814	LOC_Os10g33010	10:17280206-17286327	25	25	*	22.0	0.0	0.0	5.0	*	52.0	RAP_Step2_HNHZ_window200kb.FarmCPUpeak_info	window200kb	LOC_Os10g33010			retrotransposon protein, putative, unclassified, expressed	Y	Y	Y	62	pipeline_score=52; farm_logP=69.04; max_variant=25; supported_by_both_modes; recommendation_score=62
QTL26	Chr10-22965416	26.29	Chr10-22971223-8.52164035325855	LOC_Os10g42280	10:22766466-22767104	5	10	5	10.0	0.0	0.0	5.0	*	25.0	RAP_Step2_HNHZ_window200kb.FarmCPUpeak_info	window200kb	LOC_Os10g42280	OsPYL1	ABA	cyclase/dehydrase family protein, putative, expressed	N	Y	Y	35	pipeline_score=25; farm_logP=26.29; max_variant=10; symbol=OsPYL1; keyword=ABA; recommendation_score=35
QTL26	Chr10-22965416	26.29	Chr10-22971223-8.52164035325855	LOC_Os10g42299	10:22774954-22780305	5	25	5	10.0	0.0	0.0	18.0	*	53.0	RAP_Step2_HNHZ_window200kb.FarmCPUpeak_info	window200kb	LOC_Os10g42299			mitochondrial carrier protein, putative, expressed	N	Y	Y	58	pipeline_score=53; farm_logP=26.29; max_variant=25; recommendation_score=58
QTL26	Chr10-22965416	26.29	Chr10-22971223-8.52164035325855	LOC_Os10g42320	10:22781929-22784426	5	25	5	10.0	0.0	0.0	10.0	*	45.0	RAP_Step2_HNHZ_window200kb.FarmCPUpeak_info	window200kb	LOC_Os10g42320	OsNMD3	GA; Pi; SA; cellulose; cytoplasm; development; growth; nucleus; plant development; plant growth	nonsense-mediated mRNA decay protein 3, putative, expressed	N	Y	Y	57	pipeline_score=45; farm_logP=26.29; max_variant=25; symbol=OsNMD3; keyword=GA; Pi; SA; cellulose; cytoplasm; development; growth; nucleus; plant development; plant growth; recommendation_score=57
QTL26	Chr10-22965416	26.29	Chr10-22971223-8.52164035325855	LOC_Os10g42340	10:22788937-22793325	20	25	25	10.0	5.0	0.0	5.0	*	45.0	RAP_Step2_HNHZ_window200kb.FarmCPUpeak_info	window200kb	LOC_Os10g42340			expressed protein	N	Y	Y	50	pipeline_score=45; farm_logP=26.29; max_variant=25; recommendation_score=50
QTL26	Chr10-22965416	26.29	Chr10-22971223-8.52164035325855	LOC_Os10g42364	10:22804429-22810386	25	25	25	10.0	0.0	0.0	5.0	*	40.0	RAP_Step2_HNHZ_window200kb.FarmCPUpeak_info	window200kb	LOC_Os10g42364			retrotransposon protein, putative, Ty3-gypsy subclass, expressed	Y	Y	Y	45	pipeline_score=40; farm_logP=26.29; max_variant=25; recommendation_score=45
QTL26	Chr10-22965416	26.29	Chr10-22971223-8.52164035325855	Os10g0574150	10:22813743-22818693	5	5	0	10.0	0.0	0.0	5.0	*	20.0	RAP_Step2_HNHZ_window200kb.FarmCPUpeak_info	window200kb	Os10g0574150							20	pipeline_score=20; farm_logP=26.29; max_variant=5; recommendation_score=20
QTL26	Chr10-22965416	26.29	Chr10-22971223-8.52164035325855	LOC_Os10g42390	10:22818078-22818671	5	5	20	10.0	0.0	0.0	5.0	*	35.0	RAP_Step2_HNHZ_window200kb.FarmCPUpeak_info	window200kb	LOC_Os10g42390			zinc finger, C3HC4 type domain containing protein, expressed	N	Y	Y	40	pipeline_score=35; farm_logP=26.29; max_variant=20; recommendation_score=40
QTL26	Chr10-22965416	26.29	Chr10-22971223-8.52164035325855	LOC_Os10g42400	10:22819218-22823915	20	10	*	10.0	0.0	0.0	5.0	*	35.0	RAP_Step2_HNHZ_window200kb.FarmCPUpeak_info	window200kb	LOC_Os10g42400			expressed protein	N	Y	Y	40	pipeline_score=35; farm_logP=26.29; max_variant=20; recommendation_score=40
QTL26	Chr10-22965416	26.29	Chr10-22971223-8.52164035325855	LOC_Os10g42404	10:22825006-22825230	25	10	*	10.0	0.0	0.0	18.0	*	53.0	RAP_Step2_HNHZ_window200kb.FarmCPUpeak_info	window200kb	LOC_Os10g42404			expressed protein	N	Y	Y	58	pipeline_score=53; farm_logP=26.29; max_variant=25; recommendation_score=58
QTL26	Chr10-22965416	26.29	Chr10-22971223-8.52164035325855	LOC_Os10g42410	10:22829131-22831617	5	10	10	10.0	0.0	0.0	15.0	*	35.0	RAP_Step2_HNHZ_window200kb.FarmCPUpeak_info	window200kb	LOC_Os10g42410			zinc-binding protein, putative, expressed	N	Y	Y	38	pipeline_score=35; farm_logP=26.29; max_variant=10; recommendation_score=38
QTL26	Chr10-22965416	26.29	Chr10-22971223-8.52164035325855	Os10g0574750	10:22829719-22831617	5	10	*	10.0	0.0	0.0	5.0	*	25.0	RAP_Step2_HNHZ_window200kb.FarmCPUpeak_info	window200kb	Os10g0574750							28	pipeline_score=25; farm_logP=26.29; max_variant=10; recommendation_score=28
QTL26	Chr10-22965416	26.29	Chr10-22971223-8.52164035325855	LOC_Os10g42420	10:22836663-22840743	5	10	*	10.0	0.0	0.0	15.0	*	35.0	RAP_Step2_HNHZ_window200kb.FarmCPUpeak_info	window200kb	LOC_Os10g42420			GTPase-activating protein, putative, expressed	N	Y	Y	38	pipeline_score=35; farm_logP=26.29; max_variant=10; recommendation_score=38
QTL26	Chr10-22965416	26.29	Chr10-22971223-8.52164035325855	Os10g0574901	10:22851353-22852517	20	5	0	10.0	0.0	0.0	0.0	*	30.0	RAP_Step2_HNHZ_window200kb.FarmCPUpeak_info	window200kb	Os10g0574901							35	pipeline_score=30; farm_logP=26.29; max_variant=20; recommendation_score=35
QTL26	Chr10-22965416	26.29	Chr10-22971223-8.52164035325855	LOC_Os10g42430	10:22857123-22859886	5	10	*	10.0	0.0	10.0	10.0	*	40.0	RAP_Step2_HNHZ_window200kb.FarmCPUpeak_info	window200kb	LOC_Os10g42430	OsMYC2	BR; JA; JA signalling; Pi; RSV; bacterial blight; blight; defence; defence response; defense; development; growth; ja; jasmonic; jasmonic acid; leaf; leaf senescence; phosphate; phosphate starvation; pi; resistance; resistant; seed; seed germination; seedling; senescence; transcription factor; xoo	transcription factor MYC7E, putative, expressed	N	Y	Y	50	pipeline_score=40; farm_logP=26.29; max_variant=10; symbol=OsMYC2; keyword=BR; JA; JA signalling; Pi; RSV; bacterial blight; blight; defence; defence response; defense; development; growth; ja; jasmonic; jasmonic acid; leaf; leaf senescence; phosphate; phosphate starvation; pi; resistance; resistant; seed; seed germination; seedling; senescence; transcription factor; xoo; recommendation_score=50
QTL26	Chr10-22965416	26.29	Chr10-22971223-8.52164035325855	Os10g0575100	10:22857142-22859565	5	10	*	10.0	0.0	0.0	5.0	*	25.0	RAP_Step2_HNHZ_window200kb.FarmCPUpeak_info	window200kb	Os10g0575100							28	pipeline_score=25; farm_logP=26.29; max_variant=10; recommendation_score=28
QTL26	Chr10-22965416	26.29	Chr10-22971223-8.52164035325855	LOC_Os10g42439	10:22861341-22875955	5	10	10	10.0	0.0	0.0	15.0	*	35.0	RAP_Step2_HNHZ_window200kb.FarmCPUpeak_info	window200kb	LOC_Os10g42439			heat shock protein DnaJ, putative, expressed	N	Y	Y	38	pipeline_score=35; farm_logP=26.29; max_variant=10; recommendation_score=38
QTL26	Chr10-22965416	26.29	Chr10-22971223-8.52164035325855	Os10g0575401	10:22879072-22879752	5	5	20	10.0	0.0	0.0	5.0	*	35.0	RAP_Step2_HNHZ_window200kb.FarmCPUpeak_info	window200kb	Os10g0575401							40	pipeline_score=35; farm_logP=26.29; max_variant=20; recommendation_score=40
QTL26	Chr10-22965416	26.29	Chr10-22971223-8.52164035325855	LOC_Os10g42448	10:22886293-22886953	5	5	25	10.0	0.0	0.0	0.0	*	35.0	RAP_Step2_HNHZ_window200kb.FarmCPUpeak_info	window200kb	LOC_Os10g42448			retrotransposon protein, putative, Ty3-gypsy subclass	Y	N	Y	40	pipeline_score=35; farm_logP=26.29; max_variant=25; recommendation_score=40
QTL26	Chr10-22965416	26.29	Chr10-22971223-8.52164035325855	LOC_Os10g42460	10:22891241-22893378	25	25	25	10.0	0.0	0.0	5.0	*	40.0	RAP_Step2_HNHZ_window200kb.FarmCPUpeak_info	window200kb	LOC_Os10g42460			retrotransposon protein, putative, Ty3-gypsy subclass, expressed	Y	Y	Y	45	pipeline_score=40; farm_logP=26.29; max_variant=25; recommendation_score=45
QTL26	Chr10-22965416	26.29	Chr10-22971223-8.52164035325855	LOC_Os10g42470	10:22896683-22900039	25	25	20	10.0	0.0	0.0	5.0	*	40.0	RAP_Step2_HNHZ_window200kb.FarmCPUpeak_info	window200kb	LOC_Os10g42470			retrotransposon protein, putative, Ty3-gypsy subclass, expressed	Y	Y	Y	45	pipeline_score=40; farm_logP=26.29; max_variant=25; recommendation_score=45
QTL26	Chr10-22965416	26.29	Chr10-22971223-8.52164035325855	LOC_Os10g42480	10:22900599-22903922	25	25	25	10.0	0.0	0.0	5.0	*	40.0	RAP_Step2_HNHZ_window200kb.FarmCPUpeak_info	window200kb	LOC_Os10g42480			retrotransposon protein, putative, unclassified, expressed	Y	Y	Y	45	pipeline_score=40; farm_logP=26.29; max_variant=25; recommendation_score=45
QTL26	Chr10-22965416	26.29	Chr10-22971223-8.52164035325855	LOC_Os10g42490	10:22910460-22916203	20	10	*	10.0	0.0	0.0	5.0	*	35.0	RAP_Step2_HNHZ_window200kb.FarmCPUpeak_info	window200kb	LOC_Os10g42490			homeobox and START domains containing protein, putative, expressed	N	Y	Y	40	pipeline_score=35; farm_logP=26.29; max_variant=20; recommendation_score=40
QTL26	Chr10-22965416	26.29	Chr10-22971223-8.52164035325855	Os10g0575650	10:22912932-22914213	20	5	*	10.0	0.0	0.0	5.0	*	35.0	RAP_Step2_HNHZ_window200kb.FarmCPUpeak_info	window200kb	Os10g0575650							40	pipeline_score=35; farm_logP=26.29; max_variant=20; recommendation_score=40
QTL26	Chr10-22965416	26.29	Chr10-22971223-8.52164035325855	LOC_Os10g42500	10:22920519-22923454	5	5	*	10.0	0.0	0.0	15.0	*	30.0	RAP_Step2_HNHZ_window200kb.FarmCPUpeak_info	window200kb	LOC_Os10g42500			PAP fibrillin family domain containing protein, expressed	N	Y	Y	30	pipeline_score=30; farm_logP=26.29; max_variant=5; recommendation_score=30
QTL26	Chr10-22965416	26.29	Chr10-22971223-8.52164035325855	LOC_Os10g42510	10:22924150-22932680	5	10	*	10.0	0.0	0.0	10.0	*	30.0	RAP_Step2_HNHZ_window200kb.FarmCPUpeak_info	window200kb	LOC_Os10g42510			expressed protein	N	Y	Y	33	pipeline_score=30; farm_logP=26.29; max_variant=10; recommendation_score=33
QTL26	Chr10-22965416	26.29	Chr10-22971223-8.52164035325855	LOC_Os10g42520	10:22934909-22936037	20	25	*	10.0	0.0	0.0	5.0	*	40.0	RAP_Step2_HNHZ_window200kb.FarmCPUpeak_info	window200kb	LOC_Os10g42520			expressed protein	N	Y	Y	45	pipeline_score=40; farm_logP=26.29; max_variant=25; recommendation_score=45
QTL26	Chr10-22965416	26.29	Chr10-22971223-8.52164035325855	Os10g0575950	10:22937929-22938822	5	10	*	10.0	0.0	0.0	5.0	*	25.0	RAP_Step2_HNHZ_window200kb.FarmCPUpeak_info	window200kb	Os10g0575950							28	pipeline_score=25; farm_logP=26.29; max_variant=10; recommendation_score=28
QTL26	Chr10-22965416	26.29	Chr10-22971223-8.52164035325855	LOC_Os10g42540	10:22938955-22941077	5	10	5	10.0	0.0	0.0	15.0	*	35.0	RAP_Step2_HNHZ_window200kb.FarmCPUpeak_info	window200kb	LOC_Os10g42540			expressed protein	N	Y	Y	38	pipeline_score=35; farm_logP=26.29; max_variant=10; recommendation_score=38
QTL26	Chr10-22965416	26.29	Chr10-22971223-8.52164035325855	LOC_Os10g42550	10:22943495-22945212	5	5	5	10.0	0.0	0.0	10.0	*	25.0	RAP_Step2_HNHZ_window200kb.FarmCPUpeak_info	window200kb	LOC_Os10g42550			Inositol 1, 3, 4-trisphosphate 5/6-kinase, putative, expressed	N	Y	Y	25	pipeline_score=25; farm_logP=26.29; max_variant=5; recommendation_score=25
QTL26	Chr10-22965416	26.29	Chr10-22971223-8.52164035325855	Os10g0576050	10:22943682-22945106	*	5	*	10.0	0.0	0.0	5.0	*	20.0	RAP_Step2_HNHZ_window200kb.FarmCPUpeak_info	window200kb	Os10g0576050							20	pipeline_score=20; farm_logP=26.29; max_variant=5; recommendation_score=20
QTL26	Chr10-22965416	26.29	Chr10-22971223-8.52164035325855	LOC_Os10g42560	10:22947672-22948067	20	*	*	10.0	0.0	0.0	0.0	*	30.0	RAP_Step2_HNHZ_window200kb.FarmCPUpeak_info	window200kb	LOC_Os10g42560			expressed protein	N	Y	Y	35	pipeline_score=30; farm_logP=26.29; max_variant=20; recommendation_score=35
QTL26	Chr10-22965416	26.29	Chr10-22971223-8.52164035325855	LOC_Os10g42570	10:22948901-22950160	20	25	*	10.0	0.0	0.0	0.0	*	35.0	RAP_Step2_HNHZ_window200kb.FarmCPUpeak_info	window200kb	LOC_Os10g42570			retrotransposon protein, putative, unclassified, expressed	Y	Y	Y	40	pipeline_score=35; farm_logP=26.29; max_variant=25; recommendation_score=40
QTL26	Chr10-22965416	26.29	Chr10-22971223-8.52164035325855	LOC_Os10g42580	10:22950462-22952427	25	25	*	10.0	0.0	0.0	0.0	*	35.0	RAP_Step2_HNHZ_window200kb.FarmCPUpeak_info	window200kb	LOC_Os10g42580			retrotransposon protein, putative, unclassified, expressed	Y	Y	Y	40	pipeline_score=35; farm_logP=26.29; max_variant=25; recommendation_score=40
QTL26	Chr10-22965416	26.29	Chr10-22971223-8.52164035325855	LOC_Os10g42590	10:22952720-22953829	25	10	10	10.0	0.0	0.0	5.0	*	40.0	RAP_Step2_HNHZ_window200kb.FarmCPUpeak_info	window200kb	LOC_Os10g42590			retrotransposon protein, putative, unclassified, expressed	Y	Y	Y	45	pipeline_score=40; farm_logP=26.29; max_variant=25; recommendation_score=45
QTL26	Chr10-22965416	26.29	Chr10-22971223-8.52164035325855	LOC_Os10g42600	10:22957120-22963875	25	25	25	10.0	0.0	0.0	0.0	*	35.0	RAP_Step2_HNHZ_window200kb.FarmCPUpeak_info	window200kb	LOC_Os10g42600			transposon protein, putative, unclassified, expressed	Y	Y	Y	40	pipeline_score=35; farm_logP=26.29; max_variant=25; recommendation_score=40
QTL26	Chr10-22965416	26.29	Chr10-22971223-8.52164035325855	LOC_Os10g42610	10:22964026-22965622	5	10	0	10.0	0.0	0.0	15.0	*	35.0	RAP_Step2_HNHZ_window200kb.FarmCPUpeak_info	window200kb	LOC_Os10g42610			expressed protein	N	Y	Y	38	pipeline_score=35; farm_logP=26.29; max_variant=10; recommendation_score=38
QTL26	Chr10-22965416	26.29	Chr10-22971223-8.52164035325855	Os10g0576750	10:22975416-22976146	5	10	10	10.0	0.0	0.0	5.0	*	25.0	RAP_Step2_HNHZ_window200kb.FarmCPUpeak_info	window200kb	Os10g0576750							28	pipeline_score=25; farm_logP=26.29; max_variant=10; recommendation_score=28
QTL26	Chr10-22965416	26.29	Chr10-22971223-8.52164035325855	LOC_Os10g42620	10:22981601-22986324	5	10	5	10.0	0.0	0.0	10.0	*	30.0	RAP_Step2_HNHZ_window200kb.FarmCPUpeak_info	window200kb	LOC_Os10g42620			dihydroflavonol-4-reductase, putative, expressed	N	Y	Y	33	pipeline_score=30; farm_logP=26.29; max_variant=10; recommendation_score=33
QTL26	Chr10-22965416	26.29	Chr10-22971223-8.52164035325855	LOC_Os10g42630	10:22986842-22989900	1	25	*	10.0	0.0	0.0	15.0	*	50.0	RAP_Step2_HNHZ_window200kb.FarmCPUpeak_info	window200kb	LOC_Os10g42630			expressed protein	N	Y	Y	55	pipeline_score=50; farm_logP=26.29; max_variant=25; recommendation_score=55
QTL26	Chr10-22965416	26.29	Chr10-22971223-8.52164035325855	LOC_Os10g42640	10:22991022-22994146	15	25	*	10.0	0.0	0.0	15.0	*	50.0	RAP_Step2_HNHZ_window200kb.FarmCPUpeak_info	window200kb	LOC_Os10g42640			expressed protein	N	Y	Y	55	pipeline_score=50; farm_logP=26.29; max_variant=25; recommendation_score=55
QTL26	Chr10-22965416	26.29	Chr10-22971223-8.52164035325855	LOC_Os10g42650	10:22997180-22999132	25	25	15	10.0	0.0	0.0	10.0	*	45.0	RAP_Step2_HNHZ_window200kb.FarmCPUpeak_info	window200kb	LOC_Os10g42650			retrotransposon protein, putative, unclassified, expressed	Y	Y	Y	50	pipeline_score=45; farm_logP=26.29; max_variant=25; recommendation_score=50
QTL26	Chr10-22965416	26.29	Chr10-22971223-8.52164035325855	LOC_Os10g42660	10:23005547-23007668	20	5	*	10.0	0.0	0.0	5.0	*	35.0	RAP_Step2_HNHZ_window200kb.FarmCPUpeak_info	window200kb	LOC_Os10g42660			expressed protein	N	Y	Y	40	pipeline_score=35; farm_logP=26.29; max_variant=20; recommendation_score=40
QTL26	Chr10-22965416	26.29	Chr10-22971223-8.52164035325855	LOC_Os10g42670	10:23008540-23011807	5	10	0	10.0	5.0	0.0	18.0	*	43.0	RAP_Step2_HNHZ_window200kb.FarmCPUpeak_info	window200kb	LOC_Os10g42670			glycosyl hydrolases family 16, putative, expressed	N	Y	Y	46	pipeline_score=43; farm_logP=26.29; max_variant=10; recommendation_score=46
QTL26	Chr10-22965416	26.29	Chr10-22971223-8.52164035325855	LOC_Os10g42690	10:23025714-23031771	5	10	10	10.0	0.0	17.0	18.0	*	55.0	RAP_Step2_HNHZ_window200kb.FarmCPUpeak_info	window200kb	LOC_Os10g42690	JMJ706|OsJMJ706	GA; development; floral; floral organ; flower; ga	jmjC domain containing protein, expressed	N	Y	Y	65	pipeline_score=55; farm_logP=26.29; max_variant=10; symbol=JMJ706|OsJMJ706; keyword=GA; development; floral; floral organ; flower; ga; recommendation_score=65
QTL26	Chr10-22965416	26.29	Chr10-22971223-8.52164035325855	LOC_Os10g42700	10:23032206-23035098	15	10	10	10.0	0.0	0.0	15.0	*	40.0	RAP_Step2_HNHZ_window200kb.FarmCPUpeak_info	window200kb	LOC_Os10g42700	OsSKL2	abscisic acid; drought; drought and oxidative stress; drought tolerance; oxidative; oxidative stress; reactive oxygen species; salinity; salinity stress; salt; salt tolerance; stress; tolerance	CS domain containing protein, putative, expressed	N	Y	Y	50	pipeline_score=40; farm_logP=26.29; max_variant=15; symbol=OsSKL2; keyword=abscisic acid; drought; drought and oxidative stress; drought tolerance; oxidative; oxidative stress; reactive oxygen species; salinity; salinity stress; salt; salt tolerance; stress; tolerance; recommendation_score=50
QTL26	Chr10-22965416	26.29	Chr10-22971223-8.52164035325855	LOC_Os10g42710	10:23035339-23039714	20	10	*	10.0	0.0	0.0	18.0	*	48.0	RAP_Step2_HNHZ_window200kb.FarmCPUpeak_info	window200kb	LOC_Os10g42710	OsSRO1a|TWI1	JA; JA signaling; abiotic stress; biotic stress; development; ja; leaf; stress; stress response; stress tolerance; tolerance; transcription factor	RCD1, putative, expressed	N	Y	Y	60	pipeline_score=48; farm_logP=26.29; max_variant=20; symbol=OsSRO1a|TWI1; keyword=JA; JA signaling; abiotic stress; biotic stress; development; ja; leaf; stress; stress response; stress tolerance; tolerance; transcription factor; recommendation_score=60
QTL26	Chr10-22965416	26.29	Chr10-22971223-8.52164035325855	LOC_Os10g42720	10:23044693-23050740	5	5	*	10.0	0.0	0.0	15.0	*	30.0	RAP_Step2_HNHZ_window200kb.FarmCPUpeak_info	window200kb	LOC_Os10g42720			acyltransferase, putative, expressed	N	Y	Y	30	pipeline_score=30; farm_logP=26.29; max_variant=5; recommendation_score=30
QTL26	Chr10-22965416	26.29	Chr10-22971223-8.52164035325855	LOC_Os10g42724	10:23052138-23055070	18	5	10	10.0	0.0	0.0	18.0	*	46.0	RAP_Step2_HNHZ_window200kb.FarmCPUpeak_info	window200kb	LOC_Os10g42724			VHS and GAT domain containing protein, expressed	N	Y	Y	49	pipeline_score=46; farm_logP=26.29; max_variant=18; recommendation_score=49
QTL26	Chr10-22965416	26.29	Chr10-22971223-8.52164035325855	LOC_Os10g42730	10:23055146-23058088	5	10	20	10.0	0.0	0.0	18.0	*	48.0	RAP_Step2_HNHZ_window200kb.FarmCPUpeak_info	window200kb	LOC_Os10g42730			expressed protein	N	Y	Y	53	pipeline_score=48; farm_logP=26.29; max_variant=20; recommendation_score=53
QTL26	Chr10-22965416	26.29	Chr10-22971223-8.52164035325855	LOC_Os10g42750	10:23062454-23066292	20	*	15	10.0	0.0	0.0	15.0	*	45.0	RAP_Step2_HNHZ_window200kb.FarmCPUpeak_info	window200kb	LOC_Os10g42750	OsCSLD1|rth-2	cell wall; cellulose; growth; root; root hair; shoot	CSLD1 - cellulose synthase-like family D, expressed	N	Y	Y	57	pipeline_score=45; farm_logP=26.29; max_variant=20; symbol=OsCSLD1|rth-2; keyword=cell wall; cellulose; growth; root; root hair; shoot; recommendation_score=57
QTL26	Chr10-22965416	26.29	Chr10-22971223-8.52164035325855	LOC_Os10g42754	10:23066471-23069754	20	5	*	10.0	0.0	0.0	10.0	*	40.0	RAP_Step2_HNHZ_window200kb.FarmCPUpeak_info	window200kb	LOC_Os10g42754			expressed protein	N	Y	Y	45	pipeline_score=40; farm_logP=26.29; max_variant=20; recommendation_score=45
QTL26	Chr10-22965416	26.29	Chr10-22971223-8.52164035325855	LOC_Os10g42760	10:23069756-23071683	5	10	*	10.0	0.0	0.0	15.0	*	35.0	RAP_Step2_HNHZ_window200kb.FarmCPUpeak_info	window200kb	LOC_Os10g42760			PPR repeat domain containing protein, putative, expressed	N	Y	Y	38	pipeline_score=35; farm_logP=26.29; max_variant=10; recommendation_score=38
QTL26	Chr10-22965416	26.29	Chr10-22971223-8.52164035325855	Os10g0578700	10:23073745-23075356	20	5	*	10.0	0.0	0.0	5.0	*	35.0	RAP_Step2_HNHZ_window200kb.FarmCPUpeak_info	window200kb	Os10g0578700							40	pipeline_score=35; farm_logP=26.29; max_variant=20; recommendation_score=40
QTL26	Chr10-22965416	26.29	Chr10-22971223-8.52164035325855	LOC_Os10g42770	10:23074056-23075246	20	5	*	10.0	0.0	0.0	10.0	*	40.0	RAP_Step2_HNHZ_window200kb.FarmCPUpeak_info	window200kb	LOC_Os10g42770			a_IG002N01.7, putative, expressed	N	Y	Y	45	pipeline_score=40; farm_logP=26.29; max_variant=20; recommendation_score=45
QTL26	Chr10-22965416	26.29	Chr10-22971223-8.52164035325855	LOC_Os10g42780	10:23075396-23079075	25	10	*	10.0	0.0	0.0	20.0	*	55.0	RAP_Step2_HNHZ_window200kb.FarmCPUpeak_info	window200kb	LOC_Os10g42780			lrgB-like family protein, expressed	N	Y	Y	60	pipeline_score=55; farm_logP=26.29; max_variant=25; recommendation_score=60
QTL26	Chr10-22965416	26.29	Chr10-22971223-8.52164035325855	LOC_Os10g42790	10:23079444-23082297	5	10	*	10.0	0.0	10.0	10.0	*	40.0	RAP_Step2_HNHZ_window200kb.FarmCPUpeak_info	window200kb	LOC_Os10g42790			cytidylyltransferase domain containing protein, expressed	N	Y	Y	43	pipeline_score=40; farm_logP=26.29; max_variant=10; recommendation_score=43
QTL26	Chr10-22965416	26.29	Chr10-22971223-8.52164035325855	LOC_Os10g42800	10:23083220-23086585	20	10	10	10.0	0.0	0.0	18.0	*	48.0	RAP_Step2_HNHZ_window200kb.FarmCPUpeak_info	window200kb	LOC_Os10g42800			AMP-binding enzyme, putative, expressed	N	Y	Y	53	pipeline_score=48; farm_logP=26.29; max_variant=20; recommendation_score=53
QTL26	Chr10-22965416	26.29	Chr10-22971223-8.52164035325855	LOC_Os10g42810	10:23087285-23087505	20	10	*	10.0	0.0	0.0	0.0	*	30.0	RAP_Step2_HNHZ_window200kb.FarmCPUpeak_info	window200kb	LOC_Os10g42810			hypothetical protein	N	N	Y	35	pipeline_score=30; farm_logP=26.29; max_variant=20; recommendation_score=35
QTL26	Chr10-22965416	26.29	Chr10-22971223-8.52164035325855	LOC_Os10g42820	10:23088097-23093419	20	10	10	10.0	0.0	0.0	5.0	*	35.0	RAP_Step2_HNHZ_window200kb.FarmCPUpeak_info	window200kb	LOC_Os10g42820			early-responsive to dehydration protein-related, putative, expressed	N	Y	Y	40	pipeline_score=35; farm_logP=26.29; max_variant=20; recommendation_score=40
QTL26	Chr10-22965416	26.29	Chr10-22971223-8.52164035325855	Os10g0579150	10:23089311-23089549	*	*	10	10.0	0.0	0.0	5.0	*	25.0	RAP_Step2_HNHZ_window200kb.FarmCPUpeak_info	window200kb	Os10g0579150							28	pipeline_score=25; farm_logP=26.29; max_variant=10; recommendation_score=28
QTL26	Chr10-22965416	26.29	Chr10-22971223-8.52164035325855	LOC_Os10g42830	10:23095271-23099812	5	10	*	10.0	0.0	10.0	15.0	*	45.0	RAP_Step2_HNHZ_window200kb.FarmCPUpeak_info	window200kb	LOC_Os10g42830			transporter family protein, putative, expressed	N	Y	Y	48	pipeline_score=45; farm_logP=26.29; max_variant=10; recommendation_score=48
QTL26	Chr10-22965416	26.29	Chr10-22971223-8.52164035325855	Os10g0579250	10:23095653-23099461	*	5	10	10.0	0.0	0.0	10.0	*	30.0	RAP_Step2_HNHZ_window200kb.FarmCPUpeak_info	window200kb	Os10g0579250							33	pipeline_score=30; farm_logP=26.29; max_variant=10; recommendation_score=33
QTL26	Chr10-22965416	26.29	Chr10-22971223-8.52164035325855	LOC_Os10g42840	10:23100365-23103301	5	5	20	10.0	0.0	0.0	15.0	*	45.0	RAP_Step2_HNHZ_window200kb.FarmCPUpeak_info	window200kb	LOC_Os10g42840			NADH dehydrogenase 1 alpha subcomplex subunit 12, putative, expressed	N	Y	Y	50	pipeline_score=45; farm_logP=26.29; max_variant=20; recommendation_score=50
QTL26	Chr10-22965416	26.29	Chr10-22971223-8.52164035325855	LOC_Os10g42850	10:23107503-23108646	5	5	*	10.0	5.0	0.0	5.0	*	25.0	RAP_Step2_HNHZ_window200kb.FarmCPUpeak_info	window200kb	LOC_Os10g42850			WRKY2, expressed	N	Y	Y	25	pipeline_score=25; farm_logP=26.29; max_variant=5; recommendation_score=25
QTL26	Chr10-22965416	26.29	Chr10-22971223-8.52164035325855	LOC_Os10g42860	10:23111980-23113864	5	10	*	10.0	0.0	0.0	10.0	*	30.0	RAP_Step2_HNHZ_window200kb.FarmCPUpeak_info	window200kb	LOC_Os10g42860			ribosomal protein L35, putative, expressed	N	Y	Y	33	pipeline_score=30; farm_logP=26.29; max_variant=10; recommendation_score=33
QTL26	Chr10-22965416	26.29	Chr10-22971223-8.52164035325855	LOC_Os10g42870	10:23114698-23117754	20	10	*	10.0	0.0	10.0	18.0	*	58.0	RAP_Step2_HNHZ_window200kb.FarmCPUpeak_info	window200kb	LOC_Os10g42870	OsNPF7.7	root	peptide transporter PTR2, putative, expressed	N	Y	Y	70	pipeline_score=58; farm_logP=26.29; max_variant=20; symbol=OsNPF7.7; keyword=root; recommendation_score=70
QTL26	Chr10-22965416	26.29	Chr10-22971223-8.52164035325855	LOC_Os10g42880	10:23118121-23126088	25	25	0	10.0	0.0	0.0	5.0	*	40.0	RAP_Step2_HNHZ_window200kb.FarmCPUpeak_info	window200kb	LOC_Os10g42880			retrotransposon protein, putative, unclassified, expressed	Y	Y	Y	45	pipeline_score=40; farm_logP=26.29; max_variant=25; recommendation_score=45
QTL26	Chr10-22965416	26.29	Chr10-22971223-8.52164035325855	LOC_Os10g42900	10:23128998-23132165	5	5	10	10.0	0.0	10.0	5.0	*	35.0	RAP_Step2_HNHZ_window200kb.FarmCPUpeak_info	window200kb	LOC_Os10g42900			peptide transporter PTR2, putative, expressed	N	Y	Y	38	pipeline_score=35; farm_logP=26.29; max_variant=10; recommendation_score=38
QTL26	Chr10-22965416	26.29	Chr10-22971223-8.52164035325855	Os10g0579850	10:23129296-23131002	5	5	20	10.0	0.0	0.0	10.0	*	40.0	RAP_Step2_HNHZ_window200kb.FarmCPUpeak_info	window200kb	Os10g0579850							45	pipeline_score=40; farm_logP=26.29; max_variant=20; recommendation_score=45
QTL26	Chr10-22965416	26.29	Chr10-22971223-8.52164035325855	LOC_Os10g42910	10:23132291-23141700	25	25	25	10.0	0.0	0.0	10.0	*	45.0	RAP_Step2_HNHZ_window200kb.FarmCPUpeak_info	window200kb	LOC_Os10g42910			transposon protein, putative, unclassified, expressed	Y	Y	Y	50	pipeline_score=45; farm_logP=26.29; max_variant=25; recommendation_score=50
QTL26	Chr10-22965416	26.29	Chr10-22971223-8.52164035325855	LOC_Os10g42920	10:23141918-23142342	*	5	25	10.0	0.0	0.0	0.0	*	35.0	RAP_Step2_HNHZ_window200kb.FarmCPUpeak_info	window200kb	LOC_Os10g42920			conserved hypothetical protein	N	N	Y	40	pipeline_score=35; farm_logP=26.29; max_variant=25; recommendation_score=40
QTL26	Chr10-22965416	26.29	Chr10-22971223-8.52164035325855	Os10g0580001	10:23142740-23144221	20	5	20	10.0	0.0	0.0	5.0	*	35.0	RAP_Step2_HNHZ_window200kb.FarmCPUpeak_info	window200kb	Os10g0580001							40	pipeline_score=35; farm_logP=26.29; max_variant=20; recommendation_score=40
QTL26	Chr10-22965416	26.29	Chr10-22971223-8.52164035325855	LOC_Os10g42930	10:23143186-23144515	20	25	25	10.0	0.0	0.0	20.0	*	55.0	RAP_Step2_HNHZ_window200kb.FarmCPUpeak_info	window200kb	LOC_Os10g42930			expressed protein	N	Y	Y	60	pipeline_score=55; farm_logP=26.29; max_variant=25; recommendation_score=60
QTL26	Chr10-22965416	26.29	Chr10-22971223-8.52164035325855	LOC_Os10g42940	10:23146494-23148646	5	10	5	10.0	0.0	0.0	15.0	*	35.0	RAP_Step2_HNHZ_window200kb.FarmCPUpeak_info	window200kb	LOC_Os10g42940			miro, putative, expressed	N	Y	Y	38	pipeline_score=35; farm_logP=26.29; max_variant=10; recommendation_score=38
QTL26	Chr10-22965416	26.29	Chr10-22971223-8.52164035325855	Os10g0580250	10:23146627-23148269	*	*	*	10.0	0.0	0.0	5.0	*	15.0	RAP_Step2_HNHZ_window200kb.FarmCPUpeak_info	window200kb	Os10g0580250							15	pipeline_score=15; farm_logP=26.29; recommendation_score=15
QTL26	Chr10-22965416	26.29	Chr10-22971223-8.52164035325855	LOC_Os10g42950	10:23148730-23153260	5	5	*	10.0	0.0	0.0	15.0	*	30.0	RAP_Step2_HNHZ_window200kb.FarmCPUpeak_info	window200kb	LOC_Os10g42950			cyclin-dependent kinase E-1, putative, expressed	N	Y	Y	30	pipeline_score=30; farm_logP=26.29; max_variant=5; recommendation_score=30
QTL26	Chr10-22965416	26.29	Chr10-22971223-8.52164035325855	LOC_Os10g42960	10:23156882-23159606	5	5	*	10.0	0.0	0.0	22.0	*	37.0	RAP_Step2_HNHZ_window200kb.FarmCPUpeak_info	window200kb	LOC_Os10g42960	OsDUR3	growth; nitrogen; root; transporter	urea active transporter, putative, expressed	N	Y	Y	44	pipeline_score=37; farm_logP=26.29; max_variant=5; symbol=OsDUR3; keyword=growth; nitrogen; root; transporter; recommendation_score=44
QTL26	Chr10-22965416	26.29	Chr10-22971223-8.52164035325855	LOC_Os10g42970	10:23160421-23162415	25	5	20	10.0	0.0	0.0	5.0	*	40.0	RAP_Step2_HNHZ_window200kb.FarmCPUpeak_info	window200kb	LOC_Os10g42970			expressed protein	N	Y	Y	45	pipeline_score=40; farm_logP=26.29; max_variant=25; recommendation_score=45
QTL26	Chr10-22965416	26.29	Chr10-22971223-8.52164035325855	Os10g0580550	10:23163182-23169086	25	25	20	10.0	0.0	0.0	5.0	*	40.0	RAP_Step2_HNHZ_window200kb.FarmCPUpeak_info	window200kb	Os10g0580550							45	pipeline_score=40; farm_logP=26.29; max_variant=25; recommendation_score=45
QTL27	Chr11-4408219	8.63	*	LOC_Os11g08060	11:4208030-4210981	20	25	25	2.0	0.0	0.0	5.0	*	32.0	RAP_Step2_HNHZ_window200kb.FarmCPUpeak_info	window200kb	LOC_Os11g08060			retrotransposon protein, putative, Ty3-gypsy subclass, expressed	Y	Y	Y	37	pipeline_score=32; farm_logP=8.63; max_variant=25; recommendation_score=37
QTL27	Chr11-4408219	8.63	*	LOC_Os11g08070	11:4212169-4214029	20	25	25	2.0	0.0	0.0	0.0	*	27.0	RAP_Step2_HNHZ_window200kb.FarmCPUpeak_info	window200kb	LOC_Os11g08070			ankyrin repeat family protein, putative, expressed	Y	Y	Y	32	pipeline_score=27; farm_logP=8.63; max_variant=25; recommendation_score=32
QTL27	Chr11-4408219	8.63	*	LOC_Os11g08080	11:4220829-4229473	20	25	25	2.0	0.0	10.0	15.0	*	52.0	RAP_Step2_HNHZ_window200kb.FarmCPUpeak_info	window200kb	LOC_Os11g08080	CHB705|OsCHB705|OsSWI3C	drought; drought resistance; drought stress; growth; resistance; root; root growth; stress	SWIRM domain containing protein, expressed	N	Y	Y	64	pipeline_score=52; farm_logP=8.63; max_variant=25; symbol=CHB705|OsCHB705|OsSWI3C; keyword=drought; drought resistance; drought stress; growth; resistance; root; root growth; stress; recommendation_score=64
QTL27	Chr11-4408219	8.63	*	LOC_Os11g08090	11:4233460-4243344	20	10	5	2.0	0.0	0.0	10.0	*	32.0	RAP_Step2_HNHZ_window200kb.FarmCPUpeak_info	window200kb	LOC_Os11g08090			expressed protein	N	Y	Y	37	pipeline_score=32; farm_logP=8.63; max_variant=20; recommendation_score=37
QTL27	Chr11-4408219	8.63	*	LOC_Os11g08100	11:4247299-4252006	5	25	20	2.0	0.0	0.0	18.0	*	45.0	RAP_Step2_HNHZ_window200kb.FarmCPUpeak_info	window200kb	LOC_Os11g08100			eukaryotic aspartyl protease domain containing protein, expressed	N	Y	Y	50	pipeline_score=45; farm_logP=8.63; max_variant=25; recommendation_score=50
QTL27	Chr11-4408219	8.63	*	LOC_Os11g08110	11:4252444-4255947	25	25	20	2.0	0.0	0.0	10.0	*	37.0	RAP_Step2_HNHZ_window200kb.FarmCPUpeak_info	window200kb	LOC_Os11g08110			expressed protein	N	Y	Y	42	pipeline_score=37; farm_logP=8.63; max_variant=25; recommendation_score=42
QTL27	Chr11-4408219	8.63	*	LOC_Os11g08120	11:4262908-4265304	25	25	20	2.0	0.0	0.0	5.0	*	32.0	RAP_Step2_HNHZ_window200kb.FarmCPUpeak_info	window200kb	LOC_Os11g08120			Os11bglu37 - GH1 pseudogene, expressed	N	Y	Y	37	pipeline_score=32; farm_logP=8.63; max_variant=25; recommendation_score=37
QTL27	Chr11-4408219	8.63	*	Os11g0184350	11:4263757-4283124	25	5	20	2.0	0.0	0.0	0.0	*	27.0	RAP_Step2_HNHZ_window200kb.FarmCPUpeak_info	window200kb	Os11g0184350							32	pipeline_score=27; farm_logP=8.63; max_variant=25; recommendation_score=32
QTL27	Chr11-4408219	8.63	*	LOC_Os11g08130	11:4269453-4270160	25	25	25	2.0	0.0	0.0	0.0	*	27.0	RAP_Step2_HNHZ_window200kb.FarmCPUpeak_info	window200kb	LOC_Os11g08130			retrotransposon protein, putative, Ty3-gypsy subclass	Y	N	Y	32	pipeline_score=27; farm_logP=8.63; max_variant=25; recommendation_score=32
QTL27	Chr11-4408219	8.63	*	LOC_Os11g08140	11:4272148-4273387	25	25	25	2.0	0.0	0.0	0.0	*	27.0	RAP_Step2_HNHZ_window200kb.FarmCPUpeak_info	window200kb	LOC_Os11g08140			retrotransposon protein, putative, Ty3-gypsy subclass	Y	N	Y	32	pipeline_score=27; farm_logP=8.63; max_variant=25; recommendation_score=32
QTL27	Chr11-4408219	8.63	*	LOC_Os11g08150	11:4274320-4278830	25	25	25	2.0	0.0	0.0	5.0	*	32.0	RAP_Step2_HNHZ_window200kb.FarmCPUpeak_info	window200kb	LOC_Os11g08150			retrotransposon protein, putative, Ty3-gypsy subclass, expressed	Y	Y	Y	37	pipeline_score=32; farm_logP=8.63; max_variant=25; recommendation_score=37
QTL27	Chr11-4408219	8.63	*	LOC_Os11g08160	11:4282663-4283119	25	25	25	2.0	5.0	10.0	0.0	*	42.0	RAP_Step2_HNHZ_window200kb.FarmCPUpeak_info	window200kb	LOC_Os11g08160			transposon protein, putative, unclassified, expressed	Y	Y	Y	47	pipeline_score=42; farm_logP=8.63; max_variant=25; recommendation_score=47
QTL27	Chr11-4408219	8.63	*	LOC_Os11g08170	11:4285112-4285498	20	25	15	2.0	5.0	0.0	0.0	*	32.0	RAP_Step2_HNHZ_window200kb.FarmCPUpeak_info	window200kb	LOC_Os11g08170			DEFL45 - Defensin and Defensin-like DEFL family, expressed	N	Y	Y	37	pipeline_score=32; farm_logP=8.63; max_variant=25; recommendation_score=37
QTL27	Chr11-4408219	8.63	*	LOC_Os11g08180	11:4287928-4288353	25	25	0	2.0	5.0	0.0	0.0	*	32.0	RAP_Step2_HNHZ_window200kb.FarmCPUpeak_info	window200kb	LOC_Os11g08180			aspartic proteinase Asp1 precursor, putative, expressed	N	Y	Y	37	pipeline_score=32; farm_logP=8.63; max_variant=25; recommendation_score=37
QTL27	Chr11-4408219	8.63	*	LOC_Os11g08190	11:4288975-4291261	20	25	25	2.0	5.0	0.0	5.0	*	37.0	RAP_Step2_HNHZ_window200kb.FarmCPUpeak_info	window200kb	LOC_Os11g08190			aspartic proteinase Asp1 precursor, putative, expressed	N	Y	Y	42	pipeline_score=37; farm_logP=8.63; max_variant=25; recommendation_score=42
QTL27	Chr11-4408219	8.63	*	LOC_Os11g08200	11:4295158-4297681	20	10	25	2.0	0.0	0.0	10.0	*	37.0	RAP_Step2_HNHZ_window200kb.FarmCPUpeak_info	window200kb	LOC_Os11g08200			eukaryotic aspartyl protease domain containing protein, expressed	N	Y	Y	42	pipeline_score=37; farm_logP=8.63; max_variant=25; recommendation_score=42
QTL27	Chr11-4408219	8.63	*	LOC_Os11g08210	11:4299149-4301783	5	10	20	2.0	0.0	10.0	18.0	*	50.0	RAP_Step2_HNHZ_window200kb.FarmCPUpeak_info	window200kb	LOC_Os11g08210	OsNAC5	ABA ; Fe; abiotic stress; drought; drought tolerance; flower; grain; grain filling; grain yield; growth; jasmonic; jasmonic acid; lignin; oxidative; panicle; root; salinity; salt; salt stress; seed; seedling; senescence; tolerance; transcription factor; yield	no apical meristem protein, putative, expressed	N	Y	Y	62	pipeline_score=50; farm_logP=8.63; max_variant=20; symbol=OsNAC5; keyword=ABA ; Fe; abiotic stress; drought; drought tolerance; flower; grain; grain filling; grain yield; growth; jasmonic; jasmonic acid; lignin; oxidative; panicle; root; salinity; salt; salt stress; seed; seedling; senescence; tolerance; transcription factor; yield; recommendation_score=62
QTL27	Chr11-4408219	8.63	*	LOC_Os11g08220	11:4315043-4315616	20	25	25	2.0	5.0	0.0	0.0	*	32.0	RAP_Step2_HNHZ_window200kb.FarmCPUpeak_info	window200kb	LOC_Os11g08220			DEFL28 - Defensin and Defensin-like DEFL family, expressed	N	Y	Y	37	pipeline_score=32; farm_logP=8.63; max_variant=25; recommendation_score=37
QTL27	Chr11-4408219	8.63	*	LOC_Os11g08225	11:4318754-4322360	20	5	25	2.0	0.0	0.0	5.0	*	32.0	RAP_Step2_HNHZ_window200kb.FarmCPUpeak_info	window200kb	LOC_Os11g08225			expressed protein	Y	Y	Y	37	pipeline_score=32; farm_logP=8.63; max_variant=25; recommendation_score=37
QTL27	Chr11-4408219	8.63	*	LOC_Os11g08230	11:4319196-4325545	25	25	25	2.0	0.0	0.0	5.0	*	32.0	RAP_Step2_HNHZ_window200kb.FarmCPUpeak_info	window200kb	LOC_Os11g08230			DEFL46 - Defensin and Defensin-like DEFL family, expressed	Y	Y	Y	37	pipeline_score=32; farm_logP=8.63; max_variant=25; recommendation_score=37
QTL27	Chr11-4408219	8.63	*	LOC_Os11g08235	11:4325141-4325584	20	25	25	2.0	5.0	0.0	0.0	*	32.0	RAP_Step2_HNHZ_window200kb.FarmCPUpeak_info	window200kb	LOC_Os11g08235			expressed protein	N	Y	Y	37	pipeline_score=32; farm_logP=8.63; max_variant=25; recommendation_score=37
QTL27	Chr11-4408219	8.63	*	LOC_Os11g08240	11:4326038-4326364	5	5	25	2.0	5.0	0.0	0.0	*	32.0	RAP_Step2_HNHZ_window200kb.FarmCPUpeak_info	window200kb	LOC_Os11g08240			DEFL29 - Defensin and Defensin-like DEFL family, expressed	N	Y	Y	37	pipeline_score=32; farm_logP=8.63; max_variant=25; recommendation_score=37
QTL27	Chr11-4408219	8.63	*	LOC_Os11g08250	11:4327769-4328098	5	5	15	2.0	5.0	0.0	0.0	abnormal	22.0	RAP_Step2_HNHZ_window200kb.FarmCPUpeak_info	window200kb	LOC_Os11g08250			DEFL30 - Defensin and Defensin-like DEFL family, expressed	N	Y	Y	28	pipeline_score=22; farm_logP=8.63; max_variant=15; match=abnormal; recommendation_score=28
QTL27	Chr11-4408219	8.63	*	LOC_Os11g08260	11:4330064-4330414	5	5	*	2.0	5.0	0.0	0.0	*	12.0	RAP_Step2_HNHZ_window200kb.FarmCPUpeak_info	window200kb	LOC_Os11g08260			DEFL31 - Defensin and Defensin-like DEFL family, expressed	N	Y	Y	12	pipeline_score=12; farm_logP=8.63; max_variant=5; recommendation_score=12
QTL27	Chr11-4408219	8.63	*	LOC_Os11g08265	11:4334460-4334774	25	5	*	2.0	5.0	0.0	0.0	*	32.0	RAP_Step2_HNHZ_window200kb.FarmCPUpeak_info	window200kb	LOC_Os11g08265			expressed protein	N	Y	Y	37	pipeline_score=32; farm_logP=8.63; max_variant=25; recommendation_score=37
QTL27	Chr11-4408219	8.63	*	LOC_Os11g08270	11:4336494-4337008	20	5	*	2.0	5.0	0.0	0.0	*	27.0	RAP_Step2_HNHZ_window200kb.FarmCPUpeak_info	window200kb	LOC_Os11g08270			DEFL32 - Defensin and Defensin-like DEFL family, expressed	N	Y	Y	32	pipeline_score=27; farm_logP=8.63; max_variant=20; recommendation_score=32
QTL27	Chr11-4408219	8.63	*	LOC_Os11g08280	11:4342477-4342815	20	5	20	2.0	5.0	0.0	0.0	*	27.0	RAP_Step2_HNHZ_window200kb.FarmCPUpeak_info	window200kb	LOC_Os11g08280			DEFL33 - Defensin and Defensin-like DEFL family, expressed	N	Y	Y	32	pipeline_score=27; farm_logP=8.63; max_variant=20; recommendation_score=32
QTL27	Chr11-4408219	8.63	*	LOC_Os11g08285	11:4345853-4346236	5	5	0	2.0	5.0	0.0	0.0	*	12.0	RAP_Step2_HNHZ_window200kb.FarmCPUpeak_info	window200kb	LOC_Os11g08285			expressed protein	N	Y	Y	12	pipeline_score=12; farm_logP=8.63; max_variant=5; recommendation_score=12
QTL27	Chr11-4408219	8.63	*	Os11g0185800	11:4351277-4353991	20	25	10	2.0	0.0	0.0	5.0	*	32.0	RAP_Step2_HNHZ_window200kb.FarmCPUpeak_info	window200kb	Os11g0185800							37	pipeline_score=32; farm_logP=8.63; max_variant=25; recommendation_score=37
QTL27	Chr11-4408219	8.63	*	Os11g0186050	11:4355110-4355880	25	5	0	2.0	0.0	0.0	0.0	*	27.0	RAP_Step2_HNHZ_window200kb.FarmCPUpeak_info	window200kb	Os11g0186050							32	pipeline_score=27; farm_logP=8.63; max_variant=25; recommendation_score=32
QTL27	Chr11-4408219	8.63	*	LOC_Os11g08290	11:4373652-4373969	25	25	25	2.0	0.0	0.0	0.0	*	27.0	RAP_Step2_HNHZ_window200kb.FarmCPUpeak_info	window200kb	LOC_Os11g08290			expressed protein	N	Y	Y	32	pipeline_score=27; farm_logP=8.63; max_variant=25; recommendation_score=32
QTL27	Chr11-4408219	8.63	*	LOC_Os11g08300	11:4375281-4380044	20	10	20	2.0	0.0	0.0	18.0	*	40.0	RAP_Step2_HNHZ_window200kb.FarmCPUpeak_info	window200kb	LOC_Os11g08300			aldehyde dehydrogenase, putative, expressed	N	Y	Y	45	pipeline_score=40; farm_logP=8.63; max_variant=20; recommendation_score=45
QTL27	Chr11-4408219	8.63	*	LOC_Os11g08314	11:4380785-4387947	18	25	0	2.0	0.0	0.0	5.0	*	32.0	RAP_Step2_HNHZ_window200kb.FarmCPUpeak_info	window200kb	LOC_Os11g08314			methyltransferase, putative, expressed	N	Y	Y	37	pipeline_score=32; farm_logP=8.63; max_variant=25; recommendation_score=37
QTL27	Chr11-4408219	8.63	*	LOC_Os11g08330	11:4387460-4397808	5	10	5	2.0	0.0	0.0	15.0	*	27.0	RAP_Step2_HNHZ_window200kb.FarmCPUpeak_info	window200kb	LOC_Os11g08330			POLD1 - Putative DNA polymerase delta catalytic subunit, expressed	N	Y	Y	30	pipeline_score=27; farm_logP=8.63; max_variant=10; recommendation_score=30
QTL27	Chr11-4408219	8.63	*	LOC_Os11g08340	11:4401492-4403522	20	10	10	2.0	5.0	0.0	5.0	*	32.0	RAP_Step2_HNHZ_window200kb.FarmCPUpeak_info	window200kb	LOC_Os11g08340	OsGH3.12	resistance	OsGH3.12 - Probable indole-3-acetic acid-amido synthetase, expressed	N	Y	Y	44	pipeline_score=32; farm_logP=8.63; max_variant=20; symbol=OsGH3.12; keyword=resistance; recommendation_score=44
QTL27	Chr11-4408219	8.63	*	Os11g0186525	11:4401526-4403438	20	5	10	2.0	0.0	0.0	5.0	*	27.0	RAP_Step2_HNHZ_window200kb.FarmCPUpeak_info	window200kb	Os11g0186525							32	pipeline_score=27; farm_logP=8.63; max_variant=20; recommendation_score=32
QTL27	Chr11-4408219	8.63	*	LOC_Os11g08350	11:4408579-4409130	5	5	0	2.0	5.0	0.0	0.0	*	12.0	RAP_Step2_HNHZ_window200kb.FarmCPUpeak_info	window200kb	LOC_Os11g08350			expressed protein	N	Y	Y	12	pipeline_score=12; farm_logP=8.63; max_variant=5; recommendation_score=12
QTL27	Chr11-4408219	8.63	*	LOC_Os11g08360	11:4409602-4410033	20	5	25	2.0	5.0	0.0	0.0	*	32.0	RAP_Step2_HNHZ_window200kb.FarmCPUpeak_info	window200kb	LOC_Os11g08360			expressed protein	N	Y	Y	37	pipeline_score=32; farm_logP=8.63; max_variant=25; recommendation_score=37
QTL27	Chr11-4408219	8.63	*	LOC_Os11g08370	11:4413240-4415870	20	10	*	2.0	0.0	0.0	15.0	*	37.0	RAP_Step2_HNHZ_window200kb.FarmCPUpeak_info	window200kb	LOC_Os11g08370			transporter, major facilitator family, putative, expressed	N	Y	Y	42	pipeline_score=37; farm_logP=8.63; max_variant=20; recommendation_score=42
QTL27	Chr11-4408219	8.63	*	LOC_Os11g08380	11:4415910-4418435	20	10	*	2.0	0.0	0.0	5.0	*	27.0	RAP_Step2_HNHZ_window200kb.FarmCPUpeak_info	window200kb	LOC_Os11g08380			1-aminocyclopropane-1-carboxylate oxidase, putative, expressed	N	Y	Y	32	pipeline_score=27; farm_logP=8.63; max_variant=20; recommendation_score=32
QTL27	Chr11-4408219	8.63	*	Os11g0187001	11:4416365-4417668	20	*	*	2.0	0.0	0.0	5.0	*	27.0	RAP_Step2_HNHZ_window200kb.FarmCPUpeak_info	window200kb	Os11g0187001							32	pipeline_score=27; farm_logP=8.63; max_variant=20; recommendation_score=32
QTL27	Chr11-4408219	8.63	*	LOC_Os11g08390	11:4421823-4423368	18	5	25	2.0	0.0	0.0	5.0	*	32.0	RAP_Step2_HNHZ_window200kb.FarmCPUpeak_info	window200kb	LOC_Os11g08390			retrotransposon protein, putative, unclassified, expressed	Y	Y	Y	37	pipeline_score=32; farm_logP=8.63; max_variant=25; recommendation_score=37
QTL27	Chr11-4408219	8.63	*	LOC_Os11g08400	11:4427965-4431444	20	25	*	2.0	5.0	0.0	5.0	*	37.0	RAP_Step2_HNHZ_window200kb.FarmCPUpeak_info	window200kb	LOC_Os11g08400			expressed protein	N	Y	Y	42	pipeline_score=37; farm_logP=8.63; max_variant=25; recommendation_score=42
QTL27	Chr11-4408219	8.63	*	Os11g0187150	11:4430512-4432986	20	5	0	2.0	0.0	0.0	0.0	*	22.0	RAP_Step2_HNHZ_window200kb.FarmCPUpeak_info	window200kb	Os11g0187150							27	pipeline_score=22; farm_logP=8.63; max_variant=20; recommendation_score=27
QTL27	Chr11-4408219	8.63	*	LOC_Os11g08410	11:4432776-4434071	5	25	5	2.0	5.0	0.0	5.0	*	37.0	RAP_Step2_HNHZ_window200kb.FarmCPUpeak_info	window200kb	LOC_Os11g08410	OsGATA28	heading date; panicle length; plant height	GATA zinc finger domain containing protein, expressed	N	Y	Y	49	pipeline_score=37; farm_logP=8.63; max_variant=25; symbol=OsGATA28; keyword=heading date; panicle length; plant height; recommendation_score=49
QTL27	Chr11-4408219	8.63	*	LOC_Os11g08420	11:4438054-4440111	25	25	25	2.0	5.0	0.0	0.0	*	32.0	RAP_Step2_HNHZ_window200kb.FarmCPUpeak_info	window200kb	LOC_Os11g08420			expressed protein	N	Y	Y	37	pipeline_score=32; farm_logP=8.63; max_variant=25; recommendation_score=37
QTL27	Chr11-4408219	8.63	*	LOC_Os11g08430	11:4440801-4441352	20	10	25	2.0	5.0	0.0	0.0	*	32.0	RAP_Step2_HNHZ_window200kb.FarmCPUpeak_info	window200kb	LOC_Os11g08430			expressed protein	N	Y	Y	37	pipeline_score=32; farm_logP=8.63; max_variant=25; recommendation_score=37
QTL27	Chr11-4408219	8.63	*	LOC_Os11g08440	11:4443164-4446466	20	25	20	2.0	5.0	10.0	5.0	*	47.0	RAP_Step2_HNHZ_window200kb.FarmCPUpeak_info	window200kb	LOC_Os11g08440			DnaK family protein, putative, expressed	N	Y	Y	52	pipeline_score=47; farm_logP=8.63; max_variant=25; recommendation_score=52
QTL27	Chr11-4408219	8.63	*	LOC_Os11g08445	11:4448642-4452224	20	10	25	2.0	5.0	10.0	5.0	*	47.0	RAP_Step2_HNHZ_window200kb.FarmCPUpeak_info	window200kb	LOC_Os11g08445			DnaK family protein, putative, expressed	N	Y	Y	52	pipeline_score=47; farm_logP=8.63; max_variant=25; recommendation_score=52
QTL27	Chr11-4408219	8.63	*	Os11g0187550	11:4458588-4458924	*	*	0	2.0	0.0	0.0	0.0	*	2.0	RAP_Step2_HNHZ_window200kb.FarmCPUpeak_info	window200kb	Os11g0187550							2	pipeline_score=2; farm_logP=8.63; recommendation_score=2
QTL27	Chr11-4408219	8.63	*	LOC_Os11g08450	11:4460605-4462398	25	25	25	2.0	0.0	0.0	0.0	*	27.0	RAP_Step2_HNHZ_window200kb.FarmCPUpeak_info	window200kb	LOC_Os11g08450			retrotransposon protein, putative, Ty1-copia subclass, expressed	Y	Y	Y	32	pipeline_score=27; farm_logP=8.63; max_variant=25; recommendation_score=32
QTL27	Chr11-4408219	8.63	*	LOC_Os11g08460	11:4466284-4469353	25	25	25	2.0	5.0	0.0	5.0	*	37.0	RAP_Step2_HNHZ_window200kb.FarmCPUpeak_info	window200kb	LOC_Os11g08460			DnaK family protein, putative, expressed	N	Y	Y	42	pipeline_score=37; farm_logP=8.63; max_variant=25; recommendation_score=42
QTL27	Chr11-4408219	8.63	*	LOC_Os11g08470	11:4476621-4480654	20	25	25	2.0	0.0	10.0	5.0	*	42.0	RAP_Step2_HNHZ_window200kb.FarmCPUpeak_info	window200kb	LOC_Os11g08470			DnaK family protein, putative, expressed	N	Y	Y	47	pipeline_score=42; farm_logP=8.63; max_variant=25; recommendation_score=47
QTL27	Chr11-4408219	8.63	*	LOC_Os11g08480	11:4481449-4482675	*	25	25	2.0	0.0	0.0	5.0	*	32.0	RAP_Step2_HNHZ_window200kb.FarmCPUpeak_info	window200kb	LOC_Os11g08480			expressed protein	N	Y	Y	37	pipeline_score=32; farm_logP=8.63; max_variant=25; recommendation_score=37
QTL27	Chr11-4408219	8.63	*	LOC_Os11g08490	11:4485920-4486948	25	25	25	2.0	0.0	0.0	0.0	*	27.0	RAP_Step2_HNHZ_window200kb.FarmCPUpeak_info	window200kb	LOC_Os11g08490			expressed protein	N	Y	Y	32	pipeline_score=27; farm_logP=8.63; max_variant=25; recommendation_score=32
QTL27	Chr11-4408219	8.63	*	LOC_Os11g08500	11:4489528-4491237	25	25	25	2.0	0.0	0.0	5.0	*	32.0	RAP_Step2_HNHZ_window200kb.FarmCPUpeak_info	window200kb	LOC_Os11g08500			expressed protein	N	Y	Y	37	pipeline_score=32; farm_logP=8.63; max_variant=25; recommendation_score=37
QTL27	Chr11-4408219	8.63	*	LOC_Os11g08510	11:4492039-4494773	5	5	25	2.0	0.0	0.0	5.0	*	32.0	RAP_Step2_HNHZ_window200kb.FarmCPUpeak_info	window200kb	LOC_Os11g08510			retrotransposon protein, putative, Ty1-copia subclass	Y	N	Y	37	pipeline_score=32; farm_logP=8.63; max_variant=25; recommendation_score=37
QTL27	Chr11-4408219	8.63	*	LOC_Os11g08520	11:4496036-4496356	5	5	25	2.0	0.0	0.0	0.0	*	27.0	RAP_Step2_HNHZ_window200kb.FarmCPUpeak_info	window200kb	LOC_Os11g08520			expressed protein	N	Y	Y	32	pipeline_score=27; farm_logP=8.63; max_variant=25; recommendation_score=32
QTL27	Chr11-4408219	8.63	*	LOC_Os11g08536	11:4509361-4510226	5	5	25	2.0	0.0	0.0	0.0	*	27.0	RAP_Step2_HNHZ_window200kb.FarmCPUpeak_info	window200kb	LOC_Os11g08536			expressed protein	N	Y	Y	32	pipeline_score=27; farm_logP=8.63; max_variant=25; recommendation_score=32
QTL27	Chr11-4408219	8.63	*	LOC_Os11g08542	11:4510782-4513752	*	*	25	2.0	0.0	0.0	5.0	*	32.0	RAP_Step2_HNHZ_window200kb.FarmCPUpeak_info	window200kb	LOC_Os11g08542			retrotransposon protein, putative, unclassified, expressed	Y	Y	Y	37	pipeline_score=32; farm_logP=8.63; max_variant=25; recommendation_score=37
QTL27	Chr11-4408219	8.63	*	LOC_Os11g08550	11:4514098-4519739	5	5	25	2.0	0.0	0.0	0.0	*	27.0	RAP_Step2_HNHZ_window200kb.FarmCPUpeak_info	window200kb	LOC_Os11g08550			retrotransposon protein, putative, unclassified, expressed	Y	Y	Y	32	pipeline_score=27; farm_logP=8.63; max_variant=25; recommendation_score=32
QTL27	Chr11-4408219	8.63	*	LOC_Os11g08569	11:4522339-4558016	20	10	25	2.0	0.0	0.0	10.0	*	37.0	RAP_Step2_HNHZ_window200kb.FarmCPUpeak_info	window200kb	LOC_Os11g08569			cycloartenol synthase, putative, expressed	N	Y	Y	42	pipeline_score=37; farm_logP=8.63; max_variant=25; recommendation_score=42
QTL27	Chr11-4408219	8.63	*	LOC_Os11g08590	11:4557503-4566355	20	25	20	2.0	0.0	0.0	15.0	*	42.0	RAP_Step2_HNHZ_window200kb.FarmCPUpeak_info	window200kb	LOC_Os11g08590			expressed protein	N	Y	Y	47	pipeline_score=42; farm_logP=8.63; max_variant=25; recommendation_score=47
QTL27	Chr11-4408219	8.63	*	LOC_Os11g08610	11:4576848-4583732	25	25	25	2.0	0.0	0.0	0.0	*	27.0	RAP_Step2_HNHZ_window200kb.FarmCPUpeak_info	window200kb	LOC_Os11g08610			retrotransposon protein, putative, unclassified, expressed	Y	Y	Y	32	pipeline_score=27; farm_logP=8.63; max_variant=25; recommendation_score=32
QTL27	Chr11-4408219	8.63	*	LOC_Os11g08620	11:4586482-4589353	*	*	25	2.0	0.0	0.0	0.0	*	27.0	RAP_Step2_HNHZ_window200kb.FarmCPUpeak_info	window200kb	LOC_Os11g08620			retrotransposon protein, putative, Ty3-gypsy subclass, expressed	Y	Y	Y	32	pipeline_score=27; farm_logP=8.63; max_variant=25; recommendation_score=32
QTL27	Chr11-4408219	8.63	*	LOC_Os11g08630	11:4589573-4590152	5	5	25	2.0	0.0	0.0	0.0	*	27.0	RAP_Step2_HNHZ_window200kb.FarmCPUpeak_info	window200kb	LOC_Os11g08630			retrotransposon protein, putative, Ty3-gypsy subclass	Y	N	Y	32	pipeline_score=27; farm_logP=8.63; max_variant=25; recommendation_score=32
QTL27	Chr11-4408219	8.63	*	LOC_Os11g08640	11:4597510-4601044	20	25	15	2.0	5.0	0.0	5.0	*	37.0	RAP_Step2_HNHZ_window200kb.FarmCPUpeak_info	window200kb	LOC_Os11g08640			retrotransposon protein, putative, unclassified, expressed	Y	Y	Y	42	pipeline_score=37; farm_logP=8.63; max_variant=25; recommendation_score=42
QTL28	Chr11-6724965	8.10	*	LOC_Os11g11750	11:6525558-6525977	25	25	25	2.0	0.0	0.0	5.0	*	32.0	RAP_Step2_HNHZ_window200kb.FarmCPUpeak_info	window200kb	LOC_Os11g11750			expressed protein	N	Y	Y	37	pipeline_score=32; farm_logP=8.1; max_variant=25; recommendation_score=37
QTL28	Chr11-6724965	8.10	*	LOC_Os11g11760	11:6530949-6532307	20	25	25	2.0	0.0	0.0	0.0	*	27.0	RAP_Step2_HNHZ_window200kb.FarmCPUpeak_info	window200kb	LOC_Os11g11760			serpin domain containing protein, putative, expressed	N	Y	Y	32	pipeline_score=27; farm_logP=8.1; max_variant=25; recommendation_score=32
QTL28	Chr11-6724965	8.10	*	LOC_Os11g11770	11:6532861-6535926	25	25	20	2.0	0.0	0.0	22.0	*	49.0	RAP_Step2_HNHZ_window200kb.FarmCPUpeak_info	window200kb	LOC_Os11g11770			disease resistance protein RPM1, putative, expressed	N	Y	Y	54	pipeline_score=49; farm_logP=8.1; max_variant=25; recommendation_score=54
QTL28	Chr11-6724965	8.10	*	LOC_Os11g11780	11:6539074-6541690	20	25	20	2.0	0.0	0.0	22.0	*	49.0	RAP_Step2_HNHZ_window200kb.FarmCPUpeak_info	window200kb	LOC_Os11g11780			cysteine-rich receptor-like protein kinase 21 precursor, putative, expressed	N	Y	Y	54	pipeline_score=49; farm_logP=8.1; max_variant=25; recommendation_score=54
QTL28	Chr11-6724965	8.10	*	LOC_Os11g11790	11:6541924-6546026	20	25	15	2.0	0.0	0.0	15.0	*	42.0	RAP_Step2_HNHZ_window200kb.FarmCPUpeak_info	window200kb	LOC_Os11g11790			NBS-LRR type disease resistance protein, putative, expressed	N	Y	Y	47	pipeline_score=42; farm_logP=8.1; max_variant=25; recommendation_score=47
QTL28	Chr11-6724965	8.10	*	LOC_Os11g11800	11:6548364-6549341	25	25	0	2.0	0.0	0.0	0.0	*	27.0	RAP_Step2_HNHZ_window200kb.FarmCPUpeak_info	window200kb	LOC_Os11g11800			retrotransposon, putative, centromere-specific	Y	N	Y	32	pipeline_score=27; farm_logP=8.1; max_variant=25; recommendation_score=32
QTL28	Chr11-6724965	8.10	*	Os11g0225200	11:6551769-6551992	5	10	10	2.0	0.0	0.0	0.0	*	12.0	RAP_Step2_HNHZ_window200kb.FarmCPUpeak_info	window200kb	Os11g0225200							15	pipeline_score=12; farm_logP=8.1; max_variant=10; recommendation_score=15
QTL28	Chr11-6724965	8.10	*	LOC_Os11g11810	11:6554514-6561687	25	25	15	2.0	0.0	0.0	18.0	*	45.0	RAP_Step2_HNHZ_window200kb.FarmCPUpeak_info	window200kb	LOC_Os11g11810			NBS-LRR disease resistance protein, putative, expressed	N	Y	Y	50	pipeline_score=45; farm_logP=8.1; max_variant=25; recommendation_score=50
QTL28	Chr11-6724965	8.10	*	Os11g0225566	11:6554549-6558264	25	*	*	2.0	0.0	0.0	5.0	*	32.0	RAP_Step2_HNHZ_window200kb.FarmCPUpeak_info	window200kb	Os11g0225566							37	pipeline_score=32; farm_logP=8.1; max_variant=25; recommendation_score=37
QTL28	Chr11-6724965	8.10	*	LOC_Os11g11820	11:6562883-6566089	25	25	5	2.0	0.0	0.0	0.0	*	27.0	RAP_Step2_HNHZ_window200kb.FarmCPUpeak_info	window200kb	LOC_Os11g11820			retrotransposon protein, putative, Ty3-gypsy subclass, expressed	Y	Y	Y	32	pipeline_score=27; farm_logP=8.1; max_variant=25; recommendation_score=32
QTL28	Chr11-6724965	8.10	*	LOC_Os11g11830	11:6567668-6569494	20	25	25	2.0	0.0	0.0	0.0	*	27.0	RAP_Step2_HNHZ_window200kb.FarmCPUpeak_info	window200kb	LOC_Os11g11830			retrotransposon protein, putative, unclassified, expressed	Y	Y	Y	32	pipeline_score=27; farm_logP=8.1; max_variant=25; recommendation_score=32
QTL28	Chr11-6724965	8.10	*	LOC_Os11g11840	11:6571922-6573561	25	25	25	2.0	0.0	0.0	0.0	*	27.0	RAP_Step2_HNHZ_window200kb.FarmCPUpeak_info	window200kb	LOC_Os11g11840			retrotransposon protein, putative, unclassified, expressed	Y	Y	Y	32	pipeline_score=27; farm_logP=8.1; max_variant=25; recommendation_score=32
QTL28	Chr11-6724965	8.10	*	LOC_Os11g11850	11:6574283-6575448	25	25	25	2.0	0.0	0.0	0.0	*	27.0	RAP_Step2_HNHZ_window200kb.FarmCPUpeak_info	window200kb	LOC_Os11g11850			retrotransposon protein, putative, unclassified	Y	N	Y	32	pipeline_score=27; farm_logP=8.1; max_variant=25; recommendation_score=32
QTL28	Chr11-6724965	8.10	*	LOC_Os11g11860	11:6581724-6584835	25	25	*	2.0	0.0	0.0	0.0	*	27.0	RAP_Step2_HNHZ_window200kb.FarmCPUpeak_info	window200kb	LOC_Os11g11860			retrotransposon protein, putative, unclassified, expressed	Y	Y	Y	32	pipeline_score=27; farm_logP=8.1; max_variant=25; recommendation_score=32
QTL28	Chr11-6724965	8.10	*	LOC_Os11g11870	11:6588520-6589726	20	25	*	2.0	0.0	0.0	0.0	*	27.0	RAP_Step2_HNHZ_window200kb.FarmCPUpeak_info	window200kb	LOC_Os11g11870			retrotransposon protein, putative, unclassified, expressed	Y	Y	Y	32	pipeline_score=27; farm_logP=8.1; max_variant=25; recommendation_score=32
QTL28	Chr11-6724965	8.10	*	LOC_Os11g11880	11:6591185-6595164	20	5	*	2.0	0.0	0.0	0.0	*	22.0	RAP_Step2_HNHZ_window200kb.FarmCPUpeak_info	window200kb	LOC_Os11g11880			retrotransposon protein, putative, LINE subclass, expressed	Y	Y	Y	27	pipeline_score=22; farm_logP=8.1; max_variant=20; recommendation_score=27
QTL28	Chr11-6724965	8.10	*	LOC_Os11g11890	11:6596374-6603010	20	5	25	2.0	0.0	0.0	22.0	*	49.0	RAP_Step2_HNHZ_window200kb.FarmCPUpeak_info	window200kb	LOC_Os11g11890			protein kinase domain containing protein, expressed	N	Y	Y	54	pipeline_score=49; farm_logP=8.1; max_variant=25; recommendation_score=54
QTL28	Chr11-6724965	8.10	*	Os11g0226301	11:6602476-6602703	20	*	*	2.0	0.0	0.0	5.0	*	27.0	RAP_Step2_HNHZ_window200kb.FarmCPUpeak_info	window200kb	Os11g0226301							32	pipeline_score=27; farm_logP=8.1; max_variant=20; recommendation_score=32
QTL28	Chr11-6724965	8.10	*	LOC_Os11g11900	11:6604351-6605723	25	25	*	2.0	0.0	0.0	5.0	*	32.0	RAP_Step2_HNHZ_window200kb.FarmCPUpeak_info	window200kb	LOC_Os11g11900			expressed protein	N	Y	Y	37	pipeline_score=32; farm_logP=8.1; max_variant=25; recommendation_score=37
QTL28	Chr11-6724965	8.10	*	LOC_Os11g11920	11:6606427-6616027	20	25	*	2.0	0.0	0.0	18.0	*	45.0	RAP_Step2_HNHZ_window200kb.FarmCPUpeak_info	window200kb	LOC_Os11g11920			resistance protein, putative, expressed	N	Y	Y	50	pipeline_score=45; farm_logP=8.1; max_variant=25; recommendation_score=50
QTL28	Chr11-6724965	8.10	*	Os11g0226550	11:6612949-6615523	20	1	*	2.0	0.0	0.0	5.0	*	27.0	RAP_Step2_HNHZ_window200kb.FarmCPUpeak_info	window200kb	Os11g0226550							32	pipeline_score=27; farm_logP=8.1; max_variant=20; recommendation_score=32
QTL28	Chr11-6724965	8.10	*	LOC_Os11g11930	11:6618185-6618497	25	5	*	2.0	0.0	0.0	0.0	*	27.0	RAP_Step2_HNHZ_window200kb.FarmCPUpeak_info	window200kb	LOC_Os11g11930			expressed protein	N	Y	Y	32	pipeline_score=27; farm_logP=8.1; max_variant=25; recommendation_score=32
QTL28	Chr11-6724965	8.10	*	LOC_Os11g11940	11:6621642-6629013	25	25	*	2.0	0.0	0.0	18.0	*	45.0	RAP_Step2_HNHZ_window200kb.FarmCPUpeak_info	window200kb	LOC_Os11g11940			MLA10, putative, expressed	N	Y	Y	50	pipeline_score=45; farm_logP=8.1; max_variant=25; recommendation_score=50
QTL28	Chr11-6724965	8.10	*	LOC_Os11g11950	11:6631958-6634662	25	25	15	2.0	0.0	0.0	15.0	*	42.0	RAP_Step2_HNHZ_window200kb.FarmCPUpeak_info	window200kb	LOC_Os11g11950			disease resistance protein RPM1, putative, expressed	N	Y	Y	47	pipeline_score=42; farm_logP=8.1; max_variant=25; recommendation_score=47
QTL28	Chr11-6724965	8.10	*	Os11g0226900	11:6633737-6635869	25	5	*	2.0	0.0	0.0	5.0	*	32.0	RAP_Step2_HNHZ_window200kb.FarmCPUpeak_info	window200kb	Os11g0226900							37	pipeline_score=32; farm_logP=8.1; max_variant=25; recommendation_score=37
QTL28	Chr11-6724965	8.10	*	LOC_Os11g11960	11:6638262-6640922	25	25	*	2.0	0.0	0.0	22.0	*	49.0	RAP_Step2_HNHZ_window200kb.FarmCPUpeak_info	window200kb	LOC_Os11g11960			disease resistance protein RPM1, putative, expressed	N	Y	Y	54	pipeline_score=49; farm_logP=8.1; max_variant=25; recommendation_score=54
QTL28	Chr11-6724965	8.10	*	LOC_Os11g11970	11:6646433-6647140	20	5	5	2.0	0.0	0.0	22.0	*	44.0	RAP_Step2_HNHZ_window200kb.FarmCPUpeak_info	window200kb	LOC_Os11g11970			expressed protein	N	Y	Y	49	pipeline_score=44; farm_logP=8.1; max_variant=20; recommendation_score=49
QTL28	Chr11-6724965	8.10	*	LOC_Os11g11980	11:6648986-6650344	25	25	15	2.0	0.0	0.0	15.0	*	42.0	RAP_Step2_HNHZ_window200kb.FarmCPUpeak_info	window200kb	LOC_Os11g11980			expressed protein	N	Y	Y	47	pipeline_score=42; farm_logP=8.1; max_variant=25; recommendation_score=47
QTL28	Chr11-6724965	8.10	*	LOC_Os11g11990	11:6655976-6663781	25	5	5	2.0	0.0	0.0	20.0	*	47.0	RAP_Step2_HNHZ_window200kb.FarmCPUpeak_info	window200kb	LOC_Os11g11990			NB-ARC domain containing protein, expressed	N	Y	Y	52	pipeline_score=47; farm_logP=8.1; max_variant=25; recommendation_score=52
QTL28	Chr11-6724965	8.10	*	LOC_Os11g12000	11:6668507-6681159	25	5	25	2.0	0.0	0.0	22.0	*	49.0	RAP_Step2_HNHZ_window200kb.FarmCPUpeak_info	window200kb	LOC_Os11g12000			NBS-LRR disease resistance protein, putative, expressed	N	Y	Y	54	pipeline_score=49; farm_logP=8.1; max_variant=25; recommendation_score=54
QTL28	Chr11-6724965	8.10	*	Os11g0227250	11:6679058-6681504	25	5	20	2.0	0.0	0.0	5.0	*	32.0	RAP_Step2_HNHZ_window200kb.FarmCPUpeak_info	window200kb	Os11g0227250							37	pipeline_score=32; farm_logP=8.1; max_variant=25; recommendation_score=37
QTL28	Chr11-6724965	8.10	*	LOC_Os11g12010	11:6685665-6687640	5	*	25	2.0	0.0	0.0	10.0	*	37.0	RAP_Step2_HNHZ_window200kb.FarmCPUpeak_info	window200kb	LOC_Os11g12010			expressed protein	N	Y	Y	42	pipeline_score=37; farm_logP=8.1; max_variant=25; recommendation_score=42
QTL28	Chr11-6724965	8.10	*	LOC_Os11g12020	11:6690417-6690681	25	*	15	2.0	0.0	0.0	10.0	*	37.0	RAP_Step2_HNHZ_window200kb.FarmCPUpeak_info	window200kb	LOC_Os11g12020			disease resistance protein, putative	N	N	Y	42	pipeline_score=37; farm_logP=8.1; max_variant=25; recommendation_score=42
QTL28	Chr11-6724965	8.10	*	LOC_Os11g12040	11:6692025-6697566	25	25	*	2.0	0.0	0.0	18.0	*	45.0	RAP_Step2_HNHZ_window200kb.FarmCPUpeak_info	window200kb	LOC_Os11g12040			disease resistance protein RPM1, putative, expressed	N	Y	Y	50	pipeline_score=45; farm_logP=8.1; max_variant=25; recommendation_score=50
QTL28	Chr11-6724965	8.10	*	Os11g0227600	11:6695391-6698883	25	10	*	2.0	0.0	0.0	5.0	*	32.0	RAP_Step2_HNHZ_window200kb.FarmCPUpeak_info	window200kb	Os11g0227600							37	pipeline_score=32; farm_logP=8.1; max_variant=25; recommendation_score=37
QTL28	Chr11-6724965	8.10	*	LOC_Os11g12050	11:6703120-6709237	20	25	*	2.0	0.0	0.0	20.0	*	47.0	RAP_Step2_HNHZ_window200kb.FarmCPUpeak_info	window200kb	LOC_Os11g12050			NBS-LRR type disease resistance protein, putative, expressed	N	Y	Y	52	pipeline_score=47; farm_logP=8.1; max_variant=25; recommendation_score=52
QTL28	Chr11-6724965	8.10	*	LOC_Os11g12060	11:6712603-6717054	25	25	*	2.0	0.0	0.0	5.0	*	32.0	RAP_Step2_HNHZ_window200kb.FarmCPUpeak_info	window200kb	LOC_Os11g12060			retrotransposon protein, putative, Ty3-gypsy subclass, expressed	Y	Y	Y	37	pipeline_score=32; farm_logP=8.1; max_variant=25; recommendation_score=37
QTL28	Chr11-6724965	8.10	*	LOC_Os11g12070	11:6717339-6718104	25	25	*	2.0	0.0	0.0	5.0	*	32.0	RAP_Step2_HNHZ_window200kb.FarmCPUpeak_info	window200kb	LOC_Os11g12070			retrotransposon protein, putative, Ty3-gypsy subclass, expressed	Y	Y	Y	37	pipeline_score=32; farm_logP=8.1; max_variant=25; recommendation_score=37
QTL28	Chr11-6724965	8.10	*	LOC_Os11g12080	11:6729308-6731650	*	*	*	2.0	0.0	0.0	20.0	*	22.0	RAP_Step2_HNHZ_window200kb.FarmCPUpeak_info	window200kb	LOC_Os11g12080			retrotransposon protein, putative, unclassified, expressed	Y	Y	Y	22	pipeline_score=22; farm_logP=8.1; recommendation_score=22
QTL28	Chr11-6724965	8.10	*	LOC_Os11g12090	11:6735850-6743595	25	25	*	2.0	0.0	0.0	5.0	*	32.0	RAP_Step2_HNHZ_window200kb.FarmCPUpeak_info	window200kb	LOC_Os11g12090			retrotransposon protein, putative, Ty3-gypsy subclass, expressed	Y	Y	Y	37	pipeline_score=32; farm_logP=8.1; max_variant=25; recommendation_score=37
QTL28	Chr11-6724965	8.10	*	LOC_Os11g12100	11:6746021-6751280	5	5	*	2.0	0.0	0.0	0.0	*	7.0	RAP_Step2_HNHZ_window200kb.FarmCPUpeak_info	window200kb	LOC_Os11g12100			retrotransposon protein, putative, Ty3-gypsy subclass, expressed	Y	Y	Y	7	pipeline_score=7; farm_logP=8.1; max_variant=5; recommendation_score=7
QTL28	Chr11-6724965	8.10	*	LOC_Os11g12110	11:6755790-6757488	25	25	25	2.0	0.0	0.0	0.0	*	27.0	RAP_Step2_HNHZ_window200kb.FarmCPUpeak_info	window200kb	LOC_Os11g12110			retrotransposon protein, putative, Ty3-gypsy subclass, expressed	Y	Y	Y	32	pipeline_score=27; farm_logP=8.1; max_variant=25; recommendation_score=32
QTL28	Chr11-6724965	8.10	*	LOC_Os11g12120	11:6758005-6762144	20	25	25	2.0	0.0	0.0	5.0	*	32.0	RAP_Step2_HNHZ_window200kb.FarmCPUpeak_info	window200kb	LOC_Os11g12120			retrotransposon protein, putative, unclassified, expressed	Y	Y	Y	37	pipeline_score=32; farm_logP=8.1; max_variant=25; recommendation_score=37
QTL28	Chr11-6724965	8.10	*	LOC_Os11g12130	11:6763996-6767955	25	25	25	2.0	0.0	0.0	5.0	*	32.0	RAP_Step2_HNHZ_window200kb.FarmCPUpeak_info	window200kb	LOC_Os11g12130			retrotransposon protein, putative, Ty3-gypsy subclass, expressed	Y	Y	Y	37	pipeline_score=32; farm_logP=8.1; max_variant=25; recommendation_score=37
QTL28	Chr11-6724965	8.10	*	LOC_Os11g12140	11:6768242-6769007	25	25	25	2.0	0.0	0.0	5.0	*	32.0	RAP_Step2_HNHZ_window200kb.FarmCPUpeak_info	window200kb	LOC_Os11g12140			retrotransposon protein, putative, Ty3-gypsy subclass, expressed	Y	Y	Y	37	pipeline_score=32; farm_logP=8.1; max_variant=25; recommendation_score=37
QTL28	Chr11-6724965	8.10	*	LOC_Os11g12150	11:6771443-6771712	25	25	25	2.0	0.0	0.0	5.0	*	32.0	RAP_Step2_HNHZ_window200kb.FarmCPUpeak_info	window200kb	LOC_Os11g12150			transposon protein, putative, unclassified, expressed	Y	Y	Y	37	pipeline_score=32; farm_logP=8.1; max_variant=25; recommendation_score=37
QTL28	Chr11-6724965	8.10	*	LOC_Os11g12160	11:6778727-6779359	25	25	25	2.0	0.0	0.0	0.0	*	27.0	RAP_Step2_HNHZ_window200kb.FarmCPUpeak_info	window200kb	LOC_Os11g12160			retrotransposon protein, putative, unclassified, expressed	Y	Y	Y	32	pipeline_score=27; farm_logP=8.1; max_variant=25; recommendation_score=32
QTL28	Chr11-6724965	8.10	*	LOC_Os11g12170	11:6780175-6780873	25	25	25	2.0	0.0	0.0	0.0	*	27.0	RAP_Step2_HNHZ_window200kb.FarmCPUpeak_info	window200kb	LOC_Os11g12170			retrotransposon protein, putative, unclassified	Y	N	Y	32	pipeline_score=27; farm_logP=8.1; max_variant=25; recommendation_score=32
QTL28	Chr11-6724965	8.10	*	LOC_Os11g12180	11:6786560-6787057	5	5	25	2.0	0.0	0.0	0.0	*	27.0	RAP_Step2_HNHZ_window200kb.FarmCPUpeak_info	window200kb	LOC_Os11g12180			retrotransposon protein, putative, Ty3-gypsy subclass	Y	N	Y	32	pipeline_score=27; farm_logP=8.1; max_variant=25; recommendation_score=32
QTL28	Chr11-6724965	8.10	*	LOC_Os11g12190	11:6794126-6797126	25	25	25	2.0	0.0	0.0	0.0	*	27.0	RAP_Step2_HNHZ_window200kb.FarmCPUpeak_info	window200kb	LOC_Os11g12190			retrotransposon protein, putative, Ty3-gypsy subclass, expressed	Y	Y	Y	32	pipeline_score=27; farm_logP=8.1; max_variant=25; recommendation_score=32
QTL28	Chr11-6724965	8.10	*	LOC_Os11g12200	11:6798829-6805339	25	25	*	2.0	0.0	0.0	5.0	*	32.0	RAP_Step2_HNHZ_window200kb.FarmCPUpeak_info	window200kb	LOC_Os11g12200			retrotransposon protein, putative, Ty3-gypsy subclass, expressed	Y	Y	Y	37	pipeline_score=32; farm_logP=8.1; max_variant=25; recommendation_score=37
QTL28	Chr11-6724965	8.10	*	LOC_Os11g12210	11:6807337-6814091	25	25	*	2.0	0.0	0.0	0.0	*	27.0	RAP_Step2_HNHZ_window200kb.FarmCPUpeak_info	window200kb	LOC_Os11g12210			retrotransposon protein, putative, Ty3-gypsy subclass, expressed	Y	Y	Y	32	pipeline_score=27; farm_logP=8.1; max_variant=25; recommendation_score=32
QTL28	Chr11-6724965	8.10	*	LOC_Os11g12220	11:6815180-6817462	25	25	*	2.0	0.0	0.0	0.0	*	27.0	RAP_Step2_HNHZ_window200kb.FarmCPUpeak_info	window200kb	LOC_Os11g12220			retrotransposon protein, putative, Ty3-gypsy subclass	Y	N	Y	32	pipeline_score=27; farm_logP=8.1; max_variant=25; recommendation_score=32
QTL28	Chr11-6724965	8.10	*	LOC_Os11g12230	11:6820470-6824422	5	5	*	2.0	0.0	0.0	5.0	*	12.0	RAP_Step2_HNHZ_window200kb.FarmCPUpeak_info	window200kb	LOC_Os11g12230			retrotransposon protein, putative, unclassified, expressed	Y	Y	Y	12	pipeline_score=12; farm_logP=8.1; max_variant=5; recommendation_score=12
QTL28	Chr11-6724965	8.10	*	LOC_Os11g12240	11:6827132-6840671	25	25	*	2.0	0.0	0.0	22.0	*	49.0	RAP_Step2_HNHZ_window200kb.FarmCPUpeak_info	window200kb	LOC_Os11g12240			retrotransposon protein, putative, unclassified, expressed	Y	Y	Y	54	pipeline_score=49; farm_logP=8.1; max_variant=25; recommendation_score=54
QTL28	Chr11-6724965	8.10	*	Os11g0228201	11:6827133-6840671	25	5	*	2.0	0.0	0.0	10.0	*	37.0	RAP_Step2_HNHZ_window200kb.FarmCPUpeak_info	window200kb	Os11g0228201							42	pipeline_score=37; farm_logP=8.1; max_variant=25; recommendation_score=42
QTL28	Chr11-6724965	8.10	*	LOC_Os11g12250	11:6842878-6844651	25	25	*	2.0	0.0	0.0	22.0	*	49.0	RAP_Step2_HNHZ_window200kb.FarmCPUpeak_info	window200kb	LOC_Os11g12250			retrotransposon protein, putative, unclassified	Y	N	Y	54	pipeline_score=49; farm_logP=8.1; max_variant=25; recommendation_score=54
QTL28	Chr11-6724965	8.10	*	LOC_Os11g12260	11:6845297-6848371	5	5	*	2.0	0.0	0.0	22.0	*	29.0	RAP_Step2_HNHZ_window200kb.FarmCPUpeak_info	window200kb	LOC_Os11g12260			non-TIR-NBS-LRR type resistance protein, putative, expressed	N	Y	Y	29	pipeline_score=29; farm_logP=8.1; max_variant=5; recommendation_score=29
QTL28	Chr11-6724965	8.10	*	LOC_Os11g12270	11:6851207-6853897	*	*	*	2.0	0.0	0.0	18.0	*	20.0	RAP_Step2_HNHZ_window200kb.FarmCPUpeak_info	window200kb	LOC_Os11g12270			expressed protein	N	Y	Y	20	pipeline_score=20; farm_logP=8.1; recommendation_score=20
QTL28	Chr11-6724965	8.10	*	LOC_Os11g12280	11:6860280-6861173	5	25	*	2.0	0.0	0.0	5.0	*	32.0	RAP_Step2_HNHZ_window200kb.FarmCPUpeak_info	window200kb	LOC_Os11g12280			expressed protein	N	Y	Y	37	pipeline_score=32; farm_logP=8.1; max_variant=25; recommendation_score=37
QTL28	Chr11-6724965	8.10	*	Os11g0229000	11:6861752-6865502	5	*	*	2.0	0.0	0.0	5.0	*	12.0	RAP_Step2_HNHZ_window200kb.FarmCPUpeak_info	window200kb	Os11g0229000							12	pipeline_score=12; farm_logP=8.1; max_variant=5; recommendation_score=12
QTL28	Chr11-6724965	8.10	*	LOC_Os11g12290	11:6865802-6867885	5	10	0	2.0	0.0	0.0	20.0	*	32.0	RAP_Step2_HNHZ_window200kb.FarmCPUpeak_info	window200kb	LOC_Os11g12290			proteophosphoglycan, putative, expressed	N	Y	Y	35	pipeline_score=32; farm_logP=8.1; max_variant=10; recommendation_score=35
QTL28	Chr11-6724965	8.10	*	Os11g0229333	11:6871951-6878271	20	*	20	2.0	0.0	0.0	5.0	*	27.0	RAP_Step2_HNHZ_window200kb.FarmCPUpeak_info	window200kb	Os11g0229333							32	pipeline_score=27; farm_logP=8.1; max_variant=20; recommendation_score=32
QTL28	Chr11-6724965	8.10	*	LOC_Os11g12300	11:6872037-6873056	20	25	25	2.0	0.0	0.0	22.0	*	49.0	RAP_Step2_HNHZ_window200kb.FarmCPUpeak_info	window200kb	LOC_Os11g12300			NBS-LRR disease resistance protein, putative, expressed	N	Y	Y	54	pipeline_score=49; farm_logP=8.1; max_variant=25; recommendation_score=54
QTL28	Chr11-6724965	8.10	*	LOC_Os11g12310	11:6873960-6875528	20	25	25	2.0	0.0	0.0	22.0	*	49.0	RAP_Step2_HNHZ_window200kb.FarmCPUpeak_info	window200kb	LOC_Os11g12310			retrotransposon protein, putative, unclassified, expressed	Y	Y	Y	54	pipeline_score=49; farm_logP=8.1; max_variant=25; recommendation_score=54
QTL28	Chr11-6724965	8.10	*	LOC_Os11g12320	11:6875946-6877418	20	25	15	2.0	0.0	0.0	20.0	*	47.0	RAP_Step2_HNHZ_window200kb.FarmCPUpeak_info	window200kb	LOC_Os11g12320			disease resistance protein RPM1, putative, expressed	N	Y	Y	52	pipeline_score=47; farm_logP=8.1; max_variant=25; recommendation_score=52
QTL28	Chr11-6724965	8.10	*	LOC_Os11g12330	11:6878608-6884945	20	5	*	2.0	0.0	0.0	20.0	*	42.0	RAP_Step2_HNHZ_window200kb.FarmCPUpeak_info	window200kb	LOC_Os11g12330			disease resistance protein RPM1, putative, expressed	N	Y	Y	47	pipeline_score=42; farm_logP=8.1; max_variant=20; recommendation_score=47
QTL28	Chr11-6724965	8.10	*	LOC_Os11g12340	11:6888057-6896357	25	25	15	2.0	0.0	0.0	22.0	*	49.0	RAP_Step2_HNHZ_window200kb.FarmCPUpeak_info	window200kb	LOC_Os11g12340	RPR1	disease; disease resistance	disease resistance protein RPM1, putative, expressed	N	Y	Y	61	pipeline_score=49; farm_logP=8.1; max_variant=25; symbol=RPR1; keyword=disease; disease resistance; recommendation_score=61
QTL28	Chr11-6724965	8.10	*	Os11g0229600	11:6891118-6897208	25	25	15	2.0	0.0	0.0	5.0	*	32.0	RAP_Step2_HNHZ_window200kb.FarmCPUpeak_info	window200kb	Os11g0229600							37	pipeline_score=32; farm_logP=8.1; max_variant=25; recommendation_score=37
QTL28	Chr11-6724965	8.10	*	LOC_Os11g12350	11:6896964-6898774	25	25	*	2.0	0.0	0.0	15.0	*	42.0	RAP_Step2_HNHZ_window200kb.FarmCPUpeak_info	window200kb	LOC_Os11g12350			disease resistance protein, putative, expressed	N	Y	Y	47	pipeline_score=42; farm_logP=8.1; max_variant=25; recommendation_score=47
QTL28	Chr11-6724965	8.10	*	LOC_Os11g12360	11:6900794-6912826	25	25	25	2.0	0.0	10.0	5.0	*	42.0	RAP_Step2_HNHZ_window200kb.FarmCPUpeak_info	window200kb	LOC_Os11g12360			transposon protein, putative, CACTA, En/Spm sub-class, expressed	Y	Y	Y	47	pipeline_score=42; farm_logP=8.1; max_variant=25; recommendation_score=47
QTL28	Chr11-6724965	8.10	*	LOC_Os11g12370	11:6915485-6915926	20	25	20	2.0	0.0	0.0	0.0	*	27.0	RAP_Step2_HNHZ_window200kb.FarmCPUpeak_info	window200kb	LOC_Os11g12370			hypothetical protein	N	N	Y	32	pipeline_score=27; farm_logP=8.1; max_variant=25; recommendation_score=32
QTL28	Chr11-6724965	8.10	*	LOC_Os11g12380	11:6918442-6918965	25	25	0	2.0	0.0	0.0	0.0	*	27.0	RAP_Step2_HNHZ_window200kb.FarmCPUpeak_info	window200kb	LOC_Os11g12380			hypothetical protein	Y	N	Y	32	pipeline_score=27; farm_logP=8.1; max_variant=25; recommendation_score=32
QTL28	Chr11-6724965	8.10	*	LOC_Os11g12390	11:6920728-6921120	25	25	5	2.0	0.0	0.0	0.0	*	27.0	RAP_Step2_HNHZ_window200kb.FarmCPUpeak_info	window200kb	LOC_Os11g12390			expressed protein	N	Y	Y	32	pipeline_score=27; farm_logP=8.1; max_variant=25; recommendation_score=32
QTL28	Chr11-6724965	8.10	*	LOC_Os11g12400	11:6922415-6922831	18	25	25	2.0	5.0	0.0	0.0	*	32.0	RAP_Step2_HNHZ_window200kb.FarmCPUpeak_info	window200kb	LOC_Os11g12400			expressed protein	N	Y	Y	37	pipeline_score=32; farm_logP=8.1; max_variant=25; recommendation_score=37
QTL29	Chr11-18053728	8.06	*	LOC_Os11g30670	11:17852251-17854748	25	25	25	2.0	0.0	0.0	0.0	*	27.0	RAP_Step2_HNHZ_window200kb.FarmCPUpeak_info	window200kb	LOC_Os11g30670			retrotransposon protein, putative, LINE subclass, expressed	Y	Y	Y	32	pipeline_score=27; farm_logP=8.06; max_variant=25; recommendation_score=32
QTL29	Chr11-18053728	8.06	*	Os11g0501500	11:17856680-17858107	20	5	20	2.0	0.0	0.0	0.0	*	22.0	RAP_Step2_HNHZ_window200kb.FarmCPUpeak_info	window200kb	Os11g0501500							27	pipeline_score=22; farm_logP=8.06; max_variant=20; recommendation_score=27
QTL29	Chr11-18053728	8.06	*	LOC_Os11g30690	11:17874373-17874738	25	25	25	2.0	0.0	0.0	0.0	*	27.0	RAP_Step2_HNHZ_window200kb.FarmCPUpeak_info	window200kb	LOC_Os11g30690			expressed protein	N	Y	Y	32	pipeline_score=27; farm_logP=8.06; max_variant=25; recommendation_score=32
QTL29	Chr11-18053728	8.06	*	LOC_Os11g30700	11:17879423-17884231	25	25	5	2.0	0.0	0.0	0.0	*	27.0	RAP_Step2_HNHZ_window200kb.FarmCPUpeak_info	window200kb	LOC_Os11g30700			retrotransposon protein, putative, unclassified, expressed	Y	Y	Y	32	pipeline_score=27; farm_logP=8.06; max_variant=25; recommendation_score=32
QTL29	Chr11-18053728	8.06	*	LOC_Os11g30720	11:17890550-17891799	25	25	5	2.0	0.0	0.0	0.0	*	27.0	RAP_Step2_HNHZ_window200kb.FarmCPUpeak_info	window200kb	LOC_Os11g30720			conserved hypothetical protein	Y	N	Y	32	pipeline_score=27; farm_logP=8.06; max_variant=25; recommendation_score=32
QTL29	Chr11-18053728	8.06	*	LOC_Os11g30730	11:17892627-17894420	25	25	25	2.0	0.0	0.0	0.0	*	27.0	RAP_Step2_HNHZ_window200kb.FarmCPUpeak_info	window200kb	LOC_Os11g30730			transposon protein, putative, CACTA, En/Spm sub-class, expressed	Y	Y	Y	32	pipeline_score=27; farm_logP=8.06; max_variant=25; recommendation_score=32
QTL29	Chr11-18053728	8.06	*	LOC_Os11g30740	11:17896685-17900238	25	25	5	2.0	0.0	0.0	0.0	*	27.0	RAP_Step2_HNHZ_window200kb.FarmCPUpeak_info	window200kb	LOC_Os11g30740			transposon protein, putative, CACTA, En/Spm sub-class, expressed	Y	Y	Y	32	pipeline_score=27; farm_logP=8.06; max_variant=25; recommendation_score=32
QTL29	Chr11-18053728	8.06	*	LOC_Os11g30750	11:17902617-17902961	25	25	5	2.0	0.0	0.0	5.0	*	32.0	RAP_Step2_HNHZ_window200kb.FarmCPUpeak_info	window200kb	LOC_Os11g30750			expressed protein	N	Y	Y	37	pipeline_score=32; farm_logP=8.06; max_variant=25; recommendation_score=37
QTL29	Chr11-18053728	8.06	*	LOC_Os11g30760	11:17911043-17912054	20	10	10	2.0	0.0	0.0	20.0	*	42.0	RAP_Step2_HNHZ_window200kb.FarmCPUpeak_info	window200kb	LOC_Os11g30760			expressed protein	N	Y	Y	47	pipeline_score=42; farm_logP=8.06; max_variant=20; recommendation_score=47
QTL29	Chr11-18053728	8.06	*	LOC_Os11g30770	11:17926742-17927176	5	25	10	2.0	5.0	0.0	0.0	*	32.0	RAP_Step2_HNHZ_window200kb.FarmCPUpeak_info	window200kb	LOC_Os11g30770			expressed protein	N	Y	Y	37	pipeline_score=32; farm_logP=8.06; max_variant=25; recommendation_score=37
QTL29	Chr11-18053728	8.06	*	LOC_Os11g30780	11:17932898-17933654	20	25	0	2.0	0.0	0.0	5.0	*	32.0	RAP_Step2_HNHZ_window200kb.FarmCPUpeak_info	window200kb	LOC_Os11g30780			expressed protein	N	Y	Y	37	pipeline_score=32; farm_logP=8.06; max_variant=25; recommendation_score=37
QTL29	Chr11-18053728	8.06	*	LOC_Os11g30790	11:17934492-17941021	25	25	25	2.0	0.0	0.0	15.0	*	42.0	RAP_Step2_HNHZ_window200kb.FarmCPUpeak_info	window200kb	LOC_Os11g30790			expressed protein	N	Y	Y	47	pipeline_score=42; farm_logP=8.06; max_variant=25; recommendation_score=47
QTL29	Chr11-18053728	8.06	*	LOC_Os11g30810	11:17943544-17945390	5	10	15	2.0	0.0	0.0	5.0	*	22.0	RAP_Step2_HNHZ_window200kb.FarmCPUpeak_info	window200kb	LOC_Os11g30810			sulfotransferase domain containing protein, expressed	N	Y	Y	25	pipeline_score=22; farm_logP=8.06; max_variant=15; recommendation_score=25
QTL29	Chr11-18053728	8.06	*	LOC_Os11g30820	11:17946101-17948391	20	25	25	2.0	0.0	0.0	0.0	*	27.0	RAP_Step2_HNHZ_window200kb.FarmCPUpeak_info	window200kb	LOC_Os11g30820			expressed protein	Y	Y	Y	32	pipeline_score=27; farm_logP=8.06; max_variant=25; recommendation_score=32
QTL29	Chr11-18053728	8.06	*	LOC_Os11g30830	11:17952858-17953400	20	10	25	2.0	0.0	0.0	5.0	*	32.0	RAP_Step2_HNHZ_window200kb.FarmCPUpeak_info	window200kb	LOC_Os11g30830			expressed protein	N	Y	Y	37	pipeline_score=32; farm_logP=8.06; max_variant=25; recommendation_score=37
QTL29	Chr11-18053728	8.06	*	LOC_Os11g30840	11:17953632-17957208	25	25	25	2.0	0.0	0.0	0.0	*	27.0	RAP_Step2_HNHZ_window200kb.FarmCPUpeak_info	window200kb	LOC_Os11g30840			retrotransposon protein, putative, unclassified, expressed	Y	Y	Y	32	pipeline_score=27; farm_logP=8.06; max_variant=25; recommendation_score=32
QTL29	Chr11-18053728	8.06	*	LOC_Os11g30850	11:17960537-17961750	25	25	25	2.0	0.0	0.0	0.0	*	27.0	RAP_Step2_HNHZ_window200kb.FarmCPUpeak_info	window200kb	LOC_Os11g30850			retrotransposon protein, putative, Ty3-gypsy subclass	Y	N	Y	32	pipeline_score=27; farm_logP=8.06; max_variant=25; recommendation_score=32
QTL29	Chr11-18053728	8.06	*	LOC_Os11g30860	11:17961928-17964939	25	25	25	2.0	0.0	0.0	0.0	*	27.0	RAP_Step2_HNHZ_window200kb.FarmCPUpeak_info	window200kb	LOC_Os11g30860			retrotransposon protein, putative, Ty3-gypsy subclass, expressed	Y	Y	Y	32	pipeline_score=27; farm_logP=8.06; max_variant=25; recommendation_score=32
QTL29	Chr11-18053728	8.06	*	LOC_Os11g30880	11:17970372-17971055	20	10	25	2.0	0.0	0.0	0.0	*	27.0	RAP_Step2_HNHZ_window200kb.FarmCPUpeak_info	window200kb	LOC_Os11g30880			retrotransposon protein, putative, unclassified, expressed	Y	Y	Y	32	pipeline_score=27; farm_logP=8.06; max_variant=25; recommendation_score=32
QTL29	Chr11-18053728	8.06	*	LOC_Os11g30910	11:17984964-17986719	15	10	25	2.0	5.0	0.0	5.0	*	37.0	RAP_Step2_HNHZ_window200kb.FarmCPUpeak_info	window200kb	LOC_Os11g30910	OsSOT1|STV11	RSV; SA; resistance; rice stripe virus; sulphotransferase	sulfotransferase domain containing protein, expressed	N	Y	Y	49	pipeline_score=37; farm_logP=8.06; max_variant=25; symbol=OsSOT1|STV11; keyword=RSV; SA; resistance; rice stripe virus; sulphotransferase; recommendation_score=49
QTL29	Chr11-18053728	8.06	*	LOC_Os11g30920	11:17991185-17993848	25	25	20	2.0	0.0	0.0	5.0	*	32.0	RAP_Step2_HNHZ_window200kb.FarmCPUpeak_info	window200kb	LOC_Os11g30920			transposon protein, putative, Mariner sub-class	Y	N	Y	37	pipeline_score=32; farm_logP=8.06; max_variant=25; recommendation_score=37
QTL29	Chr11-18053728	8.06	*	LOC_Os11g30930	11:17994250-17996684	25	25	25	2.0	0.0	0.0	5.0	*	32.0	RAP_Step2_HNHZ_window200kb.FarmCPUpeak_info	window200kb	LOC_Os11g30930			expressed protein	N	Y	Y	37	pipeline_score=32; farm_logP=8.06; max_variant=25; recommendation_score=37
QTL29	Chr11-18053728	8.06	*	LOC_Os11g30940	11:17998332-17999824	25	25	25	2.0	0.0	0.0	0.0	*	27.0	RAP_Step2_HNHZ_window200kb.FarmCPUpeak_info	window200kb	LOC_Os11g30940			retrotransposon protein, putative, unclassified, expressed	Y	Y	Y	32	pipeline_score=27; farm_logP=8.06; max_variant=25; recommendation_score=32
QTL29	Chr11-18053728	8.06	*	LOC_Os11g30950	11:18002055-18002543	20	25	5	2.0	5.0	0.0	5.0	*	37.0	RAP_Step2_HNHZ_window200kb.FarmCPUpeak_info	window200kb	LOC_Os11g30950			expressed protein	N	Y	Y	42	pipeline_score=37; farm_logP=8.06; max_variant=25; recommendation_score=42
QTL29	Chr11-18053728	8.06	*	LOC_Os11g30960	11:18011285-18016379	25	25	1	2.0	0.0	0.0	5.0	*	32.0	RAP_Step2_HNHZ_window200kb.FarmCPUpeak_info	window200kb	LOC_Os11g30960			retrotransposon protein, putative, unclassified, expressed	Y	Y	Y	37	pipeline_score=32; farm_logP=8.06; max_variant=25; recommendation_score=37
QTL29	Chr11-18053728	8.06	*	LOC_Os11g30970	11:18017357-18020722	25	25	*	2.0	0.0	0.0	5.0	*	32.0	RAP_Step2_HNHZ_window200kb.FarmCPUpeak_info	window200kb	LOC_Os11g30970			retrotransposon protein, putative, unclassified, expressed	Y	Y	Y	37	pipeline_score=32; farm_logP=8.06; max_variant=25; recommendation_score=37
QTL29	Chr11-18053728	8.06	*	LOC_Os11g30980	11:18022349-18022795	25	25	*	2.0	0.0	0.0	0.0	*	27.0	RAP_Step2_HNHZ_window200kb.FarmCPUpeak_info	window200kb	LOC_Os11g30980			retrotransposon protein, putative, unclassified, expressed	Y	Y	Y	32	pipeline_score=27; farm_logP=8.06; max_variant=25; recommendation_score=32
QTL29	Chr11-18053728	8.06	*	LOC_Os11g30990	11:18023318-18027725	25	25	25	2.0	0.0	0.0	0.0	*	27.0	RAP_Step2_HNHZ_window200kb.FarmCPUpeak_info	window200kb	LOC_Os11g30990			retrotransposon protein, putative, unclassified, expressed	Y	Y	Y	32	pipeline_score=27; farm_logP=8.06; max_variant=25; recommendation_score=32
QTL29	Chr11-18053728	8.06	*	LOC_Os11g31000	11:18036285-18037057	5	5	25	2.0	5.0	0.0	0.0	*	32.0	RAP_Step2_HNHZ_window200kb.FarmCPUpeak_info	window200kb	LOC_Os11g31000			expressed protein	N	Y	Y	37	pipeline_score=32; farm_logP=8.06; max_variant=25; recommendation_score=37
QTL29	Chr11-18053728	8.06	*	LOC_Os11g31010	11:18037830-18040042	25	25	25	2.0	0.0	0.0	5.0	*	32.0	RAP_Step2_HNHZ_window200kb.FarmCPUpeak_info	window200kb	LOC_Os11g31010			retrotransposon protein, putative, unclassified, expressed	Y	Y	Y	37	pipeline_score=32; farm_logP=8.06; max_variant=25; recommendation_score=37
QTL29	Chr11-18053728	8.06	*	LOC_Os11g31020	11:18042251-18046195	25	25	25	2.0	0.0	0.0	0.0	*	27.0	RAP_Step2_HNHZ_window200kb.FarmCPUpeak_info	window200kb	LOC_Os11g31020			transposon protein, putative, Pong sub-class, expressed	Y	Y	Y	32	pipeline_score=27; farm_logP=8.06; max_variant=25; recommendation_score=32
QTL29	Chr11-18053728	8.06	*	LOC_Os11g31030	11:18052175-18052963	5	5	25	2.0	5.0	0.0	0.0	*	32.0	RAP_Step2_HNHZ_window200kb.FarmCPUpeak_info	window200kb	LOC_Os11g31030			expressed protein	N	Y	Y	37	pipeline_score=32; farm_logP=8.06; max_variant=25; recommendation_score=37
QTL29	Chr11-18053728	8.06	*	LOC_Os11g31040	11:18055704-18056578	5	10	25	2.0	5.0	0.0	0.0	*	32.0	RAP_Step2_HNHZ_window200kb.FarmCPUpeak_info	window200kb	LOC_Os11g31040			expressed protein	N	Y	Y	37	pipeline_score=32; farm_logP=8.06; max_variant=25; recommendation_score=37
QTL29	Chr11-18053728	8.06	*	LOC_Os11g31050	11:18063645-18068143	25	25	20	2.0	0.0	0.0	0.0	*	27.0	RAP_Step2_HNHZ_window200kb.FarmCPUpeak_info	window200kb	LOC_Os11g31050			retrotransposon protein, putative, unclassified, expressed	Y	Y	Y	32	pipeline_score=27; farm_logP=8.06; max_variant=25; recommendation_score=32
QTL29	Chr11-18053728	8.06	*	Os11g0506700	11:18069286-18071596	25	5	5	2.0	0.0	0.0	5.0	*	32.0	RAP_Step2_HNHZ_window200kb.FarmCPUpeak_info	window200kb	Os11g0506700							37	pipeline_score=32; farm_logP=8.06; max_variant=25; recommendation_score=37
QTL29	Chr11-18053728	8.06	*	LOC_Os11g31060	11:18070199-18071815	25	10	10	2.0	0.0	0.0	5.0	*	32.0	RAP_Step2_HNHZ_window200kb.FarmCPUpeak_info	window200kb	LOC_Os11g31060	OsBAG6	cell wall; disease; phytohormone	IQ calmodulin-binding and BAG domain containing protein, putative, expressed	N	Y	Y	44	pipeline_score=32; farm_logP=8.06; max_variant=25; symbol=OsBAG6; keyword=cell wall; disease; phytohormone; recommendation_score=44
QTL29	Chr11-18053728	8.06	*	LOC_Os11g31070	11:18076197-18076941	20	5	25	2.0	5.0	0.0	5.0	*	37.0	RAP_Step2_HNHZ_window200kb.FarmCPUpeak_info	window200kb	LOC_Os11g31070			hypothetical protein	N	N	Y	42	pipeline_score=37; farm_logP=8.06; max_variant=25; recommendation_score=42
QTL29	Chr11-18053728	8.06	*	LOC_Os11g31080	11:18089033-18089963	25	25	25	2.0	5.0	0.0	0.0	*	32.0	RAP_Step2_HNHZ_window200kb.FarmCPUpeak_info	window200kb	LOC_Os11g31080			retrotransposon protein, putative, unclassified, expressed	Y	Y	Y	37	pipeline_score=32; farm_logP=8.06; max_variant=25; recommendation_score=37
QTL29	Chr11-18053728	8.06	*	LOC_Os11g31090	11:18092965-18095638	20	10	15	2.0	0.0	10.0	5.0	*	37.0	RAP_Step2_HNHZ_window200kb.FarmCPUpeak_info	window200kb	LOC_Os11g31090			transferase family protein, putative, expressed	N	Y	Y	42	pipeline_score=37; farm_logP=8.06; max_variant=20; recommendation_score=42
QTL29	Chr11-18053728	8.06	*	LOC_Os11g31100	11:18096831-18102879	20	5	20	2.0	5.0	0.0	5.0	*	32.0	RAP_Step2_HNHZ_window200kb.FarmCPUpeak_info	window200kb	LOC_Os11g31100			gibberellin response modulator protein, putative, expressed	N	Y	Y	37	pipeline_score=32; farm_logP=8.06; max_variant=20; recommendation_score=37
QTL29	Chr11-18053728	8.06	*	Os11g0507350	11:18097773-18098256	5	10	15	2.0	0.0	0.0	0.0	*	17.0	RAP_Step2_HNHZ_window200kb.FarmCPUpeak_info	window200kb	Os11g0507350							20	pipeline_score=17; farm_logP=8.06; max_variant=15; recommendation_score=20
QTL29	Chr11-18053728	8.06	*	LOC_Os11g31110	11:18106956-18113191	25	5	0	2.0	0.0	0.0	5.0	*	32.0	RAP_Step2_HNHZ_window200kb.FarmCPUpeak_info	window200kb	LOC_Os11g31110			expressed protein	N	Y	Y	37	pipeline_score=32; farm_logP=8.06; max_variant=25; recommendation_score=37
QTL29	Chr11-18053728	8.06	*	Os11g0507501	11:18107339-18110072	25	25	0	2.0	0.0	0.0	10.0	*	37.0	RAP_Step2_HNHZ_window200kb.FarmCPUpeak_info	window200kb	Os11g0507501							42	pipeline_score=37; farm_logP=8.06; max_variant=25; recommendation_score=42
QTL29	Chr11-18053728	8.06	*	LOC_Os11g31120	11:18114530-18115588	25	25	25	2.0	0.0	0.0	0.0	*	27.0	RAP_Step2_HNHZ_window200kb.FarmCPUpeak_info	window200kb	LOC_Os11g31120			hypothetical protein	N	N	Y	32	pipeline_score=27; farm_logP=8.06; max_variant=25; recommendation_score=32
QTL29	Chr11-18053728	8.06	*	Os11g0507833	11:18121689-18121833	*	5	0	2.0	0.0	0.0	0.0	*	7.0	RAP_Step2_HNHZ_window200kb.FarmCPUpeak_info	window200kb	Os11g0507833							7	pipeline_score=7; farm_logP=8.06; max_variant=5; recommendation_score=7
QTL29	Chr11-18053728	8.06	*	LOC_Os11g31140	11:18128030-18129811	25	5	25	2.0	0.0	0.0	5.0	*	32.0	RAP_Step2_HNHZ_window200kb.FarmCPUpeak_info	window200kb	LOC_Os11g31140			expressed protein	N	Y	Y	37	pipeline_score=32; farm_logP=8.06; max_variant=25; recommendation_score=37
QTL29	Chr11-18053728	8.06	*	LOC_Os11g31150	11:18132329-18133224	20	5	25	2.0	0.0	0.0	0.0	*	27.0	RAP_Step2_HNHZ_window200kb.FarmCPUpeak_info	window200kb	LOC_Os11g31150			hypothetical protein	N	N	Y	32	pipeline_score=27; farm_logP=8.06; max_variant=25; recommendation_score=32
QTL29	Chr11-18053728	8.06	*	LOC_Os11g31160	11:18144153-18147811	25	25	25	2.0	0.0	0.0	5.0	*	32.0	RAP_Step2_HNHZ_window200kb.FarmCPUpeak_info	window200kb	LOC_Os11g31160			transposon protein, putative, CACTA, En/Spm sub-class, expressed	Y	Y	Y	37	pipeline_score=32; farm_logP=8.06; max_variant=25; recommendation_score=37
QTL29	Chr11-18053728	8.06	*	LOC_Os11g31180	11:18150477-18154117	25	25	25	2.0	0.0	0.0	5.0	*	32.0	RAP_Step2_HNHZ_window200kb.FarmCPUpeak_info	window200kb	LOC_Os11g31180			transposon protein, putative, CACTA, En/Spm sub-class	Y	N	Y	37	pipeline_score=32; farm_logP=8.06; max_variant=25; recommendation_score=37
QTL29	Chr11-18053728	8.06	*	Os11g0508301	11:18156237-18157526	20	25	20	2.0	0.0	0.0	5.0	*	32.0	RAP_Step2_HNHZ_window200kb.FarmCPUpeak_info	window200kb	Os11g0508301							37	pipeline_score=32; farm_logP=8.06; max_variant=25; recommendation_score=37
QTL29	Chr11-18053728	8.06	*	LOC_Os11g31190	11:18171678-18174478	5	25	25	2.0	5.0	0.0	10.0	*	42.0	RAP_Step2_HNHZ_window200kb.FarmCPUpeak_info	window200kb	LOC_Os11g31190	Os11N3|OsSWEET14	xoo ; bacterial blight; blight; blight disease; breeding; development; disease; disease resistance; endosperm; grain; grain filling; grain weight; grain-filling; height; leaf; pericarp; plant height; resistance; resistant; root; starch; sucrose; sugar; transporter; yield	nodulin MtN3 family protein, putative, expressed	N	Y	Y	54	pipeline_score=42; farm_logP=8.06; max_variant=25; symbol=Os11N3|OsSWEET14; keyword=xoo ; bacterial blight; blight; blight disease; breeding; development; disease; disease resistance; endosperm; grain; grain filling; grain weight; grain-filling; height; leaf; pericarp; plant height; resistance; resistant; root; starch; sucrose; sugar; transporter; yield; recommendation_score=54
QTL29	Chr11-18053728	8.06	*	LOC_Os11g31200	11:18183621-18185946	25	25	25	2.0	0.0	0.0	0.0	*	27.0	RAP_Step2_HNHZ_window200kb.FarmCPUpeak_info	window200kb	LOC_Os11g31200			retrotransposon protein, putative, unclassified, expressed	Y	Y	Y	32	pipeline_score=27; farm_logP=8.06; max_variant=25; recommendation_score=32
QTL29	Chr11-18053728	8.06	*	LOC_Os11g31210	11:18190942-18193263	25	25	25	2.0	0.0	0.0	0.0	*	27.0	RAP_Step2_HNHZ_window200kb.FarmCPUpeak_info	window200kb	LOC_Os11g31210			retrotransposon protein, putative, unclassified	Y	N	Y	32	pipeline_score=27; farm_logP=8.06; max_variant=25; recommendation_score=32
QTL29	Chr11-18053728	8.06	*	LOC_Os11g31220	11:18196140-18203066	25	25	25	2.0	0.0	0.0	5.0	*	32.0	RAP_Step2_HNHZ_window200kb.FarmCPUpeak_info	window200kb	LOC_Os11g31220			transposon protein, putative, unclassified, expressed	Y	Y	Y	37	pipeline_score=32; farm_logP=8.06; max_variant=25; recommendation_score=37
QTL29	Chr11-18053728	8.06	*	LOC_Os11g31230	11:18208634-18210841	5	25	25	2.0	0.0	0.0	0.0	*	27.0	RAP_Step2_HNHZ_window200kb.FarmCPUpeak_info	window200kb	LOC_Os11g31230			retrotransposon protein, putative, Ty3-gypsy subclass, expressed	Y	Y	Y	32	pipeline_score=27; farm_logP=8.06; max_variant=25; recommendation_score=32
QTL29	Chr11-18053728	8.06	*	LOC_Os11g31240	11:18216064-18220637	25	25	25	2.0	0.0	0.0	5.0	*	32.0	RAP_Step2_HNHZ_window200kb.FarmCPUpeak_info	window200kb	LOC_Os11g31240			retrotransposon protein, putative, Ty3-gypsy subclass	Y	N	Y	37	pipeline_score=32; farm_logP=8.06; max_variant=25; recommendation_score=37
QTL29	Chr11-18053728	8.06	*	LOC_Os11g31250	11:18227766-18229724	20	25	25	2.0	5.0	0.0	0.0	*	32.0	RAP_Step2_HNHZ_window200kb.FarmCPUpeak_info	window200kb	LOC_Os11g31250			expressed protein	N	Y	Y	37	pipeline_score=32; farm_logP=8.06; max_variant=25; recommendation_score=37
QTL29	Chr11-18053728	8.06	*	LOC_Os11g31260	11:18236863-18237222	25	25	25	2.0	5.0	0.0	0.0	*	32.0	RAP_Step2_HNHZ_window200kb.FarmCPUpeak_info	window200kb	LOC_Os11g31260			conserved hypothetical protein	N	N	Y	37	pipeline_score=32; farm_logP=8.06; max_variant=25; recommendation_score=37
QTL29	Chr11-18053728	8.06	*	LOC_Os11g31280	11:18247445-18247678	25	5	25	2.0	0.0	0.0	0.0	*	27.0	RAP_Step2_HNHZ_window200kb.FarmCPUpeak_info	window200kb	LOC_Os11g31280			expressed protein	N	Y	Y	32	pipeline_score=27; farm_logP=8.06; max_variant=25; recommendation_score=32
